Provide the Hindi translation of:,Help!,बचाओ!
Translate the following to Hindi:,Jump.,उछलो.
Translate the following to Hindi:,Jump.,कूदो.
Provide the Hindi translation of:,Jump.,छलांग.
Translate the following to Hindi:,Hello!,नमस्ते।
Translate the following to Hindi:,Hello!,नमस्कार।
Provide the Hindi translation of:,Cheers!,वाह-वाह!
Provide the Hindi translation of:,Cheers!,चियर्स!
Provide the Hindi translation of:,Got it?,समझे कि नहीं?
Provide the Hindi translation of:,I'm OK.,मैं ठीक हूँ।
Translate the following to Hindi:,Awesome!,बहुत बढ़िया!
Provide the Hindi translation of:,Come in.,अंदर आ जाओ।
Convert this sentence into Hindi:,Get out!,बाहर निकल जाओ!
Convert this sentence into Hindi:,Go away!,चले जाओ!
Provide the Hindi translation of:,Goodbye!,ख़ुदा हाफ़िज़।
Translate the following to Hindi:,Perfect!,उत्तम!
Convert this sentence into Hindi:,Perfect!,सही!
Convert this sentence into Hindi:,Welcome.,आपका स्वागत है।
Translate the following to Hindi:,Welcome.,स्वागतम्।
Convert this sentence into Hindi:,Have fun.,मज़े करना।
Translate the following to Hindi:,Have fun.,मौज करना।
Translate the following to Hindi:,Have fun.,मज़े करो।
Translate the following to Hindi:,I forgot.,मैं भूल गया।
Convert this sentence into Hindi:,I forgot.,मैं भूल गई।
Provide the Hindi translation of:,I'll pay.,मैं पैसे दूंगा।
Translate the following to Hindi:,I'm fine.,मैं ठीक हूँ।
Provide the Hindi translation of:,I'm full.,मेरा पेट भर गया है।
Convert this sentence into Hindi:,Let's go!,चलो चलें!
Translate the following to Hindi:,Answer me.,मुझे जवाब दो।
Convert this sentence into Hindi:,Birds fly.,पंछी उड़ते हैं।
Convert this sentence into Hindi:,Excuse me.,माफ़ कीजिए।
Translate the following to Hindi:,Fantastic!,बहुत ख़ूब!
Convert this sentence into Hindi:,I fear so.,"खेद की बात है, लेकिन वैसा ही है।"
Provide the Hindi translation of:,I laughed.,मैं हँसा।
Convert this sentence into Hindi:,I'm bored.,मैं बोर हो रहा हूँ।
Convert this sentence into Hindi:,I'm broke.,मेरा दीवालिया हो चुका है।
Provide the Hindi translation of:,I'm tired.,मैं थक गया हूँ।
Convert this sentence into Hindi:,It's cold.,ठंड हो रही है।
Convert this sentence into Hindi:,Who knows?,कौन जाने?
Provide the Hindi translation of:,Who knows?,किसको पता है?
Provide the Hindi translation of:,Who knows?,किसे पता है?
Translate the following to Hindi:,Who knows?,किसे मालूम है?
Translate the following to Hindi:,Wonderful!,अद्भुत
Provide the Hindi translation of:,Birds sing.,पंछी गाते हैं।
Convert this sentence into Hindi:,Come on in.,अंदर आ जाओ।
Provide the Hindi translation of:,Definitely!,निश्चित ही
Translate the following to Hindi:,Don't move.,हिलो मत।
Convert this sentence into Hindi:,Fire burns.,आग जलाती है।
Convert this sentence into Hindi:,Follow him.,उसका पीछा करो।
Translate the following to Hindi:,I am tired.,मैं थक गया हूँ।
Provide the Hindi translation of:,I can swim.,मुझे तैरना आता है।
Convert this sentence into Hindi:,I can swim.,मैं तैर सकता हूँ।
Provide the Hindi translation of:,I love you.,मैं तुमसे प्यार करती हूँ।
Provide the Hindi translation of:,I love you.,मैं तुमसे प्यार करता हूँ।
Provide the Hindi translation of:,I love you.,मैं आपसे प्यार करता हूँ।
Convert this sentence into Hindi:,I love you.,मैं आपसे प्यार करती हूँ।
Translate the following to Hindi:,I love you.,मुझे तुमसे प्यार है।
Provide the Hindi translation of:,I will try.,मैं कोशिश करूँगा।
Translate the following to Hindi:,I'm coming.,मैं आ रहा हूँ।
Translate the following to Hindi:,I'm hungry!,मुझे भूख लगी है!
Provide the Hindi translation of:,I'm hungry!,मुझे भूख लगी है।
Translate the following to Hindi:,Let him in.,उसे अंदर भेजो।
Translate the following to Hindi:,Let him in.,उसे अंगर आने दो।
Convert this sentence into Hindi:,Let me out!,मुझे बाहर जाने दो!
Translate the following to Hindi:,Once again.,और एक बार।
Translate the following to Hindi:,Please sit.,बैठिए।
Provide the Hindi translation of:,What's new?,क्या नया है?
Convert this sentence into Hindi:,What's new?,नया क्या है?
Translate the following to Hindi:,Who's that?,वह कौन है?
Provide the Hindi translation of:,Don't shout.,चिल्लाओ मत!
Provide the Hindi translation of:,Don't shout.,चिल्लाईए मत।
Translate the following to Hindi:,He stood up.,वह खड़ा हो गया।
Provide the Hindi translation of:,He's strong.,वह ताकतवर है।
Convert this sentence into Hindi:,How are you?,आप कैसे हैं?
Provide the Hindi translation of:,How are you?,तुम कैसे हो?
Convert this sentence into Hindi:,How are you?,तुम कैसी हो?
Convert this sentence into Hindi:,How are you?,तू कैसा है?
Convert this sentence into Hindi:,How are you?,तू कैसी है?
Provide the Hindi translation of:,How are you?,आप कैसी हैं?
Translate the following to Hindi:,How are you?,आप कैसे हो?
Provide the Hindi translation of:,I am hungry.,मुझे भूख लगी है।
Convert this sentence into Hindi:,I like both.,मुझे दोनो पसंद हैं।
Convert this sentence into Hindi:,I like cake.,मुझे केक अच्छा लगता है।
Convert this sentence into Hindi:,I like dogs.,मुझे कुत्ते अच्छे लगते हैं।
Convert this sentence into Hindi:,I like math.,मुझे गणित पसंद है।
Provide the Hindi translation of:,I'll attend.,मैं आऊंगा।
Translate the following to Hindi:,Nobody came.,कोई नहीं आया।
Provide the Hindi translation of:,Was I wrong?,क्या मैं ग़लत था?
Provide the Hindi translation of:,What's this?,यह क्या है?
Translate the following to Hindi:,Are you sick?,क्या तुम बीमार हो?
Convert this sentence into Hindi:,Bring him in.,उसको अंदर ले आओ।
Translate the following to Hindi:,Come with us.,हमारे साथ आओ।
Convert this sentence into Hindi:,Happy Easter!,एसटर मुबारक हो!
Translate the following to Hindi:,Has Tom left?,टॉम चला गया क्या?
Translate the following to Hindi:,He is French.,वह फ़्रानसीसी है।
Convert this sentence into Hindi:,I am at home.,मैं घर पर हूँ।
Translate the following to Hindi:,I can't move.,मैं हिल नहीं सकता।
Convert this sentence into Hindi:,I don't know.,मुझे नहीं पता।
Translate the following to Hindi:,I don't know.,मुझे नहीं मालूम।
Provide the Hindi translation of:,I have a car.,मेरे पास एक गाड़ी है।
Translate the following to Hindi:,I have a dog.,मेरे पास एक कुत्ता है।
Provide the Hindi translation of:,I understand.,मैं समझता हूँ।
Provide the Hindi translation of:,I'm a doctor.,मैं डॉक्टर हूँ।
Provide the Hindi translation of:,I'm starving!,मैं भूख से मरा जा रहा हूँ।
Translate the following to Hindi:,It is a book.,यह किताब है।
Translate the following to Hindi:,It's snowing.,बरफ़ गिर रही है।
Translate the following to Hindi:,It's too big.,बहुत ज़्यादा बड़ा है।
Provide the Hindi translation of:,Please leave.,कृपया जाईये।
Translate the following to Hindi:,Unbelievable!,अविश्वसनीय!
Translate the following to Hindi:,We are happy.,हम खुश हैं।
Provide the Hindi translation of:,What is this?,यह क्या है?
Translate the following to Hindi:,Are you tired?,थक गए हो क्या?
Provide the Hindi translation of:,Can you drive?,तुम गाड़ी चला सकते हो क्या?
Convert this sentence into Hindi:,Don't get fat.,मोटे मत हो जाना।
Translate the following to Hindi:,Don't give in.,हार मत मान लो।
Convert this sentence into Hindi:,Drink it down.,पीकर खतम करदो।
Provide the Hindi translation of:,Everyone dies.,मौत तो सभी की होती है।
Translate the following to Hindi:,Flowers bloom.,फूल खिलते हैं।
Convert this sentence into Hindi:,I am who I am.,मैं हूँ जो हूँ।
Translate the following to Hindi:,I'll take him.,मैं उसे लेलूँगा।
Convert this sentence into Hindi:,I'm tired now.,मैं अब थक गया हूँ।
Convert this sentence into Hindi:,I'm very busy.,मैं बहुत व्यस्थ हूँ।
Convert this sentence into Hindi:,Is that a cat?,वह बिल्ली है क्या?
Convert this sentence into Hindi:,It's for free.,यह मुफ़्त है।
Translate the following to Hindi:,It's for free.,यह मुफ़्त का है।
Translate the following to Hindi:,Let me try it.,मुझे दिखाओ।
Provide the Hindi translation of:,Let me try it.,मुझे देखने दो।
Translate the following to Hindi:,Let me try it.,मुझे ट्राए करने दो।
Provide the Hindi translation of:,Make it quick.,जल्दी कीजिए।
Translate the following to Hindi:,May I come in?,मैं अंदर आ सकता हूँ क्या?
Provide the Hindi translation of:,Open the door.,दरवाज़ा खोलो।
Convert this sentence into Hindi:,Open the door.,दरवाज़ा खोलिए।
Translate the following to Hindi:,Please get in.,कृपया अंदर आईए।
Provide the Hindi translation of:,Read it again.,इसे दोबारा पढ़ें।
Translate the following to Hindi:,Read it aloud.,पढ़के सुनाओ।
Convert this sentence into Hindi:,She bent down.,वह नीचे झुकी।
Translate the following to Hindi:,Some fish fly.,कुछ मछलियाँ उड़ सकतीं हैं।
Translate the following to Hindi:,This is a map.,यह नक्शा है।
Provide the Hindi translation of:,Tom is my son.,टॉम मेरा लड़का है।
Translate the following to Hindi:,We're in town.,हम शहर में हैं।
Convert this sentence into Hindi:,Were you shot?,क्या तुम्हें गोली लग गई थी?
Translate the following to Hindi:,What about us?,हमारा क्या?
Provide the Hindi translation of:,Can I help you?,क्या मैं आपकी सहायता कर सकता हूँ?
Translate the following to Hindi:,Can I help you?,क्या मैं आपकी मदद कर सकता हूँ?
Translate the following to Hindi:,Clean the room.,कमरे को साफ़ करो।
Convert this sentence into Hindi:,Don't touch it.,उसे छूना मत।
Convert this sentence into Hindi:,Get out of bed!,बिस्तर से बाहर निकलो!
Translate the following to Hindi:,Happy New Year!,नव वर्ष की शुभकामनाएं!
Translate the following to Hindi:,Happy New Year!,नए साल की बधाईयाँ।
Provide the Hindi translation of:,Happy birthday!,जन्मदिन मुबारक हो!
Convert this sentence into Hindi:,He has a beard.,उसके पास दाढ़ी है।
Provide the Hindi translation of:,He is an actor.,वह अभिनेता है।
Provide the Hindi translation of:,He needs money.,उसे पैसों की ज़रूरत है।
Translate the following to Hindi:,He was hard up.,उसको पैसों की कमी थी।
Translate the following to Hindi:,I like history.,मुझे इतिहास पसंद है।
Provide the Hindi translation of:,I like the dog.,मुझे यह कुत्ता अच्छा लगता है।
Translate the following to Hindi:,I must buy one.,मुझे एक तो खरीदना ही होगा।
Provide the Hindi translation of:,I'll come back.,मैं वापस आऊँगा।
Translate the following to Hindi:,I'll phone you.,मैं तुम्हें फ़ोन करूँगा।
Convert this sentence into Hindi:,I'll stay home.,मैं घर पर ही रहूँगा।
Convert this sentence into Hindi:,I'm an atheist.,मैं अनीश्वरवादी हूँ।
Provide the Hindi translation of:,I'm an atheist.,मैं भगवान में यकीन नहीं करता।
Translate the following to Hindi:,I'm very tired.,मैं बहुत थक गया हूँ।
Provide the Hindi translation of:,It's hot today.,आज मौसम बहुत गरम है।
Convert this sentence into Hindi:,It's this book.,यह किताब है।
Convert this sentence into Hindi:,It's your move.,तुम्हारी चाल है।
Translate the following to Hindi:,Only God knows.,भगवान जाने।
Provide the Hindi translation of:,Summer is over.,गर्मियाँ खतम हों चुकीं हैं।
Convert this sentence into Hindi:,Take your time.,आराम से आओ।
Translate the following to Hindi:,Think about it.,सोच लो।
Provide the Hindi translation of:,This is a book.,यह एक किताब है।
Convert this sentence into Hindi:,This is a book.,यह किताब है।
Translate the following to Hindi:,This is my bag.,यह मेरा बस्ता है।
Translate the following to Hindi:,This is my dog.,यह मेरा कुत्ता है।
Translate the following to Hindi:,Wash your feet.,अपने पैर धोओ।
Convert this sentence into Hindi:,We study music.,हम संगीत की पढ़ाई करते हैं।
Convert this sentence into Hindi:,We'll call you.,हम आपको फ़ोन करेंगे।
Convert this sentence into Hindi:,We'll call you.,हम आपको बुलाएँगे।
Convert this sentence into Hindi:,Where were you?,तुम कहाँ थे?
Translate the following to Hindi:,Where were you?,आप कहाँ थे?
Provide the Hindi translation of:,You have to go.,तुम्हें जाना होगा।
Provide the Hindi translation of:,You look tired.,तुम थके-हारे से लगते हो।
Translate the following to Hindi:,You're kidding!,मज़ाक कर रहे हो!
Convert this sentence into Hindi:,A man must work.,एक आदमी के लिए काम करना ज़रूरी है।
Convert this sentence into Hindi:,Are you at home?,तुम घर पे हो क्या?
Convert this sentence into Hindi:,Are you guys OK?,क्या आप लोग ठीक हो?
Translate the following to Hindi:,Come home early.,जल्दी घर आजाओ।
Translate the following to Hindi:,Come if you can.,आ सको तो आना।
Provide the Hindi translation of:,Congratulations!,बधाई हो!
Translate the following to Hindi:,Congratulations!,मुबारक हो!
Convert this sentence into Hindi:,Did he go there?,वह वहाँ गया क्या?
Provide the Hindi translation of:,Did you miss me?,मेरी याद आई क्या?
Provide the Hindi translation of:,Don't be absurd.,पागल मत बनो।
Provide the Hindi translation of:,He came running.,वह भागते हुए आया।
Convert this sentence into Hindi:,He can't be ill.,वह बीमार नहीं हो सकता।
Convert this sentence into Hindi:,He has a hat on.,उसने टोपी पहनी हुई है।
Convert this sentence into Hindi:,He reads Arabic.,वह अरबी पढ़ सकता है।
Translate the following to Hindi:,He's my husband.,यह मेरा पति है।
Translate the following to Hindi:,How is everyone?,सब लोग कैसे हैं?
Convert this sentence into Hindi:,How is it going?,कैसा चल रहा है?
Convert this sentence into Hindi:,How old are you?,तुम कितने साल के हो?
Translate the following to Hindi:,How rude of you!,कितने बदतमीज़ हो तुम!
Convert this sentence into Hindi:,How rude of you!,बदतमीज़!
Provide the Hindi translation of:,I cooked dinner.,मैंने रात का खाना पकाया।
Convert this sentence into Hindi:,I feel nauseous.,मुझे उल्टी आ रही है।
Convert this sentence into Hindi:,I go every year.,मैं हर साल जाता हूँ।
Translate the following to Hindi:,I heard a noise.,मुझे कोई आवाज़ सुनाई दी।
Convert this sentence into Hindi:,I like this one.,मुझे यह वाला पसंद है।
Convert this sentence into Hindi:,I run every day.,मैं रोज़ दौड़ने जाता हूँ।
Translate the following to Hindi:,I saw her again.,मैंने उसे फिरसे देखा।
Convert this sentence into Hindi:,I want a guitar.,मुझे गिटार चाहिए।
Convert this sentence into Hindi:,I was assaulted.,मुझपर हमला किया गया।
Convert this sentence into Hindi:,I'm a good cook.,मैं अच्छा रसोइया हूँ।
Provide the Hindi translation of:,I'm a good cook.,मैं अच्छा बावर्ची हूँ।
Convert this sentence into Hindi:,I'm lucky today.,आज मेरा नसीब अच्छा है।
Convert this sentence into Hindi:,Is anybody here?,कोई है क्या?
Translate the following to Hindi:,Is it not black?,क्या यह काला नहीं है?
Translate the following to Hindi:,Is there a cafe?,यहाँ कैफ़े है क्या?
Provide the Hindi translation of:,Let's fly kites.,चलो पतंग उड़ाएँ!
Translate the following to Hindi:,"No, I didn't go.","नहीं, मैं नहीं गया था।"
Convert this sentence into Hindi:,Nobody's around.,आसपास कोई नहीं है।
Translate the following to Hindi:,Now stop crying.,बस अब रोना बंद करो।
Convert this sentence into Hindi:,Open your mouth!,अपना मूँह खोलो!
Convert this sentence into Hindi:,Please sit down.,बैठिए।
Provide the Hindi translation of:,She is a beauty.,वह तो हसीना है।
Convert this sentence into Hindi:,She talks a lot.,वह बहुत बोलती है।
Provide the Hindi translation of:,She talks a lot.,वह बहुत बक-बक करती है।
Provide the Hindi translation of:,That isn't fair.,यह तो ठीक नहीं है।
Provide the Hindi translation of:,That's my fault.,वह मेरी गलती है।
Provide the Hindi translation of:,The dog is mine.,कुत्ता मेरा है।
Translate the following to Hindi:,The power's out.,बिजली गई हुई है।
Convert this sentence into Hindi:,These are birds.,ये चिड़ियाँ हैं।
Translate the following to Hindi:,This is for you.,यह तुम्हारे लिए है।
Translate the following to Hindi:,We lack nothing.,हमे किसी भी चीज़ की कमी नहीं है।
Convert this sentence into Hindi:,We study Arabic.,हम अरबी पढ़तें हैं।
Provide the Hindi translation of:,What time is it?,अभी कितने बजे हैं?
Convert this sentence into Hindi:,What time is it?,अभी क्या समय हो रहा है?
Convert this sentence into Hindi:,Where's my book?,मेरी किताब कहाँ है?
Convert this sentence into Hindi:,You startled me!,तुमने मुझे डरा दिया!
Translate the following to Hindi:,You're a person.,तुम इनसान हो।
Convert this sentence into Hindi:,Are you a doctor?,आप डॉक्टर हैं क्या?
Translate the following to Hindi:,Can you teach me?,क्या तुम मुझे सिखा सकते हो?
Convert this sentence into Hindi:,Climb to the top.,ऊपर तक चढ़ जाओ।
Provide the Hindi translation of:,Come and join us.,आओ हमारे साथ बैठो।
Convert this sentence into Hindi:,Come sit with us.,आओ हमारे साथ बैठो।
Convert this sentence into Hindi:,Cut the potatoes.,आलूओं को काटो।
Translate the following to Hindi:,Do you have rice?,तुम्हारे पास चावल है क्या?
Provide the Hindi translation of:,Don't make faces.,मूँह मत बनाओ।
Translate the following to Hindi:,Don't make noise.,शोर मत मचाओ।
Convert this sentence into Hindi:,Have a good time.,मज़े करो।
Translate the following to Hindi:,Have a nice time.,मज़े करो।
Translate the following to Hindi:,He has long legs.,उसके पैर लम्बे हैं।
Translate the following to Hindi:,He is her friend.,वह उसका दोस्त है।
Provide the Hindi translation of:,He likes oranges.,उसे संत्रे अच्छे लगते हैं।
Provide the Hindi translation of:,He likes oranges.,उसे नारंगी अच्छे लगते हैं।
Translate the following to Hindi:,He must love you.,वह तुमसे प्यार करता होगा।
Convert this sentence into Hindi:,He speaks Arabic.,वह अरबी बोलता है।
Convert this sentence into Hindi:,Here is your bag.,"यह लो, तुम्हारा बस्ता।"
Provide the Hindi translation of:,I can't remember.,मुझे याद नहीं।
Translate the following to Hindi:,I don't know him.,मैं उसे नहीं जानता।
Translate the following to Hindi:,I have a problem.,मैं मुश्किल में हूँ।
Provide the Hindi translation of:,I have to go now.,मुझे अभी जाना है।
Provide the Hindi translation of:,I live near here.,मैं आस-पड़ोस में रहता हूँ।
Provide the Hindi translation of:,I love my mother.,मैं अपनी माँ से प्यार करता हूँ
Provide the Hindi translation of:,I must leave now.,मुझे अब जाना होगा।
Provide the Hindi translation of:,I'm really tired.,मैं बहुत थक गया हूँ।
Provide the Hindi translation of:,I'm very thirsty.,मुझे बहुत प्यास लगी है।
Convert this sentence into Hindi:,It's April first.,आज एक अप्रैल है।
Provide the Hindi translation of:,It's now my turn.,अब मेरी बारी है।
Convert this sentence into Hindi:,Let me try again.,मै फिर से कोशिश करता हूँ।
Translate the following to Hindi:,Nice to meet you.,आपसे मिलकर खुशी हुई।
Provide the Hindi translation of:,Please follow me.,मेरे साथ आईए।
Translate the following to Hindi:,Please sign here.,यहाँ अपना हस्ताक्षर कीजिए।
Convert this sentence into Hindi:,She betrayed you.,उसने तुम्हें धोखा दिया।
Translate the following to Hindi:,"Sit down, please.",बैठिए।
Translate the following to Hindi:,The car is ready.,गाड़ी तैयार है।
Translate the following to Hindi:,This is your dog.,यह तुम्हारा कुत्ता है।
Convert this sentence into Hindi:,This is your key.,यह आपकी चाबी है।
Provide the Hindi translation of:,This isn't right.,यह सही नहीं है।
Translate the following to Hindi:,Tom is my friend.,टॉम मेरा दोस्त है।
Provide the Hindi translation of:,We're going home.,हम घर जा रहें हैं।
Translate the following to Hindi:,We're in a hurry.,हम जल्दी में हैं।
Convert this sentence into Hindi:,Welcome to Japan.,जापान में आपका स्वागत है।
Translate the following to Hindi:,What is your age?,तुम्हारी उम्र क्या है?
Convert this sentence into Hindi:,What's that bird?,वह कौनसी चिड़िया है?
Convert this sentence into Hindi:,What's the story?,क्या कहानी है?
Provide the Hindi translation of:,What's your name?,आपका नाम क्या है?
Translate the following to Hindi:,Where did you go?,तुम कहाँ गए थे?
Provide the Hindi translation of:,Where is the bar?,शराबख़ाना कहाँ है?
Convert this sentence into Hindi:,Whose turn is it?,किसकी बारी है?
Convert this sentence into Hindi:,You may be right.,तुम शायद सही हो।
Provide the Hindi translation of:,Are your eyes bad?,तुम्हारी आँखे खराब हैं क्या?
Provide the Hindi translation of:,Birds build nests.,पक्षी घोसले बनातें हैं।
Provide the Hindi translation of:,Birds build nests.,चिड़ियाँ घोसले बनातीं हैं।
Translate the following to Hindi:,Boys will be boys.,लड़के तो लड़के ही रहेंगे।
Convert this sentence into Hindi:,Can I do anything?,मैं कुछ कर सकता हूँ क्या?
Translate the following to Hindi:,Didn't you go out?,आप बाहर नहीं गए थें क्या?
Convert this sentence into Hindi:,Didn't you go out?,तुम बाहर नहीं गए थे क्या?
Translate the following to Hindi:,Didn't you go out?,तू बाहर नहीं गया था क्या?
Provide the Hindi translation of:,Do you believe me?,क्या तुम्हे मुझपर यकीन है?
Convert this sentence into Hindi:,Do you believe me?,क्या तुम मुझपर यकीन करते हो?
Translate the following to Hindi:,Do you believe me?,क्या तुम मेरा यकीन करते हो?
Convert this sentence into Hindi:,Don't deceive him.,उसे धोका मत दो।
Convert this sentence into Hindi:,He began to shout.,वह चिल्लाने लगा।
Convert this sentence into Hindi:,He came to see me.,वह मुझसे मिलने आया था।
Provide the Hindi translation of:,He employs a maid.,वह नौकरानी रखता है।
Provide the Hindi translation of:,He is after a job.,वह किसी नौकरी के पीछे पड़ा है।
Translate the following to Hindi:,He is walking now.,वह अब चल रहा है।
Provide the Hindi translation of:,He studied abroad.,उसने विदेश में पढ़ाई करी थी।
Provide the Hindi translation of:,He turned traitor.,वह देशद्रोही बन गया।
Convert this sentence into Hindi:,He's already left.,वह जाचुका है।
Translate the following to Hindi:,I can drive a car.,मैं गाड़ी चला सकता हूँ।
Convert this sentence into Hindi:,I cried all night.,मैं पूरी रात रोई।
Provide the Hindi translation of:,I got very sleepy.,मुझे नींद आ गई।
Translate the following to Hindi:,I have a headache.,मेरे सिर में दर्द हो रहा है।
Translate the following to Hindi:,I have a headache.,मुझे सिरदर्द हो रहा है।
Translate the following to Hindi:,I have some money.,मेरे पास कुछ पैसे हैं।
Provide the Hindi translation of:,I haven't met him.,मेरी उससे मुलाकात नहीं हुई है।
Provide the Hindi translation of:,I listen to music.,मैं संगीत सुनता हूँ।
Convert this sentence into Hindi:,I saw him running.,मैंने उसे दौड़ते हुए देखा।
Translate the following to Hindi:,I saw him running.,मैंने उसे भागते हुए देखा।
Translate the following to Hindi:,I truly loved her.,मैं उससे सच्चा प्यार करता था।
Convert this sentence into Hindi:,I work for a bank.,मैं बैंक में काम करता हूँ।
Translate the following to Hindi:,I'm getting happy.,मैं खुश हो रहा हूँ।
Translate the following to Hindi:,I'm not a student.,मैं विद्यार्थी नहीं हूँ।
Provide the Hindi translation of:,I'm not like that.,मैं वैसा नहीं हूँ।
Translate the following to Hindi:,I'm really hungry.,मुझे बहुत भूख लगी है।
Provide the Hindi translation of:,It's not my fault.,मेरी ग़लती नहीं है।
Convert this sentence into Hindi:,It's starting now.,शुरू हो रहा है।
Translate the following to Hindi:,My bag was stolen.,मेरा बस्ता चोरी हो गया था।
Provide the Hindi translation of:,My eyes are tired.,मेरी आँखें थक गईं हैं।
Convert this sentence into Hindi:,No one's in sight.,आसपास कोई नहीं है।
Convert this sentence into Hindi:,Put your hands up!,हाथ ऊपर करो!
Convert this sentence into Hindi:,She began to sing.,वह गाने लगी।
Translate the following to Hindi:,She has blue eyes.,उसकी नीली आँखें हैं।
Provide the Hindi translation of:,She isn't married.,वह शादीशुदा नहीं है।
Translate the following to Hindi:,Tell me the truth.,मुझे सच्चाई बताओ।
Provide the Hindi translation of:,The earth rotates.,पृथ्वी घूमती है।
Convert this sentence into Hindi:,Try it once again.,एक बार फिरसे कोशिश करो।
Translate the following to Hindi:,Try it once again.,एक बार और प्रयत्न करो।
Translate the following to Hindi:,Turn on the radio.,रेडियो को चालू करो।
Convert this sentence into Hindi:,We don't know her.,हम उसे नहीं जानते हैं।
Translate the following to Hindi:,We don't know him.,हम उसे नहीं जानते हैं।
Convert this sentence into Hindi:,We have good news.,हमारे पास खुशखबर है।
Convert this sentence into Hindi:,What is happiness?,खुशी क्या होती है?
Convert this sentence into Hindi:,What is happiness?,सुख क्या होता है?
Provide the Hindi translation of:,What is your name?,आपका नाम क्या है?
Convert this sentence into Hindi:,What's the matter?,मुश्किल क्या है?
Convert this sentence into Hindi:,Where do you live?,आप कहाँ रहते हैं?
Convert this sentence into Hindi:,Where do you live?,तुम कहाँ रहते हो?
Convert this sentence into Hindi:,Where do you live?,तू कहाँ रहता है?
Translate the following to Hindi:,Where do you live?,तुम कहाँ रहती हो?
Convert this sentence into Hindi:,Where do you live?,तू कहाँ रहती है?
Translate the following to Hindi:,Where is the book?,वह किताब कहाँ है?
Convert this sentence into Hindi:,Where's the beach?,समुद्र तट कहां है?
Convert this sentence into Hindi:,Who made this pie?,यह पाय किसने बनाई है?
Translate the following to Hindi:,Yes. That's right.,हाँ। यह सही है।
Provide the Hindi translation of:,You have to leave.,तुम्हें जाना होगा।
Provide the Hindi translation of:,Are you busy today?,तुम आज बिज़ी हो क्या?
Translate the following to Hindi:,Are you busy today?,तुम्हारे पास आज समय है क्या?
Translate the following to Hindi:,Can we have a talk?,हम बात कर सकते हैं क्या?
Translate the following to Hindi:,Come along with us.,हमारे साथ आओ।
Convert this sentence into Hindi:,Did you sleep well?,तुम अच्छे से सोये क्या?
Translate the following to Hindi:,Do you remember me?,तुम्हें मैं याद हूँ क्या?
Translate the following to Hindi:,Don't give up hope.,उम्मीद मत छोड़ो।
Translate the following to Hindi:,Don't throw stones.,पत्थर मत फेंको।
Convert this sentence into Hindi:,Everyone likes her.,उसे सब पसंद करते हैं।
Provide the Hindi translation of:,Everyone likes him.,उसे सब पसंद करते हैं।
Translate the following to Hindi:,Have you gone nuts?,तेरी अकल घास चरने गई है क्या?
Provide the Hindi translation of:,He breathed deeply.,उसने गहरी साँस ली।
Translate the following to Hindi:,He closed his eyes.,उसने अपनी आँखें बंद करीं।
Translate the following to Hindi:,He cried and cried.,वह रोया और और रोया।
Translate the following to Hindi:,He is a simple man.,वह साधा आदमी है।
Translate the following to Hindi:,He is sure to come.,वह ज़रूर आएगा।
Provide the Hindi translation of:,He isn't my cousin.,वह मेरा चचेरा भाई नहीं है।
Translate the following to Hindi:,He isn't my cousin.,वह मेरा ममेरा भाई नहीं है।
Translate the following to Hindi:,He waited his turn.,उसने अपनी बारी का इंतेज़ार किया।
Provide the Hindi translation of:,He works at a bank.,वह बैंक में काम करता है।
Translate the following to Hindi:,He's a good person.,वह अच्छा इनसान है।
Translate the following to Hindi:,I admit my mistake.,मैं अपनी ग़लती मानता हूँ।
Provide the Hindi translation of:,I can read English.,मैं अंग्रेज़ी पढ़ सकता हूँ।
Convert this sentence into Hindi:,I can read English.,मैं अंग्रेज़ी पढ़ सकती हूँ।
Provide the Hindi translation of:,I can't believe it!,मुझे विश्वास नहीं होता!
Translate the following to Hindi:,I heard him go out.,मैंने उसके बाहर जाने की आवाज़ सुनी।
Translate the following to Hindi:,I know her address.,मुझे उसका पता पता है।
Convert this sentence into Hindi:,I know his address.,मुझे उसका पता पता है।
Provide the Hindi translation of:,I know those women.,मैं उन औरतों को जानता हूँ।
Convert this sentence into Hindi:,I know your father.,मैं तुम्हारे पिताजी को जानता हूँ।
Convert this sentence into Hindi:,I sort of like him.,मुझे वह अच्छा सा लगता है।
Provide the Hindi translation of:,I still don't know.,मुझे अभी भी नहीं पता।
Provide the Hindi translation of:,I was born in 1960.,मैं १९६० में पैदा हुआ था।
Provide the Hindi translation of:,I was born in 1979.,मैं १९७९ में पैदा हुआ था।
Provide the Hindi translation of:,I watch television.,मैं टीवी देखता हूँ।
Translate the following to Hindi:,I worked all night.,मैंने पूरी रात काम किया।
Provide the Hindi translation of:,I worked all night.,मैंने रातभर काम किया।
Provide the Hindi translation of:,I'll see you later.,बाद में मिलेंगे।
Convert this sentence into Hindi:,I'll see you later.,फिर मिलेंगे।
Provide the Hindi translation of:,I'm as tall as you.,मैं तुम्हारे जितना लम्बा हूँ।
Translate the following to Hindi:,I'm coming at once.,मैं अभी आता हूँ।
Provide the Hindi translation of:,Is this book yours?,क्या यह किताब तुम्हारी है?
Provide the Hindi translation of:,It is already dark.,अभी से रात हो गई है।
Convert this sentence into Hindi:,It looks like snow.,बरफ़ जैसा दिखता है।
Convert this sentence into Hindi:,It started to snow.,बरफ़ गिरनी शुरू गो गई।
Provide the Hindi translation of:,It was sort of fun.,वो मजेदार था I
Convert this sentence into Hindi:,"It's mine, not his.","मेरा है, उसका नहीं।"
Convert this sentence into Hindi:,"It's mine, not his.","मेरी है, उसकी नहीं।"
Translate the following to Hindi:,It's too expensive!,बहुत महंगा है!
Translate the following to Hindi:,It's too expensive!,बहुत महंगी है!
Translate the following to Hindi:,It's very hot here.,यहाँ बहुत गरम है।
Convert this sentence into Hindi:,Let me handle this.,यह मुझे संभालने दो।
Translate the following to Hindi:,Let's take a train.,रेलगाड़ी से चलते हैं।
Provide the Hindi translation of:,My car is a Toyota.,मेरी गाड़ी टोयोटा है।
Translate the following to Hindi:,My family is small.,मेरा परिवार छोटा है।
Translate the following to Hindi:,My wife is Chinese.,मेरी बीवी चीनी है।
Convert this sentence into Hindi:,My wife is Chinese.,मेरी पत्नी चीनी है।
Provide the Hindi translation of:,No one can help me.,कोई मेरी मदद नहीं कर सकता।
Convert this sentence into Hindi:,She is very pretty.,वह बहुत सुंदर है।
Provide the Hindi translation of:,She leaped for joy.,वह खुशी से उछल पड़ी।
Convert this sentence into Hindi:,She smiled happily.,उसने खुशी से मुस्कुराया।
Translate the following to Hindi:,She's not a doctor.,वह डॉक्टर नहीं है।
Convert this sentence into Hindi:,That guy annoys me.,मुझे उस आदमी से चिढ़ आती है।
Provide the Hindi translation of:,The batter was out.,बॅटर आऊट हो गया था।
Convert this sentence into Hindi:,The crow flew away.,कौआ उड़ गया।
Translate the following to Hindi:,The power went out.,बिजली चली गई।
Provide the Hindi translation of:,These dogs are big.,ये कुत्ते बड़े हैं।
Convert this sentence into Hindi:,This is Mary's dog.,यह मेरी का कुत्ता है।
Provide the Hindi translation of:,Was his story true?,उसकी कहानी सच्ची थी क्या?
Provide the Hindi translation of:,We are against war.,हम जंग के ख़िलाफ़ हैं।
Provide the Hindi translation of:,We are against war.,हम युद्ध का विरोध करते हैं।
Convert this sentence into Hindi:,We enjoyed skating.,हमे स्केटिंग करके मज़ा आया।
Convert this sentence into Hindi:,We were in a hurry.,हम जल्दी में थे।
Provide the Hindi translation of:,We were very tired.,हम बहुत थक चुके थे।
Translate the following to Hindi:,We're good friends.,हम अच्छे दोस्त हैं।
Convert this sentence into Hindi:,What a big pumpkin!,कितना बड़ा कद्दू है!
Translate the following to Hindi:,What's the problem?,मुश्किल क्या है?
Provide the Hindi translation of:,When does it begin?,शुरू कब होता है?
Convert this sentence into Hindi:,Where are the kids?,बच्चे कहाँ गए?
Provide the Hindi translation of:,Where is the beach?,समुद्र तट कहां है?
Provide the Hindi translation of:,Which dog is yours?,तुम्हारा कुत्ता कौनसा है?
Convert this sentence into Hindi:,Who broke the vase?,गुलदान को किसने तोड़ दिया?
Provide the Hindi translation of:,Who made this cake?,यह केक किसने बनाया है?
Convert this sentence into Hindi:,Who's at the wheel?,गाड़ी कौन चला रहा है?
Provide the Hindi translation of:,Whose book is this?,यह किसकी किताब है?
Convert this sentence into Hindi:,You may use my pen.,तुम मेरी कलम इस्तेमाल कर सकते हो।
Convert this sentence into Hindi:,Answer my questions.,मेरे सवालों का जवाब दो।
Convert this sentence into Hindi:,Are they in the gym?,वे जिमखाने में हैं क्या?
Translate the following to Hindi:,Can you drive a car?,तुम्हें गाड़ी चलाना आता है क्या?
Convert this sentence into Hindi:,Can you drive a car?,तुम गाड़ी चला सकते हो क्या?
Translate the following to Hindi:,Could you sign here?,यहाँ हस्ताक्षर कर सकते हैं क्या?
Provide the Hindi translation of:,Everybody likes her.,उसे सब पसंद करते हैं।
Convert this sentence into Hindi:,Everybody likes him.,उसे सब पसंद करते हैं।
Translate the following to Hindi:,"Excuse me, I'm lost.","माफ़ कीजिएगा, मैं खो गई हूँ।"
Convert this sentence into Hindi:,He called me a taxi.,उसने मेरे लिए टेक्सी बुलवाई।
Provide the Hindi translation of:,He felt very lonely.,उसे बहुत अकेलापन महसूस हुआ।
Translate the following to Hindi:,He lives next to me.,वह मेरे पड़ोस में रहता है।
Provide the Hindi translation of:,He looks very tired.,वह बहुत थका-हारा सा लगता है।
Provide the Hindi translation of:,He seems to be rich.,वह दिखने में बहुत अमीर लगता है।
Provide the Hindi translation of:,He'll get well soon.,वह जल्द ही ठीक हो जाएगा।
Translate the following to Hindi:,He's in a bad state.,उसकी हालत बुरी है।
Translate the following to Hindi:,How about the taste?,और स्वाद कैसा है?
Translate the following to Hindi:,How did you make it?,तुमने कैसे बनाया?
Provide the Hindi translation of:,I am not from India.,मैं भारत से नहीं हूँ।
Convert this sentence into Hindi:,I am reading a book.,मैं किताब पढ़ रही हूँ।
Convert this sentence into Hindi:,I bought an old car.,मैंने पुरानी गाड़ी खरीदी।
Provide the Hindi translation of:,I can teach English.,मैं अंग्रेज़ी पढ़ा सकता हूँ।
Convert this sentence into Hindi:,I continued singing.,मैं गाता चला गया।
Provide the Hindi translation of:,I do not understand.,मैं समझा नहीं।
Translate the following to Hindi:,I don't like summer.,मुझे गर्मी का मौसम पसंद नहीं है।
Translate the following to Hindi:,I forgot to ask him.,मैं उससे पूछना भूल गया।
Translate the following to Hindi:,I hate taking risks.,मुझे जोखिम लेना पसंद नहीं है।
Translate the following to Hindi:,I haven't eaten yet.,मैंने अभी तक नहीं खाया है।
Translate the following to Hindi:,I know both of them.,मैं दोनो को जानता था।
Provide the Hindi translation of:,I know what that is.,मुझे पता है कि वह चीज़ क्या है।
Translate the following to Hindi:,I tried to tell you.,मैंने तुम्हे बताने की कोशिश करी थी।
Convert this sentence into Hindi:,I want to marry her.,मैं उससे शादी करना चाहता हूँ।
Translate the following to Hindi:,I wanted her to win.,मैं चाहता था कि वह जीत जाए।
Translate the following to Hindi:,I'd like a city map.,मुझे शहर का नक्शा चाहिए।
Translate the following to Hindi:,I'd like to see her.,मैं उसे देखना चाहूँगा।
Provide the Hindi translation of:,I'd like to see her.,मैं उससे मिलना चाहूँगा।
Provide the Hindi translation of:,I'll be back at ten.,मैं दस बजे वापस आऊँगा।
Provide the Hindi translation of:,I'll bring the wine.,मैं शराब लाता हूँ।
Translate the following to Hindi:,I'll bring the wine.,मैं शराब लाऊँगा।
Translate the following to Hindi:,I'll make you happy.,मैं तुम्हें खुश करूँगा।
Provide the Hindi translation of:,I've already called.,मैंने फ़ोन कर लिया है।
Convert this sentence into Hindi:,I've lost my ticket.,मेरी टिकट खो गई है।
Provide the Hindi translation of:,Let's play baseball!,चलो बेसबॉल खेलतें हैं।
Provide the Hindi translation of:,Must I write in ink?,मुझे स्याही से ही लिखना होगा?
Provide the Hindi translation of:,My family loved Tom.,मेरे परिवार को टॉम पसंद था।
Provide the Hindi translation of:,My money was stolen.,मेरे पैसे चोरी हो गए।
Translate the following to Hindi:,My sister has a job.,मेरी बहन के पास नौकरी है।
Translate the following to Hindi:,She kept on working.,वह काम करती रही।
Translate the following to Hindi:,She pulled my shirt.,उसने मेरी कमीज़ खींची।
Translate the following to Hindi:,That is not a tiger.,वह बाघ नहीं है।
Provide the Hindi translation of:,That was my mistake.,वह मेरी ग़लती थी।
Translate the following to Hindi:,The skies are clear.,आसमान साफ़ है।
Provide the Hindi translation of:,The trees are green.,पेड़ हरे हैं।
Convert this sentence into Hindi:,These are our books.,ये हमारी किताबें हैं।
Translate the following to Hindi:,This is what I need.,यह वही चीज़ है जिसकी मुझे ज़रूरत है।
Translate the following to Hindi:,Watch your language.,ज़बान सम्भाल के बात करो।
Convert this sentence into Hindi:,We are good friends.,हम अच्छे दोस्त हैं।
Provide the Hindi translation of:,We must pay the tax.,हमें टैक्स भरना पड़ेगा।
Convert this sentence into Hindi:,What did you answer?,तुमने क्या जवाब दिया?
Convert this sentence into Hindi:,What is in this box?,इस डब्बे में क्या है?
Convert this sentence into Hindi:,What were you doing?,तुम क्या कर रहे थे?
Translate the following to Hindi:,Where are you going?,तुम कहाँ जा रहे हो?
Translate the following to Hindi:,Where are you going?,आप कहाँ जा रहे हैं?
Translate the following to Hindi:,Where's the airport?,हवाई अड्डा कहाँ पर है?
Provide the Hindi translation of:,Which book is yours?,तुम्हारी किताब कौनसी है?
Translate the following to Hindi:,Who is your teacher?,तुम्हारे टीचर कौन हैं?
Convert this sentence into Hindi:,Why didn't you come?,तुम क्यों नहीं आए?
Convert this sentence into Hindi:,Will you go with us?,तुम हमारे साथ आओगे क्या?
Convert this sentence into Hindi:,Winter is coming on.,सर्दी आ रही है।
Provide the Hindi translation of:,You are at it again.,तुम फिरसे चालू हो गए।
Translate the following to Hindi:,You may rely on him.,तुम उसपर भरोसा कर सकते हो।
Provide the Hindi translation of:,You must forgive me.,तुम्हे मुझे माफ़ करना होगा।
Provide the Hindi translation of:,You must forgive me.,आपको मुझे क्षमा करना होगा।
Translate the following to Hindi:,You must study hard.,तुम्हें मन लगाकर पढ़ना होगा।
Translate the following to Hindi:,You're a life saver.,तुमने मेरी जान बचाली।
Convert this sentence into Hindi:,Didn't I tell you so?,मैंने तुम्हें बताया नहीं था?
Convert this sentence into Hindi:,Do you have a pencil?,तुम्हारे पास पेनसिल है क्या?
Provide the Hindi translation of:,Do you live in Tokyo?,तुम टोक्यो में रहते हो क्या?
Translate the following to Hindi:,Do you speak English?,क्या आप अंग्रेज़ी बोलते हैं?
Translate the following to Hindi:,Don't open your book.,अपनी किताब मत खोलो।
Translate the following to Hindi:,Don't worry about me.,मेरी चिंता मत करो।
Convert this sentence into Hindi:,Don't worry about us.,हमारी चिंता मत करो।
Convert this sentence into Hindi:,Fish live in the sea.,मछलियाँ समुंदर में रहतीं हैं।
Translate the following to Hindi:,Go tell him yourself.,उसको अपने-आप जाकर बताओ।
Provide the Hindi translation of:,Have you been abroad?,आप विदेश गए हुए हैं क्या?
Convert this sentence into Hindi:,He envied my success.,उसको मेरी कामयाबी से जलन थी।
Provide the Hindi translation of:,He got angry with me.,वह मुझपर गुस्सा हो गया।
Convert this sentence into Hindi:,He has been to India.,वह भारत गया हुआ है।
Translate the following to Hindi:,He is angry with you.,वह तुमसे नाराज़ है।
Convert this sentence into Hindi:,He is hard to please.,उसको खुश करना बहुत मुश्किल है।
Translate the following to Hindi:,He is in poor health.,उसकी हालत बुरी है।
Translate the following to Hindi:,He lent me two books.,उसने मुझे दो किताबें उधार दीं।
Provide the Hindi translation of:,He made up an excuse.,उसने कोई बहाना बना लिया।
Translate the following to Hindi:,He married for money.,उसने पैसों के लिए शादी की।
Convert this sentence into Hindi:,He saw a pretty girl.,उसने एक सुंदर लड़की को देखा।
Translate the following to Hindi:,He wanted to succeed.,वह कामयाब होना चाहता था।
Convert this sentence into Hindi:,How's your job going?,तुम्हारी नौकरी कैसी चल रही है?
Translate the following to Hindi:,I agree to this plan.,मैं इस योजना से सहमत हूँ।
Convert this sentence into Hindi:,I am a stranger here.,मुझे यहाँ पर अजनबी के जैसा महसूस होता है।
Translate the following to Hindi:,I am counting on you.,मैं तुमपर भरोसा कर रहा हूँ।
Provide the Hindi translation of:,I am eating an apple.,मैं सेव खा रहा हूँ ।
Convert this sentence into Hindi:,I am eating an apple.,मैं सेव खा रही हूँ ।
Translate the following to Hindi:,I don't mind waiting.,मुझे प्रतीक्षा करने में कोई आपत्ती नहीं है।
Provide the Hindi translation of:,I expect him to come.,मुझे लगता है वह आएगा।
Convert this sentence into Hindi:,I feel like vomiting.,मुझे उल्टी आ रही है।
Provide the Hindi translation of:,I have a few friends.,मेरे पास कुछ दोस्त हैं।
Convert this sentence into Hindi:,I have a stomachache.,मुझे पेट में दर्द हो रहा है।
Translate the following to Hindi:,I have back problems.,मुझे पीठ की तकलीफ है I
Provide the Hindi translation of:,I have been to Kyoto.,मैं क्योटो गया हुआ हूँ।
Translate the following to Hindi:,I have caught a cold.,मुझे ज़ुकाम हो गया है।
Convert this sentence into Hindi:,I just cut my finger.,मैंने अपनी ऊँगली काट ली।
Provide the Hindi translation of:,I know why he did it.,मुझे पता है उसने क्यों किया था।
Provide the Hindi translation of:,I live in a big city.,मैं बड़े शहर में रहता हूँ।
Convert this sentence into Hindi:,I lost consciousness.,मैं बेहोशी में चला गया।
Translate the following to Hindi:,I lost consciousness.,मैं बेहोश हो गया।
Translate the following to Hindi:,I meant it as a joke.,मैंने तो मज़ाक के तौर पर कहा था।
Provide the Hindi translation of:,I meant it as a joke.,मैंने तो मज़ाक समझकर बोला था।
Convert this sentence into Hindi:,I met Mary yesterday.,मैं कल मेरी से मिला था।
Provide the Hindi translation of:,I think you're right.,मेरे ख़याल से तुम सही हो।
Convert this sentence into Hindi:,I want my money back.,मुझे अपने पैसे वापस चाहिए।
Convert this sentence into Hindi:,I will come with you.,मैं तुम्हारे साथ आऊँगा।
Convert this sentence into Hindi:,I'll admit I'm wrong.,मैं मानता हूँ कि मैं ग़लत था।
Translate the following to Hindi:,I'll never come back.,मैं कभी वापस नहीं आऊँगा।
Convert this sentence into Hindi:,I'm allergic to fish.,मुझे मछली से एलर्जी है।
Translate the following to Hindi:,I've lost my glasses.,मेरा चश्मा खो गया है।
Convert this sentence into Hindi:,I've lost my glasses.,मेरे चश्मे खो गए हैं।
Translate the following to Hindi:,I've made a decision.,मैं फ़ैसला कर चुका हूँ।
Convert this sentence into Hindi:,Is he reading a book?,वह किताब पढ़ रहा है क्या?
Provide the Hindi translation of:,Is it open on Sunday?,रविवार को खुला होता है क्या?
Convert this sentence into Hindi:,Is the phone ringing?,फ़ोन बज रहा है क्या?
Provide the Hindi translation of:,It is already eleven.,ग्यारह बज चुके हैं।
Translate the following to Hindi:,It is free of charge.,यह मुफ़्त का है।
Convert this sentence into Hindi:,It's an easy victory.,यह जीत तो बहुत आसान थी।
Provide the Hindi translation of:,Let me take you home.,मुझे तुम्हें घर लेजाने दो।
Provide the Hindi translation of:,Lincoln died in 1865.,लिंकन की मौत १८६५ में हुई थी।
Translate the following to Hindi:,Please do it quickly.,जल्दी कीजिए।
Translate the following to Hindi:,Please shut the door.,दरवाज़े को बंद कर दीजिए।
Translate the following to Hindi:,She gave him a watch.,उसने उसे एक घड़ी दी।
Translate the following to Hindi:,She wore a red dress.,उसने लाल रंग के कपड़े पहने थे।
Convert this sentence into Hindi:,She wore a red dress.,उसने लाल ड्रेस पहनी थी।
Translate the following to Hindi:,That's his specialty.,वह उसकी ख़ासियत है।
Convert this sentence into Hindi:,The house is haunted.,इस घर में भूत है।
Translate the following to Hindi:,The house was ablaze.,घर आग में लिपटा हुआ था।
Convert this sentence into Hindi:,The man looked at me.,उस आदमी ने मेरी ओर देखा।
Convert this sentence into Hindi:,The sheets feel damp.,चादरें गीलीं लगतीं हैं।
Provide the Hindi translation of:,The water pipe burst.,पानी का पाइप फट गया।
Provide the Hindi translation of:,These books are mine.,ये किताबें मेरीं हैं।
Provide the Hindi translation of:,These shoes are hers.,यह जूते उसके हैं।
Translate the following to Hindi:,They went to the zoo.,वे ज़ू गए थे।
Convert this sentence into Hindi:,This feels like silk.,यह रेशम जैसा लगता है।
Convert this sentence into Hindi:,This watch is broken.,यह घड़ी टूटी हुई है।
Provide the Hindi translation of:,Time goes by quickly.,समय तेज़ी से बीतता है।
Provide the Hindi translation of:,Wash your hands well.,अपने हाथ अच्छे से धोओ।
Convert this sentence into Hindi:,What day is it today?,आज कौनसा वार है?
Provide the Hindi translation of:,What did Galileo see?,गैलीलियो ने क्या देखा?
Translate the following to Hindi:,What did Galileo see?,गैलीलियो को क्या दिखा?
Convert this sentence into Hindi:,What does it contain?,इसमें क्या है?
Translate the following to Hindi:,When did you see her?,तुमने उसे कब देखा था?
Provide the Hindi translation of:,When will you return?,तुम कब लौट कर आओगे?
Provide the Hindi translation of:,Where is the problem?,मुश्किल क्या है?
Convert this sentence into Hindi:,Where is the problem?,मुश्किल कहाँ है?
Convert this sentence into Hindi:,Where is your father?,तुम्हारे पिता कहाँ हैं?
Convert this sentence into Hindi:,Will you go by train?,तुम रेलगाड़ी से जाओगे क्या?
Convert this sentence into Hindi:,You can't prove that.,तुम वह साबित नहीं कर सकते।
Provide the Hindi translation of:,You look happy today.,तुम आज खुश लगते हो।
Translate the following to Hindi:,Your dog is very big.,तुम्हारा कुत्ता बहुत बड़ा है।
Translate the following to Hindi:,Your dog is very fat.,तुम्हारा कुत्ता बहुत मोटा है।
Convert this sentence into Hindi:,Can I use your pencil?,मैं तुम्हारी पेनसिल इस्तेमाल कर सकता हूँ क्या?
Provide the Hindi translation of:,Can the rumor be true?,क्या यह अफ़वाह सच हो सकती है?
Translate the following to Hindi:,Can you keep a secret?,तुम राज़ रख सकते हो क्या?
Provide the Hindi translation of:,Did you see my camera?,तुमने मेरा कैमरा देखा क्या?
Provide the Hindi translation of:,Do you believe in God?,क्या तुम भगवान में विश्वास करते हो?
Translate the following to Hindi:,Do you know your size?,क्या आपको अपना नाप पता है?
Translate the following to Hindi:,Do you like this book?,क्या तुम्हें यह किताब पसंद है ?
Provide the Hindi translation of:,Does he speak English?,वह अंग्रेज़ी बोलता है क्या?
Convert this sentence into Hindi:,Don't be disappointed.,निराश मत हो।
Provide the Hindi translation of:,Fat hens lay few eggs.,मोटी मुर्गियाँ कम अंडे देतीं हैं।
Provide the Hindi translation of:,Has the bell rung yet?,घंटी बज चुकी है क्या?
Translate the following to Hindi:,He accepted our offer.,उसने हमारा प्रस्ताव स्वीकार कर लिया।
Provide the Hindi translation of:,He became a policeman.,वह पुलिस अफ़सर बन गया।
Provide the Hindi translation of:,He became a policeman.,वह पुलिसवाला बन गया।
Translate the following to Hindi:,He climbed the stairs.,वह सीड़ियों पर चढ़ गया।
Convert this sentence into Hindi:,He deals in furniture.,वो फ़र्निचर का व्यापार करता है।
Provide the Hindi translation of:,He got a lot of money.,उसे बहुत सारा पैसा मिला।
Provide the Hindi translation of:,He has a little money.,उसके पास थोड़े-बहुत पैसे हैं।
Translate the following to Hindi:,He has a lot of money.,वह बहुत पैसेवाला है।
Translate the following to Hindi:,He is a sharp-shooter.,उसका निशाना बहुत अच्छा है।
Provide the Hindi translation of:,"He is poor, but happy.","वह गरीब है, पर खुश है।"
Convert this sentence into Hindi:,He is tall and strong.,वह लम्बा और ताकतवर है।
Translate the following to Hindi:,He knows us very well.,वह हमको अच्छी तरह से जानता है।
Provide the Hindi translation of:,He looks like a horse.,वह दिखने में घोड़े की तरह लगता है।
Provide the Hindi translation of:,He must be over sixty.,वे कम-से-कम साठ बरस के तो होंगे।
Provide the Hindi translation of:,He sang while working.,उसने गाते गाते काम किया।
Provide the Hindi translation of:,He was my dear friend.,वह मेरा अच्छा दोस्त था।
Translate the following to Hindi:,He was sick last week.,वह पिछले हफ़्ते बीमार था।
Provide the Hindi translation of:,He won the race again.,उसने प्रतियोगिता फिरसे जीत ली।
Convert this sentence into Hindi:,He writes beautifully.,वह सुंदर लिखता है।
Convert this sentence into Hindi:,How do you feel today?,तुम्हे आज कैसा लग रहा है?
Translate the following to Hindi:,I am grateful to them.,मैं उनका आभारी हूँ।
Provide the Hindi translation of:,I am poor at swimming.,मुझे ढंग से तैरना नहीं आता।
Translate the following to Hindi:,I am tired of my work.,मैं अपने काम से थक चुका हूँ।
Provide the Hindi translation of:,I can't let you leave.,आपको जाने नहीं दे सकता हूँ।
Convert this sentence into Hindi:,I dove into the river.,मैंने नदी में छलाँग लगाकर डुबकी ली।
Translate the following to Hindi:,I have made him angry.,मैंने उसे गुस्सा कर दिया है।
Translate the following to Hindi:,"I live in Boston, too.",मैं भी बॉस्टन में ही रहता हूँ।
Convert this sentence into Hindi:,I made him my servant.,मैंने उसे अपना नौकर बना लिया।
Convert this sentence into Hindi:,I never liked biology.,मुझे जीव विज्ञान कभी भी पसंद नहीं था।
Provide the Hindi translation of:,I ran away in a hurry.,मैं हड़बड़ी में दौड़ गया।
Convert this sentence into Hindi:,I want to visit Korea.,मैं कोरिया जाना चाहता हूँ।
Translate the following to Hindi:,I'm too tired to walk.,मैं इतना थक गया हूँ कि मुझसे और चला नहीं जाएगा।
Convert this sentence into Hindi:,I've made my decision.,मैं फ़ैसला कर चुका हूँ।
Convert this sentence into Hindi:,Is Mary your daughter?,क्या मैरी तुम्हारी बेटी है?
Provide the Hindi translation of:,Is your watch correct?,तुम्हारी घड़ी सही है क्या?
Provide the Hindi translation of:,It will snow tomorrow.,कल बरफ़ पड़ेगी।
Provide the Hindi translation of:,Let's start the party.,पार्टी शुरू करते हैं।
Convert this sentence into Hindi:,Make yourself at home.,इसको अपना घर ही समझो।
Translate the following to Hindi:,May comes after April.,मई अप्रैल के बाद आता है।
Convert this sentence into Hindi:,My car is not running.,मेरी गाड़ी चल नहीं रही है।
Translate the following to Hindi:,My eye has swollen up.,मेरी आँख सूज गई है।
Provide the Hindi translation of:,Not all birds can fly.,सारे पंछी उड़ नहीं सकते।
Translate the following to Hindi:,Please close the door.,दरवाज़े को बंद कर दीजिए।
Provide the Hindi translation of:,Please leave me alone.,मुझे अकेला छोड़ दीजिए।
Translate the following to Hindi:,Please throw the ball.,गेंद फेंकिए।
Convert this sentence into Hindi:,Put it where you like.,जहाँ भी डालना है डालदो।
Provide the Hindi translation of:,Put it where you like.,जहाँ भी रखना है रखदो।
Provide the Hindi translation of:,Put it where you like.,जहाँ भी घुसाना है घुसादो।
Convert this sentence into Hindi:,She always works hard.,वह हमेशा मन लगाकर काम करती है।
Translate the following to Hindi:,She asked me for help.,उसने मुझसे मदद मांगी।
Convert this sentence into Hindi:,She got me a tiny toy.,वह मेरे लिए एक नन्हा सा खिलौना खरीद लाई।
Provide the Hindi translation of:,She hated her husband.,वह अपने पति से नफ़रत करती थी।
Provide the Hindi translation of:,She is five years old.,वह पाँच साल की है।
Provide the Hindi translation of:,She lived a long life.,उसने लम्बी ज़िन्दगी जी।
Translate the following to Hindi:,She's a stubborn girl.,वह एक ज़िद्दी लड़की है।
Provide the Hindi translation of:,Sit wherever you like.,कहीं भी बैठ जाओ।
Translate the following to Hindi:,Tell me what happened.,मुझे बताओ क्या हुआ।
Provide the Hindi translation of:,The lake is deep here.,झील यहाँ पर बहुत गहरी है।
Convert this sentence into Hindi:,The man lost all hope.,उस आदमी ने सारी उम्मीद छोड़दी।
Convert this sentence into Hindi:,The station is nearby.,स्टेशन पास में है।
Convert this sentence into Hindi:,They hated each other.,वे एक-दूसरे से नफ़रत करते थे।
Translate the following to Hindi:,They made fun of Mary.,उन्होंने मेरी का मज़ाक उड़ाया।
Provide the Hindi translation of:,They missed the train.,उनकी ट्रेन छूट गई।
Convert this sentence into Hindi:,They shouted for help.,उन्होंने मदद के लिए चिल्लाया।
Convert this sentence into Hindi:,They shouted for help.,उन्होंने मदद के लिए आवाज़ लगाई।
Convert this sentence into Hindi:,"This is an apple, too.",यह भी सेव है।
Translate the following to Hindi:,Tom and I are friends.,टॉम और मैं दोस्त हैं।
Provide the Hindi translation of:,We accepted his offer.,हमने उसके प्रस्ताव को स्वीकार कर लिया।
Translate the following to Hindi:,We are disturbing him.,हम उनको परेशान कर रहें हैं।
Translate the following to Hindi:,We rested for a while.,हमने थोड़ी देर आराम किया।
Convert this sentence into Hindi:,"Well, I must be going.",मुझे चलना चाहिए।
Convert this sentence into Hindi:,What is this nonsense?,यह क्या बकवास है?
Convert this sentence into Hindi:,What're you two doing?,तुम दोनो क्या कर रहे हो?
Translate the following to Hindi:,What're you two doing?,तुम दोनो क्या कर रहे थे?
Convert this sentence into Hindi:,Where is the elevator?,लिफ़्ट कहाँ पर है?
Provide the Hindi translation of:,Whose books are these?,ये क्या किताबें हैं?
Translate the following to Hindi:,Will he come tomorrow?,वह कल आएगा क्या?
Convert this sentence into Hindi:,Will he come tomorrow?,वे कल आएँगे क्या?
Provide the Hindi translation of:,You didn't understand.,तुम समझे नहीं।
Provide the Hindi translation of:,You reap what you sow.,जैसी करनी वैसी भरनी।
Convert this sentence into Hindi:,You reap what you sow.,"जैसा बोओगे, वैसा काटोगे।"
Provide the Hindi translation of:,You reap what you sow.,"अच्छा करो, अच्छा पाओ।"
Translate the following to Hindi:,You reap what you sow.,कर भला तो हो भला।
Provide the Hindi translation of:,You reap what you sow.,जैसा करना वैसा भरना।
Translate the following to Hindi:,Your hair is too long.,तुम्हारे बाल कुछ ज़्यादा ही लम्बे हैं।
Convert this sentence into Hindi:,"""Who is it?"" ""It's me.""	""","कौन है?"" ""मैं हूँ"""
Convert this sentence into Hindi:,A fox is a wild animal.,लोमड़ी जंगली जानवर होती है।
Translate the following to Hindi:,A rabbit has long ears.,खरगोश के कान लम्बे होते हैं।
Convert this sentence into Hindi:,Can anyone believe you?,क्या कोई तुम्हारा यकीन कर सकता है?
Convert this sentence into Hindi:,Did you read it at all?,तुमने पूरा पढ़ लिया क्या?
Provide the Hindi translation of:,Do you like this color?,यह रंग पसंद है क्या?
Translate the following to Hindi:,Don't ask me for money.,मुझसे पैसे मत माँगो।
Convert this sentence into Hindi:,Don't lose your temper.,नाराज़ मत हो जाओ।
Provide the Hindi translation of:,Don't make fun of them.,उनका मज़ाक मत उड़ाओ।
Provide the Hindi translation of:,Don't make me slap you.,मुझे तुम्हें थप्पड़ करने के लिए मजबूर मत करो।
Provide the Hindi translation of:,Don't say such a thing.,ऐसी बात मत बोलो।
Provide the Hindi translation of:,Don't start doing that.,वह काम शुरु मत करो।
Convert this sentence into Hindi:,Everyone knew the song.,वह गाना सभी को पता था।
Provide the Hindi translation of:,Fish live in the water.,मछलियाँ पानी में जीतीं हैं।
Provide the Hindi translation of:,He can't run very fast.,वह ज़्यादा तेज़ नहीं भाग सकता।
Translate the following to Hindi:,He earns a good salary.,वह अच्छा कमा लेता है।
Translate the following to Hindi:,He has three daughters.,उसकी तीन बेटियाँ हैं।
Convert this sentence into Hindi:,He knocked at the door.,उसने दरवाज़े पर खटखटाया।
Provide the Hindi translation of:,He learned how to swim.,उसने तैरना सीखा।
Provide the Hindi translation of:,He robbed me of my bag.,उसने मेरा बस्ता चुरा लिया।
Translate the following to Hindi:,He told me where to go.,उसने मुझे बताया कहाँ जाना है।
Convert this sentence into Hindi:,He tore the book apart.,उसने किताब को फाड़ डाला।
Provide the Hindi translation of:,He understands physics.,वह भौतिक विज्ञान समझता है।
Translate the following to Hindi:,He will soon come back.,वह बस अभी आता होगा।
Provide the Hindi translation of:,He will soon come back.,वह बस आता ही होगा।
Translate the following to Hindi:,He will soon come back.,वह थोड़ी देर में वापस आ रहा है।
Convert this sentence into Hindi:,Her father is Japanese.,उसके पिता जापानी हैं।
Provide the Hindi translation of:,I asked him to do that.,मैंने उससे वह करने को कहा था।
Provide the Hindi translation of:,I don't agree with you.,मैं तुमसे सहमत नहीं हूँ।
Translate the following to Hindi:,I don't believe in God.,मैं भगवान में यकीन नहीं करता।
Translate the following to Hindi:,I don't want your pity.,मुझे तुम्हारी दया नहीं चहिए।
Provide the Hindi translation of:,I found the cage empty.,मुझे पिंजरा खाली मिला।
Convert this sentence into Hindi:,I go to school on foot.,मैं स्कूल चलकर जाती हूँ।
Provide the Hindi translation of:,I made the woman angry.,मैंने उस औरत को गस्सा दिलाया।
Provide the Hindi translation of:,I prefer coffee to tea.,मुझे चाय से ज़्यादा कॉफ़ी पसंद है।
Provide the Hindi translation of:,I seem to have a fever.,मुझे बुखार जैसा लगता है।
Provide the Hindi translation of:,I still don't know yet.,मुझे अभी भी नहीं पता।
Translate the following to Hindi:,I wake up at 7 o'clock.,मैं सात बजे सोकर उठता हूँ।
Translate the following to Hindi:,I want to do it myself.,मैं अपने-आप करना चाहता हूँ।
Translate the following to Hindi:,I wasn't fired. I quit.,मुझे नौकरी से निकाला नहीं गया। मैंने खुद ही नौकरी छोड़ दी।
Translate the following to Hindi:,I will be back by nine.,मैं नौ बजे से पहले वापस आ जाऊँगा।
Convert this sentence into Hindi:,I wonder what happened.,पता नहीं क्या हुआ।
Convert this sentence into Hindi:,I'd like a Bloody Mary.,मुझे एक ब्लडी मेरी चाहिए।
Convert this sentence into Hindi:,I'll make a phone call.,मैं फ़ोन करता हूँ।
Convert this sentence into Hindi:,I'm at the airport now.,मैं अभी हवाईअड्डे में हूँ।
Translate the following to Hindi:,I'm longing to see him.,मैं उससे मिलने के लिए उत्सुक हूँ।
Translate the following to Hindi:,I'm thinking about you.,मैं तुम्हारे बारे में सोच रहा हूँ।
Translate the following to Hindi:,Is anyone absent today?,क्या आज कोई अनुपस्थित है?
Translate the following to Hindi:,Is anyone absent today?,आज कोई है जो नहीं आया है?
Translate the following to Hindi:,It is difficult for me.,वह मेरे लिए मुश्किल है।
Translate the following to Hindi:,It's rather cold today.,आज मौसम काफ़ी ठंडा है।
Translate the following to Hindi:,Mind your own business!,अपने काम से काम रखो!
Translate the following to Hindi:,My father is very nice.,मेरे पिता बहुत अच्छे हैं।
Provide the Hindi translation of:,My father is very nice.,मेरे पापा बहुत अच्छे हैं।
Convert this sentence into Hindi:,My stomach is growling.,मेरा पेट गुड़गुड़ा रहा है।
Convert this sentence into Hindi:,New York is a big city.,न्यू यॉर्क बड़ा शहर है।
Translate the following to Hindi:,School begins in April.,स्कूल अप्रैल में शुरू होता है।
Convert this sentence into Hindi:,School is over at 3:30.,स्कूल साढ़े तीन बजे छूटता है।
Provide the Hindi translation of:,Shall I clean the room?,मैं कमरे की सफ़ाई करूँ क्या?
Translate the following to Hindi:,She always wears black.,वह हमेशा काले कपड़े पहनती है।
Convert this sentence into Hindi:,She can play the piano.,वह पियानो बजाना जानती है।
Convert this sentence into Hindi:,She has a gentle heart.,वह नर्म दिल वाली है।
Convert this sentence into Hindi:,She is a wealthy woman.,वह बहुत पैसेवाली औरत है।
Translate the following to Hindi:,"She is poor, but happy.","वह गरीब है, पर खुश है।"
Provide the Hindi translation of:,She married a rich man.,उसने पैसेवाले से शादी की।
Provide the Hindi translation of:,She prattles on and on.,वह बहुत बक-बक करती है।
Convert this sentence into Hindi:,She showed me her room.,उसने मुझे अपना कमरा दिखाया।
Provide the Hindi translation of:,Should I clean my room?,क्या मैं कमरा साफ़ कर सकती हूँ?
Provide the Hindi translation of:,That is almost correct.,यह लगभग सही है।
Convert this sentence into Hindi:,That was cooked in oil.,वह तेल में पकाया गया है।
Provide the Hindi translation of:,That was cooked in oil.,वह तेल में पका हुआ है।
Convert this sentence into Hindi:,That's a good question.,यह एक बहुत अच्छा सवाल है।
Convert this sentence into Hindi:,"That's weird, isn't it?","ये अजीब है, नहीं?"
Provide the Hindi translation of:,The baby ceased crying.,बच्चे ने रोना समाप्त कर दिया।
Convert this sentence into Hindi:,The baby ceased crying.,बच्चे ने रोना बंद कर दिया।
Convert this sentence into Hindi:,The gate was left open.,गेट को खुला छोड़ दिया गया था।
Provide the Hindi translation of:,The girl looked around.,उस लड़की ने पीछे मुड़कर देखा।
Convert this sentence into Hindi:,The knife is not sharp.,यह चाकू तेज़ नहीं है।
Provide the Hindi translation of:,The light doesn't work.,यह बत्ती काम नहीं करती।
Translate the following to Hindi:,"The sooner, the better.",जितना जल्दी उतना अच्छा।
Translate the following to Hindi:,They will be very glad.,वे बहुत प्रसन्न होंगे।
Provide the Hindi translation of:,This book is very thin.,यह किताब बहुत पतली है।
Convert this sentence into Hindi:,This lion is very tame.,यह शेर बहुत पालतू है।
Provide the Hindi translation of:,This silk feels smooth.,यह रेशम छूने में बहुत नर्म लगता है।
Convert this sentence into Hindi:,Tom started the engine.,टॉम ने इंजन को चालू कर दिया।
Translate the following to Hindi:,We often make mistakes.,हम अक्सर ग़लतियाँ कर बैठते हैं।
Translate the following to Hindi:,Were you told to do so?,तुम्हें यह करने के लिए बताया गया था?
Translate the following to Hindi:,What do you like to do?,तम्हे क्या करना अच्छा लगता है?
Convert this sentence into Hindi:,What do you like to do?,आपको क्या करना अच्छा लगता है?
Convert this sentence into Hindi:,What time does it open?,कितने बजे खुलता है?
Provide the Hindi translation of:,What's the temperature?,तापमान क्या है?
Convert this sentence into Hindi:,Who do you think he is?,तुम्हारे ख़याल से वह कौन है?
Translate the following to Hindi:,Why are you stuttering?,हकला क्यों रहे हो?
Convert this sentence into Hindi:,Will we arrive in time?,हम समय में पहुँच जाएँगे क्या?
Provide the Hindi translation of:,You had plenty of time.,तुम्हारे पास काफ़ी समय था।
Provide the Hindi translation of:,You have a good memory.,तुम्हारी याददाश्त अच्छी है।
Translate the following to Hindi:,You've got to stop Tom.,तुम्हे टॉम को रोकना ही होगा।
Provide the Hindi translation of:,Are there enough chairs?,कुरसियाँ काफ़ी हैं क्या?
Provide the Hindi translation of:,Are you free on Tuesday?,तुम मंगलवार को खाली हो क्या?
Provide the Hindi translation of:,Can I see your passport?,मैं आपका पासपोर्ट देख सकता हूँ क्या?
Translate the following to Hindi:,Can you lend me 500 yen?,तुम मुझे पाँच सौ येन उधार दे सकते हो क्या?
Provide the Hindi translation of:,Can't you speak English?,तुम अंग्रेज़ी नहीं बोल सकते हो क्या?
Convert this sentence into Hindi:,Do you watch television?,आप टीवी देखतें हैं क्या?
Convert this sentence into Hindi:,Does milk spoil quickly?,दूध जल्दी से खराब हो जाता है क्या?
Provide the Hindi translation of:,Don't drink any alcohol.,शराब की एक बूंद भी मत पियो।
Provide the Hindi translation of:,Don't forget the ticket.,टिकट भूलना मत।
Convert this sentence into Hindi:,Glass is made from sand.,ग्लास रेत से बनाया जाता है।
Convert this sentence into Hindi:,He abandoned his family.,उसने अपने परिवार को छोड़ दिया।
Convert this sentence into Hindi:,He betrayed his country.,उसने अपने देश को धोखा दे दिया।
Translate the following to Hindi:,He catches colds easily.,उसे ज़ुकाम बहुत आसानी से हो जाता है।
Provide the Hindi translation of:,He couldn't get the job.,उसको नौकरी नहीं मिल पायी।
Translate the following to Hindi:,He decided to go abroad.,उसने विदेश जाने का निर्णय लिया।
Convert this sentence into Hindi:,He did not get up early.,वह जल्दी नहीं उठा।
Convert this sentence into Hindi:,He got lost in the park.,वह पार्क में खो गया।
Provide the Hindi translation of:,He is smelling the soup.,वह सूप को सूँघ रहा है।
Translate the following to Hindi:,He is used to hard work.,उसको मेहनत करने की आदत है।
Translate the following to Hindi:,He likes playing soccer.,उसको फ़ुटबॉल खेलना अच्छा लगता है।
Convert this sentence into Hindi:,He looked up at the sky.,उसने आसमान की तरफ़ देखा।
Translate the following to Hindi:,He tends to be arrogant.,उसको घमण्डी होने की आदत है।
Translate the following to Hindi:,He tends to be arrogant.,उसको अहंकारी होने की आदत है।
Translate the following to Hindi:,He tends to be arrogant.,उसको अभिमानी होने की आदत है।
Translate the following to Hindi:,He was accused of theft.,उसपर चोरी का इलज़ाम लगाया गया।
Convert this sentence into Hindi:,He was more than a king.,वह एक राजा से बहुत ज़्यादा था।
Provide the Hindi translation of:,Her story can't be true.,उसकी कहानी सच्ची नहीं हो सकती।
Translate the following to Hindi:,I do not have much time.,मेरे पास ज़्यादा समय नहीं है।
Convert this sentence into Hindi:,I don't have much money.,मेरे पास ज़्यादा पैसे नहीं हैं।
Provide the Hindi translation of:,I feel like throwing up.,मुझे उल्टी आ रही है।
Convert this sentence into Hindi:,I fell in love with her.,मुझे उससे प्यार हो गया।
Convert this sentence into Hindi:,I found the glass empty.,मुझे गिलास खाली मिला।
Translate the following to Hindi:,I have little money now.,अब मेरे पास बहुत थोड़े पैसे हैं।
Translate the following to Hindi:,I have no money with me.,मेरे पास अभी कोई पैसे नहीं हैं।
Translate the following to Hindi:,I have to see a dentist.,मुझे दंत चिकित्सक से मिलना है।
Translate the following to Hindi:,I like my job very much.,मुझे अपना काम बहुत पसंद है।
Convert this sentence into Hindi:,I like studying English.,मुझे अंग्रेज़ी पढ़ना अच्छा लगता है।
Translate the following to Hindi:,I really like city life.,मुझे शहर की ज़िन्दगी पसंद है।
Translate the following to Hindi:,I wish I could help you.,काश मैं तुम्हारी मदद कर सकता।
Translate the following to Hindi:,I'd rather not meet him.,हो सके तो मैं उससे मिलना नहीं चाहूँगा।
Translate the following to Hindi:,I'd rather not meet him.,हो सके तो मैं उससे मिलना नहीं चाहूँगी।
Provide the Hindi translation of:,I'll give you a present.,मैं तुम्हें एक तोहफ़ा दूँगा।
Translate the following to Hindi:,I've quit drinking beer.,मैंने बीयर पीना छोड़ दिया है।
Translate the following to Hindi:,Is this what you wanted?,तुम यही चाहते थे ना?
Provide the Hindi translation of:,It is almost 12 o'clock.,बारह बजने वाले हैं।
Translate the following to Hindi:,It's almost six o'clock.,छः बजने वाले हैं।
Translate the following to Hindi:,It's no concern of mine.,इससे मेरे कोई लेना-देना नहीं है।
Translate the following to Hindi:,My sister has long legs.,मेरी बहन की टांगें बहुत लम्बीं हैं।
Convert this sentence into Hindi:,Shall I get you a chair?,मैं आपके लिए कुरसी लेआऊँ?
Translate the following to Hindi:,She bought a dozen eggs.,उसने एक दर्जन अंडे खरीदे।
Convert this sentence into Hindi:,She doesn't speak to me.,वह मुझसे बात नहीं करती।
Translate the following to Hindi:,She is dressed in white.,उसने सफ़ेद कपड़े पहने हुएँ हैं।
Translate the following to Hindi:,She was late once again.,वह एक बार फिर देर से आई।
Translate the following to Hindi:,Show me another example.,मुझे एक और उदाहरण दो।
Translate the following to Hindi:,Swimming is easy for me.,मेरे लिए तैरना आसान है।
Translate the following to Hindi:,Take whichever you want.,कोईसा भी ले लो।
Translate the following to Hindi:,That applies to him too.,यह उसपर भी लागु होता है।
Convert this sentence into Hindi:,That man has many debts.,इस आदमी के पास बहुत सारे कर्ज़ हैं।
Translate the following to Hindi:,The box is made of wood.,डब्बा लकड़ी का बना है।
Provide the Hindi translation of:,The bus hasn't come yet.,बस अभी तक आई नहीं है।
Convert this sentence into Hindi:,The house was in flames.,घर आग में लिपटा हुआ था।
Convert this sentence into Hindi:,They adopted the orphan.,उन्होंने अनाथ बच्चे को गोद ले लिया।
Translate the following to Hindi:,They stood face to face.,वे आमने-सामने खड़े हुए।
Translate the following to Hindi:,They were afraid of you.,वे तुमसे डरते थे।
Convert this sentence into Hindi:,They were afraid of you.,उन्हें तुमसे डर लगता था।
Convert this sentence into Hindi:,This chair is too small.,यह कुरसी बहुत छोटी है।
Convert this sentence into Hindi:,This is why I came back.,मैं इसीलिए वापस आया था।
Provide the Hindi translation of:,This river is beautiful.,यह नदी बहुत सुन्दर है।
Translate the following to Hindi:,Tomorrow is my birthday.,कल मेरा जन्मदिन है।
Provide the Hindi translation of:,Turn your face this way.,अपना मूँह इस ओर मोड़ो।
Translate the following to Hindi:,Turn your face this way.,अपना मूँह इस तरफ़ मोड़ो।
Convert this sentence into Hindi:,Two plus two makes four.,दो और दो चार होते हैं।
Convert this sentence into Hindi:,Water is very important.,पानी बहुत जरूरी है।
Translate the following to Hindi:,We all stood up at once.,हम सब एक-साथ खड़े हो गए।
Translate the following to Hindi:,We bought a round table.,हमने गोल मेज़ खरीदी।
Provide the Hindi translation of:,We have no school today.,हमारी आज स्कूल से छुट्टी है।
Provide the Hindi translation of:,We may not win tomorrow.,हम कल शायद नहीं जीतेंगे।
Convert this sentence into Hindi:,We put sugar in our tea.,हम चाय में चीनी डालते हैं।
Translate the following to Hindi:,What do you want it for?,तुम्हे किसलिए चाहिए?
Convert this sentence into Hindi:,What is his nationality?,उसकी राष्ट्रीयता क्या है?
Translate the following to Hindi:,When do you play tennis?,तुम टेनिस कब खेलना चाहते हो?
Convert this sentence into Hindi:,"When it rains, it pours.","जब बारिश होती है, तो ज़बरदस्त होती है।"
Convert this sentence into Hindi:,Why don't you ever help?,तुम कभी भी मदद क्यों नहीं करते?
Translate the following to Hindi:,Why don't you ever help?,तू कभी भी मदद क्यों नहीं करता है?
Convert this sentence into Hindi:,Will you turn on the TV?,टीवी चालू करदोगे क्या?
Translate the following to Hindi:,You shouldn't wait here.,तुम्हें यहाँ इंतेज़ार नहीं करना चाहिए।
Provide the Hindi translation of:,Are you younger than him?,तुम उससे छोटे हो क्या?
Convert this sentence into Hindi:,Bad news travels quickly.,बुरी खबर तेज़ी से फैलती है।
Convert this sentence into Hindi:,Can you keep it a secret?,क्या तुम इसे राज़ रख सकते हो?
Translate the following to Hindi:,Cheese is made from milk.,चीज़ दूध से बनता है।
Provide the Hindi translation of:,Choose between these two.,इन दोनों में से किसी एक को चुनो।
Provide the Hindi translation of:,Did he tell you anything?,उसने तुम्हें कुछ बताया क्या?
Translate the following to Hindi:,Did you do your homework?,तुमने अपना होमवर्क कर लिया क्या?
Convert this sentence into Hindi:,Did you do your homework?,होमवर्क किया क्या?
Provide the Hindi translation of:,Do you have a pen on you?,तुम्हारे पास कलम है क्या?
Convert this sentence into Hindi:,Do you have any brothers?,तुम्हारे कोई भाई हैं क्या?
Convert this sentence into Hindi:,Do you need an ambulance?,आपको ऐमब्यूलेंस की ज़रूरत है क्या?
Provide the Hindi translation of:,Don't play with that key!,उस चाबी के साथतानी मत करो!
Convert this sentence into Hindi:,Don't you want to go out?,बाहर नहीं जाना चाहते हो क्या?
Provide the Hindi translation of:,Every house had a garden.,हर घर में बगीचा था।
Provide the Hindi translation of:,He can't be under thirty.,वह कम-से-कम तीस साल का तो होगा।
Provide the Hindi translation of:,He cut the envelope open.,उसने लिफ़ाफ़े को काटकर खोल दिया।
Convert this sentence into Hindi:,He did not die of cancer.,वह कैंसर से नहीं मरा।
Convert this sentence into Hindi:,He is very fond of music.,वह संगीत का बहुत शौकीन है।
Convert this sentence into Hindi:,He knows a lot of people.,वह बहुत सारे लोगों को जानता है।
Convert this sentence into Hindi:,He leveled his gun at me.,उसने अपनी बंदूक का निशाना मुझपर लगाया।
Provide the Hindi translation of:,He was accused of murder.,उसपर कत्ल का इलज़ाम लगाया गया।
Provide the Hindi translation of:,He was then a boy of ten.,वह दस साल का लड़का था।
Translate the following to Hindi:,He will not listen to me.,वह मेरी बात नहीं सुनेगा।
Convert this sentence into Hindi:,He's always dissatisfied.,वह कभी भी संतुष्ट नहीं होता।
Provide the Hindi translation of:,He's reading a novel now.,वह अभी एक उपन्यास पढ़ रहा है।
Convert this sentence into Hindi:,"Here, please have a seat.","यहां, बैठिये।"
Convert this sentence into Hindi:,How long have you waited?,तुम कितनी देर से प्रतीक्षा कर रहे हो?
Provide the Hindi translation of:,How much for half a kilo?,आधा किलो कितने का है?
Translate the following to Hindi:,I am able to drive a car.,मैं गाड़ी चला सकता हूँ।
Translate the following to Hindi:,I beg to differ with you.,"माफ़ किजिए, पर मैं आपसे सहमत नहीं हूँ।"
Provide the Hindi translation of:,I can't live without you.,मैं तुम्हारे बिना जी नहीं सकता।
Translate the following to Hindi:,I can't live without you.,मैं तुम्हारे बगैर जी नहीं सकती।
Provide the Hindi translation of:,I can't stand it anymore.,मुझसे और सहन नहीं होगा!
Translate the following to Hindi:,I can't walk any further.,मैं और नहीं चल सकती।
Convert this sentence into Hindi:,I can't walk any further.,मुझसे और नहीं चला जाएगा।
Convert this sentence into Hindi:,I don't like this jacket.,मुझे यह जैकेट पसंद नहीं है।
Translate the following to Hindi:,I felt like running away.,मेरा भाग जाने का मन हुआ।
Provide the Hindi translation of:,I go to school by subway.,मैं मेट्रो लेकर स्कूल जाती हूँ।
Convert this sentence into Hindi:,I got lost in the forest.,मैं जंगल में खो गया।
Provide the Hindi translation of:,I had two cups of coffee.,मैंने दो कप कॉफ़ी पी।
Convert this sentence into Hindi:,I have a heart condition.,मुझे दिल की बीमारी है।
Provide the Hindi translation of:,I have to go to the bank.,मुझे बैंक जाना है।
Translate the following to Hindi:,I heard someone knocking.,मुझे किसी के खटखटाने की आवाज़ सुनाई दी।
Provide the Hindi translation of:,I like English and music.,मुझे अंग्रेज़ी और संगीत पसंद हैं।
Provide the Hindi translation of:,I like playing the piano.,मुझे पियानो बजाना पसंद है।
Translate the following to Hindi:,I need coughing medicine.,मुझे खाँसी की दवाई चाहिए।
Convert this sentence into Hindi:,I ran into an old friend.,मेरी एक पुराने दोस्त से मुलाक़ात हुई।
Convert this sentence into Hindi:,I think that he is right.,मुझे लगता है वह सही है।
Provide the Hindi translation of:,I was on a trip to India.,मैं भारत की यात्रा पर था।
Convert this sentence into Hindi:,I was waiting for a taxi.,मैं टैक्सी का इंतेज़ार कर रहा था।
Translate the following to Hindi:,I was waiting for a taxi.,मैं टैक्सी की प्रतीक्षा कर रहा था।
Convert this sentence into Hindi:,I will explain it to her.,मैं उसको यह बात समझाउँगा।
Provide the Hindi translation of:,I will explain it to him.,मैं उसको यह बात समझाउँगा।
Translate the following to Hindi:,I will have to help them.,मुझे उनकी मदद करनी पड़ेगी।
Convert this sentence into Hindi:,I will never do it again.,मैं फिरसे नहीं करूँगा।
Provide the Hindi translation of:,I wish you spoke Spanish.,काश तुम स्पैनिश बोल सकते।
Provide the Hindi translation of:,I'd like to get a refund.,मुझे अपने पैसे वापस चाहिए।
Provide the Hindi translation of:,I'll call you back later.,मैं तुम्हें थोड़ी देर में फ़ोन करूँगा।
Translate the following to Hindi:,I'll call you back later.,मैं आपको थोड़ी देर बाद फ़ोन करूँगा।
Convert this sentence into Hindi:,I'm going to take a bath.,मैं नहाने जा रहा हूँ।
Convert this sentence into Hindi:,I've read the first page.,मैंने पहला पृष्ठ पढ़ा लिया I
Translate the following to Hindi:,Iron is harder than gold.,लोहा सोने से सख्त होता है।
Convert this sentence into Hindi:,Is your father a teacher?,क्या आपके पिताजी अध्यापक हैं?
Translate the following to Hindi:,Is your father a teacher?,क्या तुम्हारे पिताजी अध्यापक हैं?
Convert this sentence into Hindi:,Is your father a teacher?,क्या आपके पापा अध्यापक हैं?
Provide the Hindi translation of:,Is your father a teacher?,क्या तुम्हारे पापा अध्यापक हैं?
Convert this sentence into Hindi:,Is your father a teacher?,क्या आपके पिताजी टीचर हैं?
Translate the following to Hindi:,Is your father a teacher?,क्या तुम्हारे पिताजी टीचर हैं?
Convert this sentence into Hindi:,Is your father a teacher?,क्या आपके पापा टीचर हैं?
Convert this sentence into Hindi:,Is your father a teacher?,क्या तुम्हारे पापा टीचर हैं?
Convert this sentence into Hindi:,Is your father a teacher?,तेरा बाप टीचर है क्या?
Provide the Hindi translation of:,It is almost ten o'clock.,दस बजने वाले हैं।
Provide the Hindi translation of:,It seems that he is rich.,ऐसा लगता है कि वह अमीर है।
Translate the following to Hindi:,It's not healthy for you.,यह तुम्हारी सेहत के लिए अच्छा नहीं है।
Translate the following to Hindi:,Let me introduce my wife.,यह मेरी पत्नी है।
Provide the Hindi translation of:,Let me know your address.,मुझे अपना पता बतादेना।
Provide the Hindi translation of:,My father died of cancer.,मेरे पिताजी कैंसर से चल बसे।
Translate the following to Hindi:,Please wait five minutes.,कृपया पाँच मिनट ठहरिए।
Convert this sentence into Hindi:,She is an obstinate girl.,वह एक ज़िद्दी लड़की है।
Provide the Hindi translation of:,She left the baby crying.,उसने बच्चे को रोते हुए छोड़ दिया।
Translate the following to Hindi:,She refused to notice me.,उसने मुझे ध्यान में लेने से इनकार करदिआ।
Convert this sentence into Hindi:,Ten years is a long time.,दस साल बहुत लम्बा समय होता है।
Translate the following to Hindi:,The doctor felt my pulse.,डॉक्टर ने मेरी नब्ज़ ली।
Convert this sentence into Hindi:,The food is getting cold.,खाना ठंडा हो रहा है।
Convert this sentence into Hindi:,The food's not ready yet.,खाना अभी तक तैयार नहीं हुआ है।
Convert this sentence into Hindi:,The man committed murder.,उस आदमी ने कत्ल किया।
Translate the following to Hindi:,The party was successful.,पार्टी कामयाब रही।
Translate the following to Hindi:,These are very old books.,ये किताबें काफ़ी पुरानी हैं।
Translate the following to Hindi:,They gathered in the gym.,वे सब जिमखाने में मिले।
Provide the Hindi translation of:,This amount includes tax.,इस कीमत में टैक्स शामिल है।
Provide the Hindi translation of:,This house has six rooms.,इस घर में छः कमरे हैं।
Provide the Hindi translation of:,This is as large as that.,यह उसके जितना बड़ा है।
Translate the following to Hindi:,This road is very narrow.,यह रास्ता बहुत पतला है।
Provide the Hindi translation of:,Tokyo is a very big city.,टोक्यो बहुत बड़ा शहर है।
Convert this sentence into Hindi:,Tom is able to swim well.,टॉम को अच्छे से तैरना आता है।
Provide the Hindi translation of:,We had no water to drink.,हमारे पास पीने के लिए पानी नहीं था।
Provide the Hindi translation of:,We import tea from India.,हम भारत से चाय का आयात करते हैं।
Provide the Hindi translation of:,We would die without air.,हम हवा के बिना मर जाएँगे।
Provide the Hindi translation of:,What are you looking for?,क्या ढूँढ रहे हो?
Translate the following to Hindi:,What happened last night?,कल रात क्या हुआ?
Provide the Hindi translation of:,What he lacks is courage.,उसको बहादुरी की ज़रूरत है।
Provide the Hindi translation of:,What school do you go to?,तुम कौनसे स्कूल में पढ़ते हो?
Convert this sentence into Hindi:,What time do you go home?,तुम किस समय घर जाती हो?
Translate the following to Hindi:,What time do you go home?,तुम कितने बजे घर जाते हो?
Provide the Hindi translation of:,When are you coming back?,तुम वापस कब आओगे?
Provide the Hindi translation of:,When did you get married?,तुम्हारी शादी कब हुई थी?
Translate the following to Hindi:,Will you please go there?,आप वहाँ जाएँगे क्या?
Convert this sentence into Hindi:,"Yes, I like it very much.","हाँ, मुझे यह बहुत पसंद है।"
Convert this sentence into Hindi:,You have to wait in line.,आपको लाईन में लगकर इंतेज़ार करना पड़ेगा।
Provide the Hindi translation of:,You made me lose my mind.,तुमने मुझे पागल कर दिया।
Provide the Hindi translation of:,A is 5 times as long as B.	A B,से पाँचगुना लम्बा है।
Provide the Hindi translation of:,Apples were on sale today.,आज सेव सस्ते बिक रहे थे।
Convert this sentence into Hindi:,"As for me, I am satisfied.",मैं तो संतुष्ट हूँ।
Convert this sentence into Hindi:,Can you come to the party?,तुम पार्टी में आ सकते हो क्या?
Provide the Hindi translation of:,Canada is a large country.,कनाडा एक बड़ा देश है ।
Translate the following to Hindi:,Come to my house at eight.,मेरे घर आठ बजे आना।
Convert this sentence into Hindi:,Did the police arrest Tom?,पुलीस ने टॉम को गिरफ़्तार किया क्या?
Convert this sentence into Hindi:,Do you believe in fairies?,तुम परियों में विश्वास करते हो क्या?
Provide the Hindi translation of:,Do you believe in fairies?,तुम परियों में विश्वास करती हो क्या?
Convert this sentence into Hindi:,Do you have a larger size?,आपके पास इससे बड़े नाप का है क्या?
Translate the following to Hindi:,Do you want to come along?,तुम साथ आना चाहते हो क्या?
Translate the following to Hindi:,Don't leave the door open.,दरवाज़े को खुला मत छोड़ो।
Translate the following to Hindi:,Have you been here before?,तुम यहाँ पहले आए हुए हो क्या?
Translate the following to Hindi:,He began to learn English.,उसने अंग्रेज़ी सीखना शुरू किया।
Translate the following to Hindi:,He came back from America.,वह अमरीका से वापस आ गया।
Provide the Hindi translation of:,He couldn't run very fast.,वह ज़्यादा तेज़ नहीं भाग सकता था।
Provide the Hindi translation of:,He doesn't understand you.,वह तुम्हें समझता नहीं है।
Provide the Hindi translation of:,He hammered at the window.,उसने खिड़की पर ज़ोर लगाकर खटखटाया।
Convert this sentence into Hindi:,He has many history books.,उसके पास बहुत सारी इतिहास की किताबें हैं।
Convert this sentence into Hindi:,He hesitated for a moment.,उसने थोड़ी देर हिचकिचाया।
Provide the Hindi translation of:,He is one of my neighbors.,वह मेरे पड़ोसियों में से एक है।
Translate the following to Hindi:,He likes his school a lot.,उसे अपना स्कूल बहुत पसंद है।
Convert this sentence into Hindi:,He makes fun of everybody.,वह सबका मज़ाक उड़ाता है।
Translate the following to Hindi:,He often plays the guitar.,वह अक्सर गिटार बजाता है।
Convert this sentence into Hindi:,He taught me how to write.,उसने मुझे लिखना सिखाया।
Translate the following to Hindi:,He walked along the river.,हमने नदी के किनारे सैर करी।
Provide the Hindi translation of:,He wanted to buy the book.,वह किताब को खरीदना चाह्ता था।
Provide the Hindi translation of:,He was afraid to go there.,वह वहाँ जाने से डरता था।
Translate the following to Hindi:,He was burning with fever.,वह बुखार से जल रहा था।
Provide the Hindi translation of:,He was looking at the sky.,वह आसमान की ओर देख रहा था।
Convert this sentence into Hindi:,He was sentenced to death.,उसे मौत की सज़ा दे दी गई।
Provide the Hindi translation of:,He witnessed the accident.,उसने दुर्घटना को अपनी आँखों से देखा था।
Convert this sentence into Hindi:,He witnessed the accident.,वह उस दुर्घटना का चश्मदीद गवाह था।
Translate the following to Hindi:,He's sleeping like a baby.,वह बच्चे की तरह सो रहा है।
Convert this sentence into Hindi:,His story may not be true.,हो सकता है कि उसकी कहानी सच न हो।
Convert this sentence into Hindi:,How can I meet this quota?,मैं इस कोटे तक भला कैसे पहुंच सकता हूँ?
Convert this sentence into Hindi:,How many bowls do we have?,हमारे पास कितनी कटोरियाँ हैं?
Provide the Hindi translation of:,How many cars do you have?,आपके पास कितनी गाड़ियाँ हैं?
Convert this sentence into Hindi:,Hunger drove him to steal.,भूख ने उसे चोरी करने पर मजबूर किया।
Translate the following to Hindi:,I am able to read English.,मैं अंग्रेज़ी पढ़ सकता हूँ।
Provide the Hindi translation of:,I am able to read English.,मैं अंग्रेज़ी पढ़ सकती हूँ।
Convert this sentence into Hindi:,I bought a book yesterday.,मैंने कल एक किताब खरीदी थी।
Provide the Hindi translation of:,I can't make it this time.,मैं इस बार नहीं आ सकता।
Translate the following to Hindi:,I cannot walk any farther.,मैं और नहीं चल सकती।
Convert this sentence into Hindi:,I caught a glimpse of her.,मुझे उसकी झलक दिखाई दी।
Translate the following to Hindi:,I feel like taking a rest.,मुझे थोड़ा आराम करने का मन है।
Convert this sentence into Hindi:,I fixed the car yesterday.,मैंने गाड़ी को कल ठीक किया था।
Convert this sentence into Hindi:,I found out where she was.,मुझे पता लगा कि वह कहाँ थी।
Convert this sentence into Hindi:,I get up at six every day.,मैं रोज़ छः बजे उठता हूँ।
Provide the Hindi translation of:,I have a Facebook account.,मेरे पास फ़ेसबुक खाता है।
Convert this sentence into Hindi:,I have no time to see you.,मेरे पास तुमसे मिलने के लिए समय नहीं है।
Translate the following to Hindi:,I haven't seen Tom lately.,मैंने टॉम को हाल में नहीं देखा है।
Translate the following to Hindi:,I haven't seen him lately.,मैंने उसे हाल में नहीं देखा है।
Provide the Hindi translation of:,I know how to drive a car.,मुझे गाड़ी चलाना आता है।
Translate the following to Hindi:,I like the way she smiles.,मुझे उसकी मुस्कान अच्छी लगती है।
Convert this sentence into Hindi:,I met him at the barber's.,मैं उससे नाई के यहाँ मिला।
Provide the Hindi translation of:,I sold it for ten dollars.,मैंने उसे दस डॉलर के लिए बेच दिया।
Provide the Hindi translation of:,I usually get up at eight.,मैं आमतौर पर आठ बजे उठा करता हूँ।
Convert this sentence into Hindi:,I want to see the manager.,मैं मैनेजर से मिलना चाह्ता हूँ।
Provide the Hindi translation of:,I want to see the manager.,मैं मैनेजर से मिलना चाह्ती हूँ।
Convert this sentence into Hindi:,I want to travel with you.,मैं तुम्हारे साथ सफ़र करना चाहता हूँ।
Translate the following to Hindi:,I was afraid he might die.,मुझे उसके मरने का डर था।
Translate the following to Hindi:,I wish I had this problem.,काश ये समस्या मुझे हुई होती।
Provide the Hindi translation of:,I wish I had this problem.,काश ये मुसीबत मेरे पल्ले पड़ती।
Translate the following to Hindi:,I'll be there at five p.m.,मैं वहाँ शाम के पाँच बजे पहुँच जाऊँगा।
Convert this sentence into Hindi:,I'll bring one more towel.,मैं एक और तौलिया लाती हूँ।
Translate the following to Hindi:,I'm busy with my homework.,मैं अपने होमवर्क में लगा हुआ हूँ।
Convert this sentence into Hindi:,I'm disappointed with you.,मैं तुमसे निराश हूँ।
Translate the following to Hindi:,I'm glad to see you again.,मैं तुम्हें फिरसे देखकर बहुत खुश हूँ।
Provide the Hindi translation of:,I'm interested in history.,मुझे इतिहास में दिलचस्पी है।
Convert this sentence into Hindi:,I'm standing in the shade.,मैं छाया में खड़ा हूँ।
Convert this sentence into Hindi:,I'm standing in the shade.,मैं छाँओं में खड़ा हूँ।
Convert this sentence into Hindi:,I'm waiting for my mother.,मैं अपनी माँ का इंतेज़ार कर रहा हूँ।
Provide the Hindi translation of:,It is a difficult problem.,यह समस्या बहुत कठिन है।
Convert this sentence into Hindi:,It is easy to add 5 to 10.,पाँच से दस को जोड़ना बहुत आसान है।
Provide the Hindi translation of:,It's already nine o'clock.,नौ बज चुकें हैं।
Provide the Hindi translation of:,It's for a friend of mine.,यह मेरे दोस्त के लिए है।
Provide the Hindi translation of:,Let's meet this afternoon.,इस दोपहर को मिलते हैं।
Provide the Hindi translation of:,May I ask a few questions?,क्या मैं चंद सवाल पूछ सकती हूँ?
Translate the following to Hindi:,Mother bought me the book.,मम्मी ने मेरे लिए वह किताब खरीदी।
Convert this sentence into Hindi:,My brother lives in Tokyo.,मेरा भाई टोक्यो में रहता है।
Translate the following to Hindi:,My father may be sleeping.,मेरे पिता शायद सो रहे होंगे।
Translate the following to Hindi:,My father stopped smoking.,मेरे पिता ने सिगरेट पीना बंद कर दिया।
Convert this sentence into Hindi:,My right foot is sleeping.,मेरा दाहिना पैर सो गया है।
Translate the following to Hindi:,My wife really hates cats.,मेरी बीवी को बिल्लियों से नफ़रत है।
Provide the Hindi translation of:,Never speak ill of others.,दूसरों की बुराई कभी नहीं करनी चाहिए।
Translate the following to Hindi:,One of my bags is missing.,मेरी एक अटैची ग़ायब है।
Convert this sentence into Hindi:,One of my bags is missing.,मुझे अपनी एक अटैची मिल नहीं रही है।
Translate the following to Hindi:,School begins at 8:30 a.m.,स्कूल साढ़े-आठ बजे शुरू होता है।
Convert this sentence into Hindi:,She did it all by herself.,उसने सब कुछ अपने-आप किया।
Convert this sentence into Hindi:,She has not come here yet.,वह अभी तक यहाँ नहीं आई है।
Convert this sentence into Hindi:,She looked at the picture.,उसने तस्वीर को देखा।
Convert this sentence into Hindi:,She showed me her new car.,उसने मुझे अपनी नई गाड़ी दिखाई।
Translate the following to Hindi:,Smog causes plants to die.,स्मॉग से पेड़-पौधों की मौत होती है।
Convert this sentence into Hindi:,Some snakes are poisonous.,कुछ सांप ज़हरीले होते हैं।
Translate the following to Hindi:,Thank you for the present.,तोहफ़े के लिए धन्यवाद।
Convert this sentence into Hindi:,The enemy won't get close.,दुश्मन पास नहीं आ पाएगा।
Translate the following to Hindi:,The haze enveloped London.,लंदन में धुंध छा गई थी।
Convert this sentence into Hindi:,The king abused his power.,राजा ने अपनी ताकत का दुरुपयोग किया।
Provide the Hindi translation of:,The prisoner was released.,क़ैदी को रिहा कर दिया गया।
Provide the Hindi translation of:,There is no TV in my room.,मेरे कमरे में टीवी नहीं है।
Translate the following to Hindi:,There must be another way.,कोई और रास्ता भी होगा।
Translate the following to Hindi:,These are very big apples.,ये सेब बहुत बड़े हैं।
Convert this sentence into Hindi:,They are watching a movie.,वे फ़िल्म देख रहे हैं।
Translate the following to Hindi:,They looked at each other.,उन्होंने एक-दूसरे को देखा।
Convert this sentence into Hindi:,This desk is made of wood.,यह मेज़ लकड़ी की बनी है।
Translate the following to Hindi:,This is my father's house.,मेरे पापा का घर है।
Provide the Hindi translation of:,Today is Independence Day.,आज स्वतंत्रता दिवस है।
Convert this sentence into Hindi:,Tom couldn't help but cry.,टॉम खुद को रोने से रोक न सका।
Provide the Hindi translation of:,Tom couldn't help but cry.,टॉम रो पड़ा।
Provide the Hindi translation of:,Twenty families live here.,यहाँ बीस परिवार बसे हुए हैं।
Convert this sentence into Hindi:,We all felt sorry for Tom.,हम सब टॉम के लिए दुःखी थे।
Convert this sentence into Hindi:,We painted the door green.,हमने दरवाज़े को हरे रंग से पोत दिया।
Convert this sentence into Hindi:,We regard him as our hero.,हम उसे अपना हीरो मानते हैं।
Translate the following to Hindi:,We walked around the pond.,हम तालाब के आस-पास टहलें।
Convert this sentence into Hindi:,We're here to protect you.,आपकी रक्षा करना हमारा काम है।
Translate the following to Hindi:,We're here to protect you.,हम आपकी रक्षा करने के लिए यहाँ आए हैं।
Provide the Hindi translation of:,What a lucky person he is!,वह कितना नसीबवाला है!
Provide the Hindi translation of:,What did you do yesterday?,तुमने कल क्या किया?
Convert this sentence into Hindi:,What do you want me to do?,तुम मुझसे क्या करवाना चाहते हो?
Provide the Hindi translation of:,What's your favorite food?,तुम्हारा सबसे पसंदीता खाना कौनसा है?
Provide the Hindi translation of:,Why are you talking to me?,मुझसे बात क्यों कर रहे हो?
Provide the Hindi translation of:,Will you make room for me?,मेरे लिए थोड़ी जगह बनाओगे क्या?
Translate the following to Hindi:,Would you mind if I smoke?,मेरे सिगरेट पीने पर आपको आपत्ति तो नहीं होगी?
Translate the following to Hindi:,Yesterday was my birthday.,कल मेरा जन्मदिन था।
Provide the Hindi translation of:,"You are tired, aren't you?","तुम थक गए हो, है ना?"
Provide the Hindi translation of:,You had better go at once.,तुम्हे तुरंत जाना चाहिए।
Convert this sentence into Hindi:,"You keep a dog, don't you?","तुम्हारे पास एक कुत्ता है, है न?"
Provide the Hindi translation of:,A crow is as black as coal.,कौआ कोयले जैसा काला होता है।
Provide the Hindi translation of:,A man appeared at the door.,दरवाज़े पर एक आदमी दिखाई दिया।
Provide the Hindi translation of:,Come see me again tomorrow.,मुझसे कल फिर आकर मिलना।
Translate the following to Hindi:,Do you have an appointment?,आपके पास अपौइंटमेंट है क्या?
Convert this sentence into Hindi:,Don't fail to call me back.,मुझे वापस फ़ोन करना मत भूलना।
Convert this sentence into Hindi:,Don't say things like that.,ऐसा मत बोलो।
Provide the Hindi translation of:,Each of them has a bicycle.,उन सभी के पास साईकल है।
Translate the following to Hindi:,Father is watering flowers.,पापा फूलों को पानी दे रहे हैं।
Provide the Hindi translation of:,"Greeks often eat fish, too.",ग्रीक लोग भी अक्सर मछली खाते हैं।
Translate the following to Hindi:,Have you ever seen a koala?,तुमने कभी क्वाला देखा है?
Convert this sentence into Hindi:,He asked me for some money.,उसने मुझसे थोड़े पैसे माँगे।
Convert this sentence into Hindi:,He became a police officer.,वह पुलिस अफ़सर बन गया।
Convert this sentence into Hindi:,He believes whatever I say.,मैं जो भी कहता हूँ वह मेरा यकीन कर लेता है।
Translate the following to Hindi:,He decided to quit smoking.,उसने सिगरेट पीना छोड़ने का फ़ैसला किया।
Provide the Hindi translation of:,He did the work on his own.,उसने काम अपने-आप किया।
Convert this sentence into Hindi:,He is engaged to my sister.,उसकी मेरी बहन के साथ सगाई हो चुकी है।
Convert this sentence into Hindi:,He occasionally visited me.,वह कभी-कभार मुझसे मिलने आता था।
Translate the following to Hindi:,He saw a dog near the door.,उसने दरवाज़े के पास एक कुत्ता देखा।
Provide the Hindi translation of:,He usually comes home late.,वह आमतौर पर घर देर से आता है।
Provide the Hindi translation of:,He visited Kyoto last year.,वह पिछले साल क्योटो गया था।
Provide the Hindi translation of:,He's always late for class.,वह क्लास में हमेशा देर से आता है।
Provide the Hindi translation of:,His opinions are worthless.,उसकी राय बेकार है।
Translate the following to Hindi:,Honesty is the best policy.,ईमानदारी सर्वोत्तम नीति है।
Translate the following to Hindi:,How long has she been sick?,वह कितने दिनों से बीमार है?
Translate the following to Hindi:,How many books do you have?,तुम्हारे पास कितनी किताबें हैं?
Provide the Hindi translation of:,I am interested in English.,मुझे अंग्रेज़ी में दिलचस्पी है।
Convert this sentence into Hindi:,I arrived later than usual.,मैं आमतौर के मुकाबले में देर से आया।
Translate the following to Hindi:,I believe whatever he says.,वह जो भी कहे मुझे उसपर यकीन है।
Provide the Hindi translation of:,I bought two dozen pencils.,मैंने दो दर्जन पेनसिलें खरीदीं।
Translate the following to Hindi:,I can't take any more work.,मुझसे और काम नहीं किया जाएगा।
Provide the Hindi translation of:,I cover twenty miles a day.,मैं रोज़ बीस मील चलता हूँ।
Translate the following to Hindi:,I don't believe him at all.,मैं उसका बिलकुल भी यकीन नहीं करता।
Convert this sentence into Hindi:,I don't care what they say.,वे जो मर्ज़ी कहें मुझे उससे कोई फ़र्क नहीं पड़ता।
Translate the following to Hindi:,I don't know what to study.,मुझे समझ में नहीं आ रहा कि क्या पढ़ूँ।
Translate the following to Hindi:,I had to decline his offer.,मुझे उसके प्रस्ताव को अस्वीकार करना पड़ा।
Provide the Hindi translation of:,I sat between Tom and John.,मैं टॉम और जॉन के बीच में बैठा।
Provide the Hindi translation of:,"I was born on June 4, 1974.","मैं ४ जून, १९७४ को पैदा हुआ था।"
Translate the following to Hindi:,I was in London last month.,मैं पिछले महीने लंदन में था।
Translate the following to Hindi:,I'd like a map of the city.,मैं शहर का नक्शा खरीदना चाहता हूँ।
Convert this sentence into Hindi:,I'm a good-for-nothing bum.,मैं निकम्मा हूँ।
Translate the following to Hindi:,I'm looking for an old man.,मैं एक बूढ़े आदमी की तलाश मे हूँ।
Provide the Hindi translation of:,Is the mouse dead or alive?,चूहा ज़िन्दा है या मर गया है?
Convert this sentence into Hindi:,It hardly ever rains there.,यहाँ पर मुश्किल से कभी बारिश होती है।
Provide the Hindi translation of:,It is said that he is sick.,कहा जाता है कि वह बीमार है।
Translate the following to Hindi:,It seems interesting to me.,मुझे बहुत मज़ेदार लगती है!
Translate the following to Hindi:,It seems interesting to me.,मुझे बहुत दिलचस्प लगती है!
Convert this sentence into Hindi:,It's raining cats and dogs.,मुसलाधार बारिश होती है।
Provide the Hindi translation of:,It's raining cats and dogs.,मुसलाधार वर्षा होती है।
Translate the following to Hindi:,It's the same for everyone.,सब लोगों के लिए एक समान है।
Provide the Hindi translation of:,My aunt brought me flowers.,मेरी बुआ-जी मेरे लिए फूल लाईं।
Translate the following to Hindi:,My boss will not say 'yes'.,"मेरे बॉस ""हाँ"" नहीं कहेंगे।"
Translate the following to Hindi:,Our train stopped suddenly.,हमारी ट्रेन अचानक रुक गई।
Translate the following to Hindi:,Place it wherever you like.,जहाँ भी रखना है रखदो।
Provide the Hindi translation of:,She forgot to feed her dog.,वह अपने कुत्ते को खिलाना भूल गई।
Convert this sentence into Hindi:,She has long arms and legs.,उसके हाथ-पैर लम्बे हैं।
Provide the Hindi translation of:,She is in bed with a fever.,वह बुखार के साथ बिस्तर में लेटी हुई है।
Provide the Hindi translation of:,She knew the story already.,उसको कहानी पहले से ही पता थी।
Provide the Hindi translation of:,She likes her school a lot.,उसे अपना स्कूल बहुत पसंद है।
Convert this sentence into Hindi:,She married Tom last month.,उसने पिछले महीने टॉम से शादी करी थी।
Provide the Hindi translation of:,She plays tennis very well.,वह टेनिस बहुत अच्छा खेलती है।
Provide the Hindi translation of:,She suddenly became famous.,वह अचानक से मशहूर बन गई।
Convert this sentence into Hindi:,She was crying in her room.,वह अपने कमरे में रो रही थी।
Translate the following to Hindi:,Take good care of yourself.,अपना अच्छे से ख़याल रखना।
Translate the following to Hindi:,That's really a great idea.,यह तो बहुत ही अच्छा सुझाव है।
Provide the Hindi translation of:,The box he found was empty.,उसे जो डब्बा मिला वह खाली था।
Provide the Hindi translation of:,The bride suddenly laughed.,दुल्हन अचानक से हँस पड़ी।
Translate the following to Hindi:,The man hit me on the head.,उस आदमी ने मुझे सर पर मारा।
Translate the following to Hindi:,The medicine tastes bitter.,इस दवाई का स्वाद बहुत कड़वा है।
Convert this sentence into Hindi:,The mud clung to his shoes.,उसके जूतों पर कीचड़ लगी हुई थी।
Translate the following to Hindi:,The novel is very exciting.,यह उपन्यास बहुत रोमांचक है।
Translate the following to Hindi:,The paint hasn't dried yet.,पेंट अभी तक सूखा नहीं है।
Provide the Hindi translation of:,The rain continued all day.,बरसात पूरे दिन होती रही।
Provide the Hindi translation of:,The water is not drinkable.,यह पानी पिया नहीं जा सकता है।
Translate the following to Hindi:,There is a bag on the desk.,मेज़ पर बस्ता रखा हुआ है।
Provide the Hindi translation of:,This car was made in Japan.,यह गाड़ी जापान में बनी थी।
Provide the Hindi translation of:,This is the monsoon season.,यह वर्षा ऋतु का मौसम है।
Translate the following to Hindi:,This word comes from Greek.,यह शब्द ग्रीक से आता है।
Convert this sentence into Hindi:,Tom and I'll both be there.,टॉम और मैं दोनों वहाँ रहेंगे।
Convert this sentence into Hindi:,"Tom, I want to talk to you.","टॉम, मुझे तुमसे बात करनी है।"
Convert this sentence into Hindi:,"Turn off the light, please.","बत्ती बंद करदो, प्लीज़।"
Provide the Hindi translation of:,"Turn off the light, please.",कृपया बत्ती बंद कर दीजिए।
Translate the following to Hindi:,We all laughed at his joke.,हम सब उसके मज़ाक पर हँसे।
Translate the following to Hindi:,We celebrated his birthday.,हमने उसका जन्मदिन मनाया।
Translate the following to Hindi:,We don't know where we are.,हमें नहीं पता हम कहाँ हैं।
Translate the following to Hindi:,We should keep our promise.,हमे अपना वादा निभाना चाहिए।
Convert this sentence into Hindi:,We voted for the candidate.,हमने उस उम्मीदवार को चुना।
Provide the Hindi translation of:,We voted for the candidate.,हमने उस उम्मीदवार को अपना मत दिया।
Translate the following to Hindi:,We want complete sentences.,हमे केवल सम्पूर्ण वाक्य चाहिएँ।
Provide the Hindi translation of:,We've got that figured out.,हमने उसका हिसाब लगा लिया।
Convert this sentence into Hindi:,What I said hurt his pride.,मेरी बात ने उसके अभिमान पर चोट पहुँचाई।
Convert this sentence into Hindi:,What do you call this bird?,इस पक्षी का नाम क्या है?
Provide the Hindi translation of:,What happened to our order?,हमारे औरडर का क्या हुआ?
Translate the following to Hindi:,Where did all the bread go?,सारा ब्रॅड कहाँ चला गया?
Convert this sentence into Hindi:,Where is the changing room?,कपड़े बदलने का कमरा कहाँ पर है?
Convert this sentence into Hindi:,Why don't you listen to me?,तुम मेरी बात सुनते क्यों नहीं हो?
Provide the Hindi translation of:,Will you turn on the light?,बत्ती चालू कर दोगे क्या?
Translate the following to Hindi:,You are always complaining.,तुम हमेशा शिकायत करते रहते हो।
Translate the following to Hindi:,You are on the wrong train.,आप गलत ट्रेन पर हैं।
Convert this sentence into Hindi:,A day has twenty-four hours.,एक दिन में चौबीस घंटे होते हैं।
Translate the following to Hindi:,Are you for or against this?,आप इसके हित में हैं या नहीं?
Provide the Hindi translation of:,"At last, we got to the lake.",हम आखिरकार झील तक पहुँच गए।
Convert this sentence into Hindi:,Bring your sister next time.,अगली बार अपनी बहन को भी साथ लाना।
Translate the following to Hindi:,Can you teach me how to fly?,क्या तुम मुझे उड़ना सिखा सकते हो?
Translate the following to Hindi:,Canada is larger than Japan.,कनाडा जापान से बड़ा है।
Convert this sentence into Hindi:,Could you speak more slowly?,थोड़ा धीरे बोल सकते हैं क्या?
Translate the following to Hindi:,Do you have any soft drinks?,तुम्हारे पास कोक-शोक है क्या?
Translate the following to Hindi:,Do you have time on Tuesday?,तुम्हारे पास मंगलवार को समय है क्या?
Provide the Hindi translation of:,Do you want to go somewhere?,आपको कहीं जाना है?
Convert this sentence into Hindi:,Do you want to go somewhere?,तुम्हें कहीं जाना है?
Translate the following to Hindi:,Everyone felt sorry for Tom.,सब टॉम के लिए दुःखी थे I
Translate the following to Hindi:,Everyone speaks well of him.,सभी उसकी अच्छाई करते है।
Convert this sentence into Hindi:,France is in Western Europe.,फ़्रान्स पश्चिमी यूरोप में है।
Convert this sentence into Hindi:,France is in western Europe.,फ़्रान्स पश्चिमी यूरोप में है।
Provide the Hindi translation of:,He closed the door suddenly.,उसने अचानक से दरवाज़ा बंद किया।
Provide the Hindi translation of:,He could not breathe deeply.,वह लम्बी सांस नहीं ले पाता था।
Translate the following to Hindi:,He doesn't know how to swim.,उसको तैरना नहीं आता।
Provide the Hindi translation of:,He explained the rule to me.,उसने मुझे वह नियम समझाया।
Provide the Hindi translation of:,He is digging his own grave.,वह अपनी क़ब्र खोद रहा है।
Convert this sentence into Hindi:,He plays baseball every day.,वह हर रोज़ बेसबॉल खेलता है।
Convert this sentence into Hindi:,He prefers French to German.,उसे फ़्रानसीसी जर्मन से ज़्यादा अच्छी लगती है।
Provide the Hindi translation of:,He read this book yesterday.,उसने यह किताब कल पढ़ी थी।
Provide the Hindi translation of:,He repeated his name slowly.,उसने अपना नाम दोबारा धीरे से बोला।
Translate the following to Hindi:,He treats me like his slave.,वह मुझसे ग़ुलाम की तरह बर्ताव करता है।
Convert this sentence into Hindi:,He went there instead of me.,वह मेरे बजाय वहां गया।
Translate the following to Hindi:,His birthday is August 21st.,उसका जन्मदिन इक्कीस अगस्त को है।
Translate the following to Hindi:,How long will you stay here?,आप यहाँ कितने दिन रहेंगे?
Translate the following to Hindi:,I accompanied her on a walk.,मैं उसके साथ सैर के लिए गया।
Translate the following to Hindi:,I believe you like your job.,मुझे लगता है कि तुम्हे तुम्हारा काम अच्छा लगता है।
Translate the following to Hindi:,I didn't go out last Sunday.,मैं पिछले रविवार बाहर नहीं निकला था।
Convert this sentence into Hindi:,I don't know if he knows it.,मुझे नहीं पता कि उसको पता है कि नहीं।
Convert this sentence into Hindi:,I don't know what Tom knows.,मुझे नहीं पता कि टॉम को क्या पता है।
Provide the Hindi translation of:,I don't know what they know.,मुझे नहीं पता कि उन्हें क्या पता है।
Translate the following to Hindi:,I explained the rule to him.,मेने उसे नियम समझाया।
Translate the following to Hindi:,I gave him what money I had.,मेरे पास जो भी पैसे थे मैंने उसे दे दिए।
Translate the following to Hindi:,I had never seen him before.,मैंने उसे पहले कभी नहीं देखा था।
Translate the following to Hindi:,I have already done my work.,मैं अपना काम कर चुका हूँ।
Translate the following to Hindi:,I have just cleaned my room.,मैंने अपना कमरा अभी अभी साफ़ किया है।
Translate the following to Hindi:,I have seen her three times.,मैंने उसे तीन बार देखा है।
Provide the Hindi translation of:,I have to answer his letter.,मुझे उसकी चिट्ठी का जवाब देना है।
Convert this sentence into Hindi:,I met your father yesterday.,मैं कल तुम्हारे पिताजी से मिला।
Translate the following to Hindi:,I prefer walking to cycling.,मुझे सायकल चलाना चलने से ज़्यादा पसंद है।
Provide the Hindi translation of:,I saw him crossing the road.,मैंने उसे सड़क पार करते हुए देखा।
Provide the Hindi translation of:,I was born in Osaka in 1977.,मेरा जन्म सन १९७७ में ओसाका में हुआ था।
Translate the following to Hindi:,I will call on him tomorrow.,मैं कल उससे मिलने जाऊँगा।
Convert this sentence into Hindi:,I'll be on duty this Sunday.,मैं इस रविवार को ड्यूटी पर हूँगा।
Provide the Hindi translation of:,"I'm sorry, my father is out.","माफ़ कीजिएगा, मेरे पापा अभी घर पर नहीं हैं।"
Provide the Hindi translation of:,Insert it wherever you like.,जहाँ भी घुसाना है घुसादो।
Provide the Hindi translation of:,Iron is a very useful metal.,लोहा एक बहुत उपयोगी धातु है।
Convert this sentence into Hindi:,Is Spanish spoken in Mexico?,मेक्सिको में स्पैनिश बोली जाती है क्या?
Translate the following to Hindi:,Is it about ten million yen?,तकरीबन दस एक अरब येन होंगे?
Translate the following to Hindi:,Is it hard to speak English?,अंग्रेज़ी बोलना मुश्किल होता है क्या?
Provide the Hindi translation of:,It is a sheer waste of time.,यह सरासर समय की बर्बादी है।
Provide the Hindi translation of:,It was easy for me to do so.,यह मेरे लिए करना बहुत आसान था।
Convert this sentence into Hindi:,It was too difficult for me.,वह मेरे लिए बहुत कठिन था।
Convert this sentence into Hindi:,It's like a dream come true.,मानो कोई सपना सच आ गया हो।
Convert this sentence into Hindi:,Let's cut down our expenses.,हमें अपने खर्चे कम करने होंगे।
Provide the Hindi translation of:,Mary loves going to the spa.,मेरी को स्पा जाना पसंद है।
Convert this sentence into Hindi:,My father is going to China.,मेरे पिता चीन जा रहे हैं।
Translate the following to Hindi:,My jeans shrank in the wash.,मेरी जीन्स पैंट धुलाई में सिकुड़ गई।
Translate the following to Hindi:,No answer is also an answer.,जवाब न देना भी एक तरह का जवाब होता है।
Provide the Hindi translation of:,No one can move the big box.,उस बड़े डब्बे को कोई भी नहीं हिला सकता।
Translate the following to Hindi:,Nobody answered my question.,किसी ने भी मेरे सवाल का जवाब नहीं दिया।
Translate the following to Hindi:,Nobody else offered to help.,किसी और ने मदद करने की इच्छा प्रकट नहीं करी।
Convert this sentence into Hindi:,Please give me a cup of tea.,मुझे एक कप चाय दीजिए।
Convert this sentence into Hindi:,Please speak in a low voice.,कृपया धीमी आवाज़ में बात कीजिए।
Translate the following to Hindi:,Please speak in a low voice.,कृपया हल्की आवाज़ में बात कीजिए।
Translate the following to Hindi:,See what's going on outside.,देखो बाहर क्या हो रहा है।
Provide the Hindi translation of:,She allowed him to go alone.,उसने उसको अकेले जाने दिया।
Translate the following to Hindi:,She declined the invitation.,उसने आमंत्रण को स्वीकार नहीं किया।
Translate the following to Hindi:,She dialed the wrong number.,उसने गलत नम्बर मिला डाला।
Convert this sentence into Hindi:,She said that she was happy.,उसने कहा कि वह खुश थी।
Convert this sentence into Hindi:,She saved a hundred dollars.,उसने सौ डॉलर बचा लिए।
Provide the Hindi translation of:,She was robbed of her purse.,उसका पर्स उससे चुरा लिया गया।
Provide the Hindi translation of:,She wears her hair in a bun.,वह अपने बालों को जूड़े में बाँधती है।
Convert this sentence into Hindi:,Smoking is not allowed here.,यहाँ धूम्रपान करना मना है।
Convert this sentence into Hindi:,Soldiers are used to danger.,सिपाहियों को खतरे से खेलने की आदत होती है।
Translate the following to Hindi:,Someone knocked on the door.,किसी ने दरवाज़े पर खटखटाया।
Convert this sentence into Hindi:,Spanish is spoken in Mexico.,मेक्सिको में स्पैनिश बोली जाती है।
Convert this sentence into Hindi:,Speaking English isn't easy.,अंग्रेज़ी बोलना आसान नहीं है।
Provide the Hindi translation of:,Stand still and keep silent.,शांति से खड़े रहो।
Provide the Hindi translation of:,"Take off your socks, please.",अपने मोज़े उतारिए।
Translate the following to Hindi:,Ten houses were burned down.,दस घर जलकर राख हो गए।
Convert this sentence into Hindi:,Thank you for the other day.,उस दिन के लिए बहुत बहुत धन्यवाद।
Translate the following to Hindi:,"Thank you very much, doctor.","डॉक्टर साहब, आपका बहुत बहुत धन्यवाद।"
Convert this sentence into Hindi:,That town is two miles away.,वह नगर दो मील दूर है।
Translate the following to Hindi:,That town is two miles away.,वह नगर दो मील की दूरी पर है।
Translate the following to Hindi:,The Japanese have dark eyes.,जापानियों की आँखें कालीं होतीं हैं।
Provide the Hindi translation of:,The hot water isn't running.,गरम पानी नहीं चल रहा है।
Convert this sentence into Hindi:,The room smelled of tobacco.,कमरे में तम्बाकू की महक थी।
Provide the Hindi translation of:,The store is not open today.,दुकान आज बंद है।
Convert this sentence into Hindi:,The store is not open today.,दुकान आज खुली नहीं है।
Translate the following to Hindi:,There is a book on the desk.,मेज़ पर किताब है।
Convert this sentence into Hindi:,They are both good teachers.,वे दोनों अच्छे अध्यापक हैं।
Convert this sentence into Hindi:,This house has eleven rooms.,इस मकान में ग्यारह कमरे हैं।
Convert this sentence into Hindi:,This must be a real diamond.,यह असली हीरा होगा।
Provide the Hindi translation of:,Today I turn four years old.,आज मैं चार साल का हो गया हूँ।
Translate the following to Hindi:,Tom isn't able to drive yet.,टॉम अभी गाड़ी नहीं चला सकता।
Convert this sentence into Hindi:,Tom saved her from the fire.,टॉम ने उसे आग से बचा लिया।
Translate the following to Hindi:,Try to improve your English.,अपनी अंग्रेज़ी सुधारने की कोशिश करो।
Provide the Hindi translation of:,We drink our tea with sugar.,हम चाय चीनी के साथ लेते हैं।
Provide the Hindi translation of:,We drink our tea with sugar.,हम चाय चीनी डालकर पीते हैं।
Provide the Hindi translation of:,We really enjoyed ourselves.,हमने बड़ी मौज करी।
Convert this sentence into Hindi:,We were next-door neighbors.,हम पड़ोसी हुआ करते थे।
Convert this sentence into Hindi:,What have you come here for?,तुम यहाँ क्यों आए हो?
Translate the following to Hindi:,What have you come here for?,आप लोग यहाँ क्या करने के लिए आए हैं?
Translate the following to Hindi:,Where is the south terminal?,दक्षिण टर्मिनल कहाँ पर है?
Translate the following to Hindi:,Where would you like to sit?,आप कहाँ बैठना चाहेंगे?
Provide the Hindi translation of:,Why don't you come visit us?,तुम हमसे मिलने क्यों नहीं आते?
Provide the Hindi translation of:,Would you like to go abroad?,तुम विदेश जाना चाहती हो क्या?
Translate the following to Hindi:,"You are not coming, are you?",तुम नहीं आ रहे हो ना?
Provide the Hindi translation of:,You look nice in that dress.,तुम उस ड्रेस में अच्छी लगती हो।
Provide the Hindi translation of:,Always keep your office tidy.,अपने दफ़्तर को हमेशा साफ़-सुथरा रखना चाहिए।
Translate the following to Hindi:,Are they Japanese or Chinese?,वे जापानी हैं या चीनी?
Provide the Hindi translation of:,Are you meeting someone here?,तुम यहाँ किसी से मिल रहे हो क्या?
Provide the Hindi translation of:,Brush your teeth after meals.,खाना खाने के बाद दाँतों को साफ़ करो।
Convert this sentence into Hindi:,Brush your teeth after meals.,खाना खाने के बाद दाँतों को ब्रश करो।
Provide the Hindi translation of:,Correct the underlined words.,रेखांकित शब्दों को सुधारिए।
Convert this sentence into Hindi:,Do you have any tickets left?,तुम्हारे पास टिकटें बचीं हैं क्या?
Translate the following to Hindi:,Do you have to make a speech?,तुम्हे भाषण देना होगा क्या?
Translate the following to Hindi:,Do you know what he has done?,क्या आपको पता है उसने क्या किया है?
Provide the Hindi translation of:,Don't force the child to eat.,बच्चे को ज़बरदस्ती मत खिलाओ।
Convert this sentence into Hindi:,Don't lean against this wall.,इस दीवार पर मत झुँको।
Translate the following to Hindi:,English is spoken in America.,अमेरिका में अंग्रेजी बोली जाती है।
Provide the Hindi translation of:,Football is my favorite game.,फ़ुटबॉल मेरा सबसे पसंदीता खेल है।
Convert this sentence into Hindi:,Have you ever been to Africa?,तुम कभी अफ़्रीका गए हुए हो क्या?
Convert this sentence into Hindi:,Have you ever been to Africa?,आप कभी अफ़्रीका गए हुए हैं क्या?
Provide the Hindi translation of:,Have you ever been to Canada?,तुम कभी कनाडा गए हो क्या?
Provide the Hindi translation of:,Have you ever written a book?,आपने कभी किताब लिखी है क्या?
Convert this sentence into Hindi:,Have your roses come out yet?,तुम्हारे गुलाब खिल गए हैं क्या?
Convert this sentence into Hindi:,He came to see you yesterday.,वह कल तुमसे मिलने आया था।
Convert this sentence into Hindi:,He changed schools last year.,उसने पिछले साल स्कूल बदला था।
Provide the Hindi translation of:,He doesn't have long to live.,उसके पास जीने के लिए ज़्यादा समय नहीं है।
Provide the Hindi translation of:,He eats lunch at a cafeteria.,वह कैनटीन में लन्च खाता है।
Convert this sentence into Hindi:,He is good at playing tennis.,वह टेनिस अच्छा खेलता है।
Translate the following to Hindi:,He pulled his son by the ear.,उसने अपने बेटे को कान से पकड़ कर खींचा।
Convert this sentence into Hindi:,He set fire to his own house.,उसने अपने ही घर को आग लगा दी।
Provide the Hindi translation of:,He wants these shirts washed.,उसे ये कमीज़ें धुलवानीं हैं।
Convert this sentence into Hindi:,He wishes to become a doctor.,उसकी डॉक्टर बनने की अभिलाषा है।
Translate the following to Hindi:,He's out of town on business.,वे काम से शहर से बाहर गए हुएँ हैं।
Convert this sentence into Hindi:,His clothes always smell bad.,उसके कपड़े हमेशा बदबू करतें हैं।
Provide the Hindi translation of:,His long speech bored us all.,उसका लम्बा भाषण सुनकर हम सब बोर हो गए।
Convert this sentence into Hindi:,How did you come to know her?,तुम उसे कैसे जानते थे?
Convert this sentence into Hindi:,I advise you to stop smoking.,मेरे ख़याल से तुम्हे सिगरेट पीना छोड़ देना चहिए।
Provide the Hindi translation of:,I advise you to stop smoking.,मैं तुम्हे सिगरेट पीना छोड़ देने की सलाह देना चाह्ता हूँ।
Provide the Hindi translation of:,I agree with you to a degree.,मैं तुम्हारे साथ एक हद तक सहमत हूँ।
Translate the following to Hindi:,I am more beautiful than you.,मैं तुमसे ज़्यादा खूबसूरत हूँ।
Translate the following to Hindi:,I am more beautiful than you.,मैं तुमसे ज़्यादा सुंदर हूँ।
Convert this sentence into Hindi:,I am pleased with the result.,मैं नतीजे से खुश हूँ।
Convert this sentence into Hindi:,I bought two bottles of milk.,मैंने दूध की दो बोतलें ख़रीदीं।
Provide the Hindi translation of:,I can't allow you to do that.,मैं तुम्हें यह करने नहीं दे सकता।
Translate the following to Hindi:,I can't really talk about it.,मैं उस बारे में कुछ बोल नहीं सकता।
Translate the following to Hindi:,I didn't want this to happen.,मैं नहीं चाहता था कि ऐसा हो।
Translate the following to Hindi:,I don't feel like eating now.,मुझे अभी खाना खाने का मन नहीं है।
Convert this sentence into Hindi:,I don't like to drink coffee.,मुझे कॉफ़ी पीना पसंद नहीं।
Convert this sentence into Hindi:,I followed the deer's tracks.,मैंने हिरण के पैरों के निशानों का पीछा किया।
Translate the following to Hindi:,I gave up smoking for a year.,मैंने एक साल के लिए सिगरेट पीना छोड़ दिया था।
Translate the following to Hindi:,I have a bad pain in my back.,मुझे पीठ में बुरी तरह से दर्द हो रहा है।
Translate the following to Hindi:,I informed her of my success.,मैंने उसको अपनी कामयाबी के बारे में बताया।
Translate the following to Hindi:,I like both science and math.,मुझे विज्ञान और गणित दोनों पसंद हैं।
Convert this sentence into Hindi:,I mentioned your name to him.,मैंने उसके साथ तुम्हारा नाम लिया था।
Provide the Hindi translation of:,I was laughed at by everyone.,सब लोग मुझपर हँसे।
Convert this sentence into Hindi:,I went there dozens of times.,मैं वहाँ दसियों बार जा चुका हूँ।
Provide the Hindi translation of:,I worked on the farm all day.,मैंने पूरे दिन खेत में काम किया।
Convert this sentence into Hindi:,I'm anxious about his safety.,मैं उसकी सुरक्षा के लिए परेशान हूँ।
Convert this sentence into Hindi:,I'm catching the 11:00 train.,मैं ग्यारह बजे की ट्रेन पकड़ रहा हूँ।
Convert this sentence into Hindi:,It appears that he is honest.,वह ईमानदार लगता है।
Translate the following to Hindi:,It was her fate to die young.,छोटी उम्र में मरना उसके भाग्य में था।
Convert this sentence into Hindi:,It's an answer to her letter.,यह उसकी चिट्ठी का जवाब है।
Translate the following to Hindi:,It's no use arguing with him.,उससे बहस करने में कोई फ़ायदा नहीं है।
Provide the Hindi translation of:,"Keep down, or you'll be shot.","नीचे रहो, नहीं तो तुम्हें गोली लग जाएगी।"
Translate the following to Hindi:,Most people like watching TV.,ज़्यादातर लोगों को टीवी देखना अच्छा लगता है।
Provide the Hindi translation of:,My brother has a good memory.,मेरे भाई की याददाश्त अच्छी है।
Provide the Hindi translation of:,My father has just come home.,मेरे पापा अभी अभी घर वापस आएँ हैं।
Translate the following to Hindi:,My grandmother speaks slowly.,मेरी नानी धीरे-धीरे बोलतीं हैं।
Provide the Hindi translation of:,My hobby is collecting coins.,सिक्कों को इकट्ठा करना मेरा शौक है।
Translate the following to Hindi:,My telephone is out of order.,मेरा फ़ोन खराब है।
Provide the Hindi translation of:,Now they have three children.,अब उनके तीन बच्चे हैं।
Provide the Hindi translation of:,One language is never enough.,एक भाषा कभी काफ़ी नहीं होती।
Convert this sentence into Hindi:,Please make yourself at home.,इसको अपना घर ही समझो।
Translate the following to Hindi:,Please make yourself at home.,इसको अपना घर ही समझिए।
Provide the Hindi translation of:,Please show me your notebook.,मुझे अपनी कौपी दिखाईए।
Translate the following to Hindi:,Please wait for five minutes.,कृपया पाँच मिनट इंतेज़ार करें।
Translate the following to Hindi:,Say which one you would like.,बोलो तुम्हे कौनसा चाहिए।
Translate the following to Hindi:,Seicho Matumoto died in 1992.,सेइचो मात्सुमोतो का निधन सन १९९२ में हुआ।
Convert this sentence into Hindi:,She died yesterday afternoon.,उनकी मौत कल दोपहर को हुई थी।
Translate the following to Hindi:,She will be back before long.,वह थोड़ी देर में ही वापस आ जाएगी।
Translate the following to Hindi:,Stop beating around the bush.,"घूमफिरकर बात मत करो, सीधे-सीधे बोलो।"
Provide the Hindi translation of:,Tea is widely grown in India.,चाय भारत में बहुत उगाई जाती है।
Convert this sentence into Hindi:,That is no business of yours.,इसका तुमसे कोई लेना-देना नहीं है।
Provide the Hindi translation of:,That's because you're a girl.,इसलिए क्योंकि तुम लड़की हो।
Translate the following to Hindi:,The apple has begun to decay.,वह सेव सड़ने लगा है।
Translate the following to Hindi:,The capital of Italy is Rome.,इटली की राजधानी रोम है।
Translate the following to Hindi:,The car hit a telephone pole.,गाड़ी फ़ोन के खम्बे से जाकर भिड़ पड़ी।
Convert this sentence into Hindi:,The cliff is almost vertical.,चट्टान लगभग बिलकुल सीधी है।
Translate the following to Hindi:,The girl did nothing but cry.,उस लड़की ने रोने के अलावा और कुछ नहीं किया।
Translate the following to Hindi:,The horse is a useful animal.,घोड़ा बड़े काम का जानवर है।
Translate the following to Hindi:,The king crushed his enemies.,राजा ने अपने दुश्मनों को कुचल दिया।
Provide the Hindi translation of:,The monkey climbed up a tree.,बंदर पेड़ पर चढ़ा।
Convert this sentence into Hindi:,The population is increasing.,आबादी बढ़ रही है।
Translate the following to Hindi:,The population is increasing.,जनसंख्या बढ़ रही है।
Convert this sentence into Hindi:,The ship set sail for Bombay.,जहाज़ बमबई के लिए रवाना हुआ।
Provide the Hindi translation of:,The train ran off the tracks.,ट्रेन पटरी से उतर गई।
Translate the following to Hindi:,There is a desk in this room.,इस कमरे में मेज़ है।
Convert this sentence into Hindi:,They abandoned their country.,उन्होंने अपने देश को त्याग दिया।
Provide the Hindi translation of:,They are talking about music.,वे संगीत के बारे में बात कर रहे हैं।
Provide the Hindi translation of:,They resolved to work harder.,उन्होंने ज़्यादा मेहनत से काम करने का इरादा किया।
Provide the Hindi translation of:,This was Rodica's fifth book.,यह रोडिका की पाँचवी किताब थी।
Translate the following to Hindi:,Wash your hands before meals.,खाना खाने से पहले अपने हाथ धोओ।
Provide the Hindi translation of:,We should love our neighbors.,हमे पड़ोसियों के साथ प्रेमपूर्वक रहना चहिए।
Provide the Hindi translation of:,What she says sounds strange.,उसकी कही हुई बात अजीब लगती है।
Provide the Hindi translation of:,When are you going to Europe?,तुम यूरोप कब जा रहे हो?
Translate the following to Hindi:,When did the accident happen?,हादसा कब हुआ?
Provide the Hindi translation of:,When did the accident happen?,घटना कब हुई?
Convert this sentence into Hindi:,Won't you join us for dinner?,हमारे साथ (रात का) खाना खाएँगे ना?
Provide the Hindi translation of:,You didn't tell him anything?,तुमने उसे कुछ भी नहीं बताया?
Convert this sentence into Hindi:,You must send for the doctor.,तुम्हें डॉक्टर बुलाना होगा।
Convert this sentence into Hindi:,Are you interested in flowers?,तुम्हें फूलों में दिलचस्पी है क्या?
Translate the following to Hindi:,Can you teach me how to steal?,क्या तुम मुझे चोरी करना सिखा सकते हो?
Translate the following to Hindi:,Could I please use your phone?,मैं आपका फ़ोन इस्तेमाल कर सकता हूँ क्या?
Convert this sentence into Hindi:,Do you live with your parents?,क्या तुम अपने मम्मी-पापा के साथ रहते हो?
Translate the following to Hindi:,Do you remember what she said?,तुम्हें याद है उसने क्या कहा था?
Provide the Hindi translation of:,Don't go back on your promise.,अपना वादा मत तोड़ो।
Provide the Hindi translation of:,"Excuse me, is this seat taken?","माफ़ कीजिएगा, यहाँ कोई बैठा हुआ है क्या?"
Translate the following to Hindi:,Few people live on the island.,इस द्वीप पर बहुत कम लोग रहते हैं।
Provide the Hindi translation of:,Half of the apples are rotten.,आधे सेव सड़ चुके हैं।
Translate the following to Hindi:,He concealed the fact from me.,उसने मुझसे वह बात छिपाई।
Provide the Hindi translation of:,He did it as he had been told.,उसने वैसा करा जैसे उसे बताया गया था।
Provide the Hindi translation of:,He is accustomed to hard work.,उसे मेहनत करने की आदत है।
Translate the following to Hindi:,He looked into the boy's eyes.,उसने लड़के की आँखों में देखा।
Convert this sentence into Hindi:,He made many costly purchases.,उसने बहुत सी महंगी चीज़ें खरीदीं।
Convert this sentence into Hindi:,He spread butter on the bread.,उसने मक्खन को ब्रेड पर लगाया।
Convert this sentence into Hindi:,He took advantage of my youth.,उसने मेरे जवान होने का फ़ायदा उठाया।
Translate the following to Hindi:,He took advantage of my youth.,उसने मेरी जवानी का फ़ायदा उठाया।
Provide the Hindi translation of:,He was walking toward the sea.,वह समुंदर की ओर चल रहा था।
Provide the Hindi translation of:,He went to New York on Monday.,वह सोमवार को न्यूयॉर्क चला गया।
Provide the Hindi translation of:,He will return within 3 hours.,वह तीन घंटों में वापस आएगा।
Provide the Hindi translation of:,How about going to the movies?,फ़िल्म देखने चलें क्या?
Provide the Hindi translation of:,How long have you been abroad?,आप विदेश में कबसे हैं?
Translate the following to Hindi:,How long have you been abroad?,आप विदेश में किता समय रहे हैं?
Translate the following to Hindi:,How was the weather yesterday?,कल का मौसम कैसा था?
Translate the following to Hindi:,I accompanied him on the trip.,मैं सफ़र पर उसके साथ गया।
Translate the following to Hindi:,I am sorry if I disturbed you.,माफ़ कीजिएगा अगर मैंने आपको परेशान किया तो।
Translate the following to Hindi:,I can't bear the sight of him.,मुझे उसको देखा नहीं जाता।
Provide the Hindi translation of:,I can't put up with this cold.,मुझसे यह ठंड सही नहीं जाएगी।
Provide the Hindi translation of:,I don't go to work on Sundays.,मैं रविवार को काम पर नहीं जाता।
Translate the following to Hindi:,I don't know if she will come.,मुझे नहीं पता कि वह आएगी कि नहीं।
Translate the following to Hindi:,I don't think it's reasonable.,मेरे विचार से यह युक्तियुक्त नहीँ है।
Translate the following to Hindi:,I don't watch much basketball.,मैं ज्यादा बास्‍केटबॉल नहीं देखता।
Provide the Hindi translation of:,I felt that I should help her.,मुझे लगा कि मुझे उसकी मदद करनी चाहिए।
Convert this sentence into Hindi:,I have no idea how he escaped.,मुझे नहीं पता वह कैसे निकल भागा।
Convert this sentence into Hindi:,I have not seen him in months.,मैंने उसे महीनों से नहीं देखा है।
Provide the Hindi translation of:,I have to put the baby to bed.,मुझे बच्चे को सुलाना है।
Convert this sentence into Hindi:,I hope that it rains tomorrow.,काश कल बारिश हो जाए।
Convert this sentence into Hindi:,I take a bath every other day.,मैं हर दूसरे दिन नहाता हूँ।
Convert this sentence into Hindi:,I was caught in a traffic jam.,मैं ट्राफ़िक जाम में फँस गया था।
Translate the following to Hindi:,I was caught in a traffic jam.,मैं ट्रैफ़िक जैम में फँस गया था।
Provide the Hindi translation of:,I will be pleased to help you.,मुझे आपकी मदद करके खुशी होगी।
Translate the following to Hindi:,I will go to America tomorrow.,मैं कल अमेरिका जाऊँगी।
Translate the following to Hindi:,I'm sure I've seen him before.,मुझे यकीन है कि मैंने उसे पहले देखा हुआ है।
Provide the Hindi translation of:,I'm thinking of changing jobs.,मैं नौकरी बदलने की सोच रही हूँ।
Provide the Hindi translation of:,It's four o'clock by my watch.,मेरी घड़ी के हिसाब से चार बजे हैं।
Provide the Hindi translation of:,Man can't live without dreams.,इनसान सपने देखे बिना जी नहीं सकता है।
Convert this sentence into Hindi:,Playing tennis is easy for me.,मेरे लिए टेनिस खेलना बहुत आसान है।
Convert this sentence into Hindi:,Please feed the dog every day.,कुत्ते को रोज़ खिलाईएगा।
Convert this sentence into Hindi:,Please turn on the television.,टीवी चालू कीजिए।
Translate the following to Hindi:,School begins at eight-thirty.,स्कूल साढ़े-आठ बजे शुरू होता है।
Translate the following to Hindi:,She forgot to mail the letter.,वह चिट्ठी को डाक में डालना भूल गई।
Convert this sentence into Hindi:,She forgot to mail the letter.,वह चिट्ठी को डाक करना भूल गई।
Translate the following to Hindi:,She is not afraid of anything.,वह किसी भी चीज़ से नहीं डरती है।
Provide the Hindi translation of:,She is not afraid of anything.,उसे किसी भी चीज़ का डर नहीं है।
Provide the Hindi translation of:,She thought for a few minutes.,उसने कुछ मिनटों के लिए सोचा।
Convert this sentence into Hindi:,The flowers have all withered.,सारे फूल मुरझा गए हैं।
Provide the Hindi translation of:,The king governed the country.,राजा की देश पर हुकूमत थी।
Provide the Hindi translation of:,The patient breathed his last.,रोगी ने अपनी आखरी साँस भरी।
Provide the Hindi translation of:,The ship is bound for Finland.,यह जहाज़ फ़िनलैंड के लिए रवाना है।
Translate the following to Hindi:,The vase was broken to pieces.,गुलदान टूट कर चूर-चूर हो गया।
Convert this sentence into Hindi:,The war is going in our favor.,जंग हमारे हित में जा रहा है।
Translate the following to Hindi:,There is a cat under the desk.,मेज़ के नीचे एक बिल्ली है।
Convert this sentence into Hindi:,There is no future in his job.,उसकी नौकरी का कोई भविष्य नहीं है।
Convert this sentence into Hindi:,They consider him intelligent.,वे उसे समझदार मानते हैं।
Provide the Hindi translation of:,They have no house to live in.,उनके पास रहने के लिए कोई घर नहीं है।
Translate the following to Hindi:,They must have made a mistake.,उनसे ग़लती हो गई होगी।
Translate the following to Hindi:,This box contains five apples.,इस डब्बे में पाँच सेव हैं।
Convert this sentence into Hindi:,This problem is hard to solve.,इस समस्या को सुलझाना बहुत कठिन है।
Convert this sentence into Hindi:,This river is one mile across.,यह नदी एक मील चौड़ी है।
Translate the following to Hindi:,"This rule applies to you, too.",यह नियम तुमपर भी लागु होता है।
Convert this sentence into Hindi:,This school has many students.,इस स्कूल में बहुत सारे विद्यार्थी हैं।
Convert this sentence into Hindi:,Today is my sister's birthday.,आज मेरी बहन का जन्मदिन है।
Convert this sentence into Hindi:,Today is my sister's birthday.,आज मेरी दीदी का जन्मदिन है।
Provide the Hindi translation of:,We were surprised at the news.,हम खबर सुनकर चौंक गए।
Provide the Hindi translation of:,What is done cannot be undone.,होनी को अनहोनी नहीं किया जा सकता।
Convert this sentence into Hindi:,What is done cannot be undone.,जो हो चुका है सो हो चुका है।
Translate the following to Hindi:,What is the name of this bird?,इस चिड़िया का नाम क्या है?
Provide the Hindi translation of:,What kind of work will you do?,तुम किस तरह का काम करोगे?
Provide the Hindi translation of:,What's your home phone number?,तुम्हारे घर का फ़ोन नम्बर क्या है?
Provide the Hindi translation of:,When do you usually go to bed?,तुम आमतौर पर कितने बजे सोते हो ?
Convert this sentence into Hindi:,Who was the letter written to?,पत्र किसको लिखा गया था?
Translate the following to Hindi:,Why didn't she come yesterday?,वह कल क्यों नहीं आई?
Translate the following to Hindi:,You cannot park your car here.,आप अपनी गाड़ी यहाँ खड़ी नहीं कर सकते।
Convert this sentence into Hindi:,You may sit down on the chair.,तुम कुरसी पर बैठ सकते हो।
Provide the Hindi translation of:,Your team is better than ours.,आपका दल हमसे बेहतर है |
Translate the following to Hindi:,"""What time is it?"" ""It's 3:20.""	""","अभी कितने बजे हैं?"" ""तीन बीस बजे हैं"""
Provide the Hindi translation of:,A fire broke out near my house.,मेरे घर के पड़ोस में आग लग गई थी।
Provide the Hindi translation of:,Are you going to ask me or not?,मुझसे पूछने वाले हो या नहीं?
Convert this sentence into Hindi:,Both he and his wife have cars.,वह और उसकी पत्नी दोनो के पास गाड़ियाँ हैं।
Translate the following to Hindi:,Both of my sisters are married.,मेरी दोनो बहनें शादीशुदा हैं।
Convert this sentence into Hindi:,Business is so slow these days.,कारोबार में आजकल मंदी पड़ गई है।
Provide the Hindi translation of:,"Can I have the key now, please?",मुझे अब चाबी मिल सकती है क्या?
Translate the following to Hindi:,Dad is shaving in the bathroom.,पापा बाथरूम में दाढ़ी बना रहे हैं।
Provide the Hindi translation of:,Did he come by bus or by train?,वो बस से आया था कि ट्रेन से?
Translate the following to Hindi:,Do you have a room of your own?,क्या तुम्हारे पास अपना खुद का कमरा है?
Translate the following to Hindi:,Do you have one that's cheaper?,इससे सस्ता वाला है क्या?
Convert this sentence into Hindi:,Do you know how to drive a car?,क्या आपको गाड़ी चलाना आता है?
Convert this sentence into Hindi:,Do you know how to drive a car?,क्या तुमको गाड़ी चलाना आता है?
Provide the Hindi translation of:,Do you know how to drive a car?,क्या तुम्हें गाड़ी चलाना आता है?
Convert this sentence into Hindi:,Does anyone here speak English?,यहाँ पर कोई अंग्रेज़ी बोलता है क्या?
Translate the following to Hindi:,English is spoken in Australia.,आस्ट्रेलिया में अंग्रेजी बोली जाती है।
Convert this sentence into Hindi:,"Excuse me, but can you help me?","माफ़ कीजिएगा, आप मेरी मदद कर सकते हैं क्या?"
Provide the Hindi translation of:,Few people know about the plan.,योजना के बारे में कुछ ही लोगों को पता है।
Provide the Hindi translation of:,Fighting won't settle anything.,लड़ने-झगड़ने से बात का हल नहीं होगा।
Translate the following to Hindi:,Flying a kite can be dangerous.,पतंग उड़ाना खतरनाक हो सकता है।
Convert this sentence into Hindi:,"Give me your attention, please.",कृपया ध्यान दीजिए।
Translate the following to Hindi:,He has blue eyes and fair hair.,उसकी नीली आखें हैं और गोरे बाल हैं।
Convert this sentence into Hindi:,He is anxious about the result.,वह नतीजे के लिए बेचैन है।
Convert this sentence into Hindi:,He took a picture of the koala.,उसने कोआले की तस्वीर खींची।
Translate the following to Hindi:,He walks his dog every morning.,वह हर सुबह अपने कुत्ते को सैर पर ले जाता है।
Translate the following to Hindi:,His absence was due to illness.,वह बीमारी की वजह से नहीं आ सका।
Translate the following to Hindi:,His behavior is very odd today.,उसका बर्ताव आज बहुत अजीब है।
Translate the following to Hindi:,How do you interpret this poem?,इस कविता क्या आप क्या अर्थ निकालते हैं?
Provide the Hindi translation of:,How do you interpret this poem?,इस कविता का तुम क्या मतलब निकालते हो?
Convert this sentence into Hindi:,How do you like your eggs done?,तुम्हे अपने अँडे कैसे पसंद हैं?
Translate the following to Hindi:,I am thinking of changing jobs.,मैं नौकरी बदलने की सोच रही हूँ।
Provide the Hindi translation of:,I bet five pounds on the horse.,मैंने उस घोड़े पर पाँच पाऊंड की बाज़ी लगाई।
Translate the following to Hindi:,I did it the way he told me to.,उसने जैसे बताया था मैंने वैसे किया।
Translate the following to Hindi:,I don't know when he will come.,मुझे नहीं पता वह कब आएगा।
Convert this sentence into Hindi:,I have a bone to pick with you.,मैं तुमसे खुश नहीं हूँ।
Provide the Hindi translation of:,I have not seen him since then.,मैंने उसे तबसे नहीं देखा है।
Provide the Hindi translation of:,I left the keys with my wallet.,मैंने चाबियों को अपने बटुए के साथ छोड़ दिया।
Translate the following to Hindi:,I motioned for her to sit down.,मैंने उससे बैठ जाने का इशारा किया।
Convert this sentence into Hindi:,I must have left it on the bus.,मैंने उसे बस में छोड़ दिया होगा।
Convert this sentence into Hindi:,I take a bath almost every day.,मैं लगभग हर रोज़ नहाता हूँ।
Provide the Hindi translation of:,I want to have a cup of coffee.,मुझे एक कप कॉफ़ी चाहिए।
Convert this sentence into Hindi:,I will give you a large folder.,मैं तुम्हें एक बड़ा फ़ोलडर दूँगा।
Translate the following to Hindi:,I'm going to meet him tomorrow.,मैं कल उससे मिलने जा रहा हूँ।
Provide the Hindi translation of:,I've never met such a kind man.,मैं कभी भी इतने दयालु व्यक्ति से नहीं मिला।
Provide the Hindi translation of:,I've worked here for ten years.,मैं यहाँ दस साल से काम कर रहा हूँ।
Translate the following to Hindi:,Is it possible to borrow money?,क्या पैसे उधार लिए जा सकते हैं?
Convert this sentence into Hindi:,It is no use worrying about it.,इसके बारे में चिंता करने से कोई फ़ायदा नहीं है।
Translate the following to Hindi:,It took me a while to find Tom.,मुझे टॉम को ढूँढने में समय लग गया।
Provide the Hindi translation of:,Let's meet here again tomorrow.,यहाँ पर कल फिर मिलते हैं।
Translate the following to Hindi:,Let's take a rest in the shade.,चलो छाया में थोड़ा आराम करलें।
Provide the Hindi translation of:,Mary is interested in politics.,मेरी को राजनीति में दिलचस्पी है।
Convert this sentence into Hindi:,May I leave this book with you?,मैं यह किताब तुम्हारे पास छोड़ूँ?
Provide the Hindi translation of:,My hobby is playing the guitar.,मेरा शौक गिटार बजाना है।
Convert this sentence into Hindi:,Physics is my favorite subject.,भौतिक विज्ञान मेरा सबसे पसंदीता विषय है।
Provide the Hindi translation of:,Please speak in a louder voice.,थोड़ी ऊँची आवाज़ में बोलिए।
Provide the Hindi translation of:,Read as many books as possible.,जितनी किताबें पढ़ सकते हो पढ़ो।
Convert this sentence into Hindi:,Remove your shirt and lie down.,अपनी कमीज़ उतार कर लेट जाओ।
Convert this sentence into Hindi:,She always tries something new.,वह हमेशा कोई नया काम आज़माती रहती है।
Translate the following to Hindi:,She cooked us a wonderful meal.,उसने हमारे लिए बहुत ही शानदार भोजन तैयार किया।
Translate the following to Hindi:,She helped me pack my suitcase.,उसने मुझे मेरी अटैची पैक करने में मदद करी।
Translate the following to Hindi:,She is a woman of great beauty.,वह एक बहुत ही खूबसूरत औरत है।
Convert this sentence into Hindi:,She is always dressed in black.,वह हमेशा काले कपड़े पहनती है।
Provide the Hindi translation of:,She is appearing on TV tonight.,वह आज टीवी पर आएगी।
Translate the following to Hindi:,She warned him not to go alone.,उसने उसे अकेले न जाने की चेतावनी दी।
Translate the following to Hindi:,She's a beauty from a distance.,वह दूर से हसीना लगती है।
Provide the Hindi translation of:,Someone has cut my kite string.,किसी ने मेरी पतंग काट ली है।
Provide the Hindi translation of:,Such a thing occurs frequently.,ऐसा अक्सर होता है।
Translate the following to Hindi:,The bird on the roof is a crow.,छत पर जो चिड़िया बैठी है वह एक कौआ है।
Convert this sentence into Hindi:,The car raised a cloud of dust.,उस गाड़ी ने बहुत धूल उड़ाई।
Convert this sentence into Hindi:,The children were flying kites.,बच्चे पतंग उड़ा रहे थे।
Translate the following to Hindi:,The deer was running by itself.,हिरण अकेले दौड़ रहा था।
Convert this sentence into Hindi:,The dog kept barking all night.,कुत्ता रातभर भौंकता रहा।
Convert this sentence into Hindi:,The earth moves around the sun.,धरती सूरज की परिक्रमा करती है।
Translate the following to Hindi:,The investigation is under way.,जाँच-पड़ताल जारी है।
Provide the Hindi translation of:,The men went hunting for lions.,वे आदमी शेरों का शिकार करने निकले।
Translate the following to Hindi:,The plane crash took 200 lives.,विमान दुर्घटना ने दो सौ लोगों की जानें लें लीं।
Translate the following to Hindi:,The plane will arrive at three.,विमान तीन बजे पहुँचेगा।
Translate the following to Hindi:,The shop carried leather goods.,वह दुकान चमड़े के उत्पाद बेचती थी।
Translate the following to Hindi:,Their wedding will be tomorrow.,उनकी शादी कल होगी।
Convert this sentence into Hindi:,There are no towels in room 15.,कमरा नम्बर पंद्राह में तौलिये नहीं हैं।
Translate the following to Hindi:,There used to be a church here.,यहाँ एक चर्च हुआ करता था।
Convert this sentence into Hindi:,These shoes are too big for me.,ये जूते मेरे लिए बहुत बड़े हैं।
Provide the Hindi translation of:,They went on talking for hours.,उन्होंने और कुछ घंटों के लिए बातचीत करी।
Convert this sentence into Hindi:,They went out of sight at last.,वे आखिरकार नज़र से बाहर निकल गए।
Translate the following to Hindi:,This is a picture of my sister.,यह मेरी बहन की तस्वीर है।
Convert this sentence into Hindi:,"This is mine, and that's yours.",यह मेरा है और वह तुम्हारा है।
Convert this sentence into Hindi:,This medicine will do you good!,यह दवाई तुम्हारा भला करेगी!
Provide the Hindi translation of:,This train is bound for Boston.,यह ट्रेन बॉस्टन के लिए रवाना हो रही है।
Translate the following to Hindi:,Today is my sixteenth birthday.,आज मेरा सोलहवा जन्मदिन है।
Translate the following to Hindi:,We are anxious for world peace.,हम विश्व शांति के लिए तत्पर हैं।
Provide the Hindi translation of:,We are sorry we can't help you.,माफ़ कीजिए पर हम आपकी मदद नहीं कर सकते।
Translate the following to Hindi:,We cannot do the work in a day.,हम यह काम एक दिन में नहीं कर सकते।
Provide the Hindi translation of:,What would you like for supper?,आप रात में खाने के लिए क्या खाना चाहेंगे?
Translate the following to Hindi:,Who is the author of the novel?,इस उपन्यास का लेखक कौन है?
Convert this sentence into Hindi:,Why were you late this morning?,तुम आज सुबह देर से क्यों आए?
Provide the Hindi translation of:,Won't you come to dine with us?,क्या आप हमारे साथ खाना खाने नहीं आएंगे?
Provide the Hindi translation of:,You may take anything you like.,तुम्हें जो अच्छा लगता है लेलो।
Provide the Hindi translation of:,You must be back by 10 o'clock.,तुम्हे दस बजे तक वापस आ जाना होगा।
Provide the Hindi translation of:,You owe me an apology for that.,तुम्हे इस बात के लिए मुझसे माफ़ी माँगनी चाहिए।
Provide the Hindi translation of:,You should have come yesterday.,तुम्हे कल आना चाहिए था।
Convert this sentence into Hindi:,You should have kept it secret.,तुम्हे इसे राज़ रखना चहिए था।
Convert this sentence into Hindi:,You should have listened to me.,तुम्हे मेरी बात सुन लेनी चाहिए थी।
Provide the Hindi translation of:,You should have seen the movie.,तुम्हें फ़िल्म देखनी चहिए थी।
Convert this sentence into Hindi:,A good idea suddenly struck her.,अचानक उसे एक अच्छा आइडिया आया।
Translate the following to Hindi:,All the students look up to him.,सारे विद्यार्थी उसका आदर-सम्मान करते थे।
Convert this sentence into Hindi:,Are you the owner of this house?,आप इस घर के मालिक हैं क्या?
Convert this sentence into Hindi:,"At last, he solved the question.",उसने आखिरकार सवाल का जवाब ढूँढ निकाला।
Provide the Hindi translation of:,Australia exports a lot of wool.,ऑस्ट्रेलिया ऊन का बड़ी मात्रा में निर्यात करता है।
Translate the following to Hindi:,"Believe it or not, that is true.","मानो या न मानो, यह तो सच है।"
Convert this sentence into Hindi:,China is much bigger than Japan.,चीन जापान से काफ़ी ज़्यादा बड़ा है।
Provide the Hindi translation of:,China is much larger than Japan.,चीन जापान से काफ़ी ज़्यादा बड़ा है।
Provide the Hindi translation of:,Do you think that fish can hear?,क्या तुम्हें लगता है कि मछलियाँ सुन सकतीं हैं?
Convert this sentence into Hindi:,English is the world's language.,अंग्रेज़ी वैश्विक भाषा है।
Translate the following to Hindi:,English is the world's language.,अंग्रेज़ी सारी दुनिया की भाषा है।
Convert this sentence into Hindi:,Even children can understand it.,इस बात को बच्चे भी समझते हैं।
Translate the following to Hindi:,Everything is all right at home.,घर में सब-कुछ ठीक है।
Provide the Hindi translation of:,Finish this as soon as possible.,इसे जितनी जल्दी हो सके ख़त्म करो ।
Provide the Hindi translation of:,Finish this as soon as possible.,इसे जल्द-से-जल्द ख़त्म करो ।
Convert this sentence into Hindi:,Fresh vegetables promote health.,ताज़ी सब्ज़ियाँ स्वास्थ्य के लिए अच्छी होतीं हैं।
Provide the Hindi translation of:,Fresh vegetables promote health.,ताज़ी सब्ज़ियाँ सेहत के लिए अच्छी होतीं हैं।
Provide the Hindi translation of:,He is afraid of making mistakes.,वह ग़लती करने से डरता है।
Provide the Hindi translation of:,He looked back and smiled at me.,उसने पीछे मुड़कर मुझपर मुस्कुराया।
Convert this sentence into Hindi:,He was buried in this graveyard.,उसको इस कब्रिस्तान में बरी किया गया था।
Provide the Hindi translation of:,He was buried in this graveyard.,उसको इस कब्रिस्तान में दफ़नाया गया था।
Provide the Hindi translation of:,I am nothing but a poor peasant.,मैं तो बस एक गरीब किसान ही हूँ।
Convert this sentence into Hindi:,I bet ten dollars on that horse.,मैंने उस घोड़े पर दस डॉलर लगाए थे।
Provide the Hindi translation of:,I clean up my room every Sunday.,मैं हर रविवार अपना कमरा साफ़ करता हूँ।
Convert this sentence into Hindi:,I have some stuff to do at home.,मुझे घर में थोड़ा काम करना है I
Translate the following to Hindi:,I hope he won't be disappointed.,मुझे आशा है कि वह निराश नहीं होगा।
Translate the following to Hindi:,I remember when I first saw you.,मुझे हमारी पहली मुलाकात याद है।
Translate the following to Hindi:,I wake him at six every morning.,मैं हर सुबह छः बजे उसको उठाती हूँ।
Convert this sentence into Hindi:,I want you to keep your promise.,मैं चाहता हूँ कि तुम अपना वादा निभाओ।
Translate the following to Hindi:,I will go there in place of you.,तुम्हारे बदले मैं वहाँ जाऊँगा।
Provide the Hindi translation of:,I would like to meet his father.,मैं उसके पिता से मिलना चाह्ता हूँ।
Convert this sentence into Hindi:,I'm going to tell you something.,मैं तुम्हें कुछ बताने वाला हूँ।
Convert this sentence into Hindi:,I'm going to tell you something.,मैं तुम्हें कुछ बताने जा रहा हूँ।
Provide the Hindi translation of:,I'm gonna have to call you back.,मुझे तुम्हें वापस बुलाना पड़ेगा।
Provide the Hindi translation of:,"It is very cold today, isn't it?",आज बहुत ठंडा है ना?
Provide the Hindi translation of:,It isn't raining much this year.,इस साल ज़्यादा बारिश नहीं हो रही है।
Translate the following to Hindi:,It was raining heavily in Osaka.,ओसाका में भारी बारिश हो रही थी।
Provide the Hindi translation of:,"May I see your passport, please?",मैं आपका पासपोर्ट देख सकता हूँ क्या?
Convert this sentence into Hindi:,My father hates the summer heat.,मेरे पापा को गर्मी के मौसम से नफ़रत है।
Convert this sentence into Hindi:,My watch isn't working properly.,मेरी घड़ी ख़राब हो गई।
Convert this sentence into Hindi:,Perhaps he will never be famous.,संभवतः वह विख्यात कभी नहीँ हो पाएगा।
Translate the following to Hindi:,Please give me a glass of water.,मुझे एक गिलास पानी देदीजिए।
Provide the Hindi translation of:,Please wait here until he comes.,उसके आने तक यहाँ इंतेज़ार कीजिए।
Provide the Hindi translation of:,She bought two pounds of butter.,उसने एक किलो मक्खन खरीदा।
Provide the Hindi translation of:,She gazed at me for a long time.,उसने मुझको बहुत देर तक घूरकर देखा।
Convert this sentence into Hindi:,She got off at the next station.,वह अगले स्टॉप पर उतर गई।
Translate the following to Hindi:,She left the table after dinner.,वह खाना खाने के बाद मेज़ से उठकर चली गई।
Provide the Hindi translation of:,She lives in an apartment alone.,वह फ़्लैट में अकेले रहती है।
Provide the Hindi translation of:,She saved money for a rainy day.,उसने बुरे वक्त के लिए पैसे बचाए।
Provide the Hindi translation of:,She tried in vain to please him.,उसने बेकार में उसको खुश करने की कोशिश की।
Translate the following to Hindi:,Swimming here is very dangerous.,यहाँ तैरना बहुत ख़तरनाक है।
Provide the Hindi translation of:,Tell whoever comes that I'm out.,अगर कोई आए तो उनसे कहना कि मैं बाहर गया हूँ।
Translate the following to Hindi:,The boy ran away when he saw me.,लड़का मुझको देखते ही भाग गया।
Translate the following to Hindi:,The clock has just struck three.,घड़ी पर अभी अभी तीन बजे हैं।
Convert this sentence into Hindi:,The dictionary is close at hand.,शब्दकोष पास में ही है।
Convert this sentence into Hindi:,The house is said to be haunted.,लोग कहते हैं कि इस घर में भूत हैं।
Translate the following to Hindi:,The kite got caught in the tree.,पतंग पेड़ में जाकर अटक गई।
Convert this sentence into Hindi:,The rumor turned out to be true.,वह अफ़वाह सच निकली।
Translate the following to Hindi:,The train came to a smooth stop.,ट्रेन हल्के से आकर रुकी।
Translate the following to Hindi:,The water was cut off yesterday.,पानी कल बंद हो गया था।
Provide the Hindi translation of:,"There are few, if any, such men.",ऐसे लोग कम ही होंगे।
Convert this sentence into Hindi:,There is always something to do.,करने के लिए हमेशा कुछ-न-कुछ तो होता ही है।
Convert this sentence into Hindi:,They abandoned the sinking ship.,उन्होंने डूबते हुए जहाज़ को छोड़ दिया।
Provide the Hindi translation of:,They abandoned the sinking ship.,वे डूबते हुए जहाज़ से निकल गए।
Convert this sentence into Hindi:,They are discussing the problem.,वे इस समस्या के बारे में बातचीत कर रहे हैं।
Convert this sentence into Hindi:,To what degree can we trust him?,हम उस पर कितना भरोसा कर सकते हैं?
Provide the Hindi translation of:,Try to jump as high as possible.,जितना ऊँचा कूद सकते हो कूदो।
Provide the Hindi translation of:,Two crows are flying in the sky.,आसमान में दो कौवे उड़ रहें हैं।
Provide the Hindi translation of:,"Unless it rains, I will go, too.",अगर बारिश नहीं होती है तो मैं भी जाऊँगा।
Provide the Hindi translation of:,We can hear the ocean from here.,हमे यहाँ से समुंदर सुनाई देता है।
Translate the following to Hindi:,We have eaten there three times.,हम वहाँ तीन बार खा चुके हैं।
Provide the Hindi translation of:,We hurried to the train station.,हम जल्दबाज़ी में ट्रेन स्टेशन गए।
Convert this sentence into Hindi:,We saw the child get on the bus.,हमने बच्चे को बस पर चढ़ते हुए देखा।
Translate the following to Hindi:,We'll cross the river in a boat.,हम नाव में नदी को पार करेंगे।
Convert this sentence into Hindi:,What did you do with my baggage?,तुमने मेरे सामान के साथ क्या किया?
Convert this sentence into Hindi:,What is the population of India?,भारत की आबादी क्या है?
Provide the Hindi translation of:,What is the population of India?,भारत की जनसंख्या क्या है?
Convert this sentence into Hindi:,What the newspapers say is true.,जो अखबार में लिखा है वह सच है।
Translate the following to Hindi:,Who is the author of this story?,इस कहानी का लेखक कौन है?
Convert this sentence into Hindi:,Why did you turn down his offer?,तुमने उसके प्रस्ताव को स्वीकार क्यों नहीं किया?
Translate the following to Hindi:,Why didn't you go to the office?,तुम दफ़्तर क्यों नहीं गए?
Convert this sentence into Hindi:,Will you turn on the television?,टीवी चालू कर दोगे क्या?
Provide the Hindi translation of:,Wipe your hands with this towel.,अपने हाथ इस तौलिए से पोंछो।
Provide the Hindi translation of:,Would you like to dance with me?,मेरे साथ नाचना चाहोगी क्या?
Translate the following to Hindi:,Would you like to dance with me?,मेरे साथ डान्स करना चाहती हो क्या?
Provide the Hindi translation of:,You should conform to the rules.,तुम्हे नियमों का पालन करना चाहिए।
Provide the Hindi translation of:,Your bicycle is similar to mine.,तुम्हारी साईकल मेरी साईकल जैसी है।
Provide the Hindi translation of:,"""Let's play tennis."" ""Yes let's.""	""","चलो टेनिस खेलने चलतें हैं।"" ""हाँ, चलो चलतें हैं"""
Provide the Hindi translation of:,A rope was thrown into the water.,रस्सी को पानी में फेंक दिया गया।
Convert this sentence into Hindi:,Do you go there by bus or by car?,तुम वहाँ बस से जाते हो या गाड़ी से?
Provide the Hindi translation of:,Do you have brothers and sisters?,तुम्हारे पास भाई-बहन हैं क्या?
Provide the Hindi translation of:,Don't worry. You can count on me.,चिंता मत करो। तुम मुझपर भरोसा कर सकते हो।
Provide the Hindi translation of:,He called me up almost every day.,उसने लगभग रोज़ मुझे फ़ोन किया।
Provide the Hindi translation of:,He cannot answer their questions.,वह उनके सवालों का जवाब नहीं दे सकता।
Provide the Hindi translation of:,He explained his plans in detail.,उसने विस्तृत रूप से अपनी योजना समझाई।
Translate the following to Hindi:,He has his hair cut once a month.,वह अपने बाल महीने में एक बार कटवाता है।
Provide the Hindi translation of:,He hasn't written the letter yet.,उसने चिट्ठी अभी तक नहीं लिखी है।
Translate the following to Hindi:,He is always losing his umbrella.,वह हमेशा अपना छाता खोता रहता है।
Translate the following to Hindi:,"He may be rich, but he is stingy.",वह अमीर है हो है पर कंजूस भी है।
Translate the following to Hindi:,He pressed me for a prompt reply.,उसने मुझसे जल्द-से-जल्द उत्तर देने के लिए कहा।
Provide the Hindi translation of:,He reads the paper every morning.,वह हर सुबह अखबार पढ़ता है।
Convert this sentence into Hindi:,He was killed by a single bullet.,उसे केवल एक गोली से मारा गया था।
Translate the following to Hindi:,He weighed the stone in his hand.,उसने पत्थर को अपने हाथ में रखकर तोला।
Translate the following to Hindi:,He went to India by way of Japan.,वह जापान से होकर भारत गया।
Provide the Hindi translation of:,How old might his grandfather be?,उसके नाना की उम्र क्या होनी चाहिए?
Translate the following to Hindi:,"Hurry up, or you'll miss the bus.",जल्दी करो नहीं तो बस छूट जाएगी।
Translate the following to Hindi:,I am ashamed of having been lazy.,मुझे अपने आलसी होने पर शर्म आती है।
Provide the Hindi translation of:,I didn't know what to say to him.,मुझे समझ में नहीं आ रहा था कि उससे क्या कहूँ।
Translate the following to Hindi:,"I don't know how, but Tom did it.",पता नहीं कैसे पर टॉम ने कर दिया।
Translate the following to Hindi:,"I don't know how, but you did it.",पता नहीं कैसे पर तुमने कर दिया।
Translate the following to Hindi:,I had a strange dream last night.,मुझे कल रात एक बहुत अजीब सपना आया।
Translate the following to Hindi:,I had to help with the housework.,मुझे घर के कामकाज में मदद करनी पड़ी।
Convert this sentence into Hindi:,I have an important call to make.,मुझे एक जरूरी कॉल करनी है ।
Translate the following to Hindi:,I have no place to sleep tonight.,मेरे पास आज रात सोने के लिए जगह नहीं है।
Convert this sentence into Hindi:,I have not finished the task yet.,मैंने अभी काम ख़तम नहीं किया है।
Convert this sentence into Hindi:,I know nothing whatever about it.,मुझे इसके बारे में कुछ भी नहीं पता।
Translate the following to Hindi:,I meet him once every six months.,मैं उससे छः महीनों में एक बार मिलता हूँ।
Provide the Hindi translation of:,I think the train will come soon.,मुझे लगता है ट्रेन आने ही वाली है।
Convert this sentence into Hindi:,I want to go to America some day.,मैं एक दिन अमेरिका जाना चाहता हूँ।
Provide the Hindi translation of:,I want to study abroad next year.,मुझे अगले साल विदेश जाकर पढ़ाई करने का मन है।
Convert this sentence into Hindi:,I was taking a bath when he came.,जब वह आया मैं नहा रहा था।
Translate the following to Hindi:,I went there because I wanted to.,मैं वहाँ गया क्योंकि मेरा मन था।
Provide the Hindi translation of:,I wrote a love letter last night.,मैंने कल रात एक प्रेम पत्र लिखा था।
Provide the Hindi translation of:,I'd like to have a word with you.,मैं तुमसे बात करना चाह्ता हूँ।
Provide the Hindi translation of:,I'm looking for a small suitcase.,मैं एक छोटी अटैची को ढूँढ रहा हूँ।
Provide the Hindi translation of:,I'm tired of watching television.,मैं टीवी देख देखकर थक गया हूँ।
Translate the following to Hindi:,Is it always a sin to tell a lie?,क्या झूठ हमेशा बुरा होता है?
Provide the Hindi translation of:,Is there anywhere you want to go?,ऐसी कोई जगह है जहां आप जाना चाहते हो?
Provide the Hindi translation of:,It is expensive to live in Japan.,जापान में रहना बहुत महंगा है।
Provide the Hindi translation of:,It is no use asking me for money.,मुझसे पैसे माँगने में कोई फ़ायदा नहीं है।
Provide the Hindi translation of:,It looks like you are from India.,लगता है कि तुम भारत के हो।
Provide the Hindi translation of:,It won't take long to do the job.,इस काम को करने में ज़्यादा देर नहीं लगेगी।
Convert this sentence into Hindi:,Keep children away from medicine.,बच्चों को दवाईयों से दूर रखना चहिए।
Convert this sentence into Hindi:,My boss made me work last Sunday.,मेरे बॉस ने मुझसे पिछले रविवार को काम करवाया।
Provide the Hindi translation of:,My father can speak English well.,मेरे पिताजी को अंग्रेज़ी अच्छे से बोलना आता है।
Translate the following to Hindi:,My father's hair has grown white.,मेरे पापा के बाल सफ़ेद हो गए हैं।
Provide the Hindi translation of:,My hobby is visiting old temples.,मैं पुराने मंदिरों को देखने जाने का शौकीन हूँ।
Provide the Hindi translation of:,"Oh, no! We're running out of gas.",अरे नहीं! पेट्रोल खतम होने वाला है।
Translate the following to Hindi:,One billion people speak English.,सौ अरब लोग अंग्रेज़ी बोलते हैं।
Convert this sentence into Hindi:,Our class consists of fifty boys.,हमारी क्लास में पचास लड़के हैं।
Provide the Hindi translation of:,Our class consists of fifty boys.,हमारी कक्षा में पचास लड़के हैं।
Provide the Hindi translation of:,Our meeting was quite accidental.,हमारी मुलाकात ग़लती से हो गई।
Convert this sentence into Hindi:,Please pardon me for coming late.,मुझे देर से आने के लिए माफ़ कीजिएगा।
Provide the Hindi translation of:,School begins at half past eight.,स्कूल साढ़े-आठ बजे शुरू होता है।
Translate the following to Hindi:,She asked him to raise the funds.,उसने उससे पैसे जुटाने के लिए कहा।
Provide the Hindi translation of:,She didn't give me my money back.,उसने मुझे मेरे पैसे नहीं लौटाए।
Convert this sentence into Hindi:,She gladly accepted his proposal.,उसने उसका प्रस्ताव खुशी से स्वीकार कर लिया।
Provide the Hindi translation of:,"She is poor, but she looks happy.","वह गरीब है, पर दिखने से खुश लगती है।"
Provide the Hindi translation of:,She is too young to go to school.,वह स्कूल जाने के लिए अभी बहुत छोटी है।
Convert this sentence into Hindi:,She is two years younger than me.,वह मुझसे दो साल छोटी है।
Convert this sentence into Hindi:,She remained single all her life.,उसने पूरी ज़िन्दगी शादी नहीं करी।
Convert this sentence into Hindi:,She reproached me for being lazy.,उसने मुझपर आलसी होने के लिए गुस्सा किया।
Convert this sentence into Hindi:,She went to Paris to study music.,वह संगीत पढ़ने के लिए पैरिस गई।
Provide the Hindi translation of:,Summer is the season I like best.,गर्मी का मौसम मेरा सबसे पसंदीता मौसम है।
Provide the Hindi translation of:,That box is bigger than this one.,वह डब्बा इस वाले से बड़ा है।
Convert this sentence into Hindi:,The boy stripped off his clothes.,उस लड़के ने अपने सारे कपड़े उतारे।
Provide the Hindi translation of:,The conference will end tomorrow.,सम्मेलन कल समाप्त होगा।
Convert this sentence into Hindi:,The girl was aware of the danger.,उस लड़की को खतरे के बारे में पता था।
Translate the following to Hindi:,The history class starts at nine.,इतिहास की क्लास नौ बजे शुरू होती है।
Provide the Hindi translation of:,The rumor is true to some extent.,वह अफ़वाह किसी हद तक सच है।
Provide the Hindi translation of:,The shooting started around noon.,गोलीबारी लगभग दोपहर के बारह बजे शुरू हुई।
Provide the Hindi translation of:,The telephone rang several times.,फ़ोन कई बार बजा।
Translate the following to Hindi:,The top of that mountain is flat.,उस पहाड़ की चोटी चपटी है।
Convert this sentence into Hindi:,There was a strong wind that day.,उस दिन हवा बहुत तेज़ थी।
Translate the following to Hindi:,These trees were planted by them.,ये पेड़ उन्होंने लगाए थे।
Provide the Hindi translation of:,They gave us very little trouble.,उन्होंने हमको बहुत कम कष्ट दिया।
Provide the Hindi translation of:,They were scolded by the teacher.,उन्हें अपनी टीचर से डाँट पड़ी।
Convert this sentence into Hindi:,They will get married next month.,उनकी शादी अगले महीने होगी।
Provide the Hindi translation of:,This book contains many pictures.,इस किताब में बहुत सारी तस्वीरें हैं।
Convert this sentence into Hindi:,This book is older than that one.,यह किताब उस किताब से पुरानी है।
Convert this sentence into Hindi:,This is what I found in the cave.,मुझे गुफ़ा में ये मिला।
Translate the following to Hindi:,This tie doesn't go with my suit.,यह टाई मेरे सूट के साथ जचती नहीं है।
Translate the following to Hindi:,We stayed at a hotel by the lake.,हम झील के पास एक होटल में ठहरे।
Provide the Hindi translation of:,We went for a walk in the forest.,हम जंगल में सैर करने गए थे।
Convert this sentence into Hindi:,What do you do in your free time?,तुम अपने खाली समय में क्या करते हो?
Translate the following to Hindi:,What was his motive for doing it?,उसका यह करने में उद्देश्य क्या था?
Convert this sentence into Hindi:,When do you usually get off work?,तुम आमतौर पर कितने बजे काम से छूटते हो?
Translate the following to Hindi:,When will you get ready to leave?,तुम चलने के लिए तैयार कब होगे?
Provide the Hindi translation of:,Who is to blame for the accident?,इस दुर्घटना के लिए कौन ज़िम्मेदार है?
Translate the following to Hindi:,Will you go to the party tonight?,तुम आज रात पार्टी में जाओगे क्या?
Convert this sentence into Hindi:,Will you have another cup of tea?,एक और गिलास चाय लेंगे क्या?
Translate the following to Hindi:,Will you sing me a Beatles' song?,तुम मेरे लिए एक बीटल्स का गाना गा सकते हो क्या?
Convert this sentence into Hindi:,You didn't have to come so early.,तुम्हे इतना जल्दी आने की ज़रूरत नहीं थी।
Provide the Hindi translation of:,You don't have to chat with them.,तुम्हे उसने गप मारने की ज़रूरत नहीं है।
Translate the following to Hindi:,You must get rid of such a habit.,तुम्हे इस तरह की आदत तोड़ देनी चाहिए।
Translate the following to Hindi:,A man like that gets on my nerves.,उस तरह का आदमी मुझसे झिलता नहीं है।
Provide the Hindi translation of:,A squirrel hid among the branches.,एक गिलहरी डालियों के बीच छुपी हुई थी।
Translate the following to Hindi:,Almost all the leaves have fallen.,लगभग सारी-की-सारी पत्तियाँ गिर चुकीं हैं।
Translate the following to Hindi:,"At last, he realized his mistakes.",आखिरकार उसको उसकी ग़लतियाँ समझ में आईं।
Provide the Hindi translation of:,Can you tell me what size this is?,क्या आप मुझे बता सकते हैं कि यह किस नाप का है?
Translate the following to Hindi:,"Coincidentally enough, I know him.","इत्तेफ़ाक से, मैं उसे जानता हूँ।"
Translate the following to Hindi:,Do I have to stay in the hospital?,क्या मुझे अस्पताल में रहना होगा?
Translate the following to Hindi:,Do you cook by gas or electricity?,तुम बिजली से खाना पकाती हो या गैस से?
Translate the following to Hindi:,Do you know how to use a computer?,क्या आपको कम्प्यूटर का इस्तेमाल करना आता है?
Provide the Hindi translation of:,Do you know how to use a computer?,क्या आपको कम्प्यूटर का उपयोग करना आता है?
Provide the Hindi translation of:,Do you want to watch this program?,तुम यह कार्यक्रम देखना चाहते हो क्या?
Convert this sentence into Hindi:,Elephants live in Asia and Africa.,हाथी एशिया और अफ़्रीका में रहते हैं।
Provide the Hindi translation of:,He decided not to go to the party.,उसने पार्टी में न जाने का फ़ैसला किया।
Provide the Hindi translation of:,He didn't go there. Neither did I.,"न वह वहाँ गया, न मैं।"
Translate the following to Hindi:,He has been to London three times.,वह लंदन तीन बार जा चुका है।
Convert this sentence into Hindi:,He hid his sadness behind a smile.,उसने अपने दुख को अपनी मुस्कुराहट के पीछे छिपा लिया।
Convert this sentence into Hindi:,He is able to speak ten languages.,वह दस भाषाएँ बोलना जानता है।
Convert this sentence into Hindi:,He lives in that house over there.,वह वहाँ उस घर में रहता है।
Translate the following to Hindi:,He used pigeons in his experiment.,वह अपने प्रयोगों में कबूतरों का उपयोग करता था।
Convert this sentence into Hindi:,He will write for hours at a time.,वह एक बार में घंटो के लिए लिख सकता है।
Translate the following to Hindi:,He's always running short of cash.,उसको हमेशा पैसों की कमी होती है।
Translate the following to Hindi:,I can't buy a book this expensive.,मैं इतनी महंगी किताब नहीं ख़रीद सकता।
Convert this sentence into Hindi:,I can't put up with his arrogance.,मुझसे उसका अक्खड़पन झेला नहीं जाता।
Translate the following to Hindi:,I cannot understand what happened.,मुझे समझ में नहीं आ रहा क्या हुआ।
Translate the following to Hindi:,I don't like being made a fool of.,मुझे मूर्ख बनना पसंद नहीं है।
Provide the Hindi translation of:,I doubt his ability to do the job.,मुझे उसके काम करने की योग्यता पर भरोसा नहीं है।
Translate the following to Hindi:,I felt hungry after the long walk.,मुझे लम्बी सैर के बाद भूख लग आई।
Provide the Hindi translation of:,I had a letter from her yesterday.,मेरे पास कल उसकी एक चिट्ठी आई।
Convert this sentence into Hindi:,I had the good fortune to succeed.,मैं खुशकिसमत था कि सफ़ल हो गया।
Provide the Hindi translation of:,I must adjust my watch. It's slow.,मुझे अपनी घड़ी ठीक करनी है। धीरे चल रही है।
Provide the Hindi translation of:,I saw a dog swim across the river.,मैंने एक कुत्ते को तैरकर नदी पार करते हुए देखा।
Provide the Hindi translation of:,I usually get home by six o'clock.,मैं आमतौर पर छः बजे तक घर आ जाता हूँ।
Translate the following to Hindi:,I usually get up at eight o'clock.,मैं आमतौर पर आठ बजे उठा करता हूँ।
Provide the Hindi translation of:,I want you to go to Osaka at once.,फ़ौरन ओसाका जाओ।
Translate the following to Hindi:,I was able to win the first prize.,मैंने प्रथम पुरस्कार जीत लिया।
Convert this sentence into Hindi:,I was asked to give you a message.,मुझसे आपको यह संदेश देने के लिए बताया गया था।
Translate the following to Hindi:,I'm going to the village tomorrow.,मैं कल गाँव जा रहा हूँ।
Convert this sentence into Hindi:,It happened between eight and ten.,आठ से दस बजे के बीच हुआ।
Provide the Hindi translation of:,It happened between eight and ten.,आठ से दस बजे के बीच हुई।
Provide the Hindi translation of:,It is better to ignore this point.,बेहतर होगा कि इस बात को अनदेखा किया जाए।
Translate the following to Hindi:,It seems to me that you are wrong.,मुझे लगता है कि तुम ग़लत हो।
Translate the following to Hindi:,It was proved that he was a thief.,यह साबित कर दिया गया कि वह चोर था।
Convert this sentence into Hindi:,It's important for them to go out.,उनके लिए बाहर जाना बहुत ज़रूरी है।
Translate the following to Hindi:,Keep your room as neat as you can.,अपना कमरा जितना साफ़-सुथरा रख सकते हो रखो।
Convert this sentence into Hindi:,Let me give you a piece of advice.,मैं तुम्हें एक बात की सलाह देता हूँ।
Translate the following to Hindi:,Mary prided herself on her beauty.,मेरी को अपनी सुंदरता पर बहुत नाज़ था।
Convert this sentence into Hindi:,May we accompany you on your walk?,हम तुम्हारे साथ सैर करने चलें क्या?
Provide the Hindi translation of:,My friends celebrated my birthday.,मेरे दोस्तों ने मेरा जन्मदिन मनाया।
Translate the following to Hindi:,My hens laid fewer eggs last year.,मेरी मुर्गियों ने पिछले साल के मुकाबले से कम अंडे दियें हैं।
Provide the Hindi translation of:,New Delhi is the capital of India.,भारत की राजधानी नई दिल्ली है।
Convert this sentence into Hindi:,Only a few people didn't go there.,बहुत कम लोग थे जो वहाँ नहीं गए।
Translate the following to Hindi:,Only a few people listened to him.,उसकी बात कुछ ही लोगों ने सुनी।
Provide the Hindi translation of:,Our meeting rarely starts on time.,हमारी मीटिंग कभी-कभार ही टाईम पर शुरू होती है।
Provide the Hindi translation of:,She has already finished the work.,वह काम खतम कर चुकी है।
Convert this sentence into Hindi:,She is as beautiful as her mother.,वह अपनी माँ जैसी सुंदर है।
Translate the following to Hindi:,She is ashamed of her old clothes.,उसको अपने पुराने कपड़ो पर शर्म आती है।
Translate the following to Hindi:,Smoking will do you a lot of harm.,धूम्रपान आपको हानि पहुँचाएगा।
Provide the Hindi translation of:,Someday your dream will come true.,तुम्हारा सपना एक दिन सच हो जाएगा।
Convert this sentence into Hindi:,Stamps are not sold in this store.,यहां डाक टिकटें नहीं बेची जातीं हैं।
Translate the following to Hindi:,That bicycle is too small for you.,यह साईकल तुम्हारे लिए बहुत छोटी है।
Translate the following to Hindi:,The capital of India is New Delhi.,भारत की राजधानी नई दिल्ली है।
Convert this sentence into Hindi:,The job must be finished by 3 p.m.,यह काम दोपहर तीन बजे से पहले खतम हो जाना चाहिए।
Provide the Hindi translation of:,The mountain is covered with snow.,पहाड़ पर बर्फ़ बिछी हुई है।
Translate the following to Hindi:,The plane took off exactly at six.,हवाईजहाज़ ने ठीक छः बजे उड़ान ली।
Translate the following to Hindi:,The rain prevented me from coming.,मैं बारिश की वजह से आ नहीं पाया।
Translate the following to Hindi:,The road is parallel to the river.,वह सड़क नदी के साथ साथ चलती है।
Convert this sentence into Hindi:,The women of France are beautiful.,फ़्रांस की महिलाये खूबसूरत हैं।
Convert this sentence into Hindi:,There are five apples in this box.,इस डब्बे में पाँच सेव हैं।
Translate the following to Hindi:,There is a garden behind my house.,मेरे घर के पीछे एक बगीचा है।
Translate the following to Hindi:,There was no one there besides me.,वहाँ मेरे अलावा और कोई नहीं था।
Provide the Hindi translation of:,There were two murders this month.,इस महीने दो क़त्ल हुए हैं।
Convert this sentence into Hindi:,There were two murders this month.,इस महीने दो हत्याएँ हुईं हैं।
Convert this sentence into Hindi:,They are willing to learn English.,वे अंग्रेज़ी सीखने को तैयार हैं।
Convert this sentence into Hindi:,We shared the profit among us all.,हमने मुनाफ़े को अपने बीच बाँटा।
Translate the following to Hindi:,We should observe the speed limit.,हमे गति सीमा का पालन करना चाहिए।
Convert this sentence into Hindi:,We usually have breakfast at 7:30.,हम आमतौर पर साढ़े सात बजे नाश्ता खाते हैं।
Provide the Hindi translation of:,What movies are playing this week?,इस सप्ताह कौन सी फ़िल्में लगीं हुईं हैं?
Convert this sentence into Hindi:,What time did your friend go home?,तुम्हारा दोस्त कितने बजे घर वापस गया था?
Convert this sentence into Hindi:,What time do you get up every day?,आप रोज़ कितने बजे उठते हैं?
Convert this sentence into Hindi:,What time do you get up every day?,तुम रोज़ कितने बजे उठते हो?
Translate the following to Hindi:,What time do you get up every day?,तुम रोज़ कितने बजे उठा करते हो?
Translate the following to Hindi:,What time will you have breakfast?,तुम नाश्ता कितने बजे लोगे?
Convert this sentence into Hindi:,When did you get back from London?,तुम लंदन से कब वापस आए?
Translate the following to Hindi:,Who do you think broke the window?,तुम्हें क्या लगता है? खिड़की किसने तोड़ी है?
Convert this sentence into Hindi:,Will the weather be good tomorrow?,कल मौसम अच्छा होगा क्या?
Convert this sentence into Hindi:,Will you go to America next month?,तुम अगले महीने अम्रीका जाओगे क्या?
Provide the Hindi translation of:,Would you like another cup of tea?,आप एक और कप चाय पीना चाहेंगे क्या?
Translate the following to Hindi:,You had better not read this book.,तुम यह किताब न ही पढ़ो बेहतर होगा।
Provide the Hindi translation of:,You must keep an eye on the child.,तुम्हे बच्चे पर नज़र रखनी पड़ेगी।
Provide the Hindi translation of:,You've got nothing to complain of.,तुम्हारे पास शिकायत करने के लिए को भी वजह नहीं है।
Translate the following to Hindi:,Your sister can not speak English.,तुम्हारी बहन अंग्रेज़ी नहीं बोल सकती है।
Translate the following to Hindi:,A police officer is talking to her.,एक पुलिस अफ़सर उससे बात कर रहा है।
Convert this sentence into Hindi:,An elephant is a very large animal.,हाथी एक बहुत बड़ा जानवर होता है।
Translate the following to Hindi:,Are you sure of her coming on time?,तुम्हे पक्का मालूम है कि वह समय पर आ रही है?
Convert this sentence into Hindi:,"As a matter of fact, I dislike him.",दरअसल मुझे वह पसंद नहीं है।
Convert this sentence into Hindi:,Bern is the capital of Switzerland.,बर्न स्विजरलैंड की राजधानी है।
Provide the Hindi translation of:,"Could you call again later, please?",क्या आप थोड़ी देर बाद फिरसे फ़ोन कर सकतें हैं?
Translate the following to Hindi:,Did you hear the news on the radio?,तुमने रेडियो पर खबर सुनी क्या?
Translate the following to Hindi:,Do you have these shoes in my size?,क्या ये जूते मेरे नाप में भी हैं?
Translate the following to Hindi:,Do you have these shoes in my size?,क्या ये जूते मेरे नाप में भी मिल सकते हैं?
Translate the following to Hindi:,Do you like to live in the country?,आप को गाँव में रहना पसंद है क्या?
Translate the following to Hindi:,Don't be afraid of making mistakes.,ग़लतियाँ करने से मत डरो।
Convert this sentence into Hindi:,Don't speak ill of your classmates.,अपने सहपाठियों की बुराई मत करो।
Convert this sentence into Hindi:,Every man should learn how to cook.,हर आदमी को खाना बनाना सीखना चाहिए।
Translate the following to Hindi:,Everybody wants to live in comfort.,सभी लोग आराम की ज़िन्दगी जीना चाहते हैं।
Convert this sentence into Hindi:,Few people will admit their faults.,बहुत कम लोग अपनी गलतियों को मानते हैं।
Translate the following to Hindi:,He did the reverse of what I asked.,उसने मेरे बताए हुए से उलटा काम किया।
Translate the following to Hindi:,He died without having made a will.,वह वसीयत बनाए बिना ही मर गया।
Convert this sentence into Hindi:,He doesn't live in my neighborhood.,वह मेरे आस-पड़ोस में नहीं रहता।
Convert this sentence into Hindi:,He had nothing to do with the case.,उसका इस केस के साथ कोई लेना-देना नहीं था।
Provide the Hindi translation of:,He had to go without food for days.,उसने दिनों तक खाना नहीं खाया।
Translate the following to Hindi:,He has no sense of right and wrong.,वह सही-ग़लत में अंतर करना नहीं जानता।
Provide the Hindi translation of:,He has plenty of money in the bank.,उसके पास बैंक में बहुत पैसे हैं।
Translate the following to Hindi:,He kept us waiting for a long time.,उसने हमसे बहुत देर तक इंतेज़ार करवाया।
Translate the following to Hindi:,He left a large fortune to his son.,उसने अपने बेटे के लिए बड़ी जायदाद छोड़ी।
Convert this sentence into Hindi:,He put down the rebellion in India.,उसने भारत में विद्रोह को रोका।
Convert this sentence into Hindi:,He ran faster than his brother did.,वह अपने भाई से तेज़ भागता था।
Convert this sentence into Hindi:,He rescued the child from the fire.,उसने बच्चे को आग से बचाया।
Provide the Hindi translation of:,He speaks English better than I do.,वह अंग्रेज़ी मुझसे अच्छा बोलता है।
Translate the following to Hindi:,How do you like living on your own?,तुम्हे अकेले रहना अच्छा लगता है क्या?
Translate the following to Hindi:,How is it going in the fish market?,मछली बाज़ार में कैसा चल रहा है?
Provide the Hindi translation of:,How long will it take to get there?,वहाँ पहुँचने में कितनी देर लगेगी?
Provide the Hindi translation of:,How many books do you read a month?,तुम एक महीने में कितनी किताबें पढ़ते हो?
Convert this sentence into Hindi:,How many sandwiches are there left?,कितने सैंडविच बचे हैं?
Convert this sentence into Hindi:,I am his friend and will remain so.,मैं उसका दोस्त हूँ और रहूँगा।
Provide the Hindi translation of:,I am married and have two children.,मैं शादीशुदा हूँ और मेरे दो बच्चे हैं।
Translate the following to Hindi:,I cannot tolerate naughty children.,मैं नटखट बच्चों को बर्दाश्त नहीं कर सकता।
Provide the Hindi translation of:,I don't know who wrote this letter.,मुझे नहीं पता कि यह चिट्ठी किसने लिखी है।
Provide the Hindi translation of:,I don't like studying in this heat.,मुझे इस गर्मी में पढ़ाई करना अच्छा नहीं लगता।
Convert this sentence into Hindi:,I don't think I can wait that long.,मैं उतनी देर रुक नहीं सकता।
Translate the following to Hindi:,I doubt the truth of his statement.,मुझे उसके बयान की सच्चाई पर शक है।
Convert this sentence into Hindi:,I fell down the stairs in my haste.,अपनी ही जल्दबाज़ी मे मैं सीढ़ियों से नीचे गिर गया।
Convert this sentence into Hindi:,I had my brother repair my bicycle.,मैंने अपने भाई से अपनी साईकल ठीक करवाई।
Provide the Hindi translation of:,I had nothing to do with the group.,मेरा उस ग्रुप के साथ कोई संबंध नहीं था।
Provide the Hindi translation of:,I haven't seen him for a long time.,मैंने उसे बहुत दिनों से नहीं देखा है।
Convert this sentence into Hindi:,I hear that she's a famous actress.,मैंने सुना है कि वे मश्हूर अभिनेत्री हैं।
Translate the following to Hindi:,I helped my mother wash the dishes.,मैंने अपनी मम्मी को बर्तन धोने में मदद करी।
Provide the Hindi translation of:,I learned French instead of German.,मैंने जर्मन की बजाय फ़्रानसीसी सीखी ।
Convert this sentence into Hindi:,I ordered those books from Germany.,मैंने उन किताबों जो जर्मनी से खरीदकर मंगवाया था।
Convert this sentence into Hindi:,I want to know about this mountain.,मुझे इस पहाड़ के बारे में जानना है।
Convert this sentence into Hindi:,I was able to play piano very well.,मैं पियानो बहुत अच्छा बजा लेता था।
Translate the following to Hindi:,I wish to go to Paris to study art.,मैं पैरिस जाकर आर्ट पढ़ना चाहता हूँ।
Convert this sentence into Hindi:,I wish to go to Paris to study art.,मैं पैरिस जाकर आर्ट पढ़ना चाहती हूँ।
Provide the Hindi translation of:,I'm anxious for him to return safe.,मैं उसके सुरक्षित लौटने के लिए बेचैन हूँ।
Translate the following to Hindi:,"If I don't do it now, I never will.",अगर मैं अभी नहीं करूँगा तो कभी नहीं करूँगा।
Convert this sentence into Hindi:,"If I had wings, I would fly to you.",अगर मेरे पास पंख होते तो मैं उड़कर तुम्हारे पास चला आता।
Translate the following to Hindi:,It has been fine since last Friday.,पिछले शनिवार से मौसम बहुत अच्छा है।
Translate the following to Hindi:,It is going to rain this afternoon.,आज दोपहर बारिश होने वाली है।
Convert this sentence into Hindi:,It seems that everybody likes golf.,ऐसा लगता है जैसे कि सभी लोगों को गौल्फ़ अच्छा लगता है।
Translate the following to Hindi:,It shouldn't take long to find Tom.,टॉम को ढूँढने में समय नहीं लगना चाहिए।
Provide the Hindi translation of:,It's more difficult than you think.,जितना तुम सोच रहे हो उतना आसान नहीं है।
Convert this sentence into Hindi:,Learning a foreign language is fun.,विदेषी भाषा सीखना बहुत मज़ेदार होता है।
Convert this sentence into Hindi:,My brother depends on me for money.,मेरा भाई पैसों के लिए मुझपर निर्भर है।
Convert this sentence into Hindi:,My sister is very fond of children.,मेरी बहन को बच्चों से बहुत प्यार है।
Provide the Hindi translation of:,My wife has just cleared the table.,मेरी बीवी ने अभी-अभी मेज़ को साफ़ किया है।
Convert this sentence into Hindi:,Nowadays nobody believes in ghosts.,आजकल कोई भी भूत-प्रेत में विश्वास नहीं करता।
Convert this sentence into Hindi:,One is tall and the other is short.,एक लम्बा है और दूसरा छोटा है।
Provide the Hindi translation of:,She accused me of making a mistake.,उसने मुझपर ग़लती करने का इलज़ाम लगाया।
Convert this sentence into Hindi:,She asked me if I knew her address.,उसने मुझसे पूछा कि मैं उसका पता जानता था या नहीं।
Convert this sentence into Hindi:,She didn't want him to go overseas.,वह लड़की नहीं चाहती थी कि वह लड़का विदेश जाए।
Provide the Hindi translation of:,She didn't want to speak to anyone.,उसे किसी से भी बात करने का मन नहीं था।
Translate the following to Hindi:,She felt insecure about her future.,उसको अपना आने वाला कल थोड़ा डाँवाडोल लगा।
Provide the Hindi translation of:,She felt insecure about her future.,उसको अपना भविष्य असुरक्षित लगा।
Translate the following to Hindi:,She is busy preparing for the trip.,वह सफ़र की तैयारी में लगी हुई है।
Convert this sentence into Hindi:,She was very surprised at the news.,वह खबर सुनकर हैरान रह गई।
Provide the Hindi translation of:,She went to the market once a week.,वह हफ़्ते में एक बार बाज़ार जाती थी।
Provide the Hindi translation of:,She's in the garden planting roses.,"वह बगीचे में है, गुलाब के फूल लगा रही है।"
Convert this sentence into Hindi:,"Since he was tired, he went to bed.","वह थक गया था, तो सोने चला गया।"
Provide the Hindi translation of:,"Since you're here, you can help me.",तुम यहाँ आ ही गए हो तो मेरी मदद कर सकते हो।
Provide the Hindi translation of:,Take this medicine every six hours.,इस दवाई को हर छः घंटे लेना।
Translate the following to Hindi:,Teaching English is his profession.,अंग्रेज़ी पढ़ाना उसका पेशा है।
Provide the Hindi translation of:,The animals in the forest died off.,जंगल के जानवर मर गए।
Convert this sentence into Hindi:,The baby fell asleep in the cradle.,बच्चा पालनी में सो गया।
Provide the Hindi translation of:,The boy has an apple in his pocket.,इस लड़के के जेब में एक सेव है।
Provide the Hindi translation of:,The fat woman was holding a monkey.,उस मोटी औरत ने एक बंदर पकड़ा हुआ था।
Convert this sentence into Hindi:,The hole is about five feet across.,गड्ढा पाँच फ़ुट चौड़ा है।
Provide the Hindi translation of:,The king was deprived of his power.,उस राजा से उसकी ताक़त छीन ली गई।
Provide the Hindi translation of:,The lion is the king of the jungle.,शेर जंगल का राजा है।
Provide the Hindi translation of:,The mystery still remains unsolved.,वह आज भी एक रहस्य है।
Convert this sentence into Hindi:,The problem is being discussed now.,समस्या पर बहस जारी है।
Provide the Hindi translation of:,The storm destroyed the whole town.,तूफ़ान ने पूरे नगर को नष्ट कर दिया।
Convert this sentence into Hindi:,The storm destroyed the whole town.,तूफ़ान ने पूरे शहर को तबाह कर दिया।
Translate the following to Hindi:,There is a strange man at the door.,दरवाज़े पर कोई अजीब सा इनसान है।
Translate the following to Hindi:,These questions are easy to answer.,इन सवालों का जवाब देना आसान है।
Provide the Hindi translation of:,These questions are easy to answer.,ये प्रश्न सरल हैं।
Provide the Hindi translation of:,They are proud of their clever son.,उन्हे अपने अकलमंद बेटे पर नाज़ है।
Convert this sentence into Hindi:,They brought trouble on themselves.,उन्होंने अपने ऊपर मुसीबत बुलाई।
Translate the following to Hindi:,"This is a good newspaper, isn't it?",यह एक अच्छा अखबार है ना?
Convert this sentence into Hindi:,"To make matters worse, he fell ill.",और-तो-और वह बीमार भी पड़ गया।
Provide the Hindi translation of:,"Tomorrow, he will land on the moon.",कल वह चाँद पर उतरेगा।
Provide the Hindi translation of:,We are all eager to know the truth.,हम सब सच जानने के लिए बेचैन हैं।
Convert this sentence into Hindi:,What do you think she is doing now?,तुम्हारे हिसाब से वह अभी क्या कर रही होगी?
Provide the Hindi translation of:,Where should I pick the tickets up?,मुझे टिकटें कहाँ से लेनीं होंगीं?
Provide the Hindi translation of:,Why did you come here this morning?,तुम आज सुबह यहाँ क्यों आए?
Convert this sentence into Hindi:,Wooden buildings catch fire easily.,लकड़ी से बनी इमारतों में आग आसानी से लग जाती है।
Translate the following to Hindi:,Would you mind my opening the door?,क्या मैं दरवाज़ा खोल सकता हूँ?
Provide the Hindi translation of:,You can have this book for nothing.,तुम यह किताब मुफ़्त में ले सकते हो।
Convert this sentence into Hindi:,You can't buy that kind of loyalty.,ऐसी वफ़ादारी खरीदी नहीं जा सकती।
Convert this sentence into Hindi:,You must take his age into account.,तुम्हे उसकी उम्र का भी लिहाज करना चाहिए।
Convert this sentence into Hindi:,You should make use of this chance.,तुम्हे इस मौके का फ़ायदा उठाना चाहिए।
Provide the Hindi translation of:,You should make use of this chance.,तुम्हे इस मौके को गवा नहीं देना चाहिए।
Provide the Hindi translation of:,A hundred years is called a century.,सौ सालों को एक शतक बुलाया जाता है।
Convert this sentence into Hindi:,"According to him, she is not coming.",उसके हिसाब से वह नहीं आ रही।
Convert this sentence into Hindi:,"All of a sudden, she began to laugh.",वह अचानक से हँस पड़ी।
Provide the Hindi translation of:,All of my kids want to learn French.,मेरे सभी बच्चें फ़्रेंच सीखना चाहते हैं।
Convert this sentence into Hindi:,Are you reading an interesting book?,आप कोई दिलचस्प किताब पढ़ रहें हैं क्या?
Translate the following to Hindi:,Are you reading an interesting book?,तुम कोई दिलचस्प किताब पढ़ रहे हो क्या?
Convert this sentence into Hindi:,Are you reading an interesting book?,तुम कोई दिलचस्प किताब पढ़ रही हो क्या?
Provide the Hindi translation of:,Are you saying my life is in danger?,क्या तुम कह रहे हो कि मेरी जान ख़तरे में है?
Convert this sentence into Hindi:,Can I extend my stay one more night?,मैं एक रात और रह सकता हूँ क्या?
Translate the following to Hindi:,Don't talk about it in front of him.,उसके सामने इसके बारे में बात मत करो।
Translate the following to Hindi:,Everybody came to the class on time.,सभी लोग क्लास में समय पर पहुँचे।
Convert this sentence into Hindi:,Everyone in my family gets up early.,मेरे परिवार में हर कोई जल्दी उठता है।
Convert this sentence into Hindi:,"Excuse me, is there a toilet nearby?","सुनिए, आस-पास में कोई टॉयलेट है क्या?"
Convert this sentence into Hindi:,Few students use pencils these days.,आजकल बहुत कम विद्यार्थी पेनसिल इस्तेमाल करतें हैं।
Translate the following to Hindi:,God helps those who help themselves.,ईश्वर उनकी मदद करता है जो स्वयं की मदद करते हैं।
Convert this sentence into Hindi:,He can both speak and write Russian.,वह रूसी बोलना और लिखना दोनो जानता है।
Translate the following to Hindi:,He couldn't understand the sentence.,उसको वाक्य समझ में नहीं आया।
Translate the following to Hindi:,He cried as if he were a boy of six.,उसने छः बरस के बच्चे की तरह रोया।
Provide the Hindi translation of:,He made up his mind to study abroad.,उसने विदेश में पढ़ने का निर्णय लिया।
Convert this sentence into Hindi:,He seemed surprised by my ignorance.,उसने मेरे अज्ञान पर आशंका जताई।
Convert this sentence into Hindi:,He stuck the broken pieces together.,उसने टूटे हुए टुकड़ों को वापस जोड़ा।
Translate the following to Hindi:,He will get better little by little.,वह धीरे-धीरे ठीक हो जाएगा।
Provide the Hindi translation of:,Her advice to me was to work harder.,उसकी मेरे लिए सलाह यह थी कि मैं ज़्यादा मन लगाकर काम करूँ।
Convert this sentence into Hindi:,Her way of talking got on my nerves.,उसके बात करने के तरीके पर मुझे खींज आती है।
Translate the following to Hindi:,"Hurry, and you will catch the train.",जल्दी करो तो ट्रेन पकड़ सकते हो।
Convert this sentence into Hindi:,I am a student at Oxford University.,मैं ऑक्सफ़र्ड विश्वविद्यालय में विद्यार्थी हूँ।
Convert this sentence into Hindi:,I am really pleased with my new car.,मैं अपनी नई गाड़ी से बहुत खुश हूँ।
Convert this sentence into Hindi:,I buried my dog at the pet cemetery.,मैंने अपने कुत्ते को पालतू जानवरों के कब्रिस्तान में बरी कर दिया।
Provide the Hindi translation of:,I don't want to spend more than $10.,मैं दस डॉलर से ज़्यादा नहीं खर्चना चाह्ता हूँ।
Convert this sentence into Hindi:,I never dreamed that you would lose.,मैंने सपने में भी नहीं सोचा था कि तुम हार जाओगे।
Translate the following to Hindi:,I visit my grandmother twice a week.,मैं अपनी नानी से हफ़्ते में दो बार मिलने जाता हूँ।
Convert this sentence into Hindi:,I visit my grandmother twice a week.,मैं अपनी दादी से हफ़्ते में दो बार मिलने जाता हूँ।
Translate the following to Hindi:,I was in bed all day long yesterday.,कल मैं पूरे दिन बिस्तर में था।
Translate the following to Hindi:,I will come back to Canada tomorrow.,मैं कल कनाडा वापस आऊँगा।
Provide the Hindi translation of:,I've studied English for five years.,मैंने पाँच साल के लिए अंग्रेज़ी पढ़ी है।
Convert this sentence into Hindi:,"In Japan, all children go to school.",जापान में सभी बच्चें स्कूल जाते हैं।
Translate the following to Hindi:,Keep an eye on the baby for a while.,बच्चे पर ध्यान रखना थोड़ी देर के लिए।
Convert this sentence into Hindi:,Let's get together here once a week.,हमे यहाँ हफ़्ते में एक बार मिलना चाहिए।
Convert this sentence into Hindi:,My birthday is one month from today.,मेरा जन्मदिन आज से एक महीने में है।
Convert this sentence into Hindi:,My father usually comes home at six.,मेरे पापा आमतौर पर छः बजे घर लौटकर आते हैं।
Translate the following to Hindi:,My father went jogging after dinner.,मेरे पापा रात को खाना खाने के बाद दौड़ने गए थे।
Provide the Hindi translation of:,My father works for a power company.,मेरे पापा बिजली की कम्पनी में काम करते हैं।
Translate the following to Hindi:,No one believes that he is innocent.,किसी को भी उसके निर्दोष होने का यकीन नहीं है।
Convert this sentence into Hindi:,Opinions vary from person to person.,हर इनसान की राय अलग होती है।
Convert this sentence into Hindi:,Opinions vary from person to person.,हर इनसान की सोच अलग होती है।
Provide the Hindi translation of:,She always complains of her teacher.,वह हमेशा अपनी टीचर की शिक़ायत करती है।
Provide the Hindi translation of:,She believes her son is still alive.,उसको लगता है कि उसका बेटा अभी भी ज़िंदा है।
Provide the Hindi translation of:,She talks as if she knew everything.,वह तो ऐसे बात करती है जैसे उसे सब कुछ पता हो।
Translate the following to Hindi:,Some day we'll take a trip to India.,हम एक दिन भारत का सफ़र करने जाएंगे।
Translate the following to Hindi:,"Some like tea, others prefer coffee.","कुछ लोगों को चाय अच्छी लगती है, और कुछ लोगों को कॉफ़ी।"
Provide the Hindi translation of:,Stars cannot be seen in the daytime.,सितारे दिन में नहीं दिखते |
Provide the Hindi translation of:,Tell me the name of the ninth month.,मुझे नौवे महीने का नाम बताओ।
Provide the Hindi translation of:,That's a completely unfounded rumor.,वह अफ़वाह पूरी तरह से बेबुनयाद है।
Translate the following to Hindi:,The cat slowly approached the mouse.,बिल्ली धीरे से चूहे की तरफ़ बढ़ी।
Convert this sentence into Hindi:,The children were well looked after.,बच्चों की देखभाल अच्छी तरह से की जाती थी।
Convert this sentence into Hindi:,The doctor advised him not to smoke.,डॉक्टर ने उसे सिगरेट न पीने की सलह दी।
Provide the Hindi translation of:,The doctor advised him not to smoke.,डॉक्टर ने उन्हें सिगरेट न पीने की सलह दी।
Translate the following to Hindi:,The law says that all men are equal.,क़ानून के मुताबिक सभी मनुष्य समान हैं।
Translate the following to Hindi:,The plan has been successful so far.,प्लान अब तक कामयाब रहा है।
Provide the Hindi translation of:,The plane will take off in one hour.,विमान एक घंटे में उड़ान भरेगा।
Translate the following to Hindi:,The wind scattered the leaves about.,हवा ने पत्तियों को यहाँ-वहाँ बिखेर दिया।
Provide the Hindi translation of:,There are many old temples in Kyoto.,क्योटो में बहुत सारे पुराने मंदिर हैं।
Provide the Hindi translation of:,This hat does match the brown dress.,यह टोपी उस ब्राऊन ड्रेस के साथ जचती नहीं है।
Translate the following to Hindi:,We are in agreement on this subject.,हम इस विषय पर सहमत हैं।
Provide the Hindi translation of:,We managed to swim across the river.,हम नदी को तैरकर पार कर पाए।
Translate the following to Hindi:,We talked to each other for a while.,हमने थोड़ी देर के लिए एक-दूसरे के साथ बात करी।
Provide the Hindi translation of:,We were all very happy at breakfast.,हम सब नाश्ते के समय बहुत खुश थे।
Provide the Hindi translation of:,What are you going to do in college?,तुम कॉलेज जाकर क्या करोगे?
Provide the Hindi translation of:,What do you usually do after dinner?,तुम आमतौर पर रात में खाना खाने के बाद क्या करते हो?
Convert this sentence into Hindi:,What was the weather like yesterday?,कल का मौसम कैसा था?
Provide the Hindi translation of:,What would the world do without tea?,दुनिया चाय के बिना क्या करेगी?
Translate the following to Hindi:,Which shoes are you going to put on?,तुम कौनसे जूते पहनोगी?
Provide the Hindi translation of:,Won't you come and see me next week?,मुझे अगले हफ़्ते देखने आओगे ना?
Convert this sentence into Hindi:,"Would you speak more slowly, please?",आप थोड़ा धीरे बोल सकते हैं क्या?
Translate the following to Hindi:,You are doing very well. Keep it up.,तुम अच्छा काम कर रहे हो। ऐसे ही करते रहो।
Provide the Hindi translation of:,You should not leave the baby alone.,तुम्हे बच्चे को अकेला नहीं छोड़ना चाहिए।
Provide the Hindi translation of:,You've never seen a genuine diamond.,तुमने असली हीरा कभी देखा ही नहीं है।
Translate the following to Hindi:,A river runs down through the valley.,वादी में से एक नदी बहती है।
Provide the Hindi translation of:,A thick mist covered the countryside.,गाँव पर गहरा कोहरा छा गया।
Convert this sentence into Hindi:,Are there enough chairs to go around?,कुरसियाँ काफ़ी हैं क्या?
Translate the following to Hindi:,At times I feel like quitting my job.,मुझे कभी-कभी अपनी नौकरी छोड़ देने का मन करता है।
Convert this sentence into Hindi:,Buddhism had its beginnings in India.,बौद्ध धर्म भारत में पैदा हुआ था।
Convert this sentence into Hindi:,Butter and cheese are made from milk.,मक्खन और पनीर दूध से बनते हैं।
Provide the Hindi translation of:,Classical music is not my cup of tea.,मुझे शास्त्रीय संगीत सुनने का शौक नहीं है।
Translate the following to Hindi:,Could you bring me another hot towel?,मेरे लिए एक और गरम तौलिया ला सकते हैं क्या?
Provide the Hindi translation of:,Do you feel any pain in your stomach?,क्या आपको पेट में दर्द महसूस हो रहा है?
Provide the Hindi translation of:,He broke one of the bones in his leg.,उसने अपने पैर की एक हड्डी तोड़ ली।
Provide the Hindi translation of:,He is less impatient than his father.,उसमें उसके पिता जितनी बेसब्री नहीं थी।
Convert this sentence into Hindi:,He lost no time answering the letter.,उसने फटाफट चिट्ठी का जवाब दिया।
Provide the Hindi translation of:,He put a hand gently on her shoulder.,उसने हल्के से उसके कंधे पर हाथ रखा।
Provide the Hindi translation of:,He said he would see me the next day.,उसने कहा था कि वह मुझसे अगले दिन मिलेगा।
Translate the following to Hindi:,He was born in a small town in Italy.,वह इटली के एक छोटे से गाँव में पैदा हुआ था।
Provide the Hindi translation of:,He was standing at the street corner.,वह सड़क के किनारे पर खड़ा था।
Translate the following to Hindi:,He will be a doctor when he grows up.,वह बड़ा होकर डॉक्टर बनना चाहता है।
Convert this sentence into Hindi:,He wiped the sweat from his forehead.,उसने अपने माथे से पसीना पोंछा।
Provide the Hindi translation of:,His dog follows him wherever he goes.,"वह जहाँ भी जाता है, उसका कुत्ता उसके पीछे पीछे जाता है।"
Provide the Hindi translation of:,How do you interpret these sentences?,तुम इन वाक्यों का क्या माईने निकालते हो?
Convert this sentence into Hindi:,I am doing business on a large scale.,मैं बड़े पैमाने पर व्यापार कर रहा हूँ।
Translate the following to Hindi:,I had met her many times before then.,मैं उससे पहले कई बार मिल चुका था।
Translate the following to Hindi:,I had met him many times before then.,मैं उससे पहले कई बार मिल चुका था।
Convert this sentence into Hindi:,I have a friend who lives in England.,मेरा एक दोस्त है जो इंग्लैंड में रहता है।
Provide the Hindi translation of:,I have nothing to say on this matter.,मुझे इस विषय पर कुछ नहीं कहना है।
Provide the Hindi translation of:,I helped my father water the flowers.,मैंने अपने पापा को फूलों को पानी डालने में मदद करी थी।
Provide the Hindi translation of:,I took the opportunity to visit Rome.,मैंने रोम जाने के मौका का फ़ायदा उठाया।
Provide the Hindi translation of:,I want to know why Tom is doing this.,"मुझे यह बताओ, कि टॉम ऐसा कर क्यों रहा है।"
Convert this sentence into Hindi:,I was amazed at the speed of the car.,मैं उस गाड़ी की रफ़तार देखकर हैरान रह गया।
Convert this sentence into Hindi:,I was scared that you might leave me.,मुझे डर था कि तुम मुझे छोड़ दोगे।
Translate the following to Hindi:,I went to Europe by way of Anchorage.,आंकरेज होते हुए मैं युरोप गया।
Provide the Hindi translation of:,I'm satisfied with my current income.,मैं अपनी कमाई से संतुष्ट हूँ।
Provide the Hindi translation of:,I'm satisfied with my current income.,मैं अपनी वर्तमान आमदनी से संतुष्ट हूँ।
Translate the following to Hindi:,"I'm sorry, but I can't hear you well.","माफ़ कीजिएगा, पर मैं आपको ठीक से सुन नहीं पा रहा हूँ।"
Translate the following to Hindi:,"I'm sorry, but I can't hear you well.","माफ़ कीजिएगा, पर मैं आपको ठीक से सुन नहीं पा रही हूँ।"
Translate the following to Hindi:,I've got a bit of an ache in my back.,मेरी पीठ में थोड़ा दर्द हो रहा है।
Convert this sentence into Hindi:,I've got one brother and two sisters.,मेरा एक भाई और दो बहनें हैं।
Convert this sentence into Hindi:,Imagine that you have a time machine.,सोचो कि तुम्हारे पास एक टाइम मशीन है।
Translate the following to Hindi:,"In those days, I went to bed earlier.",उन दिनों में मैं (रात में) जल्दी से सो जाया करता था।
Provide the Hindi translation of:,It's your turn. Please come this way.,तुम्हारी बारी है। इस तरफ़ आओ।
Convert this sentence into Hindi:,She complained to me of his rudeness.,उसने मुझसे उसकी असभ्यता के बारे में शिक़ायत करी।
Translate the following to Hindi:,She prepared a wonderful meal for us.,उसने हमारे लिए बहुत ही शानदार भोजन तैयार किया।
Convert this sentence into Hindi:,She was only pretending to be asleep.,वह सोना का बहाना कर रही थी।
Convert this sentence into Hindi:,She went to Paris for the first time.,वह पहली बार पैरिस गई थी।
Convert this sentence into Hindi:,That's Tom's house with the red roof.,लाल छत वाला वह टॉम का घर है।
Translate the following to Hindi:,That's too small to fit on your head.,वह तुम्हारे सर के लिए बहुत छोटा है।
Translate the following to Hindi:,The train is made up of fifteen cars.,रेलगाड़ी में १५ डब्बे हैं।
Provide the Hindi translation of:,There's been a lot of rain this year.,इस साल बहुत बारिश पड़ी है।
Convert this sentence into Hindi:,They dug here and there for treasure.,उन्होंने ख़ज़ाना ढूँढने के लिए यहाँ-वहाँ खोदा।
Provide the Hindi translation of:,Turn left and you will find the cafe.,बाएं मुड़ो और तुम्हें एक कैफ़े मिलेगा।
Convert this sentence into Hindi:,We are all anxious about your health.,हम सब तुम्हारे स्वास्थ्य के लिए बहुत चिंतित हैं।
Convert this sentence into Hindi:,We are all anxious about your health.,हम सब तुम्हारी सेहत के लिए बहुत परेशान हैं।
Provide the Hindi translation of:,We are to meet in front of his house.,हम उसके घर के सामने मिलेंगे।
Convert this sentence into Hindi:,What put such an idea into your head?,तुम्हारे दिमाग़ में यह बात कैसे आई?
Convert this sentence into Hindi:,Who are you going to eat dinner with?,डिनर किसके साथ करोगे?
Provide the Hindi translation of:,You can see the whole city from here.,तुम यहाँ से पूरा शहर देख सकते हो।
Convert this sentence into Hindi:,You should have attended the meeting.,तुम्हे मीटिंग में आना चाहिए था।
Convert this sentence into Hindi:,A good idea occurred to me last night.,मुझे कल सोते समय दिमाग़ में एक अच्छा आयडिया आया।
Convert this sentence into Hindi:,"At last, the truth became known to us.",आखिरकार हमे सच्चाई का पता चल गया।
Translate the following to Hindi:,He asked me if I could do him a favor.,उसने मुझसे एक एहसान माँगा।
Provide the Hindi translation of:,He can imitate the rest of the family.,वह अपने सारे घरवालों की नकल उतार सकता है।
Convert this sentence into Hindi:,"He doesn't speak French, neither do I.",न उसको फ़्रानसीसी बोलनी आती है न मुझे।
Convert this sentence into Hindi:,He earns more money than he can spend.,वह ज़रूरत से ज़्यादा पैसे कमाता है।
Provide the Hindi translation of:,He exhibited no remorse for his crime.,उसको उसके जुर्म पर बिलकुल भी पछतावा नहीं था।
Translate the following to Hindi:,He gave his children a good education.,उसने अपने बच्चों को अच्छी शिक्षा दी।
Convert this sentence into Hindi:,He wouldn't allow me to drive his car.,उसने मुझे उसकी गाड़ी नहीं चलाने दी।
Translate the following to Hindi:,His failure has nothing to do with me.,उसकी नाकामयाबी से मेरा कोई लेना-देना नहीं है।
Translate the following to Hindi:,How many cars has that company bought?,कम्पनी ने कितनी गाड़ियाँ ख़रीदीं हैं?
Convert this sentence into Hindi:,How many people are on board the ship?,जहाज़ में कितने लोग हैं?
Provide the Hindi translation of:,I always got up early in my childhood.,जब मैं छोटा था मैं हमेशा जल्दी सोकर उठा करता था।
Convert this sentence into Hindi:,I am going to go play ball with Mohan.,मैं मोहन के साथ गेंद खेलने जा रहा हूँ।
Convert this sentence into Hindi:,I am well acquainted with the subject.,मैं इस विषय से परिचित हूँ।
Translate the following to Hindi:,I don't know if it will rain tomorrow.,मुझे मालूम नहीं कल बारिश होगी या नहीं।
Provide the Hindi translation of:,I don't want to buy this kind of sofa.,मुझे इस तरह का सोफ़ा नहीं खरीदना है।
Translate the following to Hindi:,I doubt the veracity of his statement.,मुझे उसके बयान की सच्चाई पर शक़ है।
Translate the following to Hindi:,I had never seen her before that time.,मैंने उसे पहले कभी नहीं देखा था।
Translate the following to Hindi:,I have just finished reading the book.,मैंने अभी-अभी किताब को पढ़ना खतम किया है।
Provide the Hindi translation of:,I know a girl who can ride a unicycle.,मेरे जान-पहचान की एक लड़की को युनिसायकल चलाना आता है।
Translate the following to Hindi:,"I know his address, but it's a secret.","मुझे उसका पता पता है, पर वह एक राज़ है।"
Provide the Hindi translation of:,I regret not having bought that house.,मुझे उस घर को न खरीदने का पछतावा हो रहा है।
Translate the following to Hindi:,I want to help you with your homework.,मैं तुम्हें तुम्हारे होमवर्क के साथ मदद करना चाहता हूँ।
Provide the Hindi translation of:,I'll be staying here for three months.,मैं यहाँ तीन महीनों के लिए रहूँगा।
Convert this sentence into Hindi:,I'm sure that she will come back soon.,मुझे यकीन है कि वह जल्द ही वापस आ जाएगी।
Convert this sentence into Hindi:,I've taught myself to play the guitar.,मैंने खुद से गिटार बजाना सीख लिया है।
Translate the following to Hindi:,It is necessary that you see a doctor.,तुम्हारे लिए डॉक्टर को देखने जाना ज़रूरी है।
Translate the following to Hindi:,It's been ten years since we last met.,हमारी पिछली मुलाक़ात से अब दस साल हो गए हैं।
Convert this sentence into Hindi:,Leave your umbrella at the front door.,अपने छाते को सामने वाले द्वार छोड़ दो।
Provide the Hindi translation of:,Look up the phrase in your dictionary.,शब्दकोश में उस वाक्यांश को ढूँढो।
Provide the Hindi translation of:,Mary was looking for you at that time.,मेरी उस समय तुम्हें ढूँढ रही थी।
Convert this sentence into Hindi:,Mom scolded me for making fun of them.,माँ ने मेरे उनका मज़ाक उड़ाने के लिए डाँट लगाई।
Provide the Hindi translation of:,My mother put clean sheets on the bed.,मेरी माँ ने बिस्तर पर साफ़ चादर बिछाई।
Convert this sentence into Hindi:,My sister always keeps her room clean.,मेरी बहन अपने कमरे को हमेशा साफ़-सुथरा रखती है।
Convert this sentence into Hindi:,My uncle is an amateur cricket player.,मेरे अंकल क्रिकेट के शौकिया खिलाड़ी हैं।
Provide the Hindi translation of:,My uncle is an amateur cricket player.,मेरे मामा क्रिकेट के शौकिया खिलाड़ी हैं।
Convert this sentence into Hindi:,My uncle is an amateur cricket player.,मेरे चाचा क्रिकेट के शौकिया खिलाड़ी हैं।
Convert this sentence into Hindi:,My uncle is an amateur cricket player.,मेरे ताऊजी क्रिकेट के शौकिया खिलाड़ी हैं।
Translate the following to Hindi:,She called her children into the room.,उसने अपने बच्चों को कमरे में बुलाया।
Convert this sentence into Hindi:,She passed away peacefully last night.,वह कल रात आराम से चल बसीं।
Convert this sentence into Hindi:,She told me that she wanted a pet dog.,उसने मुझसे कहा कि उसे कुत्ता पालने का मन था।
Provide the Hindi translation of:,She was brought up by her grandmother.,उसकी दादी ने उसे पाल-पोस कर बड़ा किया था।
Convert this sentence into Hindi:,She was brought up by her grandmother.,उसकी नानी ने उसे पाल-पोस कर बड़ा किया था।
Translate the following to Hindi:,She was watching the dead leaves fall.,वह मुर्झाई हुई पत्तियों को गिरते हुए देख रही थी।
Translate the following to Hindi:,She will become a doctor in two years.,वह दो सालों में डॉक्टर बन जाएगी।
Translate the following to Hindi:,Sickness prevented him from going out.,वह बीमारी की वजह से बाहर नहीं जा सका।
Convert this sentence into Hindi:,"Strange as it may sound, this is true.","चाहे सुनने में जितना भी अजीब लगे, यह सच है।"
Provide the Hindi translation of:,Taste this wine to see if you like it.,यह वाईन चखकर देखो तुम्हें अच्छी लगती है कि नहीं।
Convert this sentence into Hindi:,The dog followed him wherever he went.,"वह जहाँ भी जाए, वह कुत्ता उसके पीछे-पीछे जाता था।"
Translate the following to Hindi:,The food was not fit for man or beast.,वह खाना न तो आदमी न जानवर को खिलाने लायक था।
Translate the following to Hindi:,The police were patrolling the street.,पुलिस ने सड़क पर पहरा लगा दिया था।
Translate the following to Hindi:,The train is ten minutes behind today.,आज ट्रेन दस मिनट लेट है।
Translate the following to Hindi:,The trouble is that they have no time.,मुश्किल यह है कि उनके पास समय नहीं है।
Convert this sentence into Hindi:,There is no longer any room for doubt.,शक की कोई गुंजाईश नहीं रही है।
Translate the following to Hindi:,There's no use trying to persuade him.,उसको मनाने की कोशिश करने में कोई फ़ायदा नहीं है।
Provide the Hindi translation of:,They charged me for the broken window.,उन्होंने ने मुझसे टूटी हुई खिड़की के लिए पैसे माँगे।
Translate the following to Hindi:,They were scattered in all directions.,वे सारी दिशाओं में फैले हुए थे।
Provide the Hindi translation of:,This cloth is really smooth and silky.,यह कपड़ा बहुत रेशमी है।
Translate the following to Hindi:,This machine is driven by electricity.,यह मशीन बिजली से चलती है।
Convert this sentence into Hindi:,This medicine will clear up your cold.,यह दवाई तुम्हारा गला साफ़ कर देगी।
Provide the Hindi translation of:,This medicine will take the pain away.,यह दवाई दर्द को दूर कर देगी।
Convert this sentence into Hindi:,Two boys came running out of the room.,दो लड़के कमरे से भागे निकल आए।
Provide the Hindi translation of:,We have two unused rooms in our house.,हमारे पास घर में दो कमरे हैं जिनका हम इस्तेमाल नहीं कर रहे हैं।
Provide the Hindi translation of:,"We ordered pink, but we received blue.",हमने पिंक रंग वाले का ऑर्डर किया था पर हमे नीले रंग वाला मिला।
Provide the Hindi translation of:,"We tried it again, but couldn't do it.","हमने फिरसे करने की कोशीश की, पर नहीं कर पाए।"
Convert this sentence into Hindi:,Where's the remote control for the TV?,टीवी का रिमोट कहाँ है?
Translate the following to Hindi:,You are wearing your shirt inside out.,तुमने अपनी कमीज़ उलटी पहनी हुई है।
Translate the following to Hindi:,You are wearing your shirt inside out.,तुमने अपनी टी-शर्ट उलटी पहनी हुई है।
Translate the following to Hindi:,You can see a lot of stars in the sky.,तुम्हें आसमान में बहुत सारे सितारे दिखाई देंगे।
Translate the following to Hindi:,You should make good use of your time.,तुम्हे अपने समय का ठीक से इस्तेमाल करना चाहिए।
Translate the following to Hindi:,Your daughter is not a child any more.,तुम्हारी बेटी अब बच्ची नहीं है।
Translate the following to Hindi:,"""Where do you live?"" ""I live in Tokyo.""	""","आप कहाँ रहते हैं?"" ""मैं टोक्यो में रहता हूँ"""
Convert this sentence into Hindi:,Father sometimes took me to his office.,पापा कभी-कभी मुझे दफ़्तर ले जाया करते थे।
Provide the Hindi translation of:,He could not sleep because of the heat.,वह गर्मी की वजह से सो नहीं पाया।
Provide the Hindi translation of:,He embezzled the money from his office.,उसने अपने दफ़तर के पैसों को गबन किया।
Provide the Hindi translation of:,"He had nothing to say, so he went away.","उसके पास कुछ भी कहने को नहीं था, तो वह चला गया।"
Provide the Hindi translation of:,He is getting along with his employees.,वह अपने कर्मचारियों के साथ अच्छे से निभता है।
Translate the following to Hindi:,He sold his own car without hesitation.,उसने अपनी गाड़ी बिना हिचकिचाहट हे बेच दी।
Translate the following to Hindi:,He used to tell me stories about India.,वह मुझे भारत के बारे में कहानियाँ सुनाया करता था।
Translate the following to Hindi:,Her mother was busy cooking the dinner.,उसकी माँ खाना बनाने में लगी हुई थी।
Convert this sentence into Hindi:,How many times a day does that bus run?,वह बस दिन में कितनी बार चलती है?
Translate the following to Hindi:,How soon can you have this dress ready?,इस ड्रेस को कितनी जल्दी तैयार कर सकते हो?
Convert this sentence into Hindi:,I am fully convinced of your innocence.,मुझे तुम्हारे बेगुनाह होने पर पूरा यकीन है।
Convert this sentence into Hindi:,I am interested in American literature.,मुझे अम्रीकी साहित्य में दिलचस्पी है।
Provide the Hindi translation of:,I am much obliged to you for your help.,मैं आपकी मदद के लिए बहुत आभारी हूँ।
Provide the Hindi translation of:,I began to sing when I was a youngster.,मैंने छोटी उम्र से ही गाना गाना शुरू कर दिया था।
Provide the Hindi translation of:,I can't put up with this noise anymore.,मैं इस शोर को और बर्दाश्त नहीं कर सकती।
Convert this sentence into Hindi:,I found nothing but a pair of scissors.,मुझे कैंचियों के अलावा और कुछ नहीं मिला।
Provide the Hindi translation of:,I know that all of this is just a game.,मैं जानता हूँ कि यह सब एक खेल है।
Provide the Hindi translation of:,I met her in London for the first time.,मेरी उसके साथ पहली मुलाकात लंदन में हुई थी।
Convert this sentence into Hindi:,I need to go home a little early today.,मुझे आज थोड़ा जल्दी घर जाना है।
Translate the following to Hindi:,I was able to answer all the questions.,मैं सारे सवालों का जवाब दे पाया था।
Provide the Hindi translation of:,"I will ask him about it tomorrow, then.",फिर मैं उससे उसके बारे में कल पूछूँगा।
Translate the following to Hindi:,I will find out how the medicine works.,मैं पता लगाऊँगा कि यह दिवाई कैसे काम करती है।
Convert this sentence into Hindi:,I will pay my debt as soon as possible.,मैं अपना कर्ज़ जल्द-से-जल्द चुकताऊँगा।
Convert this sentence into Hindi:,I'd like to see him tomorrow afternoon.,मैं उससे कल दोपहर को मिलना चाहता हूँ।
Provide the Hindi translation of:,I'll be in Tokyo on business next week.,मैं अगले हफ़्ते टोक्यो में हूँगा काम पर।
Convert this sentence into Hindi:,"If you have time, please drop in on us.",अगर आपके पास समय हो तो हमसे मिलने आईएगा।
Translate the following to Hindi:,It will go away by itself in two weeks.,वह दो हफ़्तों में अपने-आप चला जाएगा।
Convert this sentence into Hindi:,Mother bought a beautiful doll for her.,माँ ने उसके लिए एक सुन्दर सी गुड़िया खरीदी।
Translate the following to Hindi:,My father consented to my going abroad.,मेरे पिता मेरे विदेश जाने से राज़ी थे।
Convert this sentence into Hindi:,My mother often suffers from headaches.,मेरी माँ को अक्सर सिरदर्द होता है।
Provide the Hindi translation of:,Nothing but a miracle can save her now.,अब तो उसे कोई चमत्कार ही बचा सकता है।
Translate the following to Hindi:,Please come again two weeks from today.,आज से दो हफ़्तों के बाद फिरसे आईएगा।
Translate the following to Hindi:,She is living in some village in India.,वह भारत के किसी गाँव में रह रही है।
Provide the Hindi translation of:,She reminds me very much of her mother.,वह मुझे उसकी माँ की याद दिलाती है।
Translate the following to Hindi:,"She said to herself, ""I am very happy.""","उसने अपने आप से कहा: ""मैं बहुत खुश हूँ"""
Provide the Hindi translation of:,"Talking is one thing, doing is another.",बोलने और करने में फ़र्क होता है।
Provide the Hindi translation of:,The boy cannot have stolen my umbrella.,यह लड़का मेरा छाता नहीं चुरा सकता था।
Convert this sentence into Hindi:,The gentleman is a very famous pianist.,यह महाशय बहुत जाने-माने पियानिस्ट हैं।
Translate the following to Hindi:,The lights have been burning all night.,बत्तियाँ पूरी रात से जल रहीं हैं।
Convert this sentence into Hindi:,The rumor proved to be an absolute lie.,वह अफ़वाह एकदम झूठी निकली।
Provide the Hindi translation of:,The scar on his cheek hardly shows now.,उसकी गाल पर जो चोट का निशान है वह अब बहुत हल्का हो गया है।
Translate the following to Hindi:,The two languages have a lot in common.,इन दो भाषाओं में बहुत सारी समानताएं हैं।
Translate the following to Hindi:,The work must be completed by tomorrow.,काम कल तक खतम होना होगा।
Translate the following to Hindi:,They will fall in love with each other.,उन्हें एक-दूसरे से प्यार हो जाएगा।
Convert this sentence into Hindi:,We must try to protect the environment.,हमे पर्यावरण की रक्षा करने की कोशिश करनी चाहिए।
Translate the following to Hindi:,What languages do they speak in Canada?,कनाडा में कौनसी भाषाएं बोली जाती हैं?
Translate the following to Hindi:,Which is the more expensive of the two?,इन दोनो में से ज़्यादा महंगा कौनसा है?
Convert this sentence into Hindi:,Who doesn't know such a simple proverb?,इस तरह की आम कहावत को कौन नहीं जानता?
Provide the Hindi translation of:,Workers must have their hair cut short.,कर्मचारियों को अपने बाल छोटे कटाने होते हैं।
Translate the following to Hindi:,Would you mind turning down the volume?,आवाज़ थोड़ी धीमी कर सकते हो क्या?
Convert this sentence into Hindi:,You must observe the rules of the club.,तुम्हे क्लब के नियमों का पालन करना होगा।
Convert this sentence into Hindi:,You've got a nerve to say such a thing!,तुम्हारी जुर्रत कैसे हुई यह बोलने की?!
Convert this sentence into Hindi:,Your examination results are excellent.,तुम्हारे इगज़ैम के रिज़ल्ट बहुत अच्छे हैं।
Provide the Hindi translation of:,All you have to do is follow his advice.,तुम्हे बस उसकी सलाह के मुताबिक काम करना होगा।
Convert this sentence into Hindi:,Cows are sacred to many people in India.,भारत में कई लोग गाय को पूज्य मानते हैं।
Convert this sentence into Hindi:,He entered the room slowly by that door.,वह उस दरवाज़े से धीरे से कमरे में घुसा।
Provide the Hindi translation of:,He had to go through a lot of hardships.,उसे बहुत सारे कष्ट सहने पड़े थे।
Provide the Hindi translation of:,He had to reduce the price of his wares.,उसे अपने सामान की कीमतें कम करनीं पड़ीं।
Convert this sentence into Hindi:,He has invited me to attend his wedding.,उसने मुझे अपनी शादी में आने का का न्योता दिया है।
Convert this sentence into Hindi:,He is always complaining about his boss.,वह हमेशा अपने बॉस की शिकायत करता रहता है।
Translate the following to Hindi:,He was a great poet as well as a doctor.,वह एक महान कवि ही नहीं बल्कि एक डॉक्टर भी थे।
Provide the Hindi translation of:,He was covered in mud from head to foot.,वह सर से पांव तक कीचड़ में लतपत था।
Provide the Hindi translation of:,He was destined never to meet her again.,उसके नसीब में उससे फिरसे मिलना नहीं लिखा हुआ था।
Translate the following to Hindi:,He was happy at the news of her success.,वह उसकी कामयाबी की खबर सुनकर खुश था।
Convert this sentence into Hindi:,How about adding a little bit more salt?,थोड़ा और नमक डाल दोगे?
Translate the following to Hindi:,How did you get tickets for the concert?,तुम्हें कॉनसर्ट की टिकटें कैसे मिलीं?
Convert this sentence into Hindi:,How much time do we have to finish this?,हमारे पास इस काम को खतम करने के लिए कितना समय है?
Translate the following to Hindi:,I am confident he will keep his promise.,मुझे भरोसा है कि वह अपना वादा निभाएगा।
Translate the following to Hindi:,I am not sure how to pronounce the word.,मुझे ठीक से नहीं पता इस शब्द को कैसे पढ़ा जाता है।
Convert this sentence into Hindi:,I cannot stand his arrogance any longer.,मैं उसके अक्खड़पन अब और बर्दाश्त नहीं कर सकता।
Provide the Hindi translation of:,I don't know if I'll have time to do it.,मुझे नहीं पता मेरे पास यह करने के लिए समय होगा कि नहीं।
Provide the Hindi translation of:,I have been writing letters all morning.,मैं पूरी सुबह से चिट्ठियाँ लिख रहा हूँ।
Translate the following to Hindi:,I have been writing letters all morning.,मैं पूरी सुबह से चिट्ठियाँ लिख रही हूँ।
Translate the following to Hindi:,I have seen angels and talked with them.,"मैंने फ़रिश्तों को देखा है, उनसे बातचीत भी की है।"
Provide the Hindi translation of:,I was disappointed that you didn't call.,मैं निराश था कि तुमने फ़ोन नहीं किया।
Provide the Hindi translation of:,I wish I had more time to talk with you.,काश मेरे पास और समय होता तुम्हारे साथ बात करने के लिए।
Translate the following to Hindi:,I would rather stay at home than go out.,मुझे बाहर जाने से घर में रहना पसंद है।
Convert this sentence into Hindi:,I'll expect to hear from you by Tuesday.,मैं मंगलवार के आने से पहले तुमसे खबर सुनने की उम्मीद रखूँगा।
Convert this sentence into Hindi:,I'll give you an answer in a day or two.,मैं तुम्हें एक-दो दिन में जवाब दूँगा।
Provide the Hindi translation of:,I'm not ashamed of my father being poor.,मुझे अपने पिता की ग़रीबी पर शर्म नहीं आती है।
Translate the following to Hindi:,"I've never met her, but I recognize her.",मैं उसे पहचानता हूँ पर मैं उससे कभी मिला नहीं हूँ।
Provide the Hindi translation of:,"I've never met him, but I recognize him.",मैं उसे पहचानता हूँ पर मैं उससे कभी मिला नहीं हूँ।
Convert this sentence into Hindi:,It's about time for the train to arrive.,ट्रेन के आने का समय लगभग आ गया है।
Translate the following to Hindi:,It's getting dark. You'd better go home.,दिन ढल रहा है। तुम्हे घर जाना चाहिए।
Translate the following to Hindi:,Keep going straight through the village.,गाँव में सीधे जाते रहिए।
Translate the following to Hindi:,Mother and I are different in every way.,मम्मी और मैं किसी भी पहलू में एक-समान नहीं हैं।
Provide the Hindi translation of:,Nobody could tell what he meant by that.,कोई नहीं बता सका उसका वह कहने से मतलब क्या था।
Convert this sentence into Hindi:,Science begins when you ask why and how.,"विज्ञान तब शुरू होता है जब तुम ""क्यों"" और ""कैसे"" पूछते हो।"
Translate the following to Hindi:,She had a daughter by her first husband.,उसकी अपने पहले पति से एक लड़की थी।
Provide the Hindi translation of:,She loves watching tennis matches on TV.,उसे टीवी पर टेनिस देखना बहुत पसंद है।
Provide the Hindi translation of:,She may have to quit her job next month.,उसे शायद अपनी नौकरी अगले महीने छोड़नी पड़ेगी।
Convert this sentence into Hindi:,Such a thing cannot be found everywhere.,ऐसी चीज़ हर कहीं नहीं मिलती है।
Provide the Hindi translation of:,Take this medicine when you have a cold.,ज़ुकाम हो तो यह दवाई ले लेना।
Convert this sentence into Hindi:,Tell me what you are looking forward to.,मुझे बताओ तुम किस चीज़ की आशा कर रहे हो।
Translate the following to Hindi:,The new bridge was named Rainbow Bridge.,नए ब्रिज को इन्द्रधनुष ब्रिज का नाम दिया गया।
Convert this sentence into Hindi:,The police officer arrested the burglar.,पुलिस अफ़सर ने चोर को हिरासत में लेलिया।
Convert this sentence into Hindi:,The room has been empty for a long time.,यह कमरा काफ़ी देर से खाली रहा है।
Provide the Hindi translation of:,There are no live animals in the museum.,म्युज़ियम में ज़िन्दा जानवर नहीं हैं।
Provide the Hindi translation of:,There is no satisfying spoiled children.,बिगड़े हुए बच्चों को खुश नहीं कर सकते।
Convert this sentence into Hindi:,There used to be a big pond around here.,यहाँ एक बड़ा तालाब हुआ करता था।
Translate the following to Hindi:,There's something we need to talk about.,मुझे तुमसे किसी बारे में बात करनी है।
Provide the Hindi translation of:,They heard a gun go off in the distance.,उनको दूर से बंदूक की आवाज़ सुनाई दी।
Translate the following to Hindi:,Three men broke out of prison yesterday.,कल तीन आदमी जेल से भाग गए।
Translate the following to Hindi:,We saw the film and had dinner together.,हमने एक साथ फ़िल्म देखी और खाना खाया।
Convert this sentence into Hindi:,We should try to understand one another.,हमे एक-दूसरे को समझने की कोशिश करनी चाहिए।
Translate the following to Hindi:,What do you want to do in the afternoon?,तुम्हे दोपहर में क्या करने का मन है?
Convert this sentence into Hindi:,What time does your watch say it is now?,तुम्हारी घड़ी अब क्या समय बता रही है?
Translate the following to Hindi:,What time does your watch say it is now?,आपकी घड़ी अब क्या समय बता रही है?
Translate the following to Hindi:,"Would you just move along a bit, please?",आप थोड़ा आगे खिसक सकते हैं क्या?
Provide the Hindi translation of:,A gentleman would not spit on the street.,कोई भी सुशील इनसान सड़क पर थूकेगा नहीं।
Provide the Hindi translation of:,Absence of rain caused the plants to die.,पौधे बारिश के बिना मर गए।
Convert this sentence into Hindi:,"As a result of the war, many people died.",जंग की वजह से बहुत सारे लोग मर गए।
Translate the following to Hindi:,Can you identify the man in this picture?,क्या तुम उस आदमी को उसकी तस्वीर से पहचान सकते हो?
Translate the following to Hindi:,Did you feel the earthquake this morning?,तुम्हें आज सुबह भूकम्प महसूस हुआ क्या?
Translate the following to Hindi:,Give up smoking if you want to live long.,अगर लम्बी ज़िन्दगी जीना चाहते हो तो सिगरेट पीना छोड़ दो।
Provide the Hindi translation of:,"Having seen him before, I recognized him.","मैंने उसे पहले देखा हुआ था, इसलिए मैंने उसे पहचान लिया।"
Translate the following to Hindi:,He could not come because of his illness.,वह बीमारी की वजह से नहीं आ सका।
Translate the following to Hindi:,He defeated his opponent in the election.,उसने चुनाव में अपने विरोधी को हरा दिया।
Provide the Hindi translation of:,He failed to come up to our expectations.,वह हमारी उम्मीदों को पूरा नहीं कर पाया।
Translate the following to Hindi:,He jumped into the water clothes and all.,उसने कपड़े उतारे बिना ही पानी में छलाँग लगादी।
Translate the following to Hindi:,He ordered them to release the prisoners.,उसने उनको क़ैदियों को छोड़ने का आदेश दिया।
Provide the Hindi translation of:,He tried in vain to open the locked door.,वह बंद दरवाज़े को खोल नहीं पाया।
Convert this sentence into Hindi:,I always rely on him in times of trouble.,मैं मुसीबत के समय में हमेशा उसपर भरोसा करती हूँ।
Convert this sentence into Hindi:,I am convinced that he did nothing wrong.,मुझे पूरा विश्वास है कि उसने कोई भी ग़लत काम नहीं किया।
Provide the Hindi translation of:,I am looking for a present for my mother.,मैं अपनी मम्मी के लिए तोह्फ़ा ढूँढ रहा हूँ।
Provide the Hindi translation of:,I don't feel like studying English today.,मेरा आज अंग्रेज़ी पढ़ने का मन नहीं है।
Translate the following to Hindi:,I don't think that it will rain tomorrow.,मुझे नहीं लगता कल बारिश होगी।
Convert this sentence into Hindi:,I have no time to help you with the work.,मेरे पास तुम्हारी काम में मदद करने के लिए समय नहीं है।
Convert this sentence into Hindi:,I heard someone call my name from behind.,मैंने किसी को पीछे से मेरे नाम पुकारते हुए सुना।
Translate the following to Hindi:,I watched the game from beginning to end.,मैंने खेल को शुरू से अंत तक देखा।
Provide the Hindi translation of:,I'll never forget how kind you have been.,मैं आपके अच्छेपन को कभी नहीं भूलूँगा।
Convert this sentence into Hindi:,I'm going to go buy some materials today.,मैं आज कुछ सामान ख़रीदने जाऊँगी।
Convert this sentence into Hindi:,I'm very happy to make your acquaintance.,मुझे आपसे मिलकर बहुत खुशी हुई।
Translate the following to Hindi:,If only I had known the answer yesterday!,काश मुझे यह जवाब कल पता होता!
Convert this sentence into Hindi:,"If you are hungry, you can eat the bread.",अगर भूख लगी है तो ब्रेड खा सकते हो।
Convert this sentence into Hindi:,"In the woods, she met with two strangers.",वह जंगल में दो अजनबियों से मिली।
Provide the Hindi translation of:,It is up to you whether to buy it or not.,ख़रीदो या न ख़रीदो तुम्हारे ऊपर है।
Provide the Hindi translation of:,It was hard for me to refuse his request.,"मेरे लिए उससे ""ना"" कहना बहुत मुश्किल था।"
Convert this sentence into Hindi:,It was not easy for us to find his house.,हमारे लिए उसका घर ढूँढना आसान नहीं था।
Convert this sentence into Hindi:,Japan depends on other countries for oil.,जापान तेल के लिए दूसरे देशों पर निर्भर है।
Convert this sentence into Hindi:,My brother would often stay up all night.,मेरा भाई अक्सर पूरी रात जागे रहता था।
Convert this sentence into Hindi:,She has invited me to attend her wedding.,उसने मुझे अपनी शादी में आने का का न्योता दिया है।
Convert this sentence into Hindi:,The air conditioner makes too much noise.,एसी बहुत आवाज़ करता है।
Convert this sentence into Hindi:,The baby has been crying for a long time.,बच्चा बहुत देर से रो रहा था।
Provide the Hindi translation of:,The box was so heavy I could not move it.,डब्बा इतना भारी था कि मैं उसे हिला नहीं सका।
Convert this sentence into Hindi:,The girl who works at the bakery is cute.,बेकरी में जो लड़की काम करती है वह बहुत क्यूट है।
Convert this sentence into Hindi:,The museum is open from Monday to Friday.,म्युज़ियम सोमवार से शुक्रवार तक खुला रहता है।
Translate the following to Hindi:,The old lady smiled at her granddaughter.,बूढ़ी औरत अपनी पोती पर मुस्कुराई।
Provide the Hindi translation of:,The situation calls for drastic measures.,इस परिस्थिति में कठोर कदम उठाने होंगे।
Translate the following to Hindi:,"The teacher said, ""That's all for today.""","टीचर ने कहा, ""बस आज के लिए इतना ही।"""
Convert this sentence into Hindi:,These pictures are really very beautiful.,ये तस्वीरें सच में बहुत सुंदर हैं।
Translate the following to Hindi:,They live in a little village in England.,वे इंग्लैंड के एक छोटे से गाँव में रहते हैं।
Translate the following to Hindi:,We should do away with the death penalty.,हमें मौत की सज़ा को हटा देना चाहिए।
Translate the following to Hindi:,What are you going to do with this money?,तुम इन पैसों के साथ क्या करोगे?
Translate the following to Hindi:,Will you take us for a drive next Sunday?,हमें अगले हफ़्ते ड्राईव पर लेजाओगे क्या?
Convert this sentence into Hindi:,Would you please explain the rules to me?,आप मुझे नियम समझा सकते हैं क्या?
Provide the Hindi translation of:,You are too ready to speak ill of others.,तुम हमेशा लोगों की बुराई करने को तैयार रहते हो।
Translate the following to Hindi:,You cannot eat your cake and have it too.,"तुम ""चित भी मेरी पट भी मेरी"" नहीं कर सकते।"
Translate the following to Hindi:,You should take care of your sick mother.,तुम्हे अपनी बीमार माँ का ख़याल रखना चाहिए।
Provide the Hindi translation of:,Africa was once called the Dark Continent.,अफ़्रीका को एक समय में अंधेर महाद्वीप बुलाया जाता था।
Provide the Hindi translation of:,"Believe it or not, she has three children.","मानो या न मानो, उसके तीन बच्चे हैं।"
Provide the Hindi translation of:,Cancer can be cured if discovered in time.,"कैंसर का अगर समय में पता चल जाए, तो उसका इलाज हो सकता है।"
Provide the Hindi translation of:,Could you send someone up to make the bed?,आप किसी को बिस्तर बनाने के लिए भेज सकते हैं क्या?
Convert this sentence into Hindi:,He is always here between 5 and 6 o'clock.,वह हमेशा यहाँ पाँच से छः बजे के बीच होता है।
Translate the following to Hindi:,He is brave enough to go there by himself.,वह वहाँ अकेले जाने लायक बहादुर है।
Convert this sentence into Hindi:,He is coming to see me tomorrow afternoon.,वह कल दोपहर मुझसे मिलने आ रहा है।
Convert this sentence into Hindi:,He was caught in the act of pickpocketing.,वह जेब काटते हुए पकड़ा गया।
Convert this sentence into Hindi:,He went outside for a breath of fresh air.,वह थोड़ी ताज़ा हवा खाने के लिए बाहर गया।
Convert this sentence into Hindi:,Health is the most precious thing we have.,हमारा स्वास्थ्य हमारी सबसे कीमती संपत्ति होती है।
Translate the following to Hindi:,I can't put up with that noise any longer.,मैं इस शोर को और बर्दाश्त नहीं कर सकता।
Provide the Hindi translation of:,I can't put up with that noise any longer.,मुझसे यह शोर और बर्दाश्त नहीं किया जाएगा।
Provide the Hindi translation of:,I couldn't make out what he wanted to say.,मैं समझ नहीं पा रहा था कि वह कहना क्या चाहता था।
Provide the Hindi translation of:,I don't know how to operate this computer.,मुझे यह कम्प्यूटर चलाना नहीं आता।
Provide the Hindi translation of:,I don't know if she will go there with me.,मुझे नहीं पता वह मेरे साथ वहाँ जाएगी कि नहीं।
Provide the Hindi translation of:,I find foreign languages very interesting.,मेरे ख़याल से विदेशी भाषाएँ बहुत ही दिलचस्प होतीं हैं।
Translate the following to Hindi:,I have a lot of work to get through today.,मेरे पास आज बहुत काम है।
Translate the following to Hindi:,I have been taking care of him ever since.,मैं तभी से उसकी देखभाल करता आया हूँ।
Translate the following to Hindi:,I shouldn't eat food that has sugar in it.,मुझे चीनी-वाला चीज़ें नहीं खानी चाहिएँ।
Provide the Hindi translation of:,I tried to erase the memory of her crying.,मैंने उसके रोने की याद को भुला देने की कोशिश करी।
Provide the Hindi translation of:,I want to leave this difficult job to her.,मैं यह मुश्किल काम उसके लिए छोड़ना चाहता हूँ।
Translate the following to Hindi:,I'll wait here until my medicine is ready.,जब तक मेरी दवाई तैयार नहीं होती मैं यहीं इंतेज़ार करूंगी।
Provide the Hindi translation of:,I'm willing to help you if you want me to.,"अगर तुम मदद चाह्ते हो, तो मैं मदद करने के लिए तैयार हूँ।"
Convert this sentence into Hindi:,I'm wondering whether to take on that job.,मैं सोच रहा हूँ कि नौकरी लूँ या नहीं लूँ।
Provide the Hindi translation of:,It has been raining for three days on end.,लगातार तीन दिनों से बारिश हो रही है।
Translate the following to Hindi:,It is definite that he will go to America.,"कि वह अम्रीका जाएगा, यह तो पक्का है।"
Convert this sentence into Hindi:,Let's go and see as many things as we can.,"चलो चलें, जितनी सारी चीज़ें देख सकते हैं देख आएँ।"
Translate the following to Hindi:,Let's let the workers go home early today.,आज कर्मचारियों को थोड़ा जल्दी घर जाने देते हैं।
Provide the Hindi translation of:,Saying and doing are two different things.,कहने और करने में बड़ा अंतर है।
Translate the following to Hindi:,Saying and doing are two different things.,कहना और करना अलग-अलग बातें हैं।
Convert this sentence into Hindi:,She could not come because of her illness.,वह बीमारी की वजह से नहीं आ सका।
Provide the Hindi translation of:,She is well known in both India and China.,वह भारत और चीन दोनो में बहुत प्रसिद्ध है।
Translate the following to Hindi:,She is well known in both India and China.,वह भारत और चीन दोनो में बहुत मशहूर है।
Provide the Hindi translation of:,She showed me a letter written in English.,उसने मुझे अंग्रेज़ी में लिखी हुई चिट्ठी दिखाई।
Provide the Hindi translation of:,Some of the apples in the box were rotten.,डब्बे में कुछ सेव सड़े हुए थे।
Translate the following to Hindi:,"Some people like cats, others prefer dogs.","कुछ लोगों को बिल्लियाँ अच्छी लगतीं हैं, कुछ लोगों को कुत्ते।"
Translate the following to Hindi:,That accident was due to his carelessness.,वह ऐक्सीडेंट उसकी लापरवाही की वजह से हुआ।
Provide the Hindi translation of:,The Japanese eat rice at least once a day.,जापानी दिन में कम-से-कम एक बार चावल खाते है।
Provide the Hindi translation of:,The Qutub Minar and Red Fort are in Delhi.,क़ुतुब मीनार और लाल किला दिल्ली में हैं।
Convert this sentence into Hindi:,The old farmer did not pay him much money.,वह बूढ़ा किसान उसको बहुत पैसे नहीं देता था।
Translate the following to Hindi:,The teacher was disappointed at my answer.,टीचर मेरा जवाब सुनकर निराश थीं।
Provide the Hindi translation of:,Toudaiji is the bigger of the two temples.,उन दो मंदिरों में तोदाइजी बड़ा वाला है।
Convert this sentence into Hindi:,Why is he angry about something like that?,वह इस तरह की बात पर गुस्सा क्यों है?
Translate the following to Hindi:,You will be punished if you break the law.,अगर तुम कानून तोड़ोगे तो तुम्हे सज़ा मिलेगी।
Provide the Hindi translation of:,You're spending too much time watching TV.,तुम टीवी देखने में काफ़ी समय बरबाद कर रहे हो।
Translate the following to Hindi:,Are these the glasses you were looking for?,क्या यह वह ऐनक है जिसे आप ढूँढ रहे थे ?
Convert this sentence into Hindi:,"By the way, have you ever been to Hokkaido?","वैसे, तुम कभी होक्काईदो गई हुई हो क्या?"
Provide the Hindi translation of:,Cover up the injured man with this blanket.,घायल आदमी को इस कंबल से ढक दो।
Translate the following to Hindi:,Do you know the man standing on the bridge?,तुम ब्रिज पर खड़े हुए आदमी को जानते हो क्या?
Translate the following to Hindi:,"During the war, we had to do without sugar.",जंग के समय में हमे चीनी के बिना ही काम चलाना पड़ा।
Convert this sentence into Hindi:,From year to year they were growing poorer.,वे हर साल और ज़्यादा गरीब हुए जा रहे थे।
Translate the following to Hindi:,He did not show up at the party last night.,वह कल पार्टी में नहीं आया।
Translate the following to Hindi:,He was arrested because he stole the money.,उसे पैसे चुराने के लिए गिरफ़्तार कर लिया गया।
Translate the following to Hindi:,He was arrested because he stole the money.,उसे पैसे चुराने के लिए हिरासत में ले लिया गया।
Provide the Hindi translation of:,His disappointment was obvious to everyone.,उसकी निराशा सभी आसानी से दिख सकते थे।
Convert this sentence into Hindi:,His main object in life was to become rich.,उसका ज़िन्दगी में एक की उद्देश्य था और वह था अमीर बन जाना।
Translate the following to Hindi:,His pride didn't allow him to ask for help.,उसने अपने अभिमान की वजह से किसी से भी मदद नहीं मांगी।
Convert this sentence into Hindi:,I am afraid of the situation getting worse.,मुझे परिस्तिथि के बदतर होने का डर है।
Translate the following to Hindi:,I chose to leave instead of staying behind.,मैंने रहने की बजाय जाने का इरादा किया।
Provide the Hindi translation of:,I like the blue one. How much does it cost?,"मुझे नीला वाला पसंद है, कितने का है?"
Translate the following to Hindi:,I like the blue one. How much does it cost?,"मुझे नीली वाली पसंद है, कितने की है?"
Provide the Hindi translation of:,I met my teacher on the way to the station.,मेरी स्टेशन के रास्ते पर अपनी टीचर से मुलाकात हुई।
Provide the Hindi translation of:,I never dreamed that I would meet you here.,मैं सपने में भी नहीं सोच सकता था कि तुमसे यहाँ मुलाकात होगी।
Convert this sentence into Hindi:,I ran out of money during my stay in India.,भारत में रहने के दौरान मेरे पास पैसे खतम हो गए।
Provide the Hindi translation of:,I'll let you know when it has been decided.,निर्णय होने पर आपको बता दूँगा।
Convert this sentence into Hindi:,In Japan a new school year starts in April.,जापान में स्कूल अप्रैल में शुरू होता है।
Translate the following to Hindi:,India has a different climate from England.,भारत का मौसम इंग्लैड के मौसम से एकसमान नहीं है।
Convert this sentence into Hindi:,Is it necessary for me to attend the party?,मेरा पार्टी में आना ज़रूरी है क्या?
Provide the Hindi translation of:,It doesn't matter whether he agrees or not.,वह माने या न माने उससे कुछ फ़र्क नहीं पड़ता।
Provide the Hindi translation of:,It is said that women live longer than men.,कहा जाता है कि औरतों की उम्र आदमियों से ज़्यादा लम्बी होती है।
Provide the Hindi translation of:,It was Tom that broke the window yesterday.,कल जिसने खिड़की तोड़ी थी वह टॉम था।
Convert this sentence into Hindi:,Let me congratulate you on your engagement.,आपको आपकी सगाई पर बहुत बहुत बधाईंयाँ।
Convert this sentence into Hindi:,My father told me not to read books in bed.,मेरे पिता ने मुझसे बिस्तर में किताबें पढ़ने से मना किया।
Provide the Hindi translation of:,Our health is our most precious possession.,हमारा स्वास्थ्य हमारी सबसे कीमती संपत्ति होती है।
Provide the Hindi translation of:,People of your age often have this problem.,तुम्हारी उम्र के लोगों को अक्सर इस तरह की दिक्कत होती है।
Provide the Hindi translation of:,Respect yourself and you will be respected.,अपनी मर्यादा अपने हाथ
Translate the following to Hindi:,She has a rich vocabulary of English words.,उसको बहुत सारे अंग्रेज़ी शब्द आते हैं।
Convert this sentence into Hindi:,Some people want to amend the constitution.,कुछ लोग संविधान को सुधारना चाहते हैं।
Convert this sentence into Hindi:,The doctor advised that she take a holiday.,डॉक्टर ने उसको छुट्टी लेने की सलाह दी।
Translate the following to Hindi:,The doctor told him to cut down on smoking.,डॉक्टर ने उसे सिगरेट कम पीने को कहा।
Convert this sentence into Hindi:,The door was locked and we couldn't get in.,दरवाज़े पर ताला लगा हुआ था और हम अंदर नहीं जा सके।
Translate the following to Hindi:,The girl tried hard to hold back her tears.,उस लड़की ने अपने आँसुओं को रोकने की बहुत कोशिश करी।
Provide the Hindi translation of:,The man who is standing there is my father.,वहाँ पर खड़े हुए वे मेरे पिता हैं।
Provide the Hindi translation of:,The wind carries seeds for great distances.,हवा बीजों को दूर-दूर तक लेजाती है।
Provide the Hindi translation of:,There are more clouds today than yesterday.,आज बादल कल से ज़्यादा हैं।
Translate the following to Hindi:,They furnished the library with many books.,उन्होंने पुस्तकालय को बहुत सारी किताबें दीं।
Translate the following to Hindi:,This museum has been closed for five years.,यह म्युज़ियम पाँच साल से बंद है।
Translate the following to Hindi:,This poem was originally written in French.,यह कविता सबसे पहले फ़्रानसीसी में लिखी गई थी।
Convert this sentence into Hindi:,Tom and Mary want to know what our plan is.,टॉम और मेरी हमारा प्लैन जानना चाहते हैं।
Provide the Hindi translation of:,Two brothers set out on a journey together.,दो भाई एक-साथ सफ़र पर निकले।
Convert this sentence into Hindi:,We investigated the matter from all angles.,हमने मामले की हर पहलू से छानबीन करी।
Convert this sentence into Hindi:,We stayed with them all through the summer.,हमने पूरी गर्मी उनके साथ बिताई।
Provide the Hindi translation of:,We've run out of paper for the photocopier.,फ़ोटोकॉपियर में कागज़ खतम हो गया है।
Translate the following to Hindi:,Whoever wants to come to my party may come.,मेरी पार्टी में जो भी आना चाहता है आ सकता है।
Provide the Hindi translation of:,You are not supposed to play baseball here.,यहाँ बेसबॉल खेलना मना है।
Convert this sentence into Hindi:,"You aren't leaving Japan for good, are you?",तुम हमेशा के लिए तो जापान नहीं जा रहे हो ना?
Convert this sentence into Hindi:,Your plan requires a large amount of money.,तुम्हारी योजना के लिए बहुत सारे पैसे की ज़रूरत है।
Translate the following to Hindi:,A madman is not accountable for his actions.,एक पागल इनसान को अपने किये-धरे के लिए ज़िम्मेदार नहीं ठहराया जा सकता।
Translate the following to Hindi:,A rubber ball bounces because it is elastic.,रबड़ की गेंद उछलती है क्योंकि वह लचीली होती है।
Translate the following to Hindi:,All the answers to this question were wrong.,इस प्रश्न के सारे उत्तर ग़लत थे।
Convert this sentence into Hindi:,All the answers to this question were wrong.,इस सवाल के सारे जवाब ग़लत थे।
Convert this sentence into Hindi:,Do we have to get up early tomorrow morning?,क्या हमे कल सुबह जल्दी उठना है?
Translate the following to Hindi:,Do you know this part of the city very well?,तुम शहर के इस हिस्से को अच्छी तरह से जानते हो क्या?
Translate the following to Hindi:,Don't forget to come here at seven tomorrow.,कल यहाँ सात बजे आना न भूलना।
Translate the following to Hindi:,Don't forget to come here at seven tomorrow.,कल यहाँ सात बजे पहुँचना न भूलना।
Translate the following to Hindi:,"He is a British citizen, but lives in India.",वह अंग्रेज़ी नागरिक है पर भारत में रहता है।
Convert this sentence into Hindi:,He realized his dream of becoming an artist.,उसका कलाकार बनने का सपना सच हो गया।
Provide the Hindi translation of:,"He said he would write to me, but he hasn't.","उसने कहा था कि वह मुझे चिट्ठी लिखेगा, पर उसने अभी तक एक भी चिट्ठी नहीं भेजी है।"
Provide the Hindi translation of:,I don't know when she will leave for London.,मुझे नहीं पता वह लंदन के लिए रवाना कब होएगी।
Translate the following to Hindi:,I feel cold. Do you mind closing the window?,मुझे ठंड लग रही है। खिड़की बंद कर सकते हो क्या?
Provide the Hindi translation of:,I haven't had a chance to see the movie yet.,मुझे अभी तक उस फ़िल्म को देखने का मौका नहीं मिला है।
Provide the Hindi translation of:,"If it rains tomorrow, will you stay at home?",अगर कल बारिश हुई तो तुम घर में रहोगे क्या?
Translate the following to Hindi:,It is difficult for me to get up before six.,मेरे लिए छः बजे से पहले उठना बहुत मुश्किल है।
Translate the following to Hindi:,It's impossible for me to explain it to you.,मुझे तुमको यह बात समझाना नामुमकिन है।
Provide the Hindi translation of:,My father spends a lot of time on his hobby.,मेरे पिता अपने शौक पर बहुत समय खर्च करते हैं।
Translate the following to Hindi:,My opinion is entirely different from yours.,मेरी सोच तुम्हारी सोच से बिलकुल अलग है।
Provide the Hindi translation of:,My parents have just arrived at the station.,मेरे माता-पिता अभी-अभी स्टेशन पर पहुँचें हैं।
Provide the Hindi translation of:,She cried out the moment she saw her mother.,"उसने जैसे ही अपनी मम्मी को देखा, वह चिल्ला उठी।"
Translate the following to Hindi:,She left the old newspapers lying in a heap.,उसने पुराने अखबारों को एक ढेर में करके छोड़ दिया।
Convert this sentence into Hindi:,That movie theater always shows good movies.,उस सिनेमा हॉल में हमेशा अच्छी फ़िल्में लगतीं हैं।
Convert this sentence into Hindi:,The baby woke up in the middle of the night.,बच्चा की नींद आधी रात में खुल गई।
Convert this sentence into Hindi:,The children tried to imitate their teacher.,बच्चों ने एक-दूसरे की नकल करने की कोशिश करी।
Provide the Hindi translation of:,The government has been reforming education.,सरकार शिक्षा को सुधारने मे लगी हुई है।
Provide the Hindi translation of:,The male peacock has colorful tail feathers.,मोर की पूंछ के पंख रंग-बिरंगी होते हैं।
Translate the following to Hindi:,The mother is leading her child by the hand.,माँ हाथ पकड़कर अपने बच्चे को ले जा रही है।
Convert this sentence into Hindi:,The thief cursed the police for finding him.,चोर ने पुलिस को उसको पकड़ने के लिए गाली दी।
Convert this sentence into Hindi:,The world is changing more and more quickly.,दुनिया और-भी-और तेज़ी से बदल रही है।
Translate the following to Hindi:,This coffee is so hot that I can't drink it.,यह कॉफ़ी इतनी गरम है कि मुझसे पी नहीं जा रही है।
Translate the following to Hindi:,This is the very book that I wanted to read.,यह वही किताब है जिसे मैं पढ़ना चाह्ता था।
Provide the Hindi translation of:,Waking up is the opposite of going to sleep.,जागना सोने का विलोम शब्द है।
Convert this sentence into Hindi:,Whoever comes first will get the best seats.,जो भी पहले आएँगे उन्हें सबसे अच्छी सीटें मिलेंगीं।
Translate the following to Hindi:,A big earthquake occurred in India yesterday.,भारत में कल एक बड़ा भूकम्प हुआ था।
Convert this sentence into Hindi:,Are you going to cut down all the trees here?,तुम यहाँ सारे के सारे पेड़ काट डालोगे क्या?
Translate the following to Hindi:,Be sure to put out the fire before you leave.,जाने से पहले आग को भुजाना मत भूलना।
Translate the following to Hindi:,"Because of his advice, I was able to succeed.",मैं उसकी सलाह की वजह से कामयाब हो गया।
Convert this sentence into Hindi:,Did it not occur to you to close the windows?,तुम्हें खिड़कियाँ बंद करने की नहीं सूझी?
Convert this sentence into Hindi:,Don't add sentences from copyrighted sources.,कॉपीराईट वाले सोत्रों से वाक्य न जोड़ें।
Provide the Hindi translation of:,Everyone could easily see his disappointment.,उसकी निराशा सभी आसानी से दिख सकते थे।
Provide the Hindi translation of:,He broke himself of the bad habit of smoking.,उसने अपनी सिगरेट पीने की बुरी आदत छोड़ दी।
Provide the Hindi translation of:,He is anxious to know the result of the test.,वह टेस्ट के नतीजे को जानने के लिए बेचैन है।
Translate the following to Hindi:,He lost his balance and fell off his bicycle.,उसने अपना संतुलन खो दिया और वह अपनी साईकल पर से गिर गया।
Provide the Hindi translation of:,He ought to have made allowances for his age.,उसे अपनी उम्र के बारे में सोचना चाहिए था।
Provide the Hindi translation of:,He tends to get angry when people oppose him.,जब लोग उसके खिलाफ़ जातें हैं तो वह गुस्सा हो जाता है।
Provide the Hindi translation of:,He works on the farm from morning till night.,वह खेत पर सुबह से शाम तक काम करता है।
Convert this sentence into Hindi:,His new book is going to come out next month.,उसकी नई किताब अगले महीने छपेगी।
Provide the Hindi translation of:,I am going to stay here for a couple of days.,मैं यहाँ एक-दो दिन रहूँगा।
Convert this sentence into Hindi:,"I have two sisters, both of whom are married.",मेरी दो बहनें हैं और दोनो की शादी हो चुकी है।
Convert this sentence into Hindi:,I received a letter which was written by her.,मुझा उसकी लिखी हुई एक चिट्ठी मिली।
Convert this sentence into Hindi:,I will give you a call as soon as I get home.,मैं घर पहुँचते ही तुम्हें फ़ोन करूँगी।
Translate the following to Hindi:,It's been pouring here for the last few days.,यहाँ पिछले कुछ दिनों से दबाकर बारिश हो रही है।
Provide the Hindi translation of:,Let me give you a lift as far as the station.,मुझे तुम्हें स्टेशन तक पहुँचाने दो।
Convert this sentence into Hindi:,Mt. Everest is the highest peak in the world.,एवरेस्ट पर्वत दुनिया का सबसे ऊँचा पर्वत शिखर है।
Convert this sentence into Hindi:,My father left me a lot of money in his will.,मेरे पिता नें अपनी वसीयत में मुझे बहुत सारे पैसे छोड़े थे।
Translate the following to Hindi:,She burst into tears when she heard the news.,वह खबर सुनते ही रो पड़ी।
Convert this sentence into Hindi:,She poured coffee into the cups on the table.,उसने मेज़ पर रखे हुए कपों में कॉफ़ी डाली।
Provide the Hindi translation of:,Something is wrong with this washing machine.,इस वॉशिंग मशीन में कुछ खराबी है।
Convert this sentence into Hindi:,Take off your hat when you enter a classroom.,क्लासरूम में घुसते समय अपनी टोपी उतारा करो।
Translate the following to Hindi:,The accident was due to his careless driving.,वह ऐक्सीडेंट उसकी लापरवाही की वजह से हुआ।
Translate the following to Hindi:,The car broke down on the way to the airport.,एयरपोर्ट के रास्ते पर गाड़ी खराब हो गई।
Translate the following to Hindi:,The factory will cease operations next month.,फ़ैक्टरी में काम अगले महीने से रुक जाएगा।
Convert this sentence into Hindi:,The news caused alarm throughout the village.,उस खबर ने गाँव में दहशत फैला दी।
Provide the Hindi translation of:,The policeman observed the man open the door.,पुलीसवाले ने आदमी को दरवाज़ा खोलते देखा।
Translate the following to Hindi:,The thief is certain to be caught eventually.,चोर अंत में तो पकड़ा ही जाएगा।
Translate the following to Hindi:,"They fined him 5,000 yen for illegal parking.",उन्होंने उसपर गाड़ी ग़लत खड़ी करने के लिए पाँच हज़ार येन का जुर्माना लगाया।
Convert this sentence into Hindi:,This is the village where my father was born.,यह वह गाँव है जहाँ मेरे पिताजी पैदा हुए थे।
Provide the Hindi translation of:,To distinguish right from wrong is difficult.,सही और ग़लत में अंतर करना मुश्किल होता है।
Provide the Hindi translation of:,Tom couldn't understand what Mary was saying.,टॉम मेरी की बात समझ नहीं पाया।
Provide the Hindi translation of:,Tom couldn't understand what Mary was saying.,टॉम को मेरी की बात समझ नहीं आई।
Provide the Hindi translation of:,Tom couldn't understand what Mary was saying.,टॉम मेरी की बात समझ नहीं सका।
Convert this sentence into Hindi:,We took it for granted that he would join us.,हमने मान लिया था कि वह हमारे साथ आएगा।
Provide the Hindi translation of:,What is the difference between this and that?,इस और उस में क्या अंतर है?
Translate the following to Hindi:,What is the difference between this and that?,इस और उस में क्या फ़र्क है?
Convert this sentence into Hindi:,What will you be doing at this time tomorrow?,तुम कल इस समय क्या कर रहे होगे?
Translate the following to Hindi:,Whoever wins the race will receive the prize.,जो भी रेस जीतेगा ईनाम उसी का होगा।
Convert this sentence into Hindi:,"You can buy whichever you like, but not both.","तुम्हें इन में से जो भी पसंद है ख़रीद लो, मगर तुम दोनों नहीं ख़रीद सकते।"
Convert this sentence into Hindi:,"As soon as he finished his work, he went home.",वह अपना काम खतम करते ही घर चला गया।
Provide the Hindi translation of:,Going out in this rain is out of the question.,इस बारिश में बाहर जाना एकदम सवाल के बाहर है।
Provide the Hindi translation of:,He is not the sort of guy who gives in easily.,वह आसानी से मान जाने वाला आदमी नहीं है।
Convert this sentence into Hindi:,He took advantage of every opportunity he had.,उसने किसी भी मौके को हाथ से जाने नहीं दिया।
Translate the following to Hindi:,I don't want there to be any misunderstanding.,मैं नहीं चाहता कि कोई भी ग़लतफ़ैमी हो।
Convert this sentence into Hindi:,I had a fight with my older brother yesterday.,मेरा कल मेरे भाई के साथ झगड़ा हुआ था।
Provide the Hindi translation of:,I had a fight with my older brother yesterday.,मेरी कल मेरे भाई के साथ लड़ाई हुई थी।
Translate the following to Hindi:,I have tried innumerable times to contact him.,मैं बहुत बार उससे सम्पर्क करने की कोशिश कर चुकी हूँ।
Translate the following to Hindi:,I remember my mother teaching me the alphabet.,मुझे याद है कि मेरी माँ ने मुझे क-ख-ग-ध सिखाए थे।
Provide the Hindi translation of:,I wonder where to hang the picture he gave me.,सोच रही हूँ उसकी दी हुई तस्वीर को कहाँ टाँगा जाए।
Convert this sentence into Hindi:,I wrote down his name so I wouldn't forget it.,मैंने उसका नाम लिख लिया जिससे कि मैं उसे भूल न जाऊँ।
Convert this sentence into Hindi:,I've been given until tomorrow to finish this.,मुझे ये कल तक खतम करना है ।
Translate the following to Hindi:,My father is my biggest source of inspiration.,मेरे पिताजी मेरे सबसे बड़े प्रेरणा के स्रोत हैं।
Convert this sentence into Hindi:,Please don't hesitate to ask me any questions.,मुझसे कोई भी सवाल पूछने में न हिचकिचाएँ।
Convert this sentence into Hindi:,Please tell me your name and telephone number.,मुझे अपना नाम और फ़ोन नम्बर बताईये।
Translate the following to Hindi:,She is busy at present and can't speak to you.,वे अभी व्यस्थ हैं और आपसे बात नहीं कर सकतीं हैं।
Convert this sentence into Hindi:,She will give her picture to whoever wants it.,वह अपनी तस्वीर जो भी चाहे उसको दे देगी।
Convert this sentence into Hindi:,Take back what you said about me being stingy.,"जो तुमने मेरे कंजूस होने के बारे में कहा था, उस बात को वापस लो।"
Provide the Hindi translation of:,That can't be Mary. She's in the hospital now.,"हो नहीं सकता कि वह मेरी हो, क्योंकि मेरी अभी हस्पताल में है।"
Translate the following to Hindi:,The drug smuggler was arrested at the airport.,दवा तस्कर हवाई अड्डे पर गिरफ्तार किया गया था।
Provide the Hindi translation of:,"The instant he saw the policeman, he ran away.",वह पुलिस अफ़सर को देखते ही भाग गया।
Provide the Hindi translation of:,There is a limit to how much one can tolerate.,बर्दाश्त की भी हद होती है।
Convert this sentence into Hindi:,They were about to leave when I arrived there.,"जब मैं वहाँ पहुँचा, वे जाने वाले थे।"
Convert this sentence into Hindi:,This car has been used for the past ten years.,इस गाड़ी का पिछले दस साल से इस्तेमाल हो रहा है।
Convert this sentence into Hindi:,What time do you usually get up every morning?,तुम आमतौर पर रोज़ सुबह कितने बजे उठते हो?
Convert this sentence into Hindi:,You are fortunate to have such loving parents.,तुम नसीब वालो हो जिसके इतना प्यार करने वाले माँ-बाप हैं।
Convert this sentence into Hindi:,You had better not go out in this bad weather.,अच्छा होगा कि तुम इस बुरे मौसम में बाहर न जाओ।
Provide the Hindi translation of:,You make mistakes if you do things in a hurry.,जल्दबाज़ी में काम करोगे तो ग़लतियाँ तो होंगीं ही।
Convert this sentence into Hindi:,You should write it down before you forget it.,"तुम्हें इसे लिख लेना चाहिए, जिससे पहले कि तुम भूल जाओ।"
Translate the following to Hindi:,You'll get a lot of presents on your birthday.,तुम्हें अपने जन्मदिन पर बहुत सारे तोहफ़े मिलेंगे।
Translate the following to Hindi:,Almost all Japanese boys like to play baseball.,लगभग सारे जापानी लड़कों को बास्केटबॉल खेलना अच्छा लगता है।
Convert this sentence into Hindi:,Can you tell me when to switch the machine off?,क्या मुझे बता सकते हो कि मशीन को कब बंद करना है?
Convert this sentence into Hindi:,Don't forget to return the book to the library.,उस किताब को पुस्तकालय को लौटाना मत भूलना।
Convert this sentence into Hindi:,He became a member of this club five years ago.,वह इस क्लब का सदस्य पाँच साल पहले बना था।
Convert this sentence into Hindi:,He will commit suicide if he can't see his son.,वह अपने बेटे को नहीं देख पाया तो वह आत्महत्या कर लेगा।
Provide the Hindi translation of:,How can you tell good English from bad English?,तुम अच्छी और बुरी अंग्रेज़ी में कैसे अंतर कर सकते हो?
Provide the Hindi translation of:,I came upon an old friend of mine on the train.,मेरी ट्रेन में एक पुराने दोस्त से मुलाक़ात हुई।
Convert this sentence into Hindi:,I have lots of work to clear up by the weekend.,मुझे इस हफ़्ते बहुत सारा काम कर के खतम करना है।
Translate the following to Hindi:,I have no idea to what extent I can trust them.,मुझे नहीं पता मैं उनपर कितना भरोसा कर सकता हूँ।
Convert this sentence into Hindi:,I have no idea to what extent I can trust them.,मुझे नहीं पता मैं उनपर किस हद तक भरोसा कर सकता हूँ।
Provide the Hindi translation of:,I saw a girl whose hair came down to her waist.,मैंने एक लड़की को देखा जिसके बाल उसकी कमर तक आते थे।
Convert this sentence into Hindi:,I saw him go into the toilet a few minutes ago.,मैंने उसे एक-दो मिनट पहले टॉयलेट में जाते हुए देखा था।
Translate the following to Hindi:,India gained independence from Britain in 1947.,भारत को ब्रिटेन से १९४७ में स्वतंत्रता प्राप्त हुई।
Convert this sentence into Hindi:,Last week five students were absent from class.,पिछले हफ़्ते क्लास से पाँच विद्यार्थी अनुपस्थित थे।
Translate the following to Hindi:,She reproached me for not answering the letter.,उसने मुझे चिट्ठी का जवाब न देने के लिए डाँटा।
Convert this sentence into Hindi:,Something must have happened to him on the way.,उसके साथ रास्ते पर कुछ हुआ होगा।
Provide the Hindi translation of:,Sometimes she tried talking to him about India.,वह कभी-कभी उससे भारत की बात करने की कोशिश किया करती थी।
Provide the Hindi translation of:,The reason which he gave is hard to understand.,उसके दिए गए कारण को समझना मुश्किल है।
Provide the Hindi translation of:,The station is located between these two towns.,स्टेशन इन दो नगरों के बीच स्थित है।
Translate the following to Hindi:,There are lots of things for us to think about.,हमारे पास सोचने के लिए बहुत सारी बातें हैं।
Translate the following to Hindi:,These grapes are so sour that I can't eat them.,ये अंगूर इतने खट्टे हैं कि मुझसे खाए नहीं जा रहे।
Translate the following to Hindi:,They booted him out of school for not studying.,"कयोंकि वह पढ़ाई नहीं करता था, उसे स्कूल से निकाल दिया गया।"
Translate the following to Hindi:,Thousands of foreigners visit Japan every year.,हज़ारों विदेशी हर साल जापान जाते हैं।
Convert this sentence into Hindi:,Tom wants to know why you didn't call him back.,टॉम पूछ रहा है कि तुमने उसे कॉल बैक क्यों नहीं किया।
Provide the Hindi translation of:,"We had no customers, so we shut the shop early.","हमारे पास ग्राहक नहीं थे, तो हमने दुकान जल्दी बंद करदी।"
Translate the following to Hindi:,We have some new products we'd like you to see.,आपको कुछ नए प्रॉडक्ट्स दिखाना चाहते हैं।
Provide the Hindi translation of:,We will have to call on our friends to help us.,हमें अपने दोस्तों से मदद माँगनी पड़ेगी।
Provide the Hindi translation of:,When did America become independent of England?,अम्रीका को इंग्लैंड से आज़ादी कब मिली?
Provide the Hindi translation of:,"While I was in Taiwan, I made friends with him.",मैं जब ताईवान में था तब उसके साथ दोस्त बन गया।
Convert this sentence into Hindi:,Would you mind speaking a little softer please?,आवाज़ थोड़ी धीमी कर सकते हो क्या?
Provide the Hindi translation of:,"""Will they go on strike again?"" ""I'm afraid so.""	""","वे फिरसे हड़ताल कर सकते हैं क्या?"" ""लगता तो ऐसा ही है।"""
Provide the Hindi translation of:,An old man was resting in the shade of the tree.,एक बूढ़ा आदमी पेड़ की छाया में आराम कर रहा था।
Translate the following to Hindi:,Could you please speak a little bit more slowly?,आप थोड़ा धीरे बोल सकते हैं क्या?
Provide the Hindi translation of:,Do you think he will be elected president again?,क्या तुम्हे लगता है वह फिरसे प्रेसीडेंट चुना जाएगा?
Convert this sentence into Hindi:,"Frankly speaking, I don't want to work with him.",खुलकर बोलूँ तो मैं उसके साथ काम नहीं करना चाहता।
Translate the following to Hindi:,"He is a nice man, except that he talks too much.","वह आदमी तो भला है, पर बात बहुत ज़्यादा करता है।"
Translate the following to Hindi:,He left his parents when he was eight years old.,वह आठ साल का था जब उसने अपने माता-पिता को छोड़ दिया।
Translate the following to Hindi:,He reminded his wife to wake him up at 7:00 a.m.,उसने अपनी पत्नी को उसे सुबह सात बजे उठाने की बात का याद दिलाया।
Provide the Hindi translation of:,He sent out the parcel the day before yesterday.,उसने पार्सल को परसों भेजा था।
Convert this sentence into Hindi:,He was respected both as a teacher and as a man.,उसको दोनो एक अध्यापक और एक इनसान के रूप में सम्मान मिला।
Translate the following to Hindi:,How long did it take you to translate this book?,तुम्हे इस किताब का अनुवाद करने में कितना समय लगा?
Translate the following to Hindi:,I became friends with him while I was in Taiwan.,तैवान में रहते समय मेरी उससे दोस्ती हुई।
Provide the Hindi translation of:,I found it impossible to do the work in one day.,मुझे एक दिन में काम खतम करना नामुमकिन लगा।
Provide the Hindi translation of:,I have never come across such a stubborn person.,इतने अड़ियल व्यक्ति से मेरी कभी भी मुलाकात नहीं हुई है।
Translate the following to Hindi:,I have to learn many words and phrases by heart.,मुझे बहुत सारे शब्दों और वाक्यांशों को रटना है।
Provide the Hindi translation of:,I thought that he had already finished the work.,मुझे लगा कि वह काम खतम कर चुका था।
Provide the Hindi translation of:,I was ill at ease because I didn't speak French.,मैं परेशान था क्योंकि मुझे फ़्रांसीसी बोलनी नहीं आती थी।
Provide the Hindi translation of:,I was searching for something that didn't exist.,मैं एक ऐसी चीज़ ढूँढ रहा था जिसका अस्तित्व कभी था ही नहीं।
Provide the Hindi translation of:,I was surprised at the news of his sudden death.,मैं उसकी अचानक मौत की खबर से चौंक गया।
Convert this sentence into Hindi:,It is necessary for you to go there immediately.,तुम्हारे लिए वहाँ तुरन्त जाना अनिवार्य है।
Provide the Hindi translation of:,It is necessary for you to see a doctor at once.,तुम्हें जल्द-से-जल्द डॉक्टर के पास जाने की ज़रूरत है।
Provide the Hindi translation of:,It makes no difference whether you agree or not.,"तुम मानो या न मानो, उससे कोई फ़र्क नहीं पड़ता।"
Translate the following to Hindi:,May I talk with you in private about the matter?,मैं तुम्हारे साथ इस बारे में अकेले में बात कर सकता हूँ क्या?
Convert this sentence into Hindi:,"She had plenty of acquaintances, but no friends.",उसकी जान-पहचान में तो बहुत लोग थे पर दोस्त कोई भी नहीं थे।
Convert this sentence into Hindi:,The doctor told her that she should take a rest.,डॉक्टर ने उससे कहा कि उसे आराम लेना चाहिए।
Convert this sentence into Hindi:,They are in favor of the reform of the tax laws.,वे टैक्स सुधार क़ानून के पक्ष में हैं।
Provide the Hindi translation of:,This elevator does not go above the sixth floor.,यह लिफ़्ट छटी मंज़िल तक ही जाती है।
Provide the Hindi translation of:,This machine is superior in quality to that one.,यह मशीन उस मशीन से बेहतर है।
Provide the Hindi translation of:,Tom had fifty dollars in his pocket at the time.,टॉम की जेब में उस समय पचास डॉलर थें।
Convert this sentence into Hindi:,Tomorrow is my birthday and I will be seventeen.,"कल मेरा जन्मदिन है, और मैं सत्रह साल का हो जाऊँगा।"
Translate the following to Hindi:,Tomorrow is my birthday and I will be seventeen.,"कल मेरा जन्मदिन है, और मैं सत्रह साल की हो जाऊँगी।"
Convert this sentence into Hindi:,"When she was reading the letter, she looked sad.",वह चिट्ठी पढ़ने के समय दुखी लग रही थी।
Provide the Hindi translation of:,Why do you think soccer isn't popular in the US?,तुम्हारे खयाल से अम्रीका में फ़ुटबॉल लोकप्रिय क्यों नहीं है?
Translate the following to Hindi:,Will you exchange this sweater for a larger one?,आप यह स्वेटर बड़े नाप वाले के लिए बदल देंगे क्या?
Provide the Hindi translation of:,Write back to me as soon as you get this letter.,तुम्हें जैसे ही यह पत्र मिले मुझे लिखकर जवाब देना।
Provide the Hindi translation of:,You will be all right again in a couple of days.,तुम दो तीन दिनों में फिरसे ठीक हो जाओगे।
Provide the Hindi translation of:,You will be all right again in a couple of days.,तुम दो तीन दिनों में फिरसे ठीक हो जाओगी।
Provide the Hindi translation of:,Do you think we should import rice from the U.S.?,क्या आपको लगता है कि हमे अम्रीका से चावल का आयात करना चाहिए?
Convert this sentence into Hindi:,He contracted malaria while living in the jungle.,जंगल में रहते समय उसे मलेरिया हो गया।
Provide the Hindi translation of:,He left all his property to his wife in his will.,उसने वसीयत में अपनी पत्नी को सारी जायदाद छोड़ दी।
Provide the Hindi translation of:,He made such a long speech that we all got bored.,उसने इतना लम्बा भाषण दिया कि हम सब को बोर कर डाला।
Translate the following to Hindi:,I am of the opinion that he will never come back.,मेरे ख़याल से वह कभी भी वापस नहीं आएगा।
Translate the following to Hindi:,"I slept all day yesterday, because it was Sunday.","कल रविवार था, तो मैं पूरे दिन सोते रहा।"
Convert this sentence into Hindi:,I will tell him about it when he comes next time.,"जब वह अगली बार आएगा, मैं उसे इसके बारे में बाताऊँगा।"
Convert this sentence into Hindi:,I will tell him about it when he comes next time.,"जब वह अगली बार आएगा, मैं उसे इसके बारे में बाताऊँगी।"
Convert this sentence into Hindi:,"If possible, I'd like to travel around the world.",अगर हो सके तो मैं विष्व यात्रा पर जाना चाहूँगा।
Convert this sentence into Hindi:,"If the coffee is too strong, add some more water.",अगर कॉफ़ी ज़्यादा कड़वी है तो थोड़ा और पानी डाललो।
Translate the following to Hindi:,London is one of the largest cities in the world.,लंदन दुनिया के सबसे बड़े शहरों में से एक है।
Translate the following to Hindi:,"London, the capital of England, is on the Thames.",इंग्लैंड की राजधानी लंदन थेम्स नदी के किनारे है।
Provide the Hindi translation of:,The money should be distributed to those in need.,यह पैसा ज़रूरतमंदों में बाँट देना चाहिए।
Translate the following to Hindi:,There is no hurry about returning the book to me.,मुझे वह किताब लौटाने में जल्द-बाज़ी करने की ज़रूरत नहीं है।
Convert this sentence into Hindi:,There weren't any children in the park yesterday.,कल पार्क में एक भी बच्चा नहीं था।
Provide the Hindi translation of:,They wanted to get married as soon as they could.,वे जल्द-से-जल्द शादी करना चाहते थे।
Translate the following to Hindi:,They won't believe me even if I swear it is true.,वे मेरा विश्वास नहीं करेंगे चाहे मैं कसम भी क्यों न खालूँ।
Translate the following to Hindi:,We cannot decide whether to go to college or not.,हम यह फ़ैसला नहीं ले पा रहें हैं कि कॉलेज जाएं या न जाएं।
Translate the following to Hindi:,You have the freedom to travel wherever you like.,तुम्हारे पास जहाँ भी जाने की मर्ज़ी हो वहाँ जाने की आज़ादी है।
Convert this sentence into Hindi:,Father objected to my going to the mountain alone.,पिताजी मेरे पहाड़ पर अकेले जाने से राज़ी नहीं थे।
Convert this sentence into Hindi:,He is confident that he will pass the examination.,उसको यकीन है कि वह परीक्षा में पास हो जाएगा।
Provide the Hindi translation of:,He jumped into water without removing his clothes.,उसने कपड़े उतारे बिना ही पानी में छलाँग लगादी।
Translate the following to Hindi:,I do not know for certain what she is going to do.,मुझे ठीक से नहीं पता वह क्या करने वाली है।
Translate the following to Hindi:,I have a gut feeling that Tom won't pass the test.,मुझे नहीं लगता कि टॉम परीक्षा में उत्तीर्ण होगा।
Translate the following to Hindi:,I have a gut feeling that Tom won't pass the test.,मुझे नहीं लगता कि टॉम टेस्ट में पास होगा।
Convert this sentence into Hindi:,I have nothing to say with regard to that problem.,मुझे इस विषय पर कुछ नहीं कहना है।
Provide the Hindi translation of:,I have nothing to say with regard to that problem.,मुझे इस समस्या के बारे में कुछ नहीं कहना है।
Translate the following to Hindi:,"I know her by sight, but I've never spoken to her.",मैं उसे पहचानता हूँ पर मैंने उससे कभी बात नहीं करी है।
Provide the Hindi translation of:,I learned to play guitar when I was ten years old.,मैंने दस साल की उम्र में ही गिटार बजाना सीख लिया था।
Provide the Hindi translation of:,I spent the whole afternoon chatting with friends.,मैंने दोपहरभर अपने दोस्तों से गप मारी।
Translate the following to Hindi:,I stayed at home all day instead of going to work.,मैं काम पर जाने के बजाय सारे दिन घर पर रहा।
Translate the following to Hindi:,I think there has been some misunderstanding here.,मुझे लगता है कि यहाँ कुछ ग़लतफ़ैमी हुई है।
Convert this sentence into Hindi:,I'm not saying that your answers are always wrong.,मैं यह नहीं कह रही हूँ कि तुम्हारे उत्तर हमेशा ग़लत होते हैं।
Provide the Hindi translation of:,India is the seventh largest country in the world.,भारत विश्व में सातवाँ सबसे बड़ा देश है।
Translate the following to Hindi:,It was so noisy that I couldn't make myself heard.,इतना शोर था कि किसी को भी मेरी आवाज़ सुनाई नहीं दे रही थी।
Provide the Hindi translation of:,It's an absolute waste of time to wait any longer.,और इंतेज़ार करना समय की सरासर बर्बादी होगी।
Provide the Hindi translation of:,Many people encouraged me to fulfill my ambitions.,अपनी अभिलाषाओं को पूरी करने के लिए मुझे बहुत से लोगों ने बढ़ावा दिया।
Translate the following to Hindi:,My mother is constantly forgetting people's names.,मेरी माँ अक्सर लोगों के नाम भूलती रहती है।
Convert this sentence into Hindi:,"She is very careful, so she seldom makes mistakes.","वह बहुत ध्यानपूर्वक है, इसलिए बहुत कम ग़लतियाँ करती है।"
Translate the following to Hindi:,The old man sat in the chair with his eyes closed.,वह बूढ़ा आदमी आँखें बंद करके कुरसी में बैठा था।
Provide the Hindi translation of:,This theory is too difficult for me to comprehend.,यह सिद्धांत मेरे समझने से बाहर है।
Convert this sentence into Hindi:,"To my surprise, she could not answer the question.",मैं हैरान था कि वह सवाल का जवाब नहीं दे पाई।
Translate the following to Hindi:,What number should I call in case of an emergency?,आपातकालीन स्तिथि में मुझे क्या नम्बर मिलाना चाहिए?
Provide the Hindi translation of:,I advise you not to borrow money from your friends.,मेरी तुम्हारे लिए यह सलाह है कि अपने दोस्तों से पैसे उधार मत लो।
Provide the Hindi translation of:,I don't like the polluted atmosphere of big cities.,मुझे बड़े शहरों का प्रदूषित वातावरण अच्छा नहीं लगता।
Provide the Hindi translation of:,I go to the office by bicycle except on rainy days.,"उन दिनों के सिवाय जब बारिश हो रही होती है, मैं साईकल चलाकर काम पर जाता हूँ।"
Convert this sentence into Hindi:,I had hardly reached the school when the bell rang.,मैं बस स्कूल पहुँचा ही था कि घंटी बज गई।
Translate the following to Hindi:,I want to clean the house before my parents return.,मैं अपने पापा-मम्मी के वापस आने से पहले घर साफ़ करना चाहता हूँ।
Convert this sentence into Hindi:,I was kept waiting for a long time at the hospital.,अस्पताल में मुझसे बहुत देर तक इन्तज़ार करवाया गया।
Provide the Hindi translation of:,India was governed by Great Britain for many years.,भारत बहुत सालों तक ग्रेट ब्रिटेन के कबज़े में था।
Convert this sentence into Hindi:,International trade is vital for healthy economies.,अंतर्राष्ट्रीय व्यापार मज़बूत अर्थव्यवस्था के लिए आवश्यक है।
Convert this sentence into Hindi:,It is said that he is the richest man in the world.,कहा जाता है कि वह दुनिया में सबसे अमीर आदमी है।
Provide the Hindi translation of:,It's already eleven o'clock. I must be leaving now.,ग्यारह बज चुके हैं। मुझे चलना चाहिए।
Translate the following to Hindi:,"The bat was stolen yesterday, along with the balls.",बैट और बॉल दोनो कल एकसाथ चोरी हो गए।
Translate the following to Hindi:,The people of London are very proud of this bridge.,लंदन के लोगों को इस ब्रिज पर गर्व है।
Convert this sentence into Hindi:,This is the house where I lived when I was a child.,यह वह घर है जिसमें मैं रहता था जब मैं छोटा था।
Translate the following to Hindi:,We are responsible for your protection from now on.,अबसे आपकी हिफ़ाज़त के लिए हम ज़िम्मेदार हैं।
Translate the following to Hindi:,We arrived at the station as the train was leaving.,हम स्टेशन पर तब पहुँचे जब ट्रेन चल पड़ी थी।
Provide the Hindi translation of:,We must not speak ill of others behind their backs.,हमे लोगों की पीठ के पीछे उनकी बुराई नहीं करनी चाहिए।
Convert this sentence into Hindi:,We will have to take off our shoes before going in.,हमे अंदर जाने से पहले जूते उतारने होंगे।
Provide the Hindi translation of:,"When he arrives in Tokyo, I'll call you right away.",उसके टोक्यो आते ही मैं तुम्हें तुरंत फ़ोन करूँगी।
Convert this sentence into Hindi:,Why do you talk about him as if he were an old man?,तुम उसके बारे में ऐसे बात क्यों करते हो जैसे कि वह बूढ़ा आदमी हो?
Translate the following to Hindi:,"After some hesitation, he laid the book on the desk.","थोड़ी हिचकिचाहट के बाद, उसने किताब को मेज़ पर रखा।"
Translate the following to Hindi:,I will get through with my homework before he comes.,मैं उसके आने से पहले अपना होमवर्क खतम कर लूँगा।
Convert this sentence into Hindi:,I will never forget your kindness so long as I live.,मैं आपकी अच्छाई को कभी नहीं भूलूँगा।
Translate the following to Hindi:,Look carefully. I'm going to show you how it's done.,ग़ौर से देखा। मैं तुम्हें दिखाऊँगा कैसे किया जाता है।
Provide the Hindi translation of:,A selfish man thinks of nothing but his own feelings.,मतलबी इनसान केवल अपनी भावनाओं के बारे में ही सोचता है।
Convert this sentence into Hindi:,A selfish man thinks of nothing but his own feelings.,मतलबी इनसान केवल अपने बारे में ही सोचता है।
Convert this sentence into Hindi:,All the flowers in the garden died for lack of water.,बाग के सारे फूल पानी की कमी की वजह से मर गए।
Provide the Hindi translation of:,I ran into an old friend of mine outside the station.,मुझे स्टेशन के बाहर अपना एक पुराना दोस्त मिल गया।
Translate the following to Hindi:,I spent hours looking for the key that I had dropped.,मैं घंटों तक उस चाबी को ढूँढता रहा जिसे मैंने गिरा दिया था।
Translate the following to Hindi:,I want this photograph developed as soon as possible.,मुझे यह तस्वीर जल्द-से-जल्द बनवानी है।
Provide the Hindi translation of:,I'll arrange for someone to pick you up at your home.,मैं किसी को तुम्हें घर से लेने के लिए भिजवादूँगा।
Convert this sentence into Hindi:,It is dangerous to ride a motorbike without a helmet.,हेलमेट पहने बिना मोटरसाईकल चलाना बहुत खतरनाक होता है।
Provide the Hindi translation of:,It may not be necessary for us to go to that meeting.,शायद हमें उस मीटिंग में जाने की ज़रूरत नहीं पड़ेगी।
Convert this sentence into Hindi:,It would be better for you not to ask him for advice.,बहतर होगा कि तुम उससे सलाह न माँगो।
Convert this sentence into Hindi:,My hands are dirty. I have been repairing my bicycle.,मेरे हाथ गंदे हैं। मैं अपनी साईकल ठीक कर रहा था।
Translate the following to Hindi:,She gave me a large room while I stayed at her house.,"जब मैं उसके घर पर रही, उसने मुझे रहने के लिए एक बड़ा सा कमरा दिया।"
Convert this sentence into Hindi:,The government started a program to promote industry.,सरकार ने उद्योग बढ़ाने के लिए कार्यक्रम शुरू किया।
Translate the following to Hindi:,The majority of the committee voted against the bill.,समिति के अधिकांश सदस्यों ने बिल के पारित होने के खिलाफ़ मत दिया।
Convert this sentence into Hindi:,The other day her mother passed away in the hospital.,कुछ दिन पहले उसकी माँ हस्पताल में चल बसीं।
Translate the following to Hindi:,The population of China is larger than that of India.,चीन की जनसंख्या भारत की से बड़ी है।
Convert this sentence into Hindi:,The speed of the spread of AIDS is horrifyingly fast.,एड्स के फैलाव की तेज़ गति बहुत भयानक है।
Provide the Hindi translation of:,"When you can't do what you want, you do what you can.","जब वह नहीं कर सकते जो करना चाह्ते हो, तो वह करो जो कर सकते हो।"
Provide the Hindi translation of:,French is spoken in France and in some parts of Italy.,फ्रेंच फ्रांस में अौर इटली के कुछ हिस्सो में बोली जाती है।
Convert this sentence into Hindi:,"I got up early, so that I could catch the first train.","मैं जल्दी उठा था, क्योंकि मुझे पहली ट्रेन पकड़नी थी।"
Convert this sentence into Hindi:,I was caught in a shower and was drenched to the skin.,मैं बारिश में फंस गया था और तर-तर भीग गया।
Provide the Hindi translation of:,In Japan there aren't any lakes bigger than Lake Biwa.,जापान में बीवा झील से बड़ी और कोई झील नहीं है।
Convert this sentence into Hindi:,"In case I can't come, I'll give you a call beforehand.",अगर मैं नहीं आ पाया तो तुम्हें पहले फ़ोन करके बतादूँगा।
Convert this sentence into Hindi:,Make sure to turn off all the lights before going out.,बहार जाने से पहले सारी बत्तियाँ बंद करना मत भूलना।
Provide the Hindi translation of:,"Maybe I am unhappy, but I don't intend to kill myself.","हाँ शायद मैं दुखी हूँ, पर मुझे अपनी जान लेने का इरादा नहीं है।"
Translate the following to Hindi:,"Seen from the sky, the river looked like a huge snake.",आसमान से वह नदी एक विशाल सांप की तरह दिख रही थी।
Provide the Hindi translation of:,The king ordered that the prisoner should be set free.,राजा ने हुक़्म दिया कि क़ैदी को रिहा कर दिया जाए।
Provide the Hindi translation of:,The patient was lying in the bed with his eyes closed.,मरीज़ आँखें बंद कर बिस्टर पर लेटा हुआ था।
Convert this sentence into Hindi:,The police arrested the man who had murdered the girl.,पुलिस ने उस लड़की के क़ातिल को हरासत में ले लिया।
Translate the following to Hindi:,We are supposed to take off our shoes at the entrance.,हमे अंदर जाने से पहले जूते उतारने होंगे।
Translate the following to Hindi:,We communicate with each other by telephone every day.,हम रोज़ एक-दूसरे से फ़ोन पर बात करते हैं।
Convert this sentence into Hindi:,We have decided on leaving this town tomorrow morning.,हमने इस नगर को कल सुबह छोड़ने का इरादा किया है।
Convert this sentence into Hindi:,"With a little more patience, you would have succeeded.",अगर तुममें थोड़ा और सब्र होता तो तुम कामयाब हो जाते।
Convert this sentence into Hindi:,You had better chain up the dog so that he won't bite.,तुम्हें कुत्ते को बांध देना चाहिए जिससे कि वह किसी को काट न ले।
Translate the following to Hindi:,You should not speak ill of others behind their backs.,तुमको लोगों कि पीठ के पीछे उनकी बुराई नहीं करनी चाहिए।
Provide the Hindi translation of:,You'll have to work hard if you want to pass the exam.,अगर तुम्हे परीक्षा पास करनी है तो मन लगाकर काम करना होगा।
Translate the following to Hindi:,A committee has been set up to investigate the problem.,इस समस्या की तहकीकात करने के लिए एक समिति स्थापित करी गई है।
Provide the Hindi translation of:,"According to TV news, there was a plane crash in India.","टीवी समाचार के मुताबिक, भारत में विमान दुर्घटना हुई है।"
Translate the following to Hindi:,"As the saying goes, ""Nothing ventured, nothing gained.""","एक कहावत है, ""कुछ पाने के लिए कुछ खोना पड़ता है""।"
Translate the following to Hindi:,Can you tell the difference between these two pictures?,तुम इन दो तस्वीरों में अंतर बता सकते हो?
Translate the following to Hindi:,Don't be afraid to make mistakes when speaking English.,अंग्रेज़ी बोलते समय गलतियों का डर नहीं होना चाहिए।
Convert this sentence into Hindi:,I can't swallow these tablets without a drink of water.,मैं पानी के बिना इन गोलियों को निगल नहीं सकती।
Convert this sentence into Hindi:,In order to stay awake I may have to drink more coffee.,मुझे जगे रहने के लिए शायद और कॉफ़ी पीनी पड़ेगी।
Provide the Hindi translation of:,The Taj Mahal is one of the seven wonders of the world.,ताज महल विश्व के सात आश्चर्यों में से एक है।
Translate the following to Hindi:,The number of fish caught in this river was very small.,इस नदी में बहुत कम मछलियाँ पकड़ीं गईं।
Convert this sentence into Hindi:,The voyage from England to India used to take 6 months.,इंग्लैड से भारत तक का सफ़र छः महीनों का हुआ करता था।
Convert this sentence into Hindi:,There is no point in studying if you are feeling tired.,अगर थक गए हो तो पढ़ाई करने से कोई फ़ायदा नहीं है।
Convert this sentence into Hindi:,They obtained a yield of 8 percent on their investment.,उनके इनवेस्टमेंट पर ८ प्रतिशत का फ़ायदा हुआ।
Convert this sentence into Hindi:,This car has enough power to go up the mountain easily.,गाड़ी में आसानी से पहाड़ चढ़ने लायक जान है।
Provide the Hindi translation of:,We ought to do our best not to pollute our environment.,हमे पर्यावरण के प्रदूषण को रोकने का प्रयास करना चाहिए।
Convert this sentence into Hindi:,You can borrow these books from the library for a week.,आप ये किताबें पुस्तकालय से एक हफ़्ते के लिए ले सकते हैं।
Provide the Hindi translation of:,Your feet are swollen because your shoes are too small.,तुम्हारे पैर सूज गए हैं क्योंकि तुम्हारे जूते बहुत छोटे हैं।
Provide the Hindi translation of:,A mother is responsible for the conduct of her children.,एक माँ अपने बच्चों के बर्ताव के लिए ज़िम्मेदार होती है।
Convert this sentence into Hindi:,Columbus argued that he could reach India by going west.,कोलम्बस ने सोचा कि वह पश्चिम दिशा में जाकर भारत पहुँच सकता था।
Provide the Hindi translation of:,Didn't you know that he passed away about two years ago?,तुम्हें पता नहीं कि वे दो साल पहले ही गुज़र चुके थे?
Convert this sentence into Hindi:,"If I had known her address, I would have written to her.","अगर मुझे उसका पता पता होता, तो मैंने उसे चिट्ठी लिखी हुई होती।"
Provide the Hindi translation of:,"In the 1600s, tea was introduced into Europe from India.",१६०० की शतक में चाय को भारत से यूरोप में लाया गया था।
Provide the Hindi translation of:,"It's been nice talking to you, but I really must go now.","आपसे बात करके खुशी हुई, पर अब मुझे जाना पड़ेगा।"
Provide the Hindi translation of:,It's hard to say what the weather will be like tomorrow.,कल का मौसम कैसा होगा कहना मुश्किल है।
Convert this sentence into Hindi:,"Last night you forgot to turn off the radio, didn't you?",तुम कल रात रेडियो को बंद करना भूल गए थे ना?
Provide the Hindi translation of:,"Without a dictionary, it would be hard to study English.",शब्दकोश (डिक्शनरी) के बिना अंग्रेज़ी की पढ़ाई करना बहुत मुश्किल होगा।
Translate the following to Hindi:,You ought not to have spent so much money on your hobby.,तुम्हें अपने शौक पर इतने सारे पैसे खर्च नहीं करने चाहिए थे।
Provide the Hindi translation of:,"""When will you be back?"" ""It all depends on the weather.""	""","कब वापस आओगे?"" ""यह तो मौसम देख कर पता चलेगा।"""
Provide the Hindi translation of:,He never takes into account the fact that I am very busy.,वह कभी भी इस बात का खयाल नहीं करता है कि मैं कितना व्यस्थ हूँ।
Translate the following to Hindi:,I can barely afford to buy enough food to feed my family.,अपने परिवार के लिए खाना खरीदना भी मेरे लिए मुश्किल है।
Convert this sentence into Hindi:,It is essential to have good command of English nowadays.,आजकल अंग्रेज़ी अच्छे से बोलना जानना बहुत ज़रूरी है।
Provide the Hindi translation of:,Mumbai is the capital of the Indian state of Maharashtra.,मुम्बई भारतीय राज्य महाराष्ट्र की राजधानी है।
Provide the Hindi translation of:,Parents are responsible for the safety of their children.,मातापिता अपने बच्चों की हिफ़ाज़त के लिए ज़िम्मेदार होते हैं।
Translate the following to Hindi:,Parents are responsible for the safety of their children.,मातापिता अपने बच्चों की सुरक्षा के लिए ज़िम्मेदार होते हैं।
Provide the Hindi translation of:,Some of the boys are fishing and the others are swimming.,"कुछ लड़के मछलियाँ पकड़ रहे हैं, और बाकी तैर रहे हैं।"
Provide the Hindi translation of:,"That child is only four, but he can already count to 100.","वह बच्चा हालांकि केवल चार साल का ही है, वह अभी से ही सौ तक गिनती कर सकता है।"
Convert this sentence into Hindi:,The reason why you failed is you did not try hard enough.,तुम नाकामयाब इसलिए रहे क्योंकि तुमने पूरी तरह मेहनत नहीं लगाई।
Convert this sentence into Hindi:,He couldn't sleep because of the noise outside his window.,उसकी खिड़की के बाहर इतना शोर हो रहा था कि वह सो नहीं पा रहा था।
Provide the Hindi translation of:,He intends to devote his life to curing the sick in India.,वह अपनी ज़िंदगी को भारत में बीमारों का इलाज करने में समर्पित करना चाहता है।
Convert this sentence into Hindi:,I have so many clothes I don't know what to wear tomorrow.,मेरे पास इतने सारे कपड़े हैं कि मुझे समझ में नहीं आ रहा है कि कल क्या पहनूँ।
Translate the following to Hindi:,"I tried to give her some money, but she wouldn't take any.",मैंने उसको पैसे देने की कोशिश करी पर उसने इनकार कर दिया।
Provide the Hindi translation of:,It makes no difference to me whether you are rich or poor.,"तुम अमीर हो या ग़रीब, इससे मुझे कोई फ़र्क नहीं पड़ता।"
Convert this sentence into Hindi:,Japan is one of the greatest economic powers in the world.,जापान दुनिया के सबसे ताकतशाली अर्थतंत्रों में से एक है।
Convert this sentence into Hindi:,"On the fifteenth of August, thousands of people fly kites.",पंद्रह अगस्त के दिन हज़ारों लोग पतंग उड़ातें हैं।
Convert this sentence into Hindi:,There is nothing on earth that is not affected by the sun.,विष्व में ऐसी कोई भी वस्तु नहीं है जिसपर सूर्य का प्रभाव न पड़ता हो।
Convert this sentence into Hindi:,There is nothing on earth that is not affected by the sun.,दुनिया में ऐसी कोई भी चीज़ नहीं है जिसपर सूरज का असर न पड़ता हो।
Translate the following to Hindi:,We must hurry if we want to arrive at the station on time.,अगर हमको स्टेशन समय पर पहुँचना है तो हमको जल्दी करनी होगी।
Provide the Hindi translation of:,"According to my calculation, she should be in India by now.",मेरे हिसाब के मुताबिक उसको अभी तक भारत पहुँच जाना चाहिए था।
Convert this sentence into Hindi:,"Although they are twins, they have few interests in common.","वे हालांकि जुड़वा हैं, उनके शोक एक-दूसरे से बहुत अलग हैं।"
Translate the following to Hindi:,Cross off the names of the people who have paid their dues.,"जो पैसे भर चुकें हैं, उनके नाम काट दो।"
Provide the Hindi translation of:,He deliberately ignored me when I passed him in the street.,"जब मैं सड़क पर उसके सामने से गया, उसने जानबूझकर मुझे पहचाना नहीं।"
Provide the Hindi translation of:,He promised me that he would be more careful in the future.,उसने मुझसे वादा किया था कि वह आगे से ज़्यादा सावधान रहेगा।
Provide the Hindi translation of:,Seeing that movie is something like taking a trip to India.,उस फ़िल्म को देखना भारत के सफ़र पर जाने जैसा है।
Provide the Hindi translation of:,The authorities have been hiding the facts from the public.,अधिकारियों ने सच्चाई को आम जनता से छिपा कर रखा हुआ है।
Convert this sentence into Hindi:,"The instant he opened the door, he smelt something burning.",उसे दरवाज़ा खोलते ही किसी चीज़ के जलने की बदबू सुँघाई दी।
Convert this sentence into Hindi:,What is the difference between imitation and real diamonds?,असली और नकली हीरों में क्या फ़र्क होता है?
Convert this sentence into Hindi:,"By the time the sun sets, we will arrive at the destination.",हम सूरज के डूबने से पहले अपनी मंजिल तक पहुँच जाएँगे।
Translate the following to Hindi:,"Covered with dust, the doll stood in the corner of the room.",वह धूल से लिपटी हुई गुड़िया कमरे के कोने में खड़ी हुई थी।
Provide the Hindi translation of:,He finished his dinner because he didn't like to waste food.,"उसे खाने की बर्बादी करना पसंद नहीं था, तो उसने अपना खाना खाकर खतम किया।"
Translate the following to Hindi:,"Nobody likes him, because he is always blowing his own horn.",उसे कोई भी पसंद नहीं करता क्योंकि वह सारे टाईम अपनी बड़ाई करता रहता है।
Convert this sentence into Hindi:,They have demanded that all copies of the book be destroyed.,उन्होंने मांग करी है कि इस किताब की सारी कॉपियाँ नष्ट कर दीं जाएं।
Provide the Hindi translation of:,What do you call a man who takes care of sheep in the field?,खेत में बकरियों की देखभाल करने वाले आदमी को क्या बुलाया जाता है?
Translate the following to Hindi:,"When he would not give them higher pay, they went on strike.","जब उसने उनके वेतन बढ़ाने से इनकार कर दिया, उन्होंने हड़ताल कर दी।"
Convert this sentence into Hindi:,I feel sad when I think about all the people who die in wars.,मुझे दुख होता है जब मैं उन लोगों की सोचता हों जो जंग में अपनी जान खो देते हैं।
Convert this sentence into Hindi:,It looks like rain. You had better take an umbrella with you.,लगता है कि बारिश होगी। तुम्हे छाता लेकर जाना चाहिए।
Translate the following to Hindi:,The fisherman exaggerated the size of the fish he had caught.,मछवारे ने पकड़ी हुई मछली के आकार को बढ़ा-चढ़ाकर बताया।
Convert this sentence into Hindi:,The new government promised to rid the country of corruption.,नई सरकार ने देश को भ्रष्टाचार से मुक्त करने का वादा किया।
Provide the Hindi translation of:,His shoes were so old that his toes were sticking out of them.,उसके जूते इतने पुराने थे कि उनमें से उसकी ऊँगलियाँ निकल रहीं थीं।
Translate the following to Hindi:,"If it had not been for her help, you would never have done it.",उसकी मदद के बिना तुम नहीं कर पाते।
Provide the Hindi translation of:,"Instead of cleaning the house today, I think I'll take a walk.",मैं आज घर साफ़ करने के बजाय सैर करने जाऊँगी।
Translate the following to Hindi:,It has been raining on and off since the day before yesterday.,परसों से बारिश रुक रुक के हो रही है।
Translate the following to Hindi:,It will take me no less than 10 hours to prepare for the exam.,मुझे परीक्षा की तैयारी करने के लिए कम-से-कम दस घंटे लगेंगे।
Convert this sentence into Hindi:,"Mary resembles her mother in appearance, but not in character.",मेरी दिखने में तो अपनी माँ की तरह है पर चरित्र में अलग है।
Convert this sentence into Hindi:,This morning the weather was so bad that I had to take a taxi.,आज सुबह मौसम इतना खराब था कि मुझे टैक्सी लेनी पड़ी।
Translate the following to Hindi:,"When he is in trouble, he always turns to his sister for help.","जब वह मुश्किलों में पड़ता है, वह हमेशा अपनी बहन से मदद माँगता है।"
Translate the following to Hindi:,How long has it been since you gave up teaching at that school?,तुम्हे स्कूल में पढ़ाना छोड़े हुए कितना समय हो गया है?
Convert this sentence into Hindi:,I don't think I shall get through all this work this afternoon.,मुझे नहीं लगता मैं इतना सारा काम इस दोपहर को खतम कर पाऊँगा।
Translate the following to Hindi:,I missed my stop. How long does it take to reach the next stop?,मेरा स्टॉप छूट गया। अगला स्टॉप कितनी देर में आएगा?
Translate the following to Hindi:,To investigate the incident would take us at least three weeks.,हमको इस घटना की तहकीकात करने में कम-से-कम तीन हफ़्ते लगेंगे।
Translate the following to Hindi:,"The older you are, the more difficult it is to learn a language.","तुम्हारी उम्र जितनी बड़ी होती है, तुम्हारे लिए कोई भाषा सीखना उतना ही कठिन होता है।"
Translate the following to Hindi:,Electric power companies are seeking to reduce their use of coal.,बिजली कम्पनियाँ कोयले का इस्तेमाल कम करने की कोशिश कर रही हैं।
Translate the following to Hindi:,It is not till we lose our health that we realize its true value.,हम जब तक अपना स्वास्थ्य नहीं खो देते हैं तब तक उसकी असली कीमत नहीं पहचानते हैं।
Translate the following to Hindi:,It is not till we lose our health that we realize its true value.,"हम जब तक अपनी सेहत नहीं खो देते हैं, हमे तब तक उसकी असली कीमत नहीं पहचानते हैं।"
Convert this sentence into Hindi:,"She wanted to have her hair cut, but her mother wouldn't let her.","वह अपने बाल कटवाना चाह्ती थी, पर उसकी मम्मी राज़ी नहीं थी।"
Provide the Hindi translation of:,You might as well read a novel instead of staring at the ceiling.,छत पर घूरने के बजाए उपन्यास ही पढ़लो।
Translate the following to Hindi:,Don't you think the air conditioner is turned up too high in here?,तम्हें नहीं लगता कि एसी कुछ ज़्यादा ही तेज़ चल रहा है?
Provide the Hindi translation of:,It will not make much difference whether you go today or tomorrow.,"तुम आज जाओ या कल, इससे ज़्यादा फ़र्क नहीं पड़ेगा।"
Provide the Hindi translation of:,The boy gathered a handful of peanuts and put them in a small box.,उस लड़के ने एक मुट्ठीभर मूँगफलियाँ लीं और उन्हें एक छोटे से डब्बे में डाल दिया।
Provide the Hindi translation of:,There's a rumor in the air that the firm is going into bankruptcy.,हवा में एक अफ़वाह है कि उस कारोबार का दिवालिया होने वाला है।
Translate the following to Hindi:,"When you leave the room, please make sure you turn off the lights.","कमरे से निकलने से पहले, कृपया बत्तियाँ बंद कर दीजिएगा।"
Provide the Hindi translation of:,"If Tom doesn't help us, we'll never be able to finish this on time.",अगर टॉम हमारी मदद नहीं करेगा तो हम ये समय पर कभी नहीं कर पायेंगे।
Provide the Hindi translation of:,You must not be afraid of making mistakes when learning a language.,कोई भी नई भाषा सीखने में ग़लतियों से डरना नहीं चहिए।
Translate the following to Hindi:,"If you have a time, could you translate some sentences below, please?","अगर आपके पास थोड़ा समय हो, तो कृपया निम्न वाक्यों का अनुवाद करेंगे?"
Convert this sentence into Hindi:,Many people around the world don't have access to good quality water.,दुनिया भर में बहुत से लोगों को अच्छा पानी उपलब्ध नहीं है।
Convert this sentence into Hindi:,The company gave him a gold watch in acknowledgement of his services.,कम्पनी ने उसकी सेवाओं की पहचान में उसे सोनी की घड़ी दी।
Convert this sentence into Hindi:,She cut the cake into six pieces and gave one to each of the children.,"उसने केक को छः टुकड़ो में काटकर, हर बच्चे हो एक टुकड़ा दिया।"
Convert this sentence into Hindi:,The twin girls are so much alike that I can't tell one from the other.,जुड़वा बहनें एक-दूसरे से इतनी मिलती-जुलतीं हैं कि मैं उनमें फ़र्क नहीं बता सकती।
Translate the following to Hindi:,I make it a practice to help my brother with his homework after supper.,मुझे रात को खाना खाने के बाद अपने भाई को उसके होमवर्क के साथ मदद करने की आदत है।
Provide the Hindi translation of:,"Instead of laying off these workers, why don't we just cut their hours?",इन कर्मचारियों को नौकरी से निकालने की बजाय क्यों न हम इनके काम करना का समय कम करदें?
Provide the Hindi translation of:,Our parents took care of us and now it's our turn to take care of them.,हमारे माता-पिता ने हमारी देखभाल की थी और अभ हमारी बारी है उनकी देखभाल करने की।
Provide the Hindi translation of:,The thieves pulled open all the drawers of the desk in search of money.,चोरों ने पैसे ढूँढने के लिए मेज़ की सारी दराज़ें खोल डालीं।
Translate the following to Hindi:,I learned to drive a car and got a driver's license when I was eighteen.,जब मैं अठारह साल का था मैंने गाड़ी चलानी सीखी और लाईसेंस बनवालिया।
Convert this sentence into Hindi:,Father kept in touch with us by mail and telephone while he was overseas.,"जब पिताजी विदेश में थे, वे हमारे साथ चिट्ठी और फ़ोन से सम्पर्क करते थे।"
Translate the following to Hindi:,"Mother Teresa was a Catholic nun who lived and worked in Calcutta, India.",मदर टेरेसा एक कैथोलिक नन थीं जो कलकत्ता में रहतीं और काम करतीं थीं।
Convert this sentence into Hindi:,George Washington was the first president of the Unites States of America.,जार्ज वाशिंगटन संयुक्त राज्य अमेरिका के पहले राष्ट्रपति थे
Convert this sentence into Hindi:,"In 1951, Sister Teresa was sent to Calcutta, then the largest city in India.","१९५१ में सिस्टर टेरेसा को कलकत्ता भेजा गया था, जो उस समय भारत का सबसे बड़ा शहर था।"
Translate the following to Hindi:,Mother Teresa used the prize money for her work in India and around the world.,"मदर टेरेसा को जो इनाम में पैसे मिले, उन्होंने उन पैसों को भारत और विदोश दोनों में अपने काम में लगाया।"
Provide the Hindi translation of:,"If you go to that supermarket, you can buy most things you use in your daily life.",उस सूपरमार्केट में तुम लगभग कोई भी रोजाने में इस्तेमाल होने वाला सामान ख़रीद सकते हो।
Translate the following to Hindi:,The passengers who were injured in the accident were taken to the nearest hospital.,जिन यात्रियों को दुर्घटना मे चोट आई थी उन्हे अस्पताल ले जाया गया।
Translate the following to Hindi:,"Democracy is the worst form of government, except all the others that have been tried.","लोकतंत्र सरकार का सबसे घिनौना रूप है, अगर बाकी सारी तरह की सरकारों को अंदेखा किया जाए तो।"
Convert this sentence into Hindi:,"If my boy had not been killed in the traffic accident, he would be a college student now.","अगर मेरा बेटा ट्रेफ़िक हादसे में नहीं मारा गया होता, तो वह अभी कॉलेज जा रहा होता।"
Provide the Hindi translation of:,"When I was a kid, touching bugs didn't bother me a bit. Now I can hardly stand looking at pictures of them.","जब मैं बच्चा था, मुझे कीड़ों को छूने से कोई परेशानी नहीं होती थी, पर अब मैं उनकी तस्वीरें देखना भी बर्दाश्त नहीं कर सकता।"
Convert this sentence into Hindi:,Make a good translation of the sentence that you are translating. Don't let translations into other languages influence you.,"आप जिस वाक्य का अनुवाद कर रहे हैं, उस ही का अच्छी तरह से अनुवाद करें। दूसरी भाषाओं के अनुवादों से प्रभावित न होने दें।"
