instruction,Question,Answer
Answer the given question in Hindi:,प्राचीन मानवों के भारतीय उपमहाद्वीप में प्रवास के प्रमुख सम्भावित मार्ग क्या थे?,प्राचीन मानवों का भारतीय उपमहाद्वीप में प्रवास संभवतः अरब सागर और बंगाल की खाड़ी के समुद्रतटीय मार्गों के साथ ही उत्तर-पश्चिमी प्रवासी द्वार के माध्यम से भी हो सकता था।
Write your answer to the question in Hindi:,प्राचीन मानवों को भारतीय उपमहाद्वीप में प्रवास करने के लिए कौन-कौन से कारक प्रेरित कर सकते थे?,"प्राचीन मानवों का भारतीय उपमहाद्वीप में प्रवास विभिन्न कारकों से प्रेरित हो सकता था, जैसे कि पर्यावरणीय परिवर्तन, नए संसाधनों की खोज, जनसंख्या की दबाव, और सांस्कृतिक आदान-प्रदान।"
Provide a response to the given query in Hindi:, प्राचीन मानवों के भारतीय उपमहाद्वीप में प्रवास के सिद्धांतों में समुद्री मार्गों का क्या महत्व है?,"समुद्री मार्गों का महत्वयान प्राचीन मानवों के भारतीय उपमहाद्वीप में प्रवास में हो सकता है, जिसमें अरब सागर और बंगाल की खाड़ी के समुद्रतटीय क्षेत्रों के साथ मार्गानुसार प्रवास हो सकता है।"
Answer the question in Hindi language:,प्राचीन मानवों के भारतीय उपमहाद्वीप में प्रवास के संबंध में अंतर्निहित प्रवास सिद्धांत क्या है?,"अंतर्निहित प्रवास सिद्धांत के अनुसार, प्राचीन मानवों का भारतीय उपमहाद्वीप में प्रवास उत्तर-पश्चिमी प्रवासी द्वार के माध्यम से हो सकता है, जो क्लाईमेटिक परिवर्तन और नए पारिस्थितिकी निच्छे के उद्भव के कारण हो सकता है।"
Reply to the asked question in Hindi:,प्राचीन मानवों के भारतीय उपमहाद्वीप में प्रवास के सिद्धांतों का प्रागैतिहासिक मानव विस्तार को समझने में क्या योगदान है?,"प्राचीन मानवों के भारतीय उपमहाद्वीप में प्रवास के सिद्धांत प्रागैतिहासिक मानव विस्तार पैटर्न, अनुकूलन उपायों, और मानव जनसंख्या और उनके पर्यावरणों के बीच आपसी प्रभाव के बारे में महत्वपूर्ण जानकारी प्रदान करते हैं।"
दिए गए प्रश्न का उत्तर हिंदी में दें:,प्रारंभिक मानवों ने भारतीय उपमहाद्वीप के विभिन्न पर्यावरणीय स्थितियों को किस प्रकार से संजीवनी किया?,"प्रारंभिक मानवों ने भारतीय उपमहाद्वीप के विभिन्न पर्यावरणीय स्थितियों के साथ संजीवनी करने के लिए विभिन्न उपायों का अवलोकन किया, जैसे कि ऊष्मागतीय व्यवस्थाओं का उपयोग, समुद्री खोजों का प्रयोग, और पर्यावरणीय संभावनाओं का सहयोग।"
दिए गए सवाल का जवाब हिंदी में लिखें:,भारतीय उपमहाद्वीप पर थार मरुस्थल से लेकर सिंधु और गंगा नदी के उपजाऊ मैदानों जैसे क्षेत्रों तक की विविध पर्यावरणीय स्थितियों में प्रारंभिक मानवों कैसे अनुकूलन किया?,"प्रारंभिक मानवों ने भारतीय उपमहाद्वीप के विभिन्न क्षेत्रों की विविध पर्यावरणीय स्थितियों में अनुकूलन करने के लिए विभिन्न रूपों में उपाय अपनाए, जैसे कि जल-संचार, जलवायुगत उपाय, और जीवन्ति क्षेत्रों का उपयोग।"
दिए गए प्रश्न का समाधान हिंदी में प्रस्तुत करें:,कैसे प्रारंभिक मानवों ने भारतीय उपमहाद्वीप के थार मरुस्थल के जैसे क्षेत्रों में पर्यावरणीय अनुकूलन किया?,"प्रारंभिक मानवों ने थार मरुस्थल के जैसे क्षेत्रों में पर्यावरणीय अनुकूलन के लिए सूर्य-संचार, अत्यधिक पानी की आवश्यकता के लिए अद्भुत प्रबंधन, और जल-संरक्षण के लिए विभिन्न उपाय अपनाए।"
पूछे गए प्रश्न का उत्तर हिंदी में प्रदान करें:,भारतीय उपमहाद्वीप परिसर में गंगा और सिंधु नदी के तटों पर प्रारंभिक मानवों का पर्यावरणीय अनुकूलन कैसे था?,"गंगा और सिंधु नदी के तटों पर प्रारंभिक मानवों ने जल-संचार और अत्यधिक पानी के उपयोग के माध्यम से पर्यावरणीय अनुकूलन किया, जो उन्हें इन क्षेत्रों में स्थायित्व प्राप्त करने में मदद करता।"
बताए गए सवाल का उत्तर हिंदी में दें।,भारतीय उपमहाद्वीप के थार मरुस्थल के क्षेत्र में प्रारंभिक मानवों ने कैसे अपने आहार तंत्र को समायोजित किया?," प्रारंभिक मानवों ने थार मरुस्थल के क्षेत्र में आहार तंत्र को समायोजित करने के लिए सूखे के अनुकूल खाद्य पदार्थों का उपयोग किया, जैसे कि अल्पाहार, सूखी सब्जियाँ, और जीवनु खाद्य पदार्थ।"
Diye gaye prashn ka uttar Hindi mein dein:,प्रारंभिक मानवों ने भारतीय उपमहाद्वीप के गंगा और सिंधु नदी के मैदानी क्षेत्रों में कैसे निवास किया और वहाँ के पर्यावरण के साथ कैसे संजीवनी किया?,"गंगा और सिंधु नदी के मैदानी क्षेत्रों में निवास करते समय, प्रारंभिक मानवों ने जल-संचार, खेती, और पानी के नियंत्रण के उपायों का उपयोग किया ताकि वे वहाँ के पर्यावरण के साथ अनुकूल हो सकें।"
Diye gaye sawaal ka jawab Hindi mein likhein:,कौन-कौन से प्राकृतिक संसाधनों का उपयोग प्रारंभिक मानवों ने भारतीय उपमहाद्वीप के विभिन्न क्षेत्रों में किया था?,"प्रारंभिक मानवों ने भारतीय उपमहाद्वीप के विभिन्न क्षेत्रों में विभिन्न प्राकृतिक संसाधनों का उपयोग किया, जैसे कि जल, भूमि, और वन्यजीव। इन संसाधनों का उपयोग उन्हें उनके पर्यावरण के साथ संगठित रूप में अनुकूल होने में मदद करता।"
Diye gaye prashn ka samadhan Hindi mein prastut karein:, प्रारंभिक मानवों ने भारतीय उपमहाद्वीप के विभिन्न क्षेत्रों के अनुकूलन के लिए कौन-कौन सी सामाजिक और आर्थिक व्यवस्थाएँ बनाईं?," प्रारंभिक मानवों ने भारतीय उपमहाद्वीप के विभिन्न क्षेत्रों के अनुकूलन के लिए समुदायिक संरचनाओं, व्यापार नेटवर्क्स, और विभिन्न आर्थिक व्यवस्थाओं का निर्माण किया, जो उन्हें उनके पर्यावरणीय संदर्भ में स्थिरता प्रदान करने में सहायक हुआ।"
Pooche gaye prashn ka uttar Hindi mein pradaan karein:,प्राचीन मानवों ने भारतीय उपमहाद्वीप के विभिन्न प्राकृतिक संदर्भों के अनुकूलन के लिए कैसे पेशेवरी की?,"प्राचीन मानवों ने भारतीय उपमहाद्वीप के विभिन्न प्राकृतिक संदर्भों के अनुकूलन के लिए विभिन्न उपायों का अवलोकन किया, जैसे कि वस्तुतः आवश्यक उपकरणों का विकास, वन्यजीव से संबंधित ज्ञान का अध्ययन, और प्राकृतिक संसाधनों के संरक्षण के लिए योजनाएँ।"
Bataye gaye sawaal ka jawab Hindi mein dein:,कैसे प्रारंभिक मानवों ने भारतीय उपमहाद्वीप के विभिन्न भूगोलिक परिसरों में बिजली और ऊर्जा के स्रोतों का उपयोग किया?,"प्रारंभिक मानवों ने भारतीय उपमहाद्वीप के विभिन्न भूगोलिक परिसरों में बिजली और ऊर्जा के स्रोतों का उपयोग किया, जैसे कि जल-ऊर्जा, गैस, और जलवायु-ऊर्जा।"
Answer the given question in Hindi:,प्राचीन मानवों ने भारतीय उपमहाद्वीप के विभिन्न क्षेत्रों के पर्यावरणीय अनुकूलन के लिए वन्यजीव और जलवायु के साथ कैसे उत्पन्न बंधन बनाए?," प्राचीन मानवों ने भारतीय उपमहाद्वीप के विभिन्न क्षेत्रों के पर्यावरणीय अनुकूलन के लिए वन्यजीव और जलवायु के साथ उत्पन्न बंधन बनाए, जैसे कि जलवायु और वन्यजीव संरक्षण के लिए धर्मिक और सामाजिक अनुशासन।"
Write your answer to the question in Hindi:, किस तरह से प्रारंभिक मानवों ने भारतीय उपमहाद्वीप के सिरियल प्राचीन क्षेत्रों के लिए उपयुक्त स्थानीय जीवन शैली का विकास किया?,"प्रारंभिक मानवों ने भारतीय उपमहाद्वीप के सिरियल प्राचीन क्षेत्रों के लिए उपयुक्त स्थानीय जीवन शैली का विकास किया, जैसे कि खेती, पशुपालन, और बार्धिक गतिविधियाँ।"
Provide a response to the given query in Hindi:,प्रारंभिक मानवों ने भारतीय उपमहाद्वीप के स्थलीय वन्य जीवन के साथ किस प्रकार के संबंध बनाए?," प्रारंभिक मानवों ने भारतीय उपमहाद्वीप के स्थलीय वन्य जीवन के साथ सामुदायिक संबंध बनाए, जैसे कि वन्य जीवन संरक्षण, अजीविका के साधन, और सांस्कृतिक महत्व।"
Answer the question in Hindi language:,कैसे प्रारंभिक मानवों ने भारतीय उपमहाद्वीप के पर्यावरणीय बदलावों के साथ अनुकूलन किया?,"प्रारंभिक मानवों ने भारतीय उपमहाद्वीप के पर्यावरणीय बदलावों के साथ अनुकूलन किया जैसे कि जलवायु परिवर्तन, और भूमि और जल के उपयोग का प्रबंधन।"
Reply to the asked question in Hindi:, भारतीय उपमहाद्वीप के अनुकूल पर्यावरणीय संप्रेषण के लिए प्रारंभिक मानवों ने कैसे समुद्री संचार का उपयोग किया?,"प्रारंभिक मानवों ने भारतीय उपमहाद्वीप के अनुकूल पर्यावरणीय संप्रेषण के लिए समुद्री संचार का उपयोग किया, जैसे कि नाविक यात्रा और उपजाऊ जल के संपोषण।"
दिए गए प्रश्न का उत्तर हिंदी में दें:, प्राचीन मानवों ने भारतीय उपमहाद्वीप के पर्यावरणीय संदर्भ में कौन-कौन से विज्ञानिक अनुसंधान किए?,"प्राचीन मानवों ने भारतीय उपमहाद्वीप के पर्यावरणीय संदर्भ में पौधशास्त्र, जलवायुविज्ञान, और प्राकृतिक रसायन जैसे विज्ञानिक अनुसंधान किए।"
दिए गए सवाल का जवाब हिंदी में लिखें:,कैसे प्रारंभिक मानवों ने भारतीय उपमहाद्वीप के अलग-अलग भौतिकीय वातावरणों के अनुकूलन किया?,"प्रारंभिक मानवों ने भारतीय उपमहाद्वीप के अलग-अलग भौतिकीय वातावरणों के अनुकूलन के लिए विभिन्न प्रकार के आवास, उपयुक्त वस्त्र, और उपयोगी उपकरणों का निर्माण किया।"
दिए गए प्रश्न का समाधान हिंदी में प्रस्तुत करें:,प्रारंभिक मानवों ने भारतीय उपमहाद्वीप के विभिन्न भौतिकीय संदर्भों के साथ कैसे समुदायिक रूप से जीवन यापन किया?,"प्रारंभिक मानवों ने भारतीय उपमहाद्वीप के विभिन्न भौतिकीय संदर्भों के साथ समुदायिक रूप से जीवन यापन किया, जैसे कि समुदाय की सामाजिक व्यवस्था, आदिवासी संगठन, और सामुदायिक उत्सव।"
पूछे गए प्रश्न का उत्तर हिंदी में प्रदान करें:,प्रारंभिक मानवों ने भारतीय उपमहाद्वीप में जलवायु परिवर्तन के लिए कैसे अनुकूलन किया?,"प्रारंभिक मानवों ने भारतीय उपमहाद्वीप में जलवायु परिवर्तन के लिए जल संचार, वृक्षारोपण, और परिसर का प्रबंधन जैसे उपायों का अनुकूलन किया।"
बताए गए सवाल का उत्तर हिंदी में दें।,किस प्रकार प्राचीन मानवों ने भारतीय उपमहाद्वीप के समुद्री तटों पर अपने आवास को समायोजित किया?,"प्राचीन मानवों ने भारतीय उपमहाद्वीप के समुद्री तटों पर अपने आवास को समायोजित करने के लिए उचित ढांचे, जैसे कि गुफाएँ और निर्मित आवासों का उपयोग किया।"
Diye gaye prashn ka uttar Hindi mein dein:, प्रारंभिक मानवों ने भारतीय उपमहाद्वीप के विभिन्न भौतिकीय वातावरणों के साथ कैसे संबंध बनाए?,"प्रारंभिक मानवों ने भारतीय उपमहाद्वीप के विभिन्न भौतिकीय वातावरणों के साथ संबंध बनाए, जैसे कि समुद्री, अग्नि, वायु, और पृथ्वी।"
Diye gaye sawaal ka jawab Hindi mein likhein:,प्राचीन मानवों ने भारतीय उपमहाद्वीप के विभिन्न पर्यावरणीय संदर्भों के लिए कौन-कौन से साहित्यिक स्रोतों का उपयोग किया?,"प्राचीन मानवों ने भारतीय उपमहाद्वीप के विभिन्न पर्यावरणीय संदर्भों के लिए वेद, पुराण, एवं लोककथाओं जैसे साहित्यिक स्रोतों का उपयोग किया।"
Diye gaye prashn ka samadhan Hindi mein prastut karein:,प्रारंभिक मानवों ने भारतीय उपमहाद्वीप के विभिन्न भौतिकीय वातावरणों के साथ किस प्रकार से संबंध स्थापित किए?,"प्रारंभिक मानवों ने भारतीय उपमहाद्वीप के विभिन्न भौतिकीय वातावरणों के साथ वास्तुकला, सांस्कृतिक प्रथाओं, और धार्मिक आदर्शों के माध्यम से संबंध स्थापित किए।"
Pooche gaye prashn ka uttar Hindi mein pradaan karein:, प्राचीन मानवों ने भारतीय उपमहाद्वीप के वन्यजीव और जलवायु के संरक्षण के लिए कौन-कौन से प्राकृतिक संसाधनों का उपयोग किया?,"प्राचीन मानवों ने भारतीय उपमहाद्वीप के वन्यजीव और जलवायु के संरक्षण के लिए जल, जलवायु, और भूमि के प्राकृतिक संसाधनों का उपयोग किया।"
Bataye gaye sawaal ka jawab Hindi mein dein:,प्रारंभिक मानवों ने भारतीय उपमहाद्वीप के विभिन्न पर्यावरणीय स्थितियों में स्थायी निवास के लिए कैसे तैयारी की?,"प्रारंभिक मानवों ने भारतीय उपमहाद्वीप के विभिन्न पर्यावरणीय स्थितियों में स्थायी निवास के लिए स्थानीय वस्त्र, आवास, और आवश्यक सामग्री का निर्माण किया।"
Answer the given question in Hindi:,प्राचीन मानवों ने पथरीय उपकरणों का विकास किस प्रकार किया?,प्राचीन मानवों ने पथरीय उपकरणों का विकास सरल हैंडएक्स से ज्यादा परिष्कृत और उत्कृष्ट उपकरणों की ओर ले जाते हुए किया।
Write your answer to the question in Hindi:,पथरीय उपकरणों का विकास किस प्रकार से प्राचीन मानवों के मानसिक क्षमताओं और सांस्कृतिक विकास के संदर्भ में महत्वपूर्ण है?," पथरीय उपकरणों का विकास प्राचीन मानवों की मानसिक क्षमताओं और सांस्कृतिक विकास को समझने के लिए महत्वपूर्ण है, क्योंकि यह उनकी तकनीकी क्षमता और समुदाय की अभिवृद्धि का संकेत देता है।"
Provide a response to the given query in Hindi:,पथरीय उपकरणों की विकासात्मक प्रक्रिया में क्या कारक थे?,पथरीय उपकरणों की विकासात्मक प्रक्रिया में मुख्य कारक शारीरिक और मानसिक आवश्यकताओं के अनुसार उपकरणों के डिजाइन में परिवर्तन और प्रोत्साहन थे।
Answer the question in Hindi language:,प्राचीन मानवों के उपकरणों के प्रकारों में क्या अंतर हैं और इसका महत्व क्या है?,"प्राचीन मानवों के उपकरणों के प्रकारों में साधारण हाथी बल्ट्स, चिक्कनी सी धारा, और पथरीय ब्लेड्स की श्रेणियाँ शामिल हैं, जिनका महत्व उनके तकनीकी विकास और उपयोग की विविधता को समझने में है।"
Reply to the asked question in Hindi:,प्राचीन मानवों के उपकरणों के विकास की अध्ययन से क्या सीखा जा सकता है?,"प्राचीन मानवों के उपकरणों के विकास की अध्ययन से हम उनकी समझ, तकनीकी क्षमता, और समुदाय के विकास के संदर्भ में महत्वपूर्ण जानकारी प्राप्त कर सकते हैं।"
दिए गए प्रश्न का उत्तर हिंदी में दें:,प्राचीन मानवों ने साधारण हाथी बल्ट्स के उपयोग का विकास किसलिए किया?,"साधारण हाथी बल्ट्स का विकास प्राचीन मानवों द्वारा भोजन पकड़ने, जंगली फलों और वन्यजीवन से खाद्य संग्रह करने, और उनके रहने के स्थानों की निर्मिति के लिए किया गया।"
दिए गए सवाल का जवाब हिंदी में लिखें:,पथरीय उपकरणों का विकास प्राचीन मानवों के समुदायिक जीवन के कैसे परिणामस्वरूप हुआ?,"पथरीय उपकरणों के विकास से प्राचीन मानव समुदायों के भोजन के प्राप्ति, जीवन शैली की सुविधा, और उनकी समाजिक संरचना में सुधार हुआ।"
दिए गए प्रश्न का समाधान हिंदी में प्रस्तुत करें:, प्राचीन मानवों के पथरीय उपकरणों का विकास उनकी सोचने के तरीके पर कैसा प्रभाव डाला?,"प्राचीन मानवों के पथरीय उपकरणों का विकास उनकी सोचने के तरीके पर प्रभाव डाला, जिससे उनकी तकनीकी चेतना और बुद्धिमत्ता का विकास हुआ।"
पूछे गए प्रश्न का उत्तर हिंदी में प्रदान करें:,पथरीय उपकरणों के विकास का समाजशास्त्रीय महत्व क्या है?,पथरीय उपकरणों के विकास से हम समझ सकते हैं कि प्राचीन मानव समुदायों का सामाजिक और आर्थिक विकास कैसे हुआ और उनकी सामाजिक संरचना कैसी थी।
बताए गए सवाल का उत्तर हिंदी में दें।," पथरीय उपकरणों के विकास के साथ, प्राचीन मानवों की सामाजिक संगठना में कैसे परिवर्तन हुआ?","पथरीय उपकरणों के विकास के साथ, प्राचीन मानव समुदायों की भोजन प्रणाली, समाजिक संगठन, और आर्थिक विकास में सुधार हुआ।"
Diye gaye prashn ka uttar Hindi mein dein:,पाषाणकालीन समाजों द्वारा उपयोग किए गए पशुओं के शिकार के लिए कौन-कौन से तकनीकों का उपयोग किया गया था?,"पाषाणकालीन समाजों ने पशुओं के शिकार के लिए जाल, धरोहरी, और तीर-बाण जैसे हथियारों का उपयोग किया।"
Diye gaye sawaal ka jawab Hindi mein likhein:,बड़े खेल के शिकार के लिए कौन-कौन से उपकरण प्राचीन समाजों द्वारा प्रयोग किए जाते थे?,"बड़े खेल के शिकार के लिए पाषाणकालीन समाज उच्च गुणवत्ता के हथियारों का उपयोग करते थे, जैसे कि तीर-बाण और धनुष।"
Diye gaye prashn ka samadhan Hindi mein prastut karein:, पाषाणकालीन समाजों के जीवन में जंगली पौधों का कितना महत्व था?,"जंगली पौधों का पाषाणकालीन समाजों के जीवन में महत्वपूर्ण योगदान था, जो उन्हें भोजन की विविधता प्रदान करते थे।"
Pooche gaye prashn ka uttar Hindi mein pradaan karein:,पाषाणकालीन समाजों द्वारा उपयोग किए गए जाल का क्या महत्व था?,जाल पाषाणकालीन समाजों में पशुओं के शिकार के लिए एक महत्वपूर्ण और प्रभावी तकनीक था। यह उन्हें बड़े प्राणियों को पकड़ने में मदद करता था।
Bataye gaye sawaal ka jawab Hindi mein dein:,पाषाणकालीन समाजों द्वारा उपयोग किए गए धरोहरी का उपयोग किस तरह से किया जाता था?,"धरोहरी पाषाणकालीन समाजों में पशुओं के शिकार के लिए फार्मल उपकरण था, जो उन्हें दुर्बल प्राणियों को पकड़ने में सहायक था।"
Answer the given question in Hindi:,पाषाणकालीन समाजों के जीवन में जंगली फलों और सब्जियों का क्या योगदान था?,"जंगली फलों और सब्जियों का प्राप्तिकरण पाषाणकालीन समाजों के जीवन में अत्यंत महत्वपूर्ण था, जो उन्हें पौष्टिक आहार प्रदान करते थे।"
Write your answer to the question in Hindi:,पाषाणकालीन समाजों में जंगली पौधों का संग्रह किस प्रकार किया जाता था?,"पाषाणकालीन समाजों में, जंगली पौधों का संग्रह साक्षात्कारिक और स्थायी रूप से लाभकारी था, जो उन्हें विभिन्न पौष्टिक और चिकित्सा गुणों वाले वनस्पतियों के प्राप्त करने में मदद करता था।"
Provide a response to the given query in Hindi:,पाषाणकालीन समाजों के लोग कैसे जानते थे कि कौन से क्षेत्र में खासगी जानवर पाए जा सकते हैं?,"पाषाणकालीन समाजों में, लोग पूर्व अनुभव, ज्ञान, और अनुभव के माध्यम से क्षेत्रों के जानवरों के प्राकृतिक हार्बर को जानते थे।"
Answer the question in Hindi language:, पाषाणकालीन समाजों में खासगी जानवरों के शिकार के लिए किस प्रकार की स्थानीय ज्ञान की आवश्यकता थी?,"खासगी जानवरों के शिकार के लिए, पाषाणकालीन समाजों को स्थानीय ज्ञान की आवश्यकता थी जैसे कि प्राणी के स्वाभाविक स्थान, चलन, और उसके प्राणीय संगठन के बारे में।"
Reply to the asked question in Hindi:,पाषाणकालीन समाजों द्वारा उपयोग किए गए पशुओं के शिकार के लिए कौन-कौन से तकनीकों का उपयोग किया गया था?,"पाषाणकालीन समाजों ने पशुओं के शिकार के लिए जाल, धरोहरी, और तीर-बाण जैसे हथियारों का उपयोग किया।"
दिए गए प्रश्न का उत्तर हिंदी में दें:,बड़े खेल के शिकार के लिए कौन-कौन से उपकरण प्राचीन समाजों द्वारा प्रयोग किए जाते थे?,"बड़े खेल के शिकार के लिए पाषाणकालीन समाज उच्च गुणवत्ता के हथियारों का उपयोग करते थे, जैसे कि तीर-बाण और धनुष।"
दिए गए सवाल का जवाब हिंदी में लिखें:, पाषाणकालीन समाजों के जीवन में जंगली पौधों का कितना महत्व था?,"जंगली पौधों का पाषाणकालीन समाजों के जीवन में महत्वपूर्ण योगदान था, जो उन्हें भोजन की विविधता प्रदान करते थे।"
दिए गए प्रश्न का समाधान हिंदी में प्रस्तुत करें:, पाषाणकालीन समाजों द्वारा उपयोग किए गए जाल का क्या महत्व था?,जाल पाषाणकालीन समाजों में पशुओं के शिकार के लिए एक महत्वपूर्ण और प्रभावी तकनीक था। यह उन्हें बड़े प्राणियों को पकड़ने में मदद करता था।
पूछे गए प्रश्न का उत्तर हिंदी में प्रदान करें:,पाषाणकालीन समाजों द्वारा उपयोग किए गए धरोहरी का उपयोग किस तरह से किया जाता था?,"धरोहरी पाषाणकालीन समाजों में पशुओं के शिकार के लिए फार्मल उपकरण था, जो उन्हें दुर्बल प्राणियों को पकड़ने में सहायक था।"
बताए गए सवाल का उत्तर हिंदी में दें।,पाषाणकालीन समाजों के जीवन में जंगली फलों और सब्जियों का क्या योगदान था?,"जंगली फलों और सब्जियों का प्राप्तिकरण पाषाणकालीन समाजों के जीवन में अत्यंत महत्वपूर्ण था, जो उन्हें पौष्टिक आहार प्रदान करते थे।"
Diye gaye prashn ka uttar Hindi mein dein:, पाषाणकालीन समाजों में खासगी जानवरों के शिकार के लिए किस प्रकार की स्थानीय ज्ञान की आवश्यकता थी?,"खासगी जानवरों के शिकार के लिए, पाषाणकालीन समाजों को स्थानीय ज्ञान की आवश्यकता थी जैसे कि प्राणी के स्वाभाविक स्थान, चलन, और उसके प्राणीय संगठन के बारे में।"
Diye gaye sawaal ka jawab Hindi mein likhein:,पाषाणकालीन समाजों में सामाजिक संरचनाओं के किस प्रकार के संभावित रूपों की खोज की गई थी?,"पाषाणकालीन समाजों में, संभावित सामाजिक संरचनाओं में सम्भावित थे: बातचीत के आधार पर समूहीकरण, परंपरागत स्तर पर नेतृत्व, काम का विभाजन, और सामूहिक निवासी व्यवस्थाओं की विविधता।"
Diye gaye prashn ka samadhan Hindi mein prastut karein:,पाषाणकालीन समाजों में नेतृत्व के सिद्धांतों पर क्या सोचा गया था?,"पाषाणकालीन समाजों में, नेतृत्व के सिद्धांतों पर सोचा गया था कि यह शासन की अधिकारिकता, अनुशासन, और अनुगमन के माध्यम से समूह को संगठित और नियंत्रित करता है।"
Pooche gaye prashn ka uttar Hindi mein pradaan karein:,पाषाणकालीन समाजों में श्रम का कैसे विभाजन होता था?,"पाषाणकालीन समाजों में, श्रम का विभाजन विभिन्न क्षेत्रों और आवश्यकताओं के आधार पर होता था, जैसे कि शिकार, खाद्य संग्रह, निर्माण, और समूह के सामाजिक कार्य।"
Bataye gaye sawaal ka jawab Hindi mein dein:, पाषाणकालीन समाजों में सामूहिक रहने के व्यवस्थाओं के बारे में क्या थियोरीज़ थी?,"पाषाणकालीन समाजों में, सामूहिक रहने के व्यवस्थाओं के बारे में कई थियोरीज़ थीं, जिनमें गृहस्थी और समूह के निर्णय निर्माण के माध्यम से सामूहिक जीवन का वर्णन था।"
Answer the given question in Hindi:,पाषाणकालीन समाजों में समूह के निर्णय निर्माण कैसे होता था?,"पाषाणकालीन समाजों में, समूह के निर्णय निर्माण लोगों के सामूहिक चर्चा और सहमति के माध्यम से होता था, जिसमें नेतृत्व और सामूहिक निर्णय निर्माण का महत्वपूर्ण भूमिका होती थी।"
Write your answer to the question in Hindi:, पाषाणकालीन समाजों में सामूहिक निवासी व्यवस्थाओं का क्या महत्व था?,"पाषाणकालीन समाजों में, सामूहिक निवासी व्यवस्थाओं का महत्व था क्योंकि यह सामूहिक सुरक्षा, सहयोग, और संगठन की सुविधा प्रदान करता था।"
Provide a response to the given query in Hindi:,पाषाणकालीन समाजों में सामूहिक जीवन की व्यवस्था किस प्रकार की थी?,"पाषाणकालीन समाजों में, सामूहिक जीवन की व्यवस्था गांवों या समूहों के रूप में होती थी जो साझा आवास, भोजन,"
Answer the question in Hindi language:,पाषाणकालीन समाजों में समूहिक जीवन की व्यवस्था किस प्रकार की थी?,"पाषाणकालीन समाजों में, समूहिक जीवन की व्यवस्था गांवों या समूहों के रूप में होती थी जो साझा आवास, भोजन, और सामूहिक गतिविधियों का आयोजन करते थे।"
Reply to the asked question in Hindi:,पाषाणकालीन समाजों में व्यक्तिगत और सामूहिक जिम्मेदारियों के बारे में क्या सोचा गया था?,"पाषाणकालीन समाजों में, व्यक्तिगत और सामूहिक जिम्मेदारियों को समृद्धि, सामूहिक सुरक्षा, और सामूहिक संगठन के माध्यम से समायोजित किया गया था।"
दिए गए प्रश्न का उत्तर हिंदी में दें:,पाषाणकालीन समाजों में जाति और वर्ण की क्या भूमिका थी?,"पाषाणकालीन समाजों में, जाति और वर्ण की भूमिका सामाजिक व्यवस्था को संरक्षित रखने और समृद्धि को साझा करने में मदद करती थी।"
दिए गए सवाल का जवाब हिंदी में लिखें:,पाषाणकालीन समाजों में नागरिकों के सामाजिक संगठन का कैसे विवरण होता था?,"पाषाणकालीन समाजों में, नागरिकों का सामाजिक संगठन ग्रामीण और शहरी समुदायों में था, जो साझा सामाजिक संरचनाओं, सामूहिक गतिविधियों, और समूहिक निर्णय निर्माण पर आधारित था।"
दिए गए प्रश्न का समाधान हिंदी में प्रस्तुत करें:,पाषाणकालीन समाजों में लिंग भेदभाव का क्या प्रमुख कारण था?,"पाषाणकालीन समाजों में, लिंग भेदभाव का मुख्य कारण संजीवन, भौतिक शक्ति, और सामाजिक संरचना के भेदों पर आधारित था।"
पूछे गए प्रश्न का उत्तर हिंदी में प्रदान करें:,पाषाणकालीन समाजों में नागरिकों के बीच व्यापारिक और सामाजिक नेटवर्क का क्या महत्व था?,"पाषाणकालीन समाजों में, व्यापारिक और सामाजिक नेटवर्क का महत्व था क्योंकि यह संगठन, आर्थिक विकास, और सामूहिक सुरक्षा के लिए महत्वपूर्ण था।"
बताए गए सवाल का उत्तर हिंदी में दें।,पाषाणकालीन समाजों में समाजिक संरचनाओं के विकास के प्रमुख कारक क्या थे?,"पाषाणकालीन समाजों में, समाजिक संरचनाओं के विकास के प्रमुख कारक जनसंख्या, भूमि के उपयोग, और संसाधनों के प्रबंधन के रूप में थे।"
Diye gaye prashn ka uttar Hindi mein dein:, पाषाणकालीन कला में किस प्रकार का प्रमुख संकेतिकता और विषय थे?,"पाषाणकालीन कला में प्रमुख संकेतिकता और विषय थे जैसे कि जीवन और मृत्यु, प्राकृतिक प्राणियों और उनकी चित्रण, धार्मिक और आध्यात्मिक संदेश, और समुदाय की कल्पना।"
Diye gaye sawaal ka jawab Hindi mein likhein:,पाषाणकालीन कला में उपयोग किए जाने वाले तकनीकों का उल्लेख करें।,"पाषाणकालीन कला में, उपयोग किए जाने वाले तकनीकों में सीधे चढ़ाई, रंगीन पिग्मेंट्स का उपयोग, और चूंकों और उपकरणों का उपयोग शामिल थे।"
Diye gaye prashn ka samadhan Hindi mein prastut karein:,भारतीय उपमहाद्वीप में पाषाणकालीन कला के प्रमुख ध्वनिक और धार्मिक प्रतीक कौन-कौन से थे?,"भारतीय उपमहाद्वीप में पाषाणकालीन कला के प्रमुख ध्वनिक और धार्मिक प्रतीक गजराजों, हस्तियों, सांपों, और योगियों के रूप में थे।"
Pooche gaye prashn ka uttar Hindi mein pradaan karein:,पाषाणकालीन कला के पेत्रोग्लिफ्स और गुफाओं में प्राकृतिक विचारों की प्रस्तुति कैसे की जाती थी?,"पाषाणकालीन कला के पेत्रोग्लिफ्स और गुफाओं में प्राकृतिक विचारों की प्रस्तुति रंग, प्राकृतिक आकृतियाँ, और प्राचीन मानव-प्राणियों के चित्रण के माध्यम से की जाती थी।"
Bataye gaye sawaal ka jawab Hindi mein dein:,क्या भारतीय उपमहाद्वीप में पाषाणकालीन कला की आवश्यकता और महत्व था?,"हां, भारतीय उपमहाद्वीप में पाषाणकालीन कला की आवश्यकता और महत्व था, क्योंकि यह समाज के सांस्कृतिक, धार्मिक, और आर्थिक जीवन का महत्वपूर्ण हिस्सा था।"
Answer the given question in Hindi:, पाषाणकालीन कला के पेत्रोग्लिफ्स और गुफाओं के अलावा भारतीय उपमहाद्वीप में कौन-कौन से अन्य स्थानों पर पाषाणकालीन कला की प्राप्ति हुई?," भारतीय उपमहाद्वीप में, पाषाणकालीन कला की प्राप्ति अलावा पेत्रोग्लिफ्स और गुफाओं के साथ कई अन्य स्थानों पर हुई, जैसे कि छट्टीसगढ़, मध्य प्रदेश,"
Write your answer to the question in Hindi:,पाषाणकालीन कला के प्रतिनिधि विषयों में कौन-कौन से सामाजिक और धार्मिक अर्थ थे?,"पाषाणकालीन कला के प्रतिनिधि विषयों में सामाजिक और धार्मिक अर्थ थे जैसे कि जीवन की पुनर्जन्म, प्राकृतिक प्रकृति की पूजा, और सामाजिक समर्थन।"
Provide a response to the given query in Hindi:,पाषाणकालीन कला के प्रमुख चित्रण के रूप में क्या-क्या था?," पाषाणकालीन कला के प्रमुख चित्रण में प्राणियों के चित्रण, अभिव्यक्ति के अंग, धार्मिक अद्वितीयता, और समुदाय के साथ जुड़े संबंधों के दर्शन होते थे।"
Answer the question in Hindi language:, पाषाणकालीन कला में प्राचीन मानव समाज के आदिवासी समाज की जीवनशैली का क्या प्रतिनिधित्व था?,"पाषाणकालीन कला में प्राचीन मानव समाज के आदिवासी समाज की जीवनशैली का प्रतिनिधित्व था जैसे कि शिकार करना, समूह जीवन, और धार्मिक अद्वितीयता।"
Reply to the asked question in Hindi:,पाषाणकालीन कला का क्या महत्व था समाजिक संगठन में?,"पाषाणकालीन कला समाजिक संगठन में महत्वपूर्ण भूमिका निभाती थी, क्योंकि यह सामाजिक समर्थन, धार्मिक विश्वासों को साझा करने, और सामूहिक अभिव्यक्ति के एक माध्यम के रूप में कार्य करती थी।"
दिए गए प्रश्न का उत्तर हिंदी में दें:, भारतीय उपमहाद्वीप में पाषाणकालीन कला की किस प्रकार की विविधता थी?,"भारतीय उपमहाद्वीप में, पाषाणकालीन कला की विविधता थी जैसे कि चित्रों की भौगोलिक स्थिति, चित्रण के शैली, और विभिन्न प्राकृतिक अद्वितीयताओं के आधार पर।"
दिए गए सवाल का जवाब हिंदी में लिखें:,पाषाणकालीन कला की चित्रण में उपयोग किए जाने वाले प्राचीन सामाजिक अद्वितीयताओं के उदाहरण क्या थे?,"पाषाणकालीन कला में, प्राचीन सामाजिक अद्वितीयताओं के उदाहरण में गजराजों, योगियों, समुद्री प्राणियों, और प्राकृतिक प्रकृति की पूजा शामिल थी।"
दिए गए प्रश्न का समाधान हिंदी में प्रस्तुत करें:,पाषाणकालीन कला के प्रतिनिधि कौशलों में स्वास्थ्य और जीवनशैली का क्या प्रमुख अंग था?,"पाषाणकालीन कला के प्रतिनिधि कौशलों में स्वास्थ्य और जीवनशैली का प्रमुख अंग था, क्योंकि यह जीवन के महत्वपूर्ण पहलुओं का प्रतिनिधित"
पूछे गए प्रश्न का उत्तर हिंदी में प्रदान करें:,"पाषाण उपकरणों के अलावा, पाषाणकालीन समाजों में अग्नि का उपयोग किस प्रकार किया गया था?","पाषाणकालीन समाजों में, अग्नि का उपयोग खाने का प्रकार सुधारने, उपकरणों की धारा बनाने, और संग्रह और पकाने की सुविधा प्रदान करने के लिए किया गया था।"
बताए गए सवाल का उत्तर हिंदी में दें।,कैसे भारतीय उपमहाद्वीप के पाषाणकालीन समाजों में हड्डी के उपयोग किए जाते थे?,"भारतीय उपमहाद्वीप के पाषाणकालीन समाजों में, हड्डी के उपयोग काम के उपकरणों, खाद्य और पानी के व्यवस्थापन में और शिकार की प्रोसेसिंग में किया जाता था।"
Diye gaye prashn ka uttar Hindi mein dein:,शीर्षक उत्पादन या तंतु उत्पादन के रूप में पाषाणकालीन समाजों में कैसे प्रौद्योगिकी ने महत्वपूर्ण भूमिका निभाई?,"पाषाणकालीन समाजों में, तंतु उत्पादन और शीर्षक उत्पादन जैसे कि धागा, रोपन, और कपड़े उत्पादन ने समाज के अर्थतन्त्र को विकसित किया।"
Diye gaye sawaal ka jawab Hindi mein likhein:, पाषाणकालीन समाजों में जल के उपयोग का महत्व क्या था?,"पाषाणकालीन समाजों में, जल के उपयोग का महत्व था जैसे कि शिकार को धोने, भोजन पकाने, और सामूहिक समुद्री संचालन के लिए।"
Diye gaye prashn ka samadhan Hindi mein prastut karein:,किस प्रकार के उपकरणों का उपयोग पाषाणकालीन समाजों में आया जाता था?,"पाषाणकालीन समाजों में, हड्डी, पशु की चर्म, और लकड़ी जैसे उपकरणों का उपयोग किया जाता था जो शिकार, खाद्य पकाने, और भविष्यवाणी के उद्देश्य से बनाए गए थे।"
Pooche gaye prashn ka uttar Hindi mein pradaan karein:,जल के उपयोग की महत्वपूर्ण विधियों में कौन-कौन सी थीं?,"पाषाणकालीन समाजों में, जल के उपयोग की महत्वपूर्ण विधियों में जल उपलब्ध कराने के लिए नाली या छोटे जल संचार सिस्टम, कुएं, और पानी को भंडारित करने के लिए तालाब शामिल थे।"
Bataye gaye sawaal ka jawab Hindi mein dein:, क्या पाषाणकालीन समाजों में वस्त्र या रेशम का उत्पादन किया जाता था?," हां, पाषाणकालीन समाजों में, वस्त्र या रेशम का उत्पादन किया जाता था जो गहनों, आवास की चादरों, और अन्य उपयोगों के लिए उपयोगी था।"
Answer the given question in Hindi:, पाषाणकालीन समाजों में आग के उपयोग का महत्व क्या था?,"आग का उपयोग पाषाणकालीन समाजों में खाने को पकाने, संग्रह को सुरक्षित रखने, और शिकार को आसानी से पकड़ने के लिए किया जाता था।"
Write your answer to the question in Hindi:,किस प्रकार के आधुनिक उपकरणों का पाषाणकालीन समाजों में प्रयोग होता था?,"आधुनिक उपकरणों में जैसे कि अग्नि के साथ संबंधित उपकरण, नाली और जल संचार सिस्टम, और भोजन पकाने के उपकरण, पाषाणकालीन समाजों में प्रयोग होते थे।"
Provide a response to the given query in Hindi:, पाषाणकालीन समाजों में धातु या पाषाण उपकरणों की तुलना में हड्डी या लकड़ी के उपयोग का क्या महत्व था?,"हड्डी और लकड़ी के उपयोग का महत्व पाषाणकालीन समाजों में उन्नत उपकरणों, जैसे कि शिकार के लिए संकल्पनाशीलता, सामूहिक घरों के निर्माण, और जीवन की बेहतर गुणवत्ता के लिए था।"
Answer the question in Hindi language:, पाषाणकालीन समाजों में कौन-कौन से खाद्यान्न उत्पाद बनाए जाते थे?,"पाषाणकालीन समाजों में, खाद्यान्न उत्पाद जैसे कि फल, अनाज, और पशु उत्पाद को संग्रहित और प्रोसेस किया जाता था।"
Reply to the asked question in Hindi:,किस प्रकार की असाधारण उपकरणों की उत्पत्ति पाषाणकालीन समाजों के विकास को दर्शाती है?,"असाधारण उपकरणों की उत्पत्ति जैसे कि धातु के उपकरण, कपड़े, और फसल के उत्पादन, पाषाणकालीन समाजों के विकास का प्रमुख प्रमाण है।"
दिए गए प्रश्न का उत्तर हिंदी में दें:,पाषाणकालीन समाजों में कौन-कौन से विज्ञानिक अनुसंधान के प्रतीक थे?,"पाषाणकालीन समाजों में, विज्ञानिक अनुसंधान के प्रतीक थे जैसे कि आग का उपयोग, खाद्य प्रसंस्करण के तकनीक, और बाजारी और व्यापार के प्रवाह।"
दिए गए सवाल का जवाब हिंदी में लिखें:,पाषाणकालीन समाजों में टूल्स और तकनीकी उत्पादों का व्यापारिक महत्व क्या था?,"पाषाणकालीन समाजों में, टूल्स और तकनीकी उत्पादों का व्यापारिक महत्व शिकार, वस्त्र उत्पादन, और अन्य उपादानों के लिए अवधारणात्मक था।"
दिए गए प्रश्न का समाधान हिंदी में प्रस्तुत करें:,पाषाणकालीन सभ्यताओं की विविधता का अध्ययन क्यों महत्वपूर्ण है?,"पाषाणकालीन सभ्यताओं की विविधता का अध्ययन महत्वपूर्ण है क्योंकि यह हमें समझने में मदद करता है कि विभिन्न क्षेत्रों में जीवनशैली, संसाधन अभियान और प्रतीकात्मक अभिव्यक्ति की कैसी विविधता थी।"
पूछे गए प्रश्न का उत्तर हिंदी में प्रदान करें:,भारतीय उपमहाद्वीप के विभिन्न क्षेत्रों में पाषाणकालीन सभ्यताओं की माटेरियल संस्कृति में कौन-कौन सी विविधताएं थीं?,"भारतीय उपमहाद्वीप के विभिन्न क्षेत्रों में, पाषाणकालीन सभ्यताओं की माटेरियल संस्कृति में पत्थर के उपकरण, हड्डी और लकड़ी के उपयोग में विविधताएं थीं।"
बताए गए सवाल का उत्तर हिंदी में दें।,पाषाणकालीन समाजों के भोजन रणनीतियों में किस प्रकार की विविधताएं थीं?,"पाषाणकालीन समाजों के भोजन रणनीतियों में मांस खाने वाले, संग्रह करने वाले, और पक्षीयों और मछली के पकड़ने के प्रतिनिधित्व थे।"
Diye gaye prashn ka uttar Hindi mein dein:, भारतीय उपमहाद्वीप में पाषाणकालीन सभ्यताओं की प्रतीकात्मक अभिव्यक्ति में कौन-कौन सी विविधताएं थीं?,"भारतीय उपमहाद्वीप में, पाषाणकालीन सभ्यताओं की प्रतीकात्मक अभिव्यक्ति में गुफाओं में चित्रण, लिखित संकेत, और चित्रणों में विविधताएं थीं।"
Diye gaye sawaal ka jawab Hindi mein likhein:,किस प्रकार के धार्मिक और सामाजिक विचारों में पाषाणकालीन समाजों की विविधता देखी जा सकती थी?,"पाषाणकालीन समाजों में, धार्मिक और सामाजिक विचारों में विविधता थी जैसे कि धार्मिक प्रतिनिधित्व, आचरण, और शिकार की प्रथा।"
Diye gaye prashn ka samadhan Hindi mein prastut karein:,भारतीय उपमहाद्वीप के विभिन्न क्षेत्रों में पाषाणकालीन समाजों के आवास के रूप में कैसी विविधता देखी गई?," भारतीय उपमहाद्वीप के विभिन्न क्षेत्रों में, पाषाणकालीन समाजों के आवास की विविधता में गुफाएं, चट्टानों के निर्मित आवास, और खुले में रहने के प्राथमिक आवास थे।"
Pooche gaye prashn ka uttar Hindi mein pradaan karein:, पाषाणकालीन समाजों के विभिन्न क्षेत्रों में सामाजिक संगठन में कौन-कौन सी विविधताएं देखी जा सकती थीं?,"पाषाणकालीन समाजों के विभिन्न क्षेत्रों में, सामाजिक संगठन में विविधताएं थीं जैसे कि नेतृत्व की अनियंत्रितता, श्रम विभाजन, और समाज की आधुनिकता।"
Bataye gaye sawaal ka jawab Hindi mein dein:,भारतीय उपमहाद्वीप के विभिन्न क्षेत्रों में पाषाणकालीन समाजों की भाषा और कला में कौन-कौन सी विविधताएं थीं?,"भारतीय उपमहाद्वीप के विभिन्न क्षेत्रों में, पाषाणकालीन समाजों की भाषा में विविधताएं थीं जैसे कि भाषाई संचार के प्रारूप और कला में विभिन्न अभिव्यक्ति के शैली।"
Answer the given question in Hindi:,कौन-कौन से प्राचीन समाजों के सांस्कृतिक आयाम पाषाणकालीन समाजों में उपलब्ध थे?,"पाषाणकालीन समाजों में, सांस्कृतिक आयाम जैसे कि धार्मिक विश्वास, रितुआल्स, और गाने और नृत्य के प्राकृतिक उदाहरण मौजूद थे।"
Write your answer to the question in Hindi:,भारतीय उपमहाद्वीप के विभिन्न क्षेत्रों में पाषाणकालीन समाजों की धार्मिक अद्वितीयता में कौन-कौन सी विविधताएं थीं?,"भारतीय उपमहाद्वीप के विभिन्न क्षेत्रों में, पाषाणकालीन समाजों की धार्मिक अद्वितीयता में विविधताएं थीं जैसे कि धार्मिक संगठन, पूजा के प्रकार, और धार्मिक कला के प्रतिनिधित्व।"
Provide a response to the given query in Hindi:,पाषाणकालीन समाजों के भोजन पद्धतियों में दिखाई गई विविधता क्या थी?," पाषाणकालीन समाजों के भोजन पद्धतियों में विविधता थी जैसे कि भोजन की तकनीक, आहार की सामग्री, और भोजन की सामाजिक महत्वता।"
Answer the question in Hindi language:,पाषाणकालीन समाजों के वस्त्रपहरण में किस प्रकार की विविधता थी?," पाषाणकालीन समाजों के वस्त्रपहरण में विविधता थी जैसे कि वस्त्र के प्रकार, रंग, और डिज़ाइन में।"
Reply to the asked question in Hindi:, प्राचीन मानव गतिविधियों का पर्यावरण पर क्या प्रभाव हुआ?,"प्राचीन मानव गतिविधियों का पर्यावरण पर प्रभाव हुआ, जैसे कि वन्य जीवन की हत्या, संसाधनों का अत्यधिक उपयोग, और पारिस्थितिकीय तंत्र के संभावित योगदान।"
दिए गए प्रश्न का उत्तर हिंदी में दें:,पाषाणकालीन मानव गतिविधियों के पर्यावरणीय प्रभाव पर विचार कैसे किया जा सकता है?,"पाषाणकालीन मानव गतिविधियों के पर्यावरणीय प्रभाव का अध्ययन करके, हम वन्य जीवन की क्षति, वन्यजीवों की संतुलन और बायोडाइवर्सिटी पर प्रभाव, और परिस्थितिकीय संतुलन में परिवर्तनों की समझ पा सकते हैं।"
दिए गए सवाल का जवाब हिंदी में लिखें:,पाषाणकालीन समाजों के शिकार पद्धतियों का पर्यावरण पर क्या प्रभाव होता था?,"पाषाणकालीन समाजों के शिकार पद्धतियों का पर्यावरण पर प्रभाव होता था, जैसे कि प्राकृतिक संतुलन में परिवर्तन, पेड़-पौधों के संरक्षण की कमी, और जलवायु परिवर्तन।"
दिए गए प्रश्न का समाधान हिंदी में प्रस्तुत करें:, पाषाणकालीन मानव समुदायों के भोजन की आदतों का पर्यावरण पर क्या प्रभाव होता था?,"पाषाणकालीन मानव समुदायों के भोजन की आदतों का पर्यावरण पर प्रभाव होता था, जैसे कि खाद्य स्रोतों की उपयोगिता में परिवर्तन, जल संभावना की कमी, और वन्यजीवों के प्रजनन में बदलाव।"
पूछे गए प्रश्न का उत्तर हिंदी में प्रदान करें:, पाषाणकालीन समाजों की खनिज संसाधनों के उपयोग का पर्यावरण पर कैसा प्रभाव होता था?,"पाषाणकालीन समाजों की खनिज संसाधनों के उपयोग से पर्यावरण पर प्रभाव होता था, जैसे कि जल स्रोतों की प्रभावित होने की संभावना, भूमि और जल संसाधनों की अत्यधिक उपयोगिता, और प्राकृतिक परिस्थितियों में परिवर्तन।"
बताए गए सवाल का उत्तर हिंदी में दें।,पाषाणकालीन समाजों के संसाधन उपयोग की सामाजिक और पर्यावरणीय प्रतिक्रिया कैसे होती थी?,"पाषाणकालीन समाजों में, संसाधन उपयोग की सामाजिक और पर्यावरणीय प्रतिक्रिया वन्य जीवन की क्षति, खाद्य स्रोतों के संरक्षण, और सामाजिक संगठन में परिवर्तन के रूप में दिखाई गई हो सकती थी।"
Diye gaye prashn ka uttar Hindi mein dein:,पाषाणकालीन मानव गतिविधियों का वातावरण पर प्रभाव किस तरह से मापा जा सकता है?,"पाषाणकालीन मानव गतिविधियों का वातावरण पर प्रभाव मापा जा सकता है द्वारा प्राकृतिक संतुलन में परिवर्तन, जल स्रोतों की प्रभावित होने की संभावना, और जीव जंतुओं और पौधों के प्रजनन में परिवर्तन।"
Diye gaye sawaal ka jawab Hindi mein likhein:," पाषाणकालीन समाजों के अनुसार, शिकार का वातावरण पर प्रभाव कैसे था?","पाषाणकालीन समाजों में, शिकार का वातावरण पर प्रभाव अन्य जीवों की संख्या में परिवर्तन, जल और भूमि की उपयोगिता में परिवर्तन, और प्राकृतिक संतुलन के विघटन के रूप में देखा जा सकता था।"
Diye gaye prashn ka samadhan Hindi mein prastut karein:,पाषाणकालीन समाजों के उपयोगिता और शिकार की दृष्टि से वातावरणीय प्रभाव की आधार कैसे रखी जा सकती है?,"पाषाणकालीन समाजों के उपयोगिता और शिकार की दृष्टि से, हम वातावरणीय प्रभाव को शोधक के रूप में प्रयोग कर सकते हैं, जैसे कि जल और भूमि की उपयोगिता, वन्य जीवन की संख्या, और प्राकृतिक संतुलन के परिवर्तन।"
Pooche gaye prashn ka uttar Hindi mein pradaan karein:, प्राचीन मानव समुदायों के उपयोगिता और वन्य जीवन के बीच कैसे संतुलन बनाया जा सकता है?," प्राचीन मानव समुदायों के उपयोगिता और वन्य जीवन के बीच संतुलन बनाया जा सकता है द्वारा समुदाय की उपयोगिता के विभिन्न आयामों का अध्ययन, वन्य जीवन के संरक्षण के लिए सामुदायिक कार्यक्रम, और प्राकृतिक संतुलन के संबंध में जानकारी।"
Bataye gaye sawaal ka jawab Hindi mein dein:, पाषाणकालीन समाजों के प्राकृतिक संसाधनों का उपयोग कैसे प्रभावित होता था?,"पाषाणकालीन समाजों के प्राकृतिक संसाधनों का उपयोग कैसे प्रभावित होता था, जैसे कि जल स्रोतों की साफ़-सफाई की आवश्यकता, खाद्य स्रोतों की संरक्षण, और भूमि के उपयोग का प्रबंधन।"
Answer the given question in Hindi:,पाषाणकालीन मानव गतिविधियों का पर्यावरण पर प्रभाव कैसे संबोधित किया जा सकता है?,"पाषाणकालीन मानव गतिविधियों का पर्यावरण पर प्रभाव संबोधित किया जा सकता है द्वारा उपयोगिता, खनिज संसाधनों का उपयोगिता, जल स्रोतों की संख्या, और जलवायु परिवर्तन के माध्यम से। मानव गतिविधियों ने जल, वन्य जीवन, और प्राकृतिक संतुलन पर सीधे और परित्राणात्मक प्रभाव डाला है। इसके अलावा, शिकार और प्रकृति से संबंधित अन्य गतिविधियाँ भी पर्यावरण के अनुकूलन में बदलाव लाई हैं। इसके परिणामस्वरूप, हम पाषाणकालीन मानव समुदायों के पर्यावरणीय प्रभाव को उनकी गतिविधियों के माध्यम से समझ सकते हैं।"
Write your answer to the question in Hindi:,भारतीय उपमहाद्वीप में पुरातात्विक खुदाई क्यों महत्वपूर्ण है?,भारतीय उपमहाद्वीप में पुरातात्विक खुदाई महत्वपूर्ण है क्योंकि यह हमें पाषाणकालीन इतिहास को समझने के लिए महत्वपूर्ण जानकारी प्रदान करती है।
Provide a response to the given query in Hindi:,भारतीय उपमहाद्वीप में प्रमुख पुरातात्विक स्थलों का उल्लेख करें जहां पाषाणकालीन खोजें की गईं हैं।,"भारतीय उपमहाद्वीप में कुछ प्रमुख पुरातात्विक स्थल हैं जैसे कि भीमबेटका, भीमबेटका और लोयला।"
Answer the question in Hindi language:,भारतीय उपमहाद्वीप में कौन-कौन सी महत्वपूर्ण खोज हुई हैं जो पाषाणकालीन इतिहास की समझ में मदद करती हैं?,"भारतीय उपमहाद्वीप में महत्वपूर्ण खोजों में भीमबेटका और लोयला के खोजें शामिल हैं, जो पाषाणकालीन इतिहास को समझने में महत्वपूर्ण हैं।"
Reply to the asked question in Hindi:,भारतीय उपमहाद्वीप में पाषाणकालीन खोजों के प्रमुख परिणाम क्या हैं?,"भारतीय उपमहाद्वीप में पाषाणकालीन खोजों के प्रमुख परिणाम में बांधवगढ़, भीमबेटका, और लोयला के प्राचीन उपकरणों और चित्रकला के खोज हैं।"
दिए गए प्रश्न का उत्तर हिंदी में दें:,पाषाणकालीन इतिहास की समझ के लिए पुरातात्विक खोजों के क्या महत्व हैं?,"पुरातात्विक खोजें हमें पाषाणकालीन इतिहास की समझ में महत्वपूर्ण जानकारी प्रदान करती हैं, जैसे कि जीवनशैली, उपकरण, और समुदाय के रूप में संस्कृति।"
दिए गए सवाल का जवाब हिंदी में लिखें:, पाषाणकालीन खोजों के परिणाम किस प्रकार से हमें मानव इतिहास की दिशा में आगे बढ़ने में मदद करते हैं?,"पाषाणकालीन खोजों के परिणाम हमें मानव इतिहास की दिशा में आगे बढ़ने में मदद करते हैं, जैसे कि मानव आवास के प्राचीनता, भोजन पद्धतियाँ, और सामाजिक संगठन।"
दिए गए प्रश्न का समाधान हिंदी में प्रस्तुत करें:,भारतीय उपमहाद्वीप में पाषाणकालीन खोजों के लिए क्या कुछ प्रमुख तकनीकी उपकरण हैं?,"भारतीय उपमहाद्वीप में पाषाणकालीन खोजों के लिए प्रमुख तकनीकी उपकरण में पिक, उल्लेखन, और रेडियोकार्बन डेटिंग शामिल हैं। पिक एक प्रमुख उपकरण था जो पाषाणकालीन खोजों में प्रयुक्त होता था, जो लघु पत्थरों को उनके उपयोग के लिए आकर्षित करने और उन्हें उपयोगी आकार में बनाने में मदद करता था। उल्लेखन भी एक और महत्वपूर्ण तकनीक थी, जो चट्टानों को उनकी अवशेषों की खोज में मदद करती थी। रेडियोकार्बन डेटिंग एक तकनीक है जो आवश्यक रेडिओधर्मी धातु की अवशेषों से आयु को मापता है, जिससे हम पुरातात्विक विवादों की आयु को निर्धारित कर सकते हैं।"
पूछे गए प्रश्न का उत्तर हिंदी में प्रदान करें:,पाषाणकालीन खोजों के लिए प्रमुख खोदनी तकनीकों का उपयोग कैसे किया जाता था?," पाषाणकालीन खोजों में, प्रमुख खोदनी तकनीकों का उपयोग ताकत, खोदनी खोदने, और खोदनी गाढ़े के लिए किया जाता था।"
बताए गए सवाल का उत्तर हिंदी में दें।,भारतीय उपमहाद्वीप में पाषाणकालीन खोजों की अद्भुतता के कुछ उदाहरण दें।,"भारतीय उपमहाद्वीप में पाषाणकालीन खोजों के कुछ उदाहरण हैं जैसे कि भीमबेटका, लोयला, और मेहरगढ़।"
Diye gaye prashn ka uttar Hindi mein dein:,पाषाणकालीन खोजों से मिली चित्रकलाओं और उपकरणों की साक्षात्कार से क्या समझा जा सकता है?,"पाषाणकालीन खोजों से मिली चित्रकलाओं और उपकरणों से हम मानव समुदायों की जीवनशैली, आर्थिक व्यवस्था, और विशेष रूप से उनकी वित्तीय प्रगति को समझ सकते हैं।"
Diye gaye sawaal ka jawab Hindi mein likhein:,पाषाणकालीन खोजों के परिणामों का पाषाणकालीन समाजों के सामाजिक और आर्थिक संरचना के संदर्भ में क्या महत्व है?,"पाषाणकालीन खोजों के परिणामों से हम सामाजिक संरचना, आर्थिक व्यवस्था, और समुदाय के विकास को समझ सकते हैं, जो हमें पाषाणकालीन समाजों की जीवनशैली के बारे में जानकारी प्रदान करते हैं।"
Diye gaye prashn ka samadhan Hindi mein prastut karein:,पाषाणकालीन खोजों के माध्यम से हमें प्राप्त विज्ञानी प्रमाण क्या कुछ हैं?,"पाषाणकालीन खोजों के माध्यम से हमें प्राप्त विज्ञानी प्रमाण में आधुनिक मानव के उत्कृष्ट बनावटी और उपकरण, जैसे कि पट्टी, अग्नि बनावटी, और आधुनिक शिकार साधनों के प्रारूप शामिल हो सकते हैं।"
Pooche gaye prashn ka uttar Hindi mein pradaan karein:,पाषाणकालीन खोजों का विज्ञानी और हिस्टोरिकल अनुसंधान में कैसे योगदान है?,पाषाणकालीन खोजों का विज्ञानी और हिस्टोरिकल अनुसंधान हमें मानव सभ्यता की विकास की समझ में महत्वपूर्ण जानकारी प्रदान करता है और हमें पाषाणकालीन युग के रहस्यों को अनवेषित करने में मदद करता है।
Bataye gaye sawaal ka jawab Hindi mein dein:,"पिछले बर्फानी युग के अंत ने मेसोलिथिक काल की शुरुआत कैसे की, और इसका मानव अनुकूलन और बसे हुए तंत्रों पर कैसा प्रभाव पड़ा?","पिछले बर्फानी युग के अंत ने मेसोलिथिक काल की शुरुआत की, जिससे गर्मी वाला जलवायु और बर्फ की पीछा हटना शुरू हो गया। इस पर्यावरणीय परिवर्तन ने मानव अनुकूलन और बसे हुए तंत्रों को आकार देने में महत्वपूर्ण भूमिका निभाई।"
Answer the given question in Hindi:,मेसोलिथिक काल क्या है और इसके काल क्या है?," मेसोलिथिक काल, जिसे मध्य पत्थर युग भी कहा जाता है, मानव इतिहास का एक महत्वपूर्ण काल है जो लगभग 10,000 ईसा पूर्व से 4,000 ईसा पूर्व तक था।"
Write your answer to the question in Hindi:,मेसोलिथिक काल की मुख्य विशेषताएँ क्या हैं?,"मेसोलिथिक काल की मुख्य विशेषताएँ में शामिल हैं जलवायु परिवर्तन, उपकरण प्रौद्योगिकी का विकास, कला और धार्मिक अभिव्यक्ति, सामाजिक संगठन, और पर्यावरणीय प्रभाव।"
Provide a response to the given query in Hindi:,मेसोलिथिक काल में मानव समुदाय किस तरह से अपने आसपास के पर्यावरण के साथ बदलाव करते थे?," मेसोलिथिक काल में, मानव समुदाय वन्य जीवन, शिकार, और संग्रह के माध्यम से अपने पर्यावरण के साथ बदलाव करते थे। इससे उनके पर्यावरण पर प्रभाव हुआ जैसे की प्राकृतिक संसाधनों के प्रयोग में बदलाव, और भूमि के प्रयोग का तरीका।"
Answer the question in Hindi language:,मेसोलिथिक काल की कला और धार्मिक अभिव्यक्ति में कैसा योगदान था?," मेसोलिथिक काल में कला और धार्मिक अभिव्यक्ति के क्षेत्र में महत्वपूर्ण योगदान था, जैसे की गुफा चित्रकला, पत्थर के विशेषताओं पर अक्षरशिला, और आभूषण जैसे पदार्थ।"
Reply to the asked question in Hindi:,मेसोलिथिक काल का समाजिक संगठन कैसा था?,"मेसोलिथिक काल में, समुदायों का संगठन संभवतः अधिक विकसित हो गया था, जिसमें सामाजिक विभाजन, कार्य विभाजन, और सामुदायिक निर्णय-लेने की प्रक्रिया शामिल थी।"
दिए गए प्रश्न का उत्तर हिंदी में दें:,मेसोलिथिक काल के अंत में कौन-कौन से कारण थे जो न्यूनार्थक हो गए और नई सभ्यता की शुरुआत हुई?,"मेसोलिथिक काल के अंत में, कृत्रिम निर्मित वस्त्र और खाद्य उत्पादन के विकास ने एक नई सभ्यता की शुरुआत की, जिसे न्यूलिथिक काल या नव पत्थर युग कहा जाता है।"
दिए गए सवाल का जवाब हिंदी में लिखें:,मेसोलिथिक काल में मानवों के आवास और जीवनशैली में कैसे परिवर्तन हुए?,"मेसोलिथिक काल में, मानव समुदायों की जीवनशैली में महत्वपूर्ण परिवर्तन हुए। उनका आवास स्थान अब ज्यादातर जल स्रोतों और संग्रहण स्थलों के पास स्थित था, जो उन्हें अधिक स्थिरता और सुरक्षा प्रदान करते थे।"
दिए गए प्रश्न का समाधान हिंदी में प्रस्तुत करें:,मेसोलिथिक काल के दौरान उपकरण प्रौद्योगिकी में कैसे सुधार हुआ और इसका मानवों के जीवन पर क्या प्रभाव हुआ?," मेसोलिथिक काल के दौरान, उपकरण प्रौद्योगिकी में वृद्धि हुई, जैसे कि माइक्रोलिथ्स का विकास। ये छोटे पत्थरी ब्लेड्स और संयुक्त उपकरणों के रूप में उपयोग किए जाते थे, जो शिकार के लिए और अन्य कार्यों के लिए अधिक प्रभावी थे।"
पूछे गए प्रश्न का उत्तर हिंदी में प्रदान करें:, मेसोलिथिक काल में कला और सांस्कृतिक अभिव्यक्ति का क्या महत्व था?,"मेसोलिथिक काल में, कला और सांस्कृतिक अभिव्यक्ति महत्वपूर्ण थी। यह गुफा पेंटिंग्स, पत्थर पर अक्षरशिलाओं, और आभूषणों के माध्यम से दिखाई गई।"
बताए गए सवाल का उत्तर हिंदी में दें।,मेसोलिथिक काल के अंत का कौन-सा ऐतिहासिक संघर्ष था और इसका क्या परिणाम हुआ?,"मेसोलिथिक काल के अंत का मुख्य ऐतिहासिक संघर्ष था नवलिथिक क्रांति, जिसमें गेहूं, बाजरा, और अन्य फसलों की खेती की शुरुआत हुई। यह समाज के संरचना में महत्वपूर्ण परिवर्तन लाया।"
Diye gaye prashn ka uttar Hindi mein dein:,मेसोलिथिक काल में मानव समाज की आर्थिक व्यवस्था कैसी थी?,"मेसोलिथिक काल में, मानव समाज की आर्थिक व्यवस्था मुख्य रूप से शिकार, संग्रहण, और मछली पकड़ने पर आधारित थी। लोगों का अपने प्राकृतिक पर्यावरण से सीधा और अप्रत्याशित विनिर्माणिक लाभ लेने का तरीका था।"
Diye gaye sawaal ka jawab Hindi mein likhein:, मेसोलिथिक काल में धर्म और धार्मिक अभिव्यक्ति का क्या महत्व था?," मेसोलिथिक काल में, धर्म और धार्मिक अभिव्यक्ति का महत्व था क्योंकि यह समाज की एकता और सामाजिक संगठन को संबोधित करता था। यह लोगों को एक संगीत बनाता था और समृद्धि और सुरक्षा के लिए एक आदर्श प्रणाली के रूप में काम करता था।"
Diye gaye prashn ka samadhan Hindi mein prastut karein:,मेसोलिथिक काल में मानवों की आजीविका कैसे बदली और इसका समाज पर क्या प्रभाव हुआ?,"मेसोलिथिक काल में, मानवों की आजीविका बदल गई, जैसे कि उनके खाद्य संग्रहण की तकनीकों और शिकार के तरीकों में बदलाव। इसका समाज पर प्रभाव रहा, जैसे कि यह समुदाय की संरचना और सहयोग के तरीकों को प्रभावित कर सकता है।"
Pooche gaye prashn ka uttar Hindi mein pradaan karein:,मेसोलिथिक काल के समाज में जाति और वर्ण का क्या स्थान था?,"मेसोलिथिक काल में, जाति और वर्ण की स्थिति अभी विकसित नहीं थी, लेकिन समाज में यह तत्व थे जो लोगों के सामाजिक और आर्थिक जीवन को प्रभावित करते थे।"
Bataye gaye sawaal ka jawab Hindi mein dein:,मेसोलिथिक काल में व्यक्तित्व और सामाजिक संगठन के बीच कैसा संबंध था?,"मेसोलिथिक काल में, व्यक्तित्व और सामाजिक संगठन के बीच गहरा संबंध था। व्यक्तित्व सामाजिक संगठन को प्रभावित करता था, और सामाजिक संगठन व्यक्तित्व के विकास को प्रभावित करता था।"
Answer the given question in Hindi:,मेसोलिथिक काल में स्त्रीयों का क्या स्थान था और कैसे उनके सामाजिक योगदान को देखा जाता था?,"मेसोलिथिक काल में, स्त्रीयों का स्थान महत्वपूर्ण था। वे समुदाय के साथ साझेदारी में थीं, और उन्हें शिकार करने, फल-सब्जी तथा संग्रह करने, और आजीविका के अन्य कार्यों में सहयोग किया जाता था।"
Write your answer to the question in Hindi:,मेसोलिथिक काल के कला और सांस्कृतिक अभिव्यक्ति के कौन-कौन से प्रमुख रूप थे?,"मेसोलिथिक काल के कला और सांस्कृतिक अभिव्यक्ति के प्रमुख रूप में गुफा चित्रकला, पत्थर पर अक्षरशिलाएँ, और आभूषण शामिल थे।"
Provide a response to the given query in Hindi:,मेसोलिथिक काल में बच्चों की शिक्षा और प्रशिक्षण कैसे होता था?,"मेसोलिथिक काल में, बच्चों को सामाजिक और आर्थिक कार्यों की शिक्षा दी जाती थी, जिसमें उन्हें शिकार करने, संग्रह करने, और अन्य जीविका के कार्यों में शामिल किया जाता था।"
Answer the question in Hindi language:, मेसोलिथिक काल का आरंभ कैसे हुआ और इसका मानव समुदायों और आबादी के स्थानन के पैटर्न में कैसा प्रभाव हुआ?,"जलवायु परिवर्तन के कारण पिछले बर्फानी युग के अंत ने मेसोलिथिक काल की शुरुआत की, जो गर्मी के जलवायु और बर्फ की पीछा हटने के साथ हुई। इस पर्यावरणीय परिवर्तन ने मानव अनुकूलन और बसे हुए तंत्रों को आकार देने में महत्वपूर्ण भूमिका निभाई।"
Reply to the asked question in Hindi:, मेसोलिथिक काल में जलवायु परिवर्तन का कैसे प्रभाव हुआ और यह मानव समाज की आवासीय व्यवस्था को कैसे प्रभावित किया?,"मेसोलिथिक काल में, जलवायु परिवर्तन ने मानव समाज की आवासीय व्यवस्था को सीधे प्रभावित किया। जलवायु की गर्मी ने जलवायु को सुहावना बनाया और बर्फ घाटी में पिघलाव को प्रोत्साहित किया, जिससे मानव समुदायों ने अधिक स्थाई स्थान पर बसे रहने की क्षमता विकसित की।"
दिए गए प्रश्न का उत्तर हिंदी में दें:,मेसोलिथिक काल में जलवायु परिवर्तन का मानव जीवन और समुदायों के जीवन पर क्या प्रभाव हुआ?,"मेसोलिथिक काल में, जलवायु परिवर्तन ने मानव जीवन और समुदायों के जीवन पर गहरा प्रभाव डाला। यह उन्हें अधिक उपलब्ध संसाधनों की ओर मोड़ने के लिए मजबूर किया, जिससे उनकी आवासीय व्यवस्था, खाद्य संग्रहण, और सामाजिक संगठन में परिवर्तन आया।"
दिए गए सवाल का जवाब हिंदी में लिखें:, मेसोलिथिक समाजों में शिकारी-संग्रहक समुदायों का कैसा संगठन था और उनकी आजीविका कैसे होती थी?," मेसोलिथिक समाजों में, शिकारी-संग्रहक समुदाय छोटे, चलते फिरते समूहों से मिले थे जो आजीविका के लिए शिकार, मछली पकड़ना, और भोजन के लिए भटकते थे।"
दिए गए प्रश्न का समाधान हिंदी में प्रस्तुत करें:,मेसोलिथिक समाजों का प्रमुख आधार क्या था और इससे उनकी आर्थिक स्थिति पर कैसा प्रभाव पड़ा?,"मेसोलिथिक समाजों का प्रमुख आधार शिकार, मछली पकड़ना, और भोजन के लिए भटकने पर था। ये गतिशीलता उनकी आर्थिक स्थिति पर प्रभाव डालती थी, क्योंकि इससे उन्हें आवश्यक खाद्य सामग्री प्राप्ति के लिए नियमित रूप से चलना पड़ता था।"
पूछे गए प्रश्न का उत्तर हिंदी में प्रदान करें:,मेसोलिथिक समाजों के शिकार करने के कौन-कौन से तकनीक थे और ये कैसे उपयोगी थे?,"मेसोलिथिक समाजों ने उन्नत शिकार के तकनीकों का उपयोग किया, जैसे कि धनुष और तीरंदाजी, मछली पकड़ने के जाल, और जाले। ये तकनीक उन्हें अधिक सफल और प्रभावी शिकार करने में मदद करती थीं।"
बताए गए सवाल का उत्तर हिंदी में दें।,मेसोलिथिक समाजों में होने वाली खोज-खोज की क्या भूमिका थी और इससे कैसा प्रभाव पड़ा?,"मेसोलिथिक समाजों में, खोज-खोज की भूमिका खाद्य सामग्री के लिए अधिक प्राप्ति की दिशा में महत्वपूर्ण थी। यह उन्हें नई खाद्य स्रोतों की खोज में मदद करती थी और उनकी आजीविका को सुधारती थी।"
Diye gaye prashn ka uttar Hindi mein dein:,मेसोलिथिक समाजों में होने वाली खोज-खोज की क्या भूमिका थी और इससे कैसा प्रभाव पड़ा?,"मेसोलिथिक समाजों में, खोज-खोज का महत्वपूर्ण स्थान था। लोग नए खाद्य स्रोतों की तलाश करते रहते थे, जो उनके आजीविका के लिए महत्वपूर्ण थे। यह उन्हें नए संसाधनों को पहचानने और प्राप्त करने में मदद करता था और उनकी समृद्धि में सुधार करता था।"
Diye gaye sawaal ka jawab Hindi mein likhein:,मेसोलिथिक समाजों में जल्दी-फुरती के समय का क्या महत्व था और यह उनके जीवन पर कैसा प्रभाव डाला?,"मेसोलिथिक समाजों में, जल्दी-फुरती के समय का महत्व था क्योंकि यह उन्हें खाद्य स्रोतों की तलाश और प्राप्ति में मदद करता था। इससे उनके जीवन में आराम और समृद्धि का स्तर बढ़ता था।"
Diye gaye prashn ka samadhan Hindi mein prastut karein:,मेसोलिथिक समाजों में उपयोग किए गए उपकरणों का क्या महत्व था और यह कैसे उनकी जीवनशैली को प्रभावित करते थे?,"मेसोलिथिक समाजों में उपयोग किए गए उपकरण, जैसे कि धनुष, तीरंदाजी, मछली पकड़ने के जाल, और जाले, का महत्वपूर्ण योगदान था। ये उनकी खाद्य संग्रहण की क्षमता को बढ़ाते थे और उन्हें ज्यादा प्रभावी शिकार करने में मदद करते थे।"
Pooche gaye prashn ka uttar Hindi mein pradaan karein:, मेसोलिथिक समाजों में जल्दबाजी और फुरती के समय की आवश्यकता क्यों थी?,"मेसोलिथिक समाजों में, जल्दबाजी और फुरती का समय खाद्य स्रोत"
Bataye gaye sawaal ka jawab Hindi mein dein:,मेसोलिथिक युग में उपकरण प्रौद्योगिकी का क्या महत्व था और इससे मानव समुदायों के जीवन में कैसे बदलाव आया?,"मेसोलिथिक युग में, उपकरण प्रौद्योगिकी का महत्वपूर्ण स्थान था। यह मानवों को अधिक प्रभावी और परिष्कृत शिकार करने की क्षमता प्रदान करता था, जिससे उनके जीवनशैली में महत्वपूर्ण बदलाव आया।"
Answer the given question in Hindi:,मेसोलिथिक युग में माइक्रोलिथ्स का उपयोग कैसे किया गया और इससे किस प्रकार का अधिकार मानवों को मिला?,"मेसोलिथिक युग में, माइक्रोलिथ्स को उपकरणों के रूप में बनाया गया, जो कि विभिन्न प्रकार के शिकार करने और अन्य कार्यों में उपयोगी थे। इन्होंने मानवों को शिकार करने और अन्य गतिविधियों को समर्थ बनाने में मदद की।"
Write your answer to the question in Hindi:,मेसोलिथिक युग में उपकरण प्रौद्योगिकी के विकास का क्या प्रमुख कारण था और इसका कैसा प्रभाव हुआ?,"मेसोलिथिक युग में, उपकरण प्रौद्योगिकी का विकास प्राथमिक रूप से मानवों की जरूरतों और वातावरणिक परिवर्तनों पर आधारित था। यह मानव समुदायों के जीवन में बड़ा परिवर्तन लाया और उनकी आजीविका को सुधारा।"
Provide a response to the given query in Hindi:,मेसोलिथिक युग में माइक्रोलिथ्स के उपयोग का कैसा महत्व था और यह किस तरह से मानवों की गतिविधियों को प्रभावित किया?,"मेसोलिथिक युग में, माइक्रोलिथ्स का उपयोग विभिन्न गतिविधियों में अधिक अनुकूल और प्रभावी उपकरणों का निर्माण करने में महत्वपूर्ण था, जैसे कि शिकार करने और बाण बनाने में। इससे मानव समुदायों की गतिविधियों को प्रभावित किया गया और उनकी जीवनशैली में सुधार किया गया।"
Answer the question in Hindi language:, मेसोलिथिक युग में माइक्रोलिथ्स के उपयोग का विकास कैसे हुआ और इसके परिणामस्वरूप मानव समुदायों के जीवन में कैसे बदलाव आया?,"माइक्रोलिथ्स का उपयोग मेसोलिथिक युग में उपकरण प्रौद्योगिकी के विकास का परिणाम था। ये छोटे, फाइनली क्राफ्टेड पत्थर के टुकड़े थे जो शिकार करने और अन्य कार्यों के लिए प्रयोग किए जाते थे। इनका उपयोग नए और प्रभावी उपकरणों के निर्माण में मदद करता था, जो शिकार करने के लिए अधिक परिष्कृत तरीके प्रदान करते थे, और इससे मानव समुदायों के जीवन में बड़े परिवर्तन आए।"
Reply to the asked question in Hindi:,मेसोलिथिक युग में उपकरण प्रौद्योगिकी के विकास के लिए कौन-कौन से प्राथमिक कारक थे?,"मेसोलिथिक युग में उपकरण प्रौद्योगिकी के विकास के प्रमुख कारक विभिन्न प्राकृतिक संसाधनों का उपयोग और नवीनतम उपकरणों की आवश्यकता थी। विकास इसलिए हुआ क्योंकि लोगों ने अधिक प्रभावी और परिष्कृत उपकरणों की आवश्यकता महसूस की, जो उन्हें शिकार करने और अन्य कार्यों में मदद करते।"
दिए गए प्रश्न का उत्तर हिंदी में दें:,मेसोलिथिक युग में माइक्रोलिथ्स के उपयोग से कैसे शिकार करने की क्षमता में सुधार हुआ?,"माइक्रोलिथ्स का उपयोग मेसोलिथिक युग में अधिक प्रभावी और परिष्कृत उपकरणों की निर्माण में मदद करता था। ये उपकरण जैसे कि धनुष और तीर शिकार करने के लिए अधिक अनुकूल और उत्तेजित बनाते थे, जिससे शिकार करने की क्षमता में सुधार होती थी।"
दिए गए सवाल का जवाब हिंदी में लिखें:,मेसोलिथिक युग में उपकरण प्रौद्योगिकी का विकास किस तरह से आधुनिक मानव समाज की नींव रखी?," मेसोलिथिक युग में उपकरण प्रौद्योगिकी का विकास आधुनिक मानव समाज की नींव रखी। यह उन्हें बेहतर और प्रभावी शिकार करने की क्षमता प्रदान करता था, जो उनके समुदायों के विकास में महत्वपूर्ण था।"
दिए गए प्रश्न का समाधान हिंदी में प्रस्तुत करें:,मेसोलिथिक युग में माइक्रोलिथ्स के उपयोग से शिकार की क्षमता में कैसे सुधार हुआ?," मेसोलिथिक युग में, माइक्रोलिथ्स के उपयोग से शिकार करने की क्षमता में सुधार हुआ क्योंकि ये उपकरण अधिक अनुकूल और प्रभावी बनाते थे, जिससे शिकार करने की क्षमता में वृद्धि हुई।"
पूछे गए प्रश्न का उत्तर हिंदी में प्रदान करें:,मेसोलिथिक युग में माइक्रोलिथ्स के उपयोग से कैसे खाद्य संग्रहण की क्षमता में सुधार हुआ?,"मेसोलिथिक युग में, माइक्रोलिथ्स के उपयोग से खाद्य संग्रहण की क्षमता में सुधार हुआ क्योंकि इन्हें खाद्य संग्रहण के लिए अधिक प्रभावी और उत्तेजित उपकरणों के रूप में उपयोग किया जा सकता था।"
बताए गए सवाल का उत्तर हिंदी में दें।,मेसोलिथिक युग में उपकरण प्रौद्योगिकी के विकास कैसे शिकार और संग्रहण के तरीकों को प्रभावित किया?," मेसोलिथिक युग में, उपकरण प्रौद्योगिकी के विकास ने शिकार और संग्रहण के तरीकों को प्रभावित किया जैसे कि माइक्रोलिथ्स के उपयोग से उपयुक्त उपकरणों का निर्माण किया जा सकता था जो शिकार करने और खाद्य संग्रहण के लिए अधिक अनुकूल थे।"
Diye gaye prashn ka uttar Hindi mein dein:,मेसोलिथिक युग में माइक्रोलिथ्स के विकास से किस प्रकार के युद्ध या संघर्ष में परिवर्तन आया?,"मेसोलिथिक युग में, माइक्रोलिथ्स के विकास ने युद्ध या संघर्ष में भी परिवर्तन लाया, क्योंकि यह नए और प्रभावी हथियारों के निर्माण की संभावनाएं प्रदान करता था जो अधिक उत्तेजक और प्रभावी संघर्ष में मदद कर सकते थे।"
Diye gaye sawaal ka jawab Hindi mein likhein:,मेसोलिथिक युग में उपकरण प्रौद्योगिकी के विकास किस प्रकार से सामाजिक संगठन में परिणामस्वरूप बदलाव लाया?,"मेसोलिथिक युग में, उपकरण प्रौद्योगिकी के विकास सामाजिक संगठन में परिणामस्वरूप बदलाव लाया क्योंकि यह शिकार, संग्रहण और अन्य गतिविधियों को प्रभावी तरीके से संगठित करने में मदद करता था, जिससे समुदायों की जीवनशैली में सुधार आया।"
Diye gaye prashn ka samadhan Hindi mein prastut karein:,मेसोलिथिक युग में पौधों और जानवरों के पालन-पोषण की अंतरराष्ट्रीयकरण की प्रक्रिया का क्या मतलब था?,"मेसोलिथिक युग में, पौधों और जानवरों के पालन-पोषण की अंतरराष्ट्रीयकरण का मतलब है कि मानव समुदाय ने जंगली पौधों की खेती और जंगली जानवरों को पालना और पालतू बनाने की प्रारंभिक प्रयोगशाला की।"
Pooche gaye prashn ka uttar Hindi mein pradaan karein:,मेसोलिथिक युग में पौधों और जानवरों के अंतरराष्ट्रीयकरण के कारणों में क्या सबसे महत्वपूर्ण था?,"मेसोलिथिक युग में, पौधों और जानवरों के अंतरराष्ट्रीयकरण के कारणों में सबसे महत्वपूर्ण था कि यह नई खेती के विचार को उत्तेजित किया और प्रारंभिक कृषि क्रांति की नींव रखी।"
Bataye gaye sawaal ka jawab Hindi mein dein:,मेसोलिथिक युग में पालन-पोषण की अंतरराष्ट्रीयकरण के प्रारंभिक प्रयोगशाला क्यों महत्वपूर्ण थी?,"मेसोलिथिक युग में, पालन-पोषण की अंतरराष्ट्रीयकरण की प्रारंभिक प्रयोगशाला महत्वपूर्ण थी क्योंकि यह नए खेती के विचार को प्रोत्साहित करती थी और आगामी नीलामी क्रांति के लिए नींव रखती थी।"
Answer the given question in Hindi:, मेसोलिथिक युग में पालन-पोषण की अंतरराष्ट्रीयकरण से सम्बंधित सामाजिक और आर्थिक परिणाम क्या थे?,"मेसोलिथिक युग में, पालन-पोषण की अंतरराष्ट्रीयकरण से सम्बंधित सामाजिक और आर्थिक परिणाम सहमतिग्राहक समुदायों के उत्थान को बढ़ावा दिया और नई सामाजिक संरचनाओं की नींव रखी।"
Write your answer to the question in Hindi:,मेसोलिथिक युग में पालन-पोषण की अंतरराष्ट्रीयकरण की क्या उपयोगिता थी और इससे कैसे आगामी समाजिक और आर्थिक विकास की संभावनाएं बढ़ीं?,"मेसोलिथिक युग में, पालन-पोषण की अंतरराष्ट्रीयकरण से, मानव समुदायों ने खाद्य संग्रहण और अपने संसाधनों का अधिक अनुकूल उपयोग करना सीखा। इससे आगामी नीलामीकृत समाजिक और आर्थिक विकास की संभावनाएं बढ़ीं क्योंकि यह उन्हें अधिक समृद्ध और स्थिर जीवनशैली की दिशा में अग्रसर किया।"
Provide a response to the given query in Hindi:, मेसोलिथिक युग में पालन-पोषण की अंतरराष्ट्रीयकरण से किस प्रकार की सामाजिक बदलाव आया और किस प्रकार समुदायों की संरचना में परिवर्तन हुआ?,"मेसोलिथिक युग में, पालन-पोषण की अंतरराष्ट्रीयकरण से, समाज में व्यक्ति की जीवनशैली में बड़े परिवर्तन आये। लोग अब अधिक स्थिरता और समृद्धि की दिशा में अग्रसर हो गए और समुदायों की संरचना में भी परिवर्तन हुआ जैसे कि ज़मीन की साझा खेती की शुरुआत हुई।"
Answer the question in Hindi language:, मेसोलिथिक युग में पालन-पोषण की अंतरराष्ट्रीयकरण के फायदे और हानियाँ क्या थीं?,"मेसोलिथिक युग में, पालन-पोषण की अंतरराष्ट्रीयकरण के फायदे थे कि यह लोगों को अधिक आत्मनिर्भर और समृद्ध बनाता था। हालांकि, इसके साथ ही इसने समाज में अनेक सामाजिक और आर्थिक परिणामों को भी लाया, जैसे कि समाज में विभाजन और समृद्धि का असमान वितरण।"
Reply to the asked question in Hindi:, मेसोलिथिक काल के लोगों ने कैसे विभिन्न कलात्मक अभिव्यक्तियाँ प्रस्तुत की थीं?,"मेसोलिथिक काल के लोगों ने गुफा चित्रकला, पत्थर पर नक्काशी, और मणियों और उकेरी जैसे सजावटी वस्त्रों के साथ विभिन्न कलात्मक अभिव्यक्तियाँ प्रस्तुत की थीं।"
दिए गए प्रश्न का उत्तर हिंदी में दें:, मेसोलिथिक काल की कला के वस्त्रों में क्या दर्शाया जा सकता है?," मेसोलिथिक काल की कला के वस्त्रों में उनके आध्यात्मिक विश्वासों, सामाजिक अभ्यासों, और सांस्कृतिक परंपराओं की सहायक सूचनाएँ प्राप्त की जा सकती हैं।"
दिए गए सवाल का जवाब हिंदी में लिखें:,मेसोलिथिक काल की कला क्या महत्वपूर्ण सामाजिक और आध्यात्मिक संदेशों का प्रतिनिधित्व करती है?," मेसोलिथिक काल की कला महत्वपूर्ण सामाजिक और आध्यात्मिक संदेशों का प्रतिनिधित्व करती है, जैसे कि सम्प्रदायिक समर्थन, समृद्धि, और सामाजिक समृद्धि।"
दिए गए प्रश्न का समाधान हिंदी में प्रस्तुत करें:, मेसोलिथिक काल की कला का क्या महत्व था समाज में?,"मेसोलिथिक काल की कला समाज में समृद्धि, विश्वास सिद्धांतों का प्रतिनिधित्व, और समर्थन का महत्वपूर्ण स्तर प्रदान करती थी।"
पूछे गए प्रश्न का उत्तर हिंदी में प्रदान करें:,मेसोलिथिक काल में चित्रकला का क्या महत्व था?,मेसोलिथिक काल में चित्रकला ने समाज के धार्मिक और सामाजिक आधारों को बनाए रखने में महत्वपूर्ण भूमिका निभाई।
बताए गए सवाल का उत्तर हिंदी में दें।,मेसोलिथिक काल के लोगों की कला क्या उनके संजीवनी आदर्शों का प्रतिनिधित्व करती थी?,"मेसोलिथिक काल की कला उनके संजीवनी आदर्शों का प्रतिनिधित्व करती थी जो उनकी संस्कृति, धार्मिक धारणाओं, और सामाजिक संरचनाओं का हिस्सा था।"
Diye gaye prashn ka uttar Hindi mein dein:, मेसोलिथिक काल की कला कैसे समाज में सहायक थी?,"मेसोलिथिक काल की कला ने समाज में सहायक भूमिका निभाई जिसमें उनके संविधान, धर्म, और सामाजिक संरचनाओं को स्थापित करने में मदद मिली।"
Diye gaye sawaal ka jawab Hindi mein likhein:,मेसोलिथिक काल में चित्रकला का क्या महत्व था समाज में?,मेसोलिथिक काल में चित्रकला ने समाज में सहायक भूमिका निभाई और सामाजिक संरचनाओं को स्थापित करने में मदद की।
Diye gaye prashn ka samadhan Hindi mein prastut karein:,मेसोलिथिक काल की कला क्या दिखाती है?,"मेसोलिथिक काल की कला दार्शनिक, धार्मिक, और सामाजिक मूल्यों को दर्शाती है जो उन समय के समाज के महत्वपूर्ण हिस्से थे।"
Pooche gaye prashn ka uttar Hindi mein pradaan karein:,मेसोलिथिक काल की कला के उदाहरण क्या हैं?,"मेसोलिथिक काल की कला के उदाहरण में गुफा चित्रकला, पत्थर पर नक्काशी, और सजावटी वस्त्रों के अलावा अन्य चीजें शामिल हैं।"
Bataye gaye sawaal ka jawab Hindi mein dein:,मेसोलिथिक काल के कलाकारों ने किस प्रकार के चित्रणों को बनाया?,"मेसोलिथिक काल के कलाकारों ने प्राचीन गुफाओं में चित्रण, पत्थरों पर नक्काशी, और अन्य चित्रीय कार्य बनाए।"
Answer the given question in Hindi:,मेसोलिथिक काल की कला किस तरह से मानव सिविलाइजेशन की प्रगति का प्रतिनिधित्व करती है?,"मेसोलिथिक काल की कला मानव सिविलाइजेशन की प्रगति का प्रतिनिधित्व करती है जिसमें मानव बुद्धि, कला, और सांस्कृतिक विकास का प्रतिबिम्ब है।"
Write your answer to the question in Hindi:, मेसोलिथिक कला ने किस प्रकार से मानव जीवन को प्रभावित किया?,"मेसोलिथिक कला ने मानव जीवन को धार्मिक, सामाजिक, और आर्थिक दृष्टिकोण से प्रभावित किया, जो समाज के संरचनात्मक और धार्मिक अस्तित्व का प्रतिनिधित्व करता है।"
Provide a response to the given query in Hindi:,मेसोलिथिक कला का क्या संदेश है आज के समय में?,"मेसोलिथिक कला आज के समय में समाजिक संरचना, सामाजिक अभिवृद्धि, और समृद्धि के महत्वपूर्ण संदेशों का प्रतिनिधित्व करती है।"
Answer the question in Hindi language:,"जब जनसंख्या बढ़ी और समुदाय स्थिर हो गए, तो सामाजिक संरचनाएँ कितनी जटिल हो सकती थीं?","जब जनसंख्या बढ़ी और समुदाय स्थिर हो गए, तो सामाजिक संरचनाएँ और जटिल हो सकती थीं। इससे प्राकृतिक रूप से सामूहिक निर्णय, कार्य विभाजन, और सामाजिक वर्गीकरण की विकसित होने की संभावना है।"
Reply to the asked question in Hindi:,मेसोलिथिक समाजों में सामाजिक वर्गीकरण के उदाहरण क्या हो सकते हैं?,"मेसोलिथिक समाजों में सामाजिक वर्गीकरण के उदाहरणों में समुदाय के विभिन्न सदस्यों के बीच काम का विभाजन, सामाजिक विभाजन, और संयुक्त निर्णय शामिल हो सकते हैं।"
दिए गए प्रश्न का उत्तर हिंदी में दें:,मेसोलिथिक समाज में समूहिक निर्णय का क्या महत्व था?,"मेसोलिथिक समाज में समूहिक निर्णय ने समुदाय के सदस्यों के बीच सहयोग और संबंधों को स्थापित किया, जो समाज की एकता और विकास में महत्वपूर्ण था।"
दिए गए सवाल का जवाब हिंदी में लिखें:,मेसोलिथिक समाजों में व्यावसायिक विभाजन की संभावना क्या थी?,"मेसोलिथिक समाजों में व्यावसायिक विभाजन की संभावना थी, जिसमें लोगों के बीच काम का विभाजन होता और विभिन्न कौशलों का विकास होता।"
दिए गए प्रश्न का समाधान हिंदी में प्रस्तुत करें:,मेसोलिथिक समाजों में सामाजिक वर्गीकरण का प्रभाव क्या था?,मेसोलिथिक समाजों में सामाजिक वर्गीकरण ने समुदाय के अंतर्निहित विभाजन को प्रकट किया और समाज के संरचनात्मक परिणामों का प्रभाव डाला।
पूछे गए प्रश्न का उत्तर हिंदी में प्रदान करें:,मेसोलिथिक समाजों में समूहिक निर्णय कैसे लिये जाते थे?,मेसोलिथिक समाजों में समूहिक निर्णय सामाजिक आदिवासी समुदायों के बीच सामाजिक सम्मेलनों और समूह चर्चाओं के माध्यम से लिए जाते थे।
बताए गए सवाल का उत्तर हिंदी में दें।,मेसोलिथिक समाजों में नागरिकों के बीच काम का विभाजन कैसे होता था?," मेसोलिथिक समाजों में काम का विभाजन आधारित था उनके योग्यताओं और आवश्यकताओं पर, जैसे कि शिकार, संग्रह, और उत्पादन।"
Diye gaye prashn ka uttar Hindi mein dein:,मेसोलिथिक समाजों में सामाजिक संरचना की क्या विशेषताएँ थीं?,"मेसोलिथिक समाजों में सामाजिक संरचना में सामूहिक सहयोग, परंपरागत अधिकार, और सामाजिक हिरार्कियार्की जैसी विशेषताएँ थीं।"
Diye gaye sawaal ka jawab Hindi mein likhein:, मेसोलिथिक समाजों में समूहिक निर्णय क्यों महत्वपूर्ण थे?, मेसोलिथिक समाजों में समूहिक निर्णय समाज की एकता और संरचना को स्थापित करने में महत्वपूर्ण थे और समूह के सदस्यों के बीच संबंधों को मजबूत करते थे।
Diye gaye prashn ka samadhan Hindi mein prastut karein:,मेसोलिथिक समाजों में सामाजिक वर्गीकरण किस प्रकार का था?,"मेसोलिथिक समाजों में सामाजिक वर्गीकरण कार्यों के आधार पर, जैसे कि शिकार, उत्पादन, और धार्मिक प्राथमिकताओं के आधार पर होता था।"
Pooche gaye prashn ka uttar Hindi mein pradaan karein:,मेसोलिथिक काल में प्रवास और विनिमय किस प्रकार के महत्वपूर्ण भूमिका निभाते थे?,"मेसोलिथिक काल में प्रवास और विनिमय विभिन्न क्षेत्रों के बीच विचारों, प्रौद्योगिकियों, और सांस्कृतिक प्रथाओं का प्रसार सुनिश्चित करते थे।"
Bataye gaye sawaal ka jawab Hindi mein dein:,मेसोलिथिक काल में प्रवास किस प्रकार के परिणामों को लेकर आया?,"मेसोलिथिक काल में प्रवास ने विभिन्न क्षेत्रों के बीच विचारों, विज्ञान, और सांस्कृतिक प्रथाओं का आदान-प्रदान किया, जिससे समृद्धि और विकास हुआ।"
Answer the given question in Hindi:, मेसोलिथिक काल में अंतर-क्षेत्रीय प्रवास क्या थे?,"मेसोलिथिक काल में अंतर-क्षेत्रीय प्रवास से अलग-अलग स्थानों के बीच विचारों, विज्ञान, और सांस्कृतिक प्रथाओं का आदान-प्रदान होता था।"
Write your answer to the question in Hindi:,मेसोलिथिक काल में प्रवास कैसे निभाता था?,"मेसोलिथिक काल में प्रवास लोगों द्वारा किया जाता था जो अपने स्थानीय क्षेत्र से बाहर जाते थे और विभिन्न क्षेत्रों में अपने धार्मिक, सांस्कृतिक, और आर्थिक अभिवृद्धि के लिए जाते थे।"
Provide a response to the given query in Hindi:,मेसोलिथिक काल में भागीदारी की क्या भूमिका थी?,"मेसोलिथिक काल में भागीदारी का महत्वपूर्ण योगदान था जो विभिन्न समुदायों के बीच विचारों, प्रौद्योगिकियों, और सांस्कृतिक प्रथाओं का आदान-प्रदान करता था।"
Answer the question in Hindi language:, मेसोलिथिक काल में अंतर-क्षेत्रीय विनिमय के लिए कौन-कौन से उदाहरण हैं?," मेसोलिथिक काल में अंतर-क्षेत्रीय विनिमय के उदाहरण में समुद्र तटों के बीच व्यापार, पर्वतीय क्षेत्रों के बीच अदल-बदल, और नदी किनारे के सम्बंध शामिल हो सकते हैं।"
Reply to the asked question in Hindi:,मेसोलिथिक काल में विनिमय क्यों महत्वपूर्ण था?," मेसोलिथिक काल में विनिमय ने नए विचारों, प्रौद्योगिकियों, और सांस्कृतिक प्रथाओं का प्रसार सुनिश्चित किया और समृद्धि के लिए महत्वपूर्ण था।"
दिए गए प्रश्न का उत्तर हिंदी में दें:,मेसोलिथिक काल में प्रवास और विनिमय कैसे जुड़े हो सकते थे?,मेसोलिथिक काल में प्रवास और विनिमय सामूहिक समुदायों के बीच विचारों और सांस्कृतिक प्रथाओं का आदान-प्रदान करके जुड़े हो सकते थे।
दिए गए सवाल का जवाब हिंदी में लिखें:,मेसोलिथिक काल में विनिमय के लाभ क्या थे?,"मेसोलिथिक काल में विनिमय ने नए विचारों, प्रौद्योगिकियों, और सांस्कृतिक प्रथाओं का प्रसार किया और समृद्धि के लिए महत्वपूर्ण था।"
दिए गए प्रश्न का समाधान हिंदी में प्रस्तुत करें:,मेसोलिथिक काल में प्रवास और विनिमय की भूमिका किस प्रकार थी?,"मेसोलिथिक काल में प्रवास और विनिमय ने समाजों के बीच ज्ञान, सांस्कृतिक प्रथाओं, और तकनीकी ज्ञान का आदान-प्रदान किया और समृद्धि के लिए महत्वपूर्ण भूमिका निभाई।"
पूछे गए प्रश्न का उत्तर हिंदी में प्रदान करें:,मेसोलिथिक समाजों के वातावरण पर किस प्रकार का प्रभाव पड़ा?,"मेसोलिथिक समाजों के वातावरण पर उनकी शिकार, मछली पकड़ने, और अद्रक करने जैसी गतिविधियों के माध्यम से स्थानीय प्रभाव हुआ।"
बताए गए सवाल का उत्तर हिंदी में दें।,मेसोलिथिक समाजों के प्रभाव किस क्षेत्रों पर अधिक था?," मेसोलिथिक समाजों के प्रभाव शिकार, मछली पकड़ने, और अद्रक करने जैसी गतिविधियों के क्षेत्र में अधिक था।"
Diye gaye prashn ka uttar Hindi mein dein:,मेसोलिथिक समाजों के पर्यावरणिक प्रभाव किन-किन कारकों पर निर्भर करते थे?,मेसोलिथिक समाजों के पर्यावरणिक प्रभाव संसाधन उपलब्धता और जनसंख्या आकार जैसे कारकों पर निर्भर करते थे।
Diye gaye sawaal ka jawab Hindi mein likhein:, मेसोलिथिक समाजों के प्रभाव कितने प्रकार के थे?,"मेसोलिथिक समाजों के प्रभाव स्थानीय स्तर पर होते थे और शिकार, मछली पकड़ने, और अद्रक करने के उनके गतिविधियों पर निर्भर करते थे।"
Diye gaye prashn ka samadhan Hindi mein prastut karein:,मेसोलिथिक समाजों के प्रभाव किस प्रकार की रोकथाम की आवश्यकता पैदा करते थे?,"मेसोलिथिक समाजों के प्रभाव ने जल, वन, और वन्यजीवन के लिए रोकथाम की आवश्यकता पैदा की, जिसने उनके पर्यावरण को संतुलित रखने की जरूरत को प्रेरित किया।"
Pooche gaye prashn ka uttar Hindi mein pradaan karein:,मेसोलिथिक समाजों के प्रभावों का समाधान क्या हो सकता था?,"मेसोलिथिक समाजों के प्रभावों का समाधान संबलित जल, वन, और प्राकृतिक संसाधनों का सही उपयोग करने में था, और वन्यजीवन के संरक्षण की महत्वपूर्णता को समझने में भी था।"
Bataye gaye sawaal ka jawab Hindi mein dein:,मेसोलिथिक समाजों के पर्यावरणिक प्रभावों का क्या अध्ययन विषय हो सकता है?," मेसोलिथिक समाजों के पर्यावरणिक प्रभावों का अध्ययन उनके जीवनशैली, खाद्य स्रोतों, और वन्यजीवन के आधार पर किया जा सकता है।"
Answer the given question in Hindi:,मेसोलिथिक समाजों के पर्यावरणिक प्रभाव का विश्लेषण किस प्रकार से किया जा सकता है?,"मेसोलिथिक समाजों के पर्यावरणिक प्रभाव का विश्लेषण उनकी गतिविधियों के अध्ययन के माध्यम से किया जा सकता है, जैसे कि उनकी शिकार, मछली पकड़ने, और अद्रक करने की प्रवृत्तियों का अध्ययन।"
Write your answer to the question in Hindi:,मेसोलिथिक समाजों के पर्यावरणिक प्रभावों के क्या प्रमुख परिणाम थे?," मेसोलिथिक समाजों के पर्यावरणिक प्रभावों के प्रमुख परिणाम में वन्यजीवन के गिरते हुए स्तर, जल स्रोतों के प्रदूषण, और भूमि के उपयोग में परिवर्तन शामिल थे।"
Provide a response to the given query in Hindi:,मेसोलिथिक समाजों के पर्यावरणिक प्रभावों को कम करने के लिए उन्होंने क्या कदम उठाए?,"मेसोलिथिक समाजों ने अपने पर्यावरणिक प्रभावों को कम करने के लिए समुदायिक उपयोग, प्राकृतिक संसाधनों का संतुलित उपयोग, और संरक्षण के लिए कदम उठाए।"
Answer the question in Hindi language:,मेसोलिथिक समाजों के पर्यावरणिक प्रभावों का विस्तार किस तरह से हुआ?,"मेसोलिथिक समाजों के पर्यावरणिक प्रभावों का विस्तार उनकी जनसंख्या और उनके गतिविधियों के विस्तार पर निर्भर करता था, जिसने अधिक पर्यावरणिक प्रभाव पैदा किया।"
Reply to the asked question in Hindi:,मेसोलिथिक समाजों के पर्यावरणिक प्रभावों के क्या संभावित समाधान हो सकते थे?,"मेसोलिथिक समाजों के पर्यावरणिक प्रभावों के संभावित समाधान में सामुदायिक संरचना, पर्यावरण संरक्षण, और जल संवर्धन शामिल हो सकते थे।"
दिए गए प्रश्न का उत्तर हिंदी में दें:,मेसोलिथिक समाजों के पर्यावरणिक प्रभावों का अध्ययन क्यों महत्वपूर्ण है?,मेसोलिथिक समाजों के पर्यावरणिक प्रभावों का अध्ययन हमें प्राचीन समय की मानव समुदायों के प्राकृतिक संबंधों को समझने में मदद करता है और समृद्धि के लिए संबलित प्रयासों की योजना करता है।
दिए गए सवाल का जवाब हिंदी में लिखें:,मेसोलिथिक समय का अंत कैसे हुआ और नीओलिथिक काल कैसे शुरू हुआ?,मेसोलिथिक समय का अंत और नीओलिथिक काल का आरंभ कृषि के अपनाने और स्थायी जीवनशैली के ले लेने के साथ विभिन्न क्षेत्रों में भिन्न था।
दिए गए प्रश्न का समाधान हिंदी में प्रस्तुत करें:,मेसोलिथिक समय से नीओलिथिक काल की धारा किस प्रकार बदली?,मेसोलिथिक समय से नीओलिथिक काल की धारा को बदला गया जब लोगों ने कृषि का अपनाना और स्थायी निवास का आरंभ किया।
पूछे गए प्रश्न का उत्तर हिंदी में प्रदान करें:,मेसोलिथिक समय से नीओलिथिक काल का परिवर्तन कितनी धीमी गति से हुआ?,"मेसोलिथिक समय से नीओलिथिक काल का परिवर्तन अधिकतर क्षेत्रों में धीमी गति से हुआ, जो कई शताब्दियों तक खींचा गया।"
बताए गए सवाल का उत्तर हिंदी में दें।,मेसोलिथिक समय से नीओलिथिक काल की प्रारंभिक चरणों में क्या अंतर था?,"मेसोलिथिक समय से नीओलिथिक काल की प्रारंभिक चरणों में व्यापार का अंतर, जलवायु, सामाजिक संरचना और प्रौद्योगिकी में अंतर था।"
Diye gaye prashn ka uttar Hindi mein dein:,मेसोलिथिक समय से नीओलिथिक काल का परिवर्तन किस कारणों से हुआ?," मेसोलिथिक समय से नीओलिथिक काल का परिवर्तन पर्यावरणीय, सामाजिक, और सांस्कृतिक कारणों के संयोजन से हुआ।"
Diye gaye sawaal ka jawab Hindi mein likhein:,मेसोलिथिक समय से नीओलिथिक काल का परिवर्तन किस प्रकार से संघर्षपूर्ण था?, मेसोलिथिक समय से नीओलिथिक काल का परिवर्तन संघर्षपूर्ण था क्योंकि यह लोगों को नई जीवनशैली को स्वीकार करने और नई संगठनात्मक ढांचे का निर्माण करने की आवश्यकता प्रस्तुत करता था।
Diye gaye prashn ka samadhan Hindi mein prastut karein:, नीओलिथिक काल की शुरुआत कैसे माना जाता है?,नीओलिथिक काल की शुरुआत को कृषि के अपनाने और स्थायी निवास के आरंभ के रूप में माना जाता है।
Pooche gaye prashn ka uttar Hindi mein pradaan karein:,"क्या वातावरणीय, सामाजिक, और सांस्कृतिक कारणों ने मेसोलिथिक समय से नीओलिथिक काल के परिवर्तन में भूमिका निभाई?","हां, वातावरणीय, सामाजिक, और सांस्कृतिक कारणों ने मेसोलिथिक समय से नीओलिथिक काल के परिवर्तन में महत्वपूर्ण भूमिका निभाई।"
Bataye gaye sawaal ka jawab Hindi mein dein:,क्या मेसोलिथिक समय से नीओलिथिक काल का परिवर्तन समृद्धि के लिए हुआ?," हां, मेसोलिथिक समय से नीओलिथिक काल का परिवर्तन समृद्धि के लिए हुआ क्योंकि यह लोगों को अधिक स्थायी और सुखद जीवनशैली के लिए तैयार किया।"
Answer the given question in Hindi:,क्या नीओलिथिक काल की शुरुआत से संबंधित किसी महत्वपूर्ण घटना का संदर्भ में जानकारी है?," नीओलिथिक काल की शुरुआत से संबंधित कुछ महत्वपूर्ण घटनाओं में धार्मिक और सामाजिक परिवर्तन, नए औजारों और उत्पादन पद्धतियों का उपयोग, और नए जीवनशैली के उत्थान का समावेश हो सकता है।"
Write your answer to the question in Hindi:,विश्व में मेसोलिथिक काल की कितनी प्रमुख खुदाई स्थल हैं?,"विश्व में मेसोलिथिक काल की कई प्रमुख खुदाई स्थल हैं, जैसे कि इंग्लैंड में स्टार कार, ग्रीस में फ्रांचथी गुफा, और भारत में भिमबेटका।"
Provide a response to the given query in Hindi:,मेसोलिथिक काल के खुदाई स्थलों से क्या महत्वपूर्ण प्राचीन गवेषणा मिली है?,"मेसोलिथिक काल के खुदाई स्थलों से प्राचीन मानव गतिविधि के मूल्यवान साक्ष्य मिले हैं, जैसे कि खानापान, शिकार, और उपकरणों का उपयोग।"
Answer the question in Hindi language:,क्या भारत में मेसोलिथिक काल के खुदाई स्थलों की कोई विशेषता है?,"भारत में मेसोलिथिक काल के खुदाई स्थलों में भिमबेटका एक महत्वपूर्ण स्थान है, जो मेसोलिथिक कला और संस्कृति की अद्वितीय विविधता को दर्शाता है।"
Reply to the asked question in Hindi:,मेसोलिथिक काल के खुदाई स्थलों की खोज ने किस प्रकार से प्रागैतिहासिक अध्ययन को सुधारा है?,मेसोलिथिक काल के खुदाई स्थलों की खोज ने प्रागैतिहासिक अध्ययन को मानव विकास और समाज की समझ में महत्वपूर्ण योगदान किया है।
दिए गए प्रश्न का उत्तर हिंदी में दें:,इंग्लैंड के Star Carr स्थल पर मेसोलिथिक काल के खुदाई का महत्व क्या है?,"Star Carr स्थल के खुदाई से मिली विभिन्न खोदाईकलीन साक्ष्यों ने मेसोलिथिक काल की जीवनशैली, खानापान, और समुदाय की संरचना को समझने में मदद की है।"
दिए गए सवाल का जवाब हिंदी में लिखें:,Franchthi Cave गुफा खुदाई का विशेष महत्व क्या है?,"Franchthi Cave गुफा के खोदाई से मिले आवासीय साक्ष्यों ने मेसोलिथिक काल के मानवों की जीवनशैली, उपकरण, और खानापान की जानकारी प्रदान की है।"
दिए गए प्रश्न का समाधान हिंदी में प्रस्तुत करें:,Bhimbetka खुदाई स्थल का अर्थिक महत्व क्या है?, Bhimbetka खुदाई स्थल ने भारतीय मेसोलिथिक कला और संस्कृति के लिए महत्वपूर्ण आवासीय और शिल्प साक्ष्य प्रदान किया है।
पूछे गए प्रश्न का उत्तर हिंदी में प्रदान करें:, क्या मेसोलिथिक काल के खुदाई स्थलों की खोज मेसोलिथिक समाज की व्यवस्था के बारे में कोई जानकारी प्रदान करती है?,"हां, मेसोलिथिक काल के खुदाई स्थलों की खोज मेसोलिथिक समाज की व्यवस्था, सामाजिक संरचना, और जीवनशैली के बारे में महत्वपूर्ण जानकारी प्रदान करती है।"
बताए गए सवाल का उत्तर हिंदी में दें।,कौन-कौन से अन्य राष्ट्रों में मेसोलिथिक काल के खुदाई स्थल हैं?,"अन्य महत्वपूर्ण मेसोलिथिक काल के खुदाई स्थलों में लीथुआनिया के Kernavė, और चीन के Xianrendong शामिल हैं।"
Diye gaye prashn ka uttar Hindi mein dein:, क्या अर्कियोलॉजिकल साइट्स के खोज से हमें ऐतिहासिक मानव समाज के बारे में कोई नई जानकारी मिलती है?," हां, अर्कियोलॉजिकल साइट्स के खोज से हमें मानव समाज के संरचना, संगठन, और विकास के बारे में नई जानकारी मिलती है।"
Diye gaye sawaal ka jawab Hindi mein likhein:,अर्कियोलॉजिकल साइट्स के खोज से मेसोलिथिक काल की कला और शिल्प के बारे में क्या जानकारी मिलती है?,"अर्कियोलॉजिकल साइट्स के खोज से हमें मेसोलिथिक काल की कला और शिल्प के बारे में जानकारी मिलती है, जैसे कि पेंटिंग्स, और उनके उपयोगिता का पता चलता है।"
Diye gaye prashn ka samadhan Hindi mein prastut karein:, क्या कुछ अर्कियोलॉजिकल साइट्स से मिली जानकारी हमें मेसोलिथिक समाज के धार्मिक और सामाजिक पहलुओं के बारे में बताती है?," हां, कुछ अर्कियोलॉजिकल साइट्स से मिली जानकारी हमें मेसोलिथिक समाज के धार्मिक और सामाजिक पहलुओं के बारे में बताती है, जैसे कि पूजा स्थलों का पता चलता है।"
Pooche gaye prashn ka uttar Hindi mein pradaan karein:,क्या अर्कियोलॉजिकल साइट्स के खोज से मेसोलिथिक काल के लोगों के जीवनशैली के बारे में कोई नई जानकारी मिलती है?," हां, अर्कियोलॉजिकल साइट्स के खोज से हमें मेसोलिथिक काल के लोगों की जीवनशैली, खानापान, और आराम-सहारा के बारे में नई जानकारी मिलती है।"
Bataye gaye sawaal ka jawab Hindi mein dein:,अर्कियोलॉजिकल साइट्स के खोज से मिलने वाली जानकारी को कैसे उपयोगी बनाया जा सकता है?,अर्कियोलॉजिकल साइट्स के खोज से मिलने वाली जानकारी को उपयोगी बनाने के लिए हम ऐतिहासिक और सांस्कृतिक संरचनाओं को समझते हैं और मानव समुदायों के विकास की अध्ययन करते हैं।
Answer the given question in Hindi:, क्या अर्कियोलॉजिकल साइट्स के खोज से मिली जानकारी हमें आधुनिक समय के साथ संबंधित कोई महत्वपूर्ण सवालों का समाधान करने में मदद कर सकती है?,"हां, अर्कियोलॉजिकल साइट्स के खोज से मिली जानकारी हमें मानव की संख्या, प्राथमिक जीवनशैली, और पर्यावरणीय परिवर्तनों के साथ संबंधित आधुनिक समय के महत्वपूर्ण सवालों का समाधान करने में मदद कर सकती है।"
Write your answer to the question in Hindi:,न्योलिथिक क्रांति क्या है और इसका क्या महत्व है?,"न्योलिथिक क्रांति एक महत्वपूर्ण घटना थी जो लगभग 7000 BCE से 3300 BCE के बीच हुई थी। यह मानव इतिहास में एक महत्वपूर्ण परिवर्तन का प्रतीक था, जिसमें भोजन का संग्रह करने और वाणिज्यिक जानवरों का पालना करने से सेटल खेती और कृषि की ओर मानव इतिहास में बदलाव आया।"
Provide a response to the given query in Hindi:,न्योलिथिक क्रांति में किस प्रकार के पशु-पक्षियों का पालना किया जाने लगा और इसका क्या महत्व था?,"न्योलिथिक क्रांति के दौरान, मानव ने गोधूलि, जौ, चावल, मक्का आदि जैसी पौधों को पालने का आरंभ किया, साथ ही बकरी, भेड़, गाय, सूअर आदि जैसे पशु-पक्षियों का भी पालना किया। यह कृषि और पशुपालन के माध्यम से स्थायी खाद्य संचय की संभावना को बढ़ाया, जो मानव समुदायों के स्थायित्व की स्थापना में मदद करता है।"
Answer the question in Hindi language:, न्योलिथिक क्रांति के दौरान कृषि के कौन-कौन से पशु-पक्षियों का पालना किया जाता था?,"न्योलिथिक क्रांति के दौरान, मानव ने गाय, भेड़, बकरी, सूअर आदि पशु-पक्षियों का पालना किया जाता था।"
Reply to the asked question in Hindi:,न्योलिथिक क्रांति की अवधि में कृषि का कैसे आरंभ हुआ और इसका महत्व क्या था?,"न्योलिथिक क्रांति के दौरान, मानव ने पौधों के उत्पादन और पशु-पक्षियों के पालन का आरंभ किया, जिससे स्थायी खाद्य संचय की संभावना बढ़ी। इसने सेटल समाजों की स्थापना की और मानव समुदायों को विकसित किया।"
दिए गए प्रश्न का उत्तर हिंदी में दें:,न्योलिथिक क्रांति के समय में कौन-कौन से टूल्स और तकनीकी उत्पादों का विकास हुआ और इसका क्या महत्व था?,"न्योलिथिक क्रांति के दौरान, नए उपकरण और तकनीकों का विकास हुआ, जैसे कि हल, कांटा, और मिट्टी के बर्तन, जो कृषि, भंडारण, और खाद्य तैयारी में मदद करते थे।"
दिए गए सवाल का जवाब हिंदी में लिखें:, किस प्रकार के पौधे और पशु-पक्षियों का घरेलू बनाना शुरू हुआ था और इसका क्या परिणाम हुआ?,"लोगों ने गेहूं, जौ, चावल, मक्का जैसे पौधों को और बकरी, भेड़, गाय, सूअर जैसे पशु-पक्षियों को पालने का आरंभ किया। इससे कृषि समाजों की स्थापना हुई।"
दिए गए प्रश्न का समाधान हिंदी में प्रस्तुत करें:,न्योलिथिक क्रांति के दौरान किस प्रकार जानवरों और पौधों को घरेलू बनाने का प्रक्रिया किया गया था?,"न्योलिथिक क्रांति के दौरान, मानव ने विशेष जानवरों को खाद्य, गर्मी, और संरक्षण के लिए पालने का प्रक्रिया आरंभ की। उन्होंने भेड़, बकरी, गाय, सूअर जैसे जानवरों को पालना शुरू किया जो दूध, मांस, और अन्य उत्पादों के लिए उपयोगी थे।"
पूछे गए प्रश्न का उत्तर हिंदी में प्रदान करें:,"न्योलिथिक क्रांति के प्रारंभिक दौरान, लोगों ने किस प्रकार की जानवरों और पौधों को घरेलू बनाने की प्रक्रिया की?","न्योलिथिक क्रांति के प्रारंभिक दौरान, लोगों ने उन जानवरों को चुना जो स्थायी आहार, दूध, या काम के लिए उपयोगी थे। वे उन्हें पालतू बनाने के लिए अनुकूल जगहों पर रखा और उनका ख्याल रखा, जिससे उनका प्रजनन और उत्पादन बढ़ सके।"
बताए गए सवाल का उत्तर हिंदी में दें।,किस प्रकार के पालतू जानवरों का पालना किया गया था न्योलिथिक क्रांति के दौरान और इसका क्या महत्व था?,"न्योलिथिक क्रांति के दौरान, मानव ने भेड़, बकरी, गाय, और सूअर जैसे पालतू जानवरों का पालना किया। इससे उन्हें दूध, मांस, और अन्य उत्पादों का स्थायी संचय मिला और इसने उनके जीवन को सुधारा।"
Diye gaye prashn ka uttar Hindi mein dein:,कृषि के विकास के दौरान कैसे फसलों की खेती और पशु-पक्षियों का पालन किया गया और इसका क्या परिणाम हुआ?,"कृषि के विकास के दौरान, लोगों ने फसलों की खेती और पशु-पक्षियों का पालना आरंभ किया। इससे एक अधिक स्थायी खाद्य आपूर्ति का संभावनात्मक हो गया।"
Diye gaye sawaal ka jawab Hindi mein likhein:, लोगों को कृषि के विकास के परिणामस्वरूप स्थायी बसेरे कैसे स्थापित किए गए और इसका क्या महत्व था?,"कृषि के विकास के साथ, लोगों को लगातार खाद्य की तलाश में घूमने की आवश्यकता नहीं थी, जिससे स्थायी बसेरों की स्थापना हो सकी। इससे सामाजिक संरचना का विकास हुआ और लोगों की जीवनशैली में स्थिरता आई।"
Diye gaye prashn ka samadhan Hindi mein prastut karein:,कृषि के विकास के समय किस प्रकार की फसलों की खेती और पशु-पक्षियों का पालन किया गया था और इसका क्या महत्व था?,"कृषि के विकास के समय, लोगों ने फसलों जैसे कि गेहूं, चावल, मक्का आदि की खेती की और बकरी, भेड़, गाय, सूअर आदि पशु-पक्षियों का पालना किया। इससे स्थायी और नियमित खाद्य संचय की संभावना बढ़ी और लोगों को अपनी जरूरतों के लिए स्थाई बसेरे स्थापित करने की स्वतंत्रता मिली।"
Pooche gaye prashn ka uttar Hindi mein pradaan karein:, कृषि के विकास के दौरान लोगों के बसने के प्रणाली कैसे बदल गई और इसका क्या प्रभाव हुआ?,"कृषि के विकास के दौरान, लोगों की बसने की प्रणाली में महत्वपूर्ण परिवर्तन हुआ। वे अब निरंतर खाद्य की तलाश में घूमने की आवश्यकता महसूस नहीं करते थे और स्थाई बसेरे स्थापित करने लगे। इससे सामाजिक संगठन में परिवर्तन आया और समुदायों का विकास हुआ।"
Bataye gaye sawaal ka jawab Hindi mein dein:,न्योलिथिक क्रांति के समय कैसे अनुकूल बना और लोगों का विकास किया और इसका क्या प्रभाव हुआ?,"न्योलिथिक क्रांति के समय, कृषि के विकास के साथ, लोगों ने एक जगह पर बसने का प्रारंभ किया। यह अधिक समय तक एक ही स्थान पर बसे रहने का प्रारंभ था, जिससे गांवों, नगरों, और अंततः शहरों का विकास हुआ।"
Answer the given question in Hindi:,न्योलिथिक क्रांति के समय में स्थायी बसेरे स्थापित करने का क्या महत्व था और इससे किस प्रकार का परिणाम हुआ?,"न्योलिथिक क्रांति के समय में स्थायी बसेरे स्थापित करने से लोगों को खाद्य की स्थायी आपूर्ति मिलने लगी और उन्हें निरंतर भोजन की तलाश में घूमने की आवश्यकता कम हुई। इससे समुदायों का संगठन हुआ, सामाजिक और आर्थिक विकास हुआ, और नगरों और शहरों की नींव रखी गई।"
Write your answer to the question in Hindi:, न्योलिथिक क्रांति के दौरान कृषि ने अतिरिक्त खाद्य की उत्पादन कैसे संभव बनाया और इसका क्या महत्व था?,"न्योलिथिक क्रांति के समय, कृषि ने अतिरिक्त खाद्य की उत्पादन की संभावना को बढ़ाया। इससे जनसंख्या वृद्धि को समर्थन मिला और विशेषज्ञ श्रम के विकास को संभव बनाया।"
Provide a response to the given query in Hindi:,न्योलिथिक क्रांति के कृषि विकास से अतिरिक्त खाद्य की उत्पादन से कैसे लाभ हुआ और इसका सामाजिक और आर्थिक प्रभाव क्या रहा?,न्योलिथिक क्रांति के कृषि विकास से अतिरिक्त खाद्य की उत्पादन ने जनसंख्या की वृद्धि को समर्थन में मदद की और विशेषज्ञ श्रम के विकास को प्रोत्साहित किया। इससे समाजिक संरचना में परिवर्तन आया और अर्थव्यवस्था में विकास हुआ।
Answer the question in Hindi language:, न्योलिथिक क्रांति में नई उपकरणों और तकनीकों के विकास के क्या क्या प्रमुख कारण थे और इनका क्या महत्व था?,"न्योलिथिक क्रांति में नई उपकरणों और तकनीकों के विकास के प्रमुख कारण मानवों की आवश्यकताओं का समाधान और खेती, भंडारण, और भोजन की तैयारी में सहायता प्रदान करना था। इन उपकरणों का विकास ने कृषि की कार्यप्रणालियों को सुधारा और खाद्य संचय को सुगम बनाया।"
Reply to the asked question in Hindi:,नई औजार और प्रौद्योगिकियों का उत्थान किस समय के साथ देखा गया था?,"नवीन काल क्रिया से जुड़े उपकरणों और प्रौद्योगिकियों का उत्थान नेलिथिक क्रांति में देखा गया था। इसमें हल, कुदाल और मिट्टी के पात्र जैसी नई औजार और प्रौद्योगिकियां शामिल थीं, जो कृषि, भंडारण और खाद्य प्रस्तुति में सहायक थीं।"
दिए गए प्रश्न का उत्तर हिंदी में दें:, सामाजिक संगठन के बारे में बताएं।," बसे हुए समुदायों के उदय के साथ, सामाजिक संरचनाएँ अधिक जटिल हो गईं। प्राम्भिक तरीके से निर्धारित संगठनों में प्रमुखताएँ सामने आईं, साथ ही विशेषिता भूमिकाएँ और व्यवसायों के कार्य भी उत्पन्न हुए।"
दिए गए सवाल का जवाब हिंदी में लिखें:,नई औजार और प्रौद्योगिकियों का उत्थान किस समय के साथ देखा गया था?,"नवीन काल क्रिया से जुड़े उपकरणों और प्रौद्योगिकियों का उत्थान नेलिथिक क्रांति में देखा गया था। इसमें हल, कुदाल और मिट्टी के पात्र जैसी नई औजार और प्रौद्योगिकियां शामिल थीं, जो कृषि, भंडारण और खाद्य प्रस्तुति में सहायक थीं।"
दिए गए प्रश्न का समाधान हिंदी में प्रस्तुत करें:,सामाजिक संगठन के बारे में बताएं।,"बसे हुए समुदायों के उदय के साथ, सामाजिक संरचनाएँ अधिक जटिल हो गईं। प्राम्भिक तरीके से निर्धारित संगठनों में प्रमुखताएँ सामने आईं, साथ ही विशेषिता भूमिकाएँ और व्यवसायों के कार्य भी उत्पन्न हुए।"
पूछे गए प्रश्न का उत्तर हिंदी में प्रदान करें:,कृषि की ओर परिवर्तन का पर्यावरण पर क्या प्रभाव हुआ?," कृषि की ओर परिवर्तन के साथ, वनों का कटाव, मृदा की धरती, और पारिस्थितिकी तंत्रों में परिवर्तन जैसे पर्यावरण पर प्रमुख प्रभाव हुए।"
बताए गए सवाल का उत्तर हिंदी में दें।,कृषि के पर्यावरण पर क्या प्रभाव हुआ?,"कृषि के पर्यावरण पर प्रमुख प्रभाव में वनों का कटाव, मृदा की धरती, और पारिस्थितिकी तंत्रों में परिवर्तन शामिल हैं।"
Diye gaye prashn ka uttar Hindi mein dein:,कृषि के इस परिवर्तन से कौन-कौन से सांस्कृतिक परिवर्तन आए?,"कृषि के इस परिवर्तन से धार्मिक विश्वासों, कला के अभिव्यक्ति, और सामाजिक रीतियों में परिवर्तन आया। कुछ क्षेत्रों में लेखन तंत्रों का विकास भी हुआ।"
Diye gaye sawaal ka jawab Hindi mein likhein:, कृषि के इस परिवर्तन से कौन-कौन से सांस्कृतिक परिवर्तन हुए?,"कृषि के इस परिवर्तन से धार्मिक विश्वासों, कला के अभिव्यक्ति, और सामाजिक रीतियों में परिवर्तन हुए। कुछ क्षेत्रों में लेखन तंत्रों का विकास भी हुआ।"
Diye gaye prashn ka samadhan Hindi mein prastut karein:, नीओलिथिक क्रांति के किस पर्यावरण परिणामों का उल्लेख किया गया है?,"नीओलिथिक क्रांति के समय वनों का कटाव, मृदा की धरती, और पारिस्थितिकी तंत्रों में परिवर्तन जैसे पर्यावरण पर प्रमुख प्रभाव हुए।"
Pooche gaye prashn ka uttar Hindi mein pradaan karein:,नीओलिथिक क्रांति के दौरान किस प्रकार की तकनीकी उन्नति हुई?,"नीओलिथिक क्रांति के दौरान हल, कुदाल, और मिट्टी के पात्र जैसे नए औजार और प्रौद्योगिकियां विकसित हुईं, जो कृषि, भंडारण, और खाद्य प्रस्तुति में सहायक थीं।"
Bataye gaye sawaal ka jawab Hindi mein dein:,नीओलिथिक क्रांति के समय किस प्रकार के सामाजिक संगठन देखे गए थे?," नीओलिथिक क्रांति के समय बसे हुए समुदायों में विशेषिता भूमिकाएँ और व्यवसायों के कार्य उत्पन्न हुए, जिससे हार्चियार्कीज की समृद्धि हुई।"
Answer the given question in Hindi:,नीओलिथिक क्रांति के कौन-कौन से सांस्कृतिक परिवर्तन हुए?,"नीओलिथिक क्रांति के दौरान धार्मिक विश्वासों, कला के अभिव्यक्ति, और सामाजिक रीतियों में परिवर्तन आया।"
Write your answer to the question in Hindi:,नीओलिथिक क्रांति के समय कृषि के कैसे प्रथाएं शुरू की गईं?,"नीओलिथिक क्रांति के समय लोगों ने बीज बोने, पशु पालन किया, और पानी के प्रबंधन की शुरुआत की, जो खाद्य उत्पादन को बढ़ावा दिया।"
Provide a response to the given query in Hindi:,नीओलिथिक क्रांति के दौरान लोगों के बसे हुए कैसे परिवर्तन हुए?,"नीओलिथिक क्रांति के साथ, लोगों के आवास के प्राथमिक ढांचे में परिवर्तन हुआ, जैसे गांवों का उत्थान, जो आगे बढ़ने की नीयती को दर्शाता है।"
Answer the question in Hindi language:,नीओलिथिक क्रांति के समय आर्थिक परिवर्तन क्या थे?," नीओलिथिक क्रांति के समय लोगों की आर्थिक गतिविधियों में वृद्धि हुई, जैसे व्यापार, वस्त्र निर्माण, और विपणन।"
Reply to the asked question in Hindi:,नीओलिथिक क्रांति के समय स्वास्थ्य पर कैसा प्रभाव पड़ा?,"नीओलिथिक क्रांति के समय खाद्य उत्पादन की वृद्धि ने लोगों के स्वास्थ्य को सुधारा, लेकिन साथ ही नए बीमारियों का प्रसार भी हुआ।"
दिए गए प्रश्न का उत्तर हिंदी में दें:, कृषि का प्रसार किस क्षेत्र से हुआ और किस-किस संसार के हिस्सों तक पहुंचा?,"कृषि की उत्पत्ति फर्टाइल क्रेसेंट (आधुनिक मध्य पूर्व) से हुई और फिर यह यूरोप, एशिया, अफ्रीका, और अमेरिका जैसे अन्य हिस्सों तक पहुंची, जिससे विभिन्न कृषि प्रथाओं और अनुकूलन का नेतृत्व हुआ।"
दिए गए सवाल का जवाब हिंदी में लिखें:, किस प्रकार से कृषि का प्रसार हुआ और उसका क्या प्रभाव हुआ?,"कृषि का प्रसार बाग़बानी के क्षेत्र से हुआ और इसने यूरोप, एशिया, अफ्रीका, और अमेरिका जैसे अन्य क्षेत्रों में विविध कृषि प्रथाओं और अनुकूलन को उत्पन्न किया।"
दिए गए प्रश्न का समाधान हिंदी में प्रस्तुत करें:,नीओलिथिक क्रांति ने किस प्रकार से नागरिकता के लिए आधार रखा?,"नीओलिथिक क्रांति ने विभिन्न भागों में जैसे मेसोपोटामिया, मिस्र, सिंधु घाटी, और चीन में संविधानकारी सभ्यताओं के उत्थान के लिए आधार रखा, जहां कृषि ने नगरीय समाजों का आधार बनाया।"
पूछे गए प्रश्न का उत्तर हिंदी में प्रदान करें:,नागरिकता के लिए नीओलिथिक क्रांति ने क्या महत्वपूर्ण योगदान दिया?,"नीओलिथिक क्रांति ने विभिन्न भागों में जैसे मेसोपोटामिया, मिस्र, सिंधु घाटी, और चीन में संविधानकारी सभ्यताओं के उत्थान के लिए महत्वपूर्ण योगदान दिया, जहां कृषि ने नगरीय समाजों का आधार बनाया।"
बताए गए सवाल का उत्तर हिंदी में दें।,कृषि का प्रसार किन-किन क्षेत्रों में हुआ?,"कृषि का प्रसार फर्टाइल क्रेसेंट (आधुनिक मध्य पूर्व) से शुरू हुआ और फिर यह यूरोप, एशिया, अफ्रीका, और अमेरिका जैसे अन्य क्षेत्रों में फैला।"
Diye gaye prashn ka uttar Hindi mein dein:,कृषि का प्रसार किस तरह से विभिन्न क्षेत्रों में भिन्न प्रकार की कृषि प्रथाओं का उत्पादन किया?," कृषि का प्रसार विभिन्न क्षेत्रों में भिन्न प्रकार की कृषि प्रथाओं का उत्पादन किया, जिससे विभिन्न सांस्कृतिक और भौगोलिक विशेषताओं के अनुरूप अनुकूलन हुआ।"
Diye gaye sawaal ka jawab Hindi mein likhein:,नागरिकता के लिए नीओलिथिक क्रांति ने किस प्रकार के आधार प्रदान किया?,"नीओलिथिक क्रांति ने मेसोपोटामिया, मिस्र, सिंधु घाटी, और चीन जैसे स्थानों पर विकसित उच्च सभ्यताओं के लिए आधार प्रदान किया, जहां कृषि ने नगरीय समाजों का निर्माण किया।"
Diye gaye prashn ka samadhan Hindi mein prastut karein:,नागरिकता के लिए नीओलिथिक क्रांति ने कैसे महत्वपूर्ण साबित हुई?,"नीओलिथिक क्रांति ने नागरिकता के लिए महत्वपूर्ण साबित हुई क्योंकि यह समय ने मेसोपोटामिया, मिस्र, सिंधु घाटी, और चीन जैसे स्थानों में उच्च सभ्यताओं के उत्थान का रास्ता दिखाया।"
Pooche gaye prashn ka uttar Hindi mein pradaan karein:,प्राचीन समय में मेहरगढ़ सभ्यता की स्थापना किस समय की गई थी?,मेहरगढ़ सभ्यता की स्थापना लगभग 7000 BCE के आसपास की गई थी।
Bataye gaye sawaal ka jawab Hindi mein dein:,क्या है मेहरगढ़ सभ्यता की सबसे महत्वपूर्ण विशेषता?,"मेहरगढ़ सभ्यता की सबसे महत्वपूर्ण विशेषता उसकी प्रारंभिक कृषि और कुंभकारी कौशल में है, जो भारतीय उपमहाद्वीप में एक प्रमुख प्रगति थी।"
Answer the given question in Hindi:,मेहरगढ़ सभ्यता की मुख्य आर्थिक प्रणाली क्या थी?,"मेहरगढ़ सभ्यता की मुख्य आर्थिक प्रणाली कृषि और उद्योगिक उत्पादन पर आधारित थी, जिसमें खेती, कुंभकारी, धातु कार्य, और व्यापार शामिल था।"
Write your answer to the question in Hindi:,क्या मेहरगढ़ सभ्यता में शहरी विकास का अध्ययन किया गया था?,"हां, मेहरगढ़ सभ्यता में शहरी विकास का अध्ययन किया गया था, जिसमें निवास स्थलों का व्यावस्थित और अनुकूल विकास शामिल था।"
Provide a response to the given query in Hindi:,मेहरगढ़ सभ्यता में सामाजिक संरचना के बारे में क्या जानकारी है?,"मेहरगढ़ सभ्यता में सामाजिक संरचना में विभाजन था, जिसमें धन, व्यावसायिक ग्रुप, और सामाजिक स्थिति के आधार पर अलग-अलग वर्ग थे।"
Answer the question in Hindi language:,क्या मेहरगढ़ सभ्यता में धार्मिक और धार्मिक अभ्यासों के बारे में जानकारी है?,"हां, मेहरगढ़ सभ्यता में धार्मिक और धार्मिक अभ्यासों का अच्छा ज्ञान है, जिसमें धार्मिक विश्वासों, रिट्यूअल्स, और पूजा के साक्षात्कार शामिल हैं।"
Reply to the asked question in Hindi:,मेहरगढ़ सभ्यता में प्रारंभिक उद्योगिक नवाचारों का विवेचन किया गया था क्या?,"हां, मेहरगढ़ सभ्यता में प्रारंभिक उद्योगिक नवाचारों का विवेचन किया गया था, जिसमें कुंभकारी, धातु कार्य, और टेक्सटाइल उत्पादन शामिल था।"
दिए गए प्रश्न का उत्तर हिंदी में दें:,क्या मेहरगढ़ सभ्यता की अस्थायी होने की वजहें हैं?,"मेहरगढ़ सभ्यता की अस्थायी होने की वजहें वायुमंडलीय परिवर्तन, सामाजिक अशांति, आर्थिक गिरावट, और बाहरी खतरे हो सकते हैं।"
दिए गए सवाल का जवाब हिंदी में लिखें:,मेहरगढ़ सभ्यता का ऐतिहासिक अधिकार क्या है?,"मेहरगढ़ सभ्यता का ऐतिहासिक अधिकार भारतीय उपमहाद्वीप के प्राचीन सभ्यताओं में एक महत्वपूर्ण स्थान रखता है, जो प्रारंभिक समय में आर्थिक, सामाजिक, और सांस्कृतिक विकास में एक महत्वपूर्ण योगदान दिया।"
दिए गए प्रश्न का समाधान हिंदी में प्रस्तुत करें:,कौन-कौन से महत्वपूर्ण खोज और खोज मेहरगढ़ सभ्यता में हुईं?,"मेहरगढ़ सभ्यता में कई महत्वपूर्ण खोज और खोज हुईं, जैसे कि प्रारंभिक कृषि, पशु-पालन, पोत्टरी बनाने का प्रारंभिक प्रक्रिया, और नए संदर्भों में समझाने के लिए विभिन्न उत्पादों की उत्पत्ति।"
पूछे गए प्रश्न का उत्तर हिंदी में प्रदान करें:,मेहरगढ़ के कृषि क्षेत्र में क्या महत्व है?,मेहरगढ़ के कृषि क्षेत्र में प्राचीन कृषि और पौधों और जानवरों के पालने के सबूतों के प्रदान के कारण उत्पन्न हुआ है।
बताए गए सवाल का उत्तर हिंदी में दें।,मेहरगढ़ में किस प्रकार की खेती होती थी?,"मेहरगढ़ में गेहूं, जौ, मसूर, और जैसी फसलों की खेती होती थी।"
Diye gaye prashn ka uttar Hindi mein dein:,मेहरगढ़ सभ्यता में कौन-कौन से जानवर पाले जाते थे?,"मेहरगढ़ सभ्यता में भेड़, बकरी, और गाय जैसे जानवर पाले जाते थे।"
Diye gaye sawaal ka jawab Hindi mein likhein:,मेहरगढ़ सभ्यता में पालने किए जाने वाले जानवरों का उपयोग क्या होता था?,"मेहरगढ़ सभ्यता में पालने किए जाने वाले जानवरों का उपयोग खेती में मजदूरी करने, दूध और उनके उत्पादों के लिए किया जाता था।"
Diye gaye prashn ka samadhan Hindi mein prastut karein:,मेहरगढ़ सभ्यता में कृषि और चाराग्रहण का क्या महत्व था?,मेहरगढ़ सभ्यता में कृषि और चाराग्रहण का महत्व उनके आर्थिक और सामाजिक विकास में था।
Pooche gaye prashn ka uttar Hindi mein pradaan karein:,मेहरगढ़ के कृषि क्षेत्र में कौन-कौन से फसलें उगाई जाती थीं?,"मेहरगढ़ के कृषि क्षेत्र में गेहूं, जौ, मसूर, और जैसी फसलें उगाई जाती थीं।"
Bataye gaye sawaal ka jawab Hindi mein dein:,मेहरगढ़ सभ्यता के अध्ययन से किस प्रकार का ज्ञान प्राप्त होता है?,मेहरगढ़ सभ्यता के अध्ययन से हमें प्राचीन कृषि प्रथाओं और पशुपालन के तरीकों का ज्ञान प्राप्त होता है।
Answer the given question in Hindi:,कृषि और पशुपालन में कौन-कौन से तकनीकी नवाचार हुए?,"कृषि और पशुपालन में उन्नत खेती के लिए तकनीकी नवाचार हुए, जिसमें खेती के औजारों का प्रयोग और पशुपालन की देखभाल शामिल थी।"
Write your answer to the question in Hindi:,कैसे मेहरगढ़ सभ्यता के कृषि प्रणालियों में बदलाव आया?,"मेहरगढ़ सभ्यता के कृषि प्रणालियों में बदलाव उस समय आया जब वहाँ पर नयी खेती की तकनीकें अपनाई गईं, और खेती में प्रगति हुई। इसमें बीज और खेती के उपकरणों की बेहतरीन प्रयोग की गई।"
Provide a response to the given query in Hindi:,क्या कृषि और पशुपालन के क्षेत्र में मेहरगढ़ के खनन से संबंध था?,"हां, मेहरगढ़ के खनन का संबंध कृषि और पशुपालन के क्षेत्र में था। खनन से मिली धातुओं से उपकरणों का निर्माण किया जाता था, जिससे कृषि और पशुपालन में उन्नति होती थी।"
Answer the question in Hindi language:,मेहरगढ़ सभ्यता में कृषि और पशुपालन की स्थिति और महत्व की व्याख्या करें।,"मेहरगढ़ सभ्यता में कृषि और पशुपालन अत्यंत महत्वपूर्ण थे। ये समृद्धि और समाज में स्थिरता लाते थे, और लोगों को आवश्यक खाद्य सामग्रियाँ प्रदान करते थे।"
Reply to the asked question in Hindi:,मेहरगढ़ के कृषि और पशुपालन के तकनीकी निर्माताओं के बारे में अधिक जानकारी दें।,"मेहरगढ़ के कृषि और पशुपालन के क्षेत्र में तकनीकी निर्माताओं ने उपकरणों का निर्माण किया, जो कि खेती और पशुपालन में मदद करते थे। इससे उत्पादकता बढ़ी और लोगों की आर्थिक स्थिति सुधारी गई।"
दिए गए प्रश्न का उत्तर हिंदी में दें:,मेहरगढ़ के कृषि और पशुपालन की उत्पत्ति पर कितना प्रभाव पड़ा?,मेहरगढ़ के कृषि और पशुपालन की उत्पत्ति ने लोगों के जीवन को सुधारा और समृद्धि लाई। यह सभ्यता का आधार बन गया और उसकी स्थिरता में मदद की।
दिए गए सवाल का जवाब हिंदी में लिखें:,कृषि और पशुपालन के क्षेत्र में मेहरगढ़ के प्रगति के संकेत क्या थे?,कृषि और पशुपालन के क्षेत्र में मेहरगढ़ की प्रगति का संकेत था जब वहाँ पर नयी खेती के तरीके आये और उत्पादकता में वृद्धि हुई। इससे समाज में उत्साह और समृद्धि आई।
दिए गए प्रश्न का समाधान हिंदी में प्रस्तुत करें:,मेहरगढ़ में बसेरे का संरचना कैसा था?,"मेहरगढ़ में बसेरे मिट्टी के ईंटों के घरों के समूहों से मिलते थे, जिसमें शिल्प विशेषज्ञता के सबूत भी थे, जो कामकाज की विभाजन में एक जटिल समाज का सुझाव देते हैं।"
पूछे गए प्रश्न का उत्तर हिंदी में प्रदान करें:,मेहरगढ़ में बसेरे का संरचना किस प्रकार का था?,"मेहरगढ़ में बसेरे मुख्य रूप से मिट्टी के ईंटों के घरों के समूहों से बने थे, जो एक विशेषज्ञ समाज की अद्भुत संरचना का संकेत देते थे।"
बताए गए सवाल का उत्तर हिंदी में दें।,मेहरगढ़ के बसेरे किस प्रकार से संरचित थे?,"मेहरगढ़ में बसेरे घरों के एक समूह के रूप में संरचित थे जो मिट्टी की ईंटों से बने थे, और यह शिल्प विशेषज्ञता के साथ युक्त थे, जो कामकाज की विभाजन में संदर्भ में समृद्ध समाज की ओर इशारा करते थे।"
Diye gaye prashn ka uttar Hindi mein dein:,मेहरगढ़ में बसेरे की संरचना क्यों महत्वपूर्ण थी?,मेहरगढ़ में बसेरे की संरचना महत्वपूर्ण थी क्योंकि यह उस समय की समृद्ध समाज की अद्भुतता और व्यापारिक गतिविधियों की प्रमुख धाराओं का प्रतिनिधित्व करती थी।
Diye gaye sawaal ka jawab Hindi mein likhein:,मेहरगढ़ में स्थायी समूह निर्माण का क्या महत्व था?,मेहरगढ़ में स्थायी समूह निर्माण सामाजिक और आर्थिक विकास के लिए महत्वपूर्ण था। यह बड़े स्तर पर काम करने की क्षमता को बढ़ाता था और समूह के सदस्यों के बीच विभिन्न कौशलों का संचार सुनिश्चित करता था।
Diye gaye prashn ka samadhan Hindi mein prastut karein:,मेहरगढ़ के बसेरे किस तरह से गठित थे?,मेहरगढ़ के बसेरे मुख्य रूप से सींचे गए मिट्टी के ईंटों के घरों के गुच्छों में व्यवस्थित थे। यहाँ शिल्प विशेषज्ञता के साक्षात्कार थे जो कि समृद्ध समाज की प्रस्थान करते थे।
Pooche gaye prashn ka uttar Hindi mein pradaan karein:,मेहरगढ़ के बसेरे में शिल्प विशेषज्ञता का क्या महत्व था?,मेहरगढ़ के बसेरे में शिल्प विशेषज्ञता का महत्व था क्योंकि यह समृद्ध समाज की उन्नति और व्यापारिक गतिविधियों के विकास में महत्वपूर्ण भूमिका निभाता था।
Bataye gaye sawaal ka jawab Hindi mein dein:,मेहरगढ़ में बसेरों की संरचना का समृद्धि और समाज के विकास के साथ कैसे संबंध था?,मेहरगढ़ में बसेरों की संरचना समृद्धि और समाज के विकास के साथ संबंधित थी। इसने समृद्ध समाज के निर्माण में अहम भूमिका निभाई और व्यापारिक गतिविधियों को बढ़ावा दिया।
Answer the given question in Hindi:,मेहरगढ़ में प्राचीनतम तकनीकी उन्नतियाँ कौन-कौन सी थीं?,"मेहरगढ़ में प्राचीनतम तकनीकी उन्नतियों में मिट्टी के बर्तनों का निर्माण, पत्थरी औजार बनाना, शंख और हड्डियों से बने आभूषण, और मणियों के निर्माण के सबूत शामिल हैं।"
Write your answer to the question in Hindi:,मेहरगढ़ में प्राचीन तकनीकी उन्नतियों का क्या महत्व था?,मेहरगढ़ में प्राचीन तकनीकी उन्नतियों का महत्व था क्योंकि यह समृद्ध समाज के उत्थान और समृद्धि में मदद करते थे। इन उन्नतियों ने उत्पादन की प्रक्रिया को सुगम बनाया और लोगों के जीवन को सुखद बनाया।
Provide a response to the given query in Hindi:,मेहरगढ़ में कौन-कौन सी तकनीकी उन्नतियाँ पाई जाती थीं?,"मेहरगढ़ में मिट्टी के बर्तनों का निर्माण, पत्थरी औजार बनाना, शंख और हड्डियों से बने आभूषण, और मणियों के निर्माण में तकनीकी उन्नतियाँ पाई जाती थीं।"
Answer the question in Hindi language:,मेहरगढ़ में तकनीकी उन्नतियों का अर्थ क्या था?,"मेहरगढ़ में तकनीकी उन्नतियों का अर्थ था कि लोगों को उन्नत और प्रभावी तरीके से उत्पादन की प्रक्रिया को संचालित करने का क्षमता मिली, जिससे उत्पादकता में वृद्धि हुई।"
Reply to the asked question in Hindi:,मेहरगढ़ में तकनीकी उन्नतियों का संचार कैसे होता था?,मेहरगढ़ में तकनीकी उन्नतियों का संचार लोगों के बीच विभिन्न कौशलों और ज्ञान को साझा करने के माध्यम से होता था। इससे विभिन्न विकास के क्षेत्रों में सहयोग और उत्पादकता में वृद्धि होती थी।
दिए गए प्रश्न का उत्तर हिंदी में दें:,मेहरगढ़ के तकनीकी उन्नतियों का उपयोग किस प्रकार से लोगों के जीवन को सुधारता था?,मेहरगढ़ के तकनीकी उन्नतियों का उपयोग लोगों के जीवन को सुधारता था क्योंकि इनसे उत्पादकता और जीवन की गुणवत्ता में सुधार होती थी। इन तकनीकों का प्रयोग उन्नत उत्पादों का निर्माण करने में सहायक था और जीवन को अधिक सुखद बनाने में मदद करता था।
दिए गए सवाल का जवाब हिंदी में लिखें:,मेहरगढ़ में तकनीकी उन्नतियों के उपयोग से कैसे नए उत्पादों की खोज हुई?,"मेहरगढ़ में तकनीकी उन्नतियों के उपयोग से लोगों ने नए उत्पादों की खोज की जैसे कि बेहतरीन गुणवत्ता के बर्तन, आभूषण और उपकरण। इससे व्यापारिक गतिविधियों की वृद्धि हुई और समृद्धि में वृद्धि हुई।"
दिए गए प्रश्न का समाधान हिंदी में प्रस्तुत करें:,मेहरगढ़ में तकनीकी उन्नतियों का प्रयोग कैसे सामाजिक और आर्थिक विकास में मदद किया?,"मेहरगढ़ में तकनीकी उन्नतियों का प्रयोग सामाजिक और आर्थिक विकास में मदद किया क्योंकि इससे उत्पादकता में वृद्धि हुई, व्यापार बढ़ा और लोगों की जीवन की गुणवत्ता में सुधार हुआ।"
पूछे गए प्रश्न का उत्तर हिंदी में प्रदान करें:,मेहरगढ़ समाज की सामाजिक संगठना में क्या क्या अंतर था?,"मेहरगढ़ समाज की सामाजिक संगठना में स्पष्टतः व्यक्त सामाजिक विभाजन के सबूत हैं, जहाँ कुछ व्यक्तियों को अन्यों से अधिक विलक्षण कब्री सामग्री के साथ दफनाया गया।"
बताए गए सवाल का उत्तर हिंदी में दें।,मेहरगढ़ समाज की सामाजिक संगठना किस आधार पर हो सकती थी?,"मेहरगढ़ समाज की सामाजिक संगठना संगठन का प्रकार शवों के दाह-संस्कार के प्रथाओं के आधार पर हो सकता था, जहाँ कुछ व्यक्तियों को अधिक सम्मानित माना गया था।"
Diye gaye prashn ka uttar Hindi mein dein:,मेहरगढ़ में समाज का सामाजिक विभाजन किस प्रकार प्रकट होता है?,"मेहरगढ़ में समाज का सामाजिक विभाजन शवों के सामग्रियों के विवेक के माध्यम से प्रकट होता है, जहाँ कुछ व्यक्तियों को अधिक आधिकारिक या श्रेष्ठ माना गया था।"
Diye gaye sawaal ka jawab Hindi mein likhein:,मेहरगढ़ समाज में सामाजिक विभाजन की प्रक्रिया कैसे काम करती थी?,"मेहरगढ़ समाज में सामाजिक विभाजन की प्रक्रिया शवों के सामग्रियों के वितरण के माध्यम से काम करती थी, जो किसी व्यक्ति की सामाजिक स्थिति को दर्शाती थी।"
Diye gaye prashn ka samadhan Hindi mein prastut karein:,मेहरगढ़ समाज में सामाजिक विभाजन का क्या अर्थ था?,"मेहरगढ़ समाज में सामाजिक विभाजन का अर्थ था कि समाज में व्यक्तियों के बीच सामाजिक और आर्थिक विभाजन की प्रक्रिया थी, जो उनकी स्थिति और स्थान की व्यवस्था की।"
Pooche gaye prashn ka uttar Hindi mein pradaan karein:,मेहरगढ़ समाज में विभाजन के किस प्रकार के प्रमाण हैं?,"मेहरगढ़ समाज में विभाजन के प्रमाण विभिन्न गहनों, आभूषणों, और शवों के विवेक में देखा जा सकता है, जहाँ कुछ व्यक्तियों को अधिक श्रेष्ठ माना गया था।"
Bataye gaye sawaal ka jawab Hindi mein dein:,मेहरगढ़ समाज में व्यक्तियों के बीच सामाजिक विभाजन कैसे प्रकट होता था?,मेहरगढ़ समाज में व्यक्तियों के बीच सामाजिक विभाजन उनके दाह-संस्कार के प्रथाओं और उनके शव के साथ रखी गई सामग्रियों के वितरण से प्रकट होता था।
Answer the given question in Hindi:,मेहरगढ़ समाज में सामाजिक विभाजन के क्या कारण थे?,"मेहरगढ़ समाज में सामाजिक विभाजन के कारण विभिन्न कारण हो सकते हैं, जैसे आर्थिक स्थिति, सामाजिक प्रतिष्ठा, और शक्ति के भिन्न-भिन्न प्राप्तिमूलक।"
Write your answer to the question in Hindi:,मेहरगढ़ समाज में व्यक्तियों के बीच सामाजिक विभाजन का क्या परिणाम था?,"मेहरगढ़ समाज में व्यक्तियों के बीच सामाजिक विभाजन का परिणाम था कि कुछ व्यक्तियों को अधिक सामाजिक और आर्थिक दर्जा और स्थिति मिलती थी, जबकि अन्यों को कम।"
Provide a response to the given query in Hindi:,मेहरगढ़ में व्यापार और संपर्क की कैसे होती थी?,मेहरगढ़ में व्यापार और संपर्क के सबूत विदेशी सामग्री जैसे कि अफगानिस्तान से लापीस लाज़ूली और ईरान से फिरोजा की उपस्थिति से प्रकट होते हैं।
Answer the question in Hindi language:,मेहरगढ़ से किस प्रकार के व्यापारिक संबंध थे?,मेहरगढ़ से व्यापारिक संबंधों में देशों के बीच उपयुक्त सामानों की आपसी विनिमय और लंबी-दूरी के संपर्क के प्रमाण होते हैं।
Reply to the asked question in Hindi:,मेहरगढ़ से अन्य संगठनों के साथ कैसे व्यापारिक संबंध थे?,मेहरगढ़ से अन्य संगठनों के साथ व्यापारिक संबंधों में विदेशी सामग्री की प्रविष्टि और व्यापार की अधिक संभावना होती थी।
दिए गए प्रश्न का उत्तर हिंदी में दें:,मेहरगढ़ के व्यापारिक संबंधों का क्या महत्व था?,मेहरगढ़ के व्यापारिक संबंधों का महत्व था क्योंकि इससे समृद्ध समाज को विभिन्न क्षेत्रों से सामग्री की पहुंच मिलती थी और व्यापार के माध्यम से आर्थिक विकास होता था।
दिए गए सवाल का जवाब हिंदी में लिखें:,मेहरगढ़ में व्यापार नेटवर्क और संपर्क के क्या प्रमुख लाभ थे?,"मेहरगढ़ में व्यापार नेटवर्क और संपर्क के प्रमुख लाभ थे जैसे कि सामाजिक और सांस्कृतिक अद्यतन, आर्थिक विकास, विदेशी विमानों और विचारों का आगमन, और अन्य सामर्थ्यवान सामर्थ्यों का प्राप्त होना।"
दिए गए प्रश्न का समाधान हिंदी में प्रस्तुत करें:,मेहरगढ़ के व्यापारिक संबंधों का कैसा असर होता था अन्य समाजों और संस्कृतियों पर?,"मेहरगढ़ के व्यापारिक संबंधों का असर अन्य समाजों और संस्कृतियों पर उनके विचारों, कला, और विकास पर होता था, और उन्हें अन्य समृद्ध साम्राज्यों के साथ सांस्कृतिक और आर्थिक आदान-प्रदान का मौका मिलता था।"
पूछे गए प्रश्न का उत्तर हिंदी में प्रदान करें:,मेहरगढ़ में व्यापारिक संबंधों का विकास किस प्रकार से था?,"मेहरगढ़ में व्यापारिक संबंधों का विकास नए और पुराने विदेशी संगठनों के साथ व्यापार के माध्यम से हुआ, जो समृद्धि के क्षेत्रों को जोड़ता था और समृद्धि को बढ़ावा देता था।"
बताए गए सवाल का उत्तर हिंदी में दें।,मेहरगढ़ का पतन किसे लिया जाता है और इसके पीछे के कारण क्या थे?,"मेहरगढ़ का पतन 2600 ईसा पूर्व के आसपास हुआ था, जिसकी पूरी तरह से समझ में नहीं आया है, लेकिन संभावना है कि इसकी प्रमुख कारण वातावरणीय परिवर्तन, बसेरे के पैटर्न में बदलाव, या क्षेत्र में उभरती अन्य संस्कृतियों के साथ भेदभाव हो सकता है।"
Diye gaye prashn ka uttar Hindi mein dein:,मेहरगढ़ के पतन के पीछे क्या प्रमुख कारण हो सकते हैं?,"मेहरगढ़ के पतन के पीछे के प्रमुख कारणों में वातावरणीय परिवर्तन, जैसे कि मौसमी परिवर्तन और संकट, बसेरे के पैटर्न में परिवर्तन, और क्षेत्र में अन्य संस्कृतियों के साथ संघर्ष शामिल हो सकते हैं।"
Diye gaye sawaal ka jawab Hindi mein likhein:,मेहरगढ़ के पतन के लिए कौन-कौन से कारण जिम्मेदार हो सकते हैं?,"मेहरगढ़ के पतन के लिए विभिन्न कारण हो सकते हैं, जैसे कि पर्यावरणीय परिवर्तन, सामाजिक असंतुलन, युद्ध, और बाहरी आक्रमण।"
Diye gaye prashn ka samadhan Hindi mein prastut karein:,मेहरगढ़ के पतन के बाद क्या बदलाव आया?,"मेहरगढ़ के पतन के बाद, क्षेत्र में बसेरे की अवस्था, सामाजिक संरचना, और व्यापारिक गतिविधियों में परिवर्तन आया।"
Pooche gaye prashn ka uttar Hindi mein pradaan karein:,मेहरगढ़ के पतन के बाद स्थिति में क्या परिवर्तन हुआ?,"मेहरगढ़ के पतन के बाद, क्षेत्र में व्यवस्था के अवस्थान, सामाजिक संगठन, और व्यापारिक गतिविधियों में परिवर्तन आया।"
Bataye gaye sawaal ka jawab Hindi mein dein:,मेहरगढ़ के पतन के कारण क्या हो सकते हैं?,"मेहरगढ़ के पतन के कारण वातावरणीय परिवर्तन, आर्थिक उथल-पुथल, युद्ध, या बाहरी आक्रमण हो सकते हैं।"
Answer the given question in Hindi:,मेहरगढ़ समाज के पतन का कौन सा क्षण था?,"मेहरगढ़ समाज के पतन का अवलोकन करने के लिए किसी निश्चित क्षण की निर्धारण बहुत कठिन है, लेकिन संभावना है कि यह लगभग 2600 ईसा पूर्व के आसपास हुआ था।"
Write your answer to the question in Hindi:,मेहरगढ़ के पतन का असर किस प्रकार पड़ा?,"मेहरगढ़ के पतन का असर राजनीतिक, सामाजिक, और आर्थिक व्यवस्था पर पड़ा, जिसने क्षेत्र की सामाजिक और आर्थिक व्यवस्था को प्रभावित किया।"
Provide a response to the given query in Hindi:,मेहरगढ़ समाज के पतन के पीछे के कारण क्या हो सकते हैं?,"मेहरगढ़ समाज के पतन के पीछे के कारण विभिन्न हो सकते हैं, जैसे कि युद्ध, आर्थिक असंतुलन, या अन्य संगठनों के साथ विवाद।"
Answer the question in Hindi language:,मेहरगढ़ के पतन का असर किस प्रकार से पड़ा?,"मेहरगढ़ के पतन का असर समाज, अर्थव्यवस्था, और सामाजिक संरचना पर पड़ा, जिससे लोगों के जीवन का प्रवाह परिवर्तित हुआ।"
Reply to the asked question in Hindi:,मेहरगढ़ के पतन के बाद क्या हुआ?,"मेहरगढ़ के पतन के बाद, क्षेत्र में अन्य संस्कृतियों और समाजों का उदय हुआ और नए राजनीतिक और सामाजिक संरचनाएं विकसित हुईं।"
दिए गए प्रश्न का उत्तर हिंदी में दें:,मेहरगढ़ समाज के पतन का कौन-कौन सा कारण हो सकता है?,"मेहरगढ़ समाज के पतन का कारण विभिन्न हो सकता है, जैसे कि युद्ध, वातावरणीय परिवर्तन, और सामाजिक असंतुलन।"
दिए गए सवाल का जवाब हिंदी में लिखें:,मेहरगढ़ समाज के पतन की अध्ययन क्यों महत्वपूर्ण है?,"मेहरगढ़ समाज के पतन की अध्ययन महत्वपूर्ण है क्योंकि इससे हमें समाज, इतिहास, और संस्कृति की समझ में मदद मिलती है।"
दिए गए प्रश्न का समाधान हिंदी में प्रस्तुत करें:,मेहरगढ़ समाज के पतन के परिणाम क्या थे?,"मेहरगढ़ समाज के पतन के परिणामों में राजनीतिक और सामाजिक अस्थिरता, अर्थव्यवस्था की दुर्बलता, लोगों के आधारिक सुरक्षा की कमी, और क्षेत्र के सामाजिक संरचना में परिवर्तन शामिल हो सकते हैं।"
पूछे गए प्रश्न का उत्तर हिंदी में प्रदान करें:,पूर्व हड़प्पा काल क्या है और इसका इतिहास क्या है?,पूर्व हड़प्पा काल का अर्थ है '3300 से 2600 ईसा पूर्व का काल'। यह भारतीय उपमहाद्वीप में नागरिकता की उत्पत्ति और विकास का अहम अध्याय है।
बताए गए सवाल का उत्तर हिंदी में दें।,हड़प्पा सभ्यता के अग्रदूत कौन हैं?,"हड़प्पा सभ्यता के पूर्वदूत के रूप में ओकर कलर्ड पॉटरी (OCP) सभ्यता, कोट दिजी सभ्यता, और अन्य स्थानीय परंपराओं का उल्लेख किया जा सकता है।"
Diye gaye prashn ka uttar Hindi mein dein:,पूर्व हड़प्पा काल में उपनगर कैसे विकसित हुए?,"पूर्व हड़प्पा काल में उपनगरों का विकास उस समय की विशेषता था, जब समाज में नागरिकता और शिल्पकला की विकास की दिशा में कई प्रमुख बदलाव हुए।"
Diye gaye sawaal ka jawab Hindi mein likhein:,पूर्व हड़प्पा काल में व्यापार के नेटवर्क किस प्रकार थे?,"पूर्व हड़प्पा काल में दूरस्थ व्यापार की मुख्य विशेषता थी, जिसमें सिंधु घाटी से मेसोपोटामिया और मध्य एशिया तक की सामान एकत्रित की जाती थी।"
Diye gaye prashn ka samadhan Hindi mein prastut karein:,पूर्व हड़प्पा काल में शिल्प विशेषीकरण की क्या थी संकेत?,"पूर्व हड़प्पा काल में शिल्प विशेषीकरण का महत्वपूर्ण हिस्सा था, जिसमें विशिष्ट कार्यशालाओं का उल्लेख, मानकृत उत्पादन तकनीक, और कारिगरों की भूमिका शामिल थी।"
Pooche gaye prashn ka uttar Hindi mein pradaan karein:,पूर्व हड़प्पा काल में सामाजिक संगठन और शासन कैसे था?,"पूर्व हड़प्पा समाज में सामाजिक संगठन और शासन संरचनाओं का विश्लेषण करें, जिसमें अधिकारियों, प्रशासकीय प्राधिकरणों, और अन्य प्रमुख व्यक्तियों की भूमिका को शामिल किया जाए।"
Bataye gaye sawaal ka jawab Hindi mein dein:,पूर्व हड़प्पा काल में धार्मिक और धार्मिक प्रथाओं का क्या महत्व था?,"पूर्व हड़प्पा काल में धार्मिक विश्वास, रीति और आचार्य प्रथाओं के बारे में जांच करें, जिसमें धार्मिक संरचनों, बलियों, अग्निकुण्डों, और अन्य धार्मिक उत्कृष्ट वस्त्रों का प्रमाण शामिल है।"
Answer the given question in Hindi:,OCP संस्कृति क्या है और इसका महत्व क्या है?,"Ochre Coloured Pottery (OCP) का मतलब है ""पीले रंग की मिट्टी से बनी पॉटरी""। OCP संस्कृति एक प्राचीन संस्कृति है जो पूर्व हड़प्पा काल से पूर्व भारतीय उपमहाद्वीप में उत्पन्न हुई थी। इसका महत्व इस संस्कृति की स्थापित कर्तव्यों, सांस्कृतिक विकास के पूर्वेक्षा, और उसके संभावित सांस्कृतिक संबंधों को समझने में है।"
Write your answer to the question in Hindi:,OCP संस्कृति की मुख्य विशेषताएँ क्या हैं?,"OCP संस्कृति की मुख्य विशेषताएँ उसकी पोटरी की रंगत, स्थानिक प्रसार, पोतियों का आकार, और उनका उपयोग हैं।"
Provide a response to the given query in Hindi:,OCP संस्कृति की वितरण क्या है?,"OCP संस्कृति का प्रसार उत्तर-पश्चिमी भारतीय उपमहाद्वीप में हुआ था, जैसे कि राजस्थान, हरियाणा, और पश्चिमी उत्तर प्रदेश।"
Answer the question in Hindi language:,OCP संस्कृति के संभावित सांस्कृतिक संबंध क्या हैं?,"OCP संस्कृति के संभावित सांस्कृतिक संबंधों का अध्ययन करते समय, हम इसके संभावित संबंधों को समझ सकते हैं, जैसे कि मेहरगढ़ और बालूचिस्तान में मिली OCP खोदाई से जुड़े संदर्भ।"
Reply to the asked question in Hindi:,OCP संस्कृति के महत्व क्या है?,"OCP संस्कृति के महत्व के बारे में जानकारी, जैसे कि यह कैसे पूर्व हड़प्पा काल की उत्पत्ति और विकास में भूमिका निभाती है, प्रदान करें।"
दिए गए प्रश्न का उत्तर हिंदी में दें:, Ochre Coloured Pottery (OCP) संस्कृति के क्या विशेषताएँ थीं?,"Ochre Coloured Pottery (OCP) संस्कृति की प्रमुख विशेषताओं में सिंधु घाटी सभ्यता से पूर्व पूर्व हरप्पा काल में बनाई गई मिट्टी के पात्रों की प्रचलितता, और विभिन्न प्रकार की आधुनिकता और अलगाव शामिल होते हैं।"
दिए गए सवाल का जवाब हिंदी में लिखें:, OCP संस्कृति की वितरण क्या थी?,"OCP संस्कृति का प्रमुख वितरण प्राचीन भारतीय क्षेत्रों में था, जैसे कि राजस्थान, हरियाणा, और पश्चिमी उत्तर प्रदेश, जहां इसकी अवशेष बहुतायत मिली है।"
दिए गए प्रश्न का समाधान हिंदी में प्रस्तुत करें:,OCP संस्कृति के संभावित सांस्कृतिक संबंध क्या हो सकते हैं?,"OCP संस्कृति की संभावित सांस्कृतिक संबंधों में विभिन्न सम्प्रदायों और सभ्यताओं के साथ संबंध हो सकते हैं, जैसे कि मेसोपोटेमियन सभ्यता या सिंधु घाटी सभ्यता के साथ।"
पूछे गए प्रश्न का उत्तर हिंदी में प्रदान करें:,OCP संस्कृति की अरंगत्रिता और अवश्यकताएं क्या थीं?,"OCP संस्कृति की अरंगत्रिता इसके मिट्टी के पात्रों के बनावट, उनकी समारोहना और उनका उपयोग सहित अन्य सामग्रियों के साथ जुड़ी हुई थी। इसकी अवश्यकताओं में व्यवस्थित शहरी जीवन और गहन और चंद्राहास के प्रयोग शामिल थे।"
बताए गए सवाल का उत्तर हिंदी में दें।,OCP संस्कृति के चरित्रित आधुनिकता के प्रमुख तत्व क्या थे?," OCP संस्कृति के चरित्रित आधुनिकता के प्रमुख तत्व में उनके पात्रों का विविधता, कला की समृद्धता, और व्यवस्थित और संगठित समाज शामिल थे।"
Diye gaye prashn ka uttar Hindi mein dein:, OCP संस्कृति का संबंध किस समयावधि से था?,OCP संस्कृति का संबंध लगभग २५०० ईसा पूर्व से २००० ईसा पूर्व के बीच के समयावधि से था।
Diye gaye sawaal ka jawab Hindi mein likhein:,OCP संस्कृति के लोकप्रिय आवासीय क्षेत्र कौन-कौन से थे?," OCP संस्कृति के लोकप्रिय आवासीय क्षेत्र राजस्थान, हरियाणा, और पश्चिमी उत्तर प्रदेश जैसे क्षेत्र शामिल थे।"
Diye gaye prashn ka samadhan Hindi mein prastut karein:,OCP संस्कृति के निर्माण में किस प्रकार के सामग्री का प्रयोग होता था?,"OCP संस्कृति के निर्माण में चीनी, लोहे, और स्वर्ण का प्रयोग होता था, साथ ही मिट्टी के पात्रों का व्यापक उपयोग भी किया जाता था।"
Pooche gaye prashn ka uttar Hindi mein pradaan karein:, OCP संस्कृति के उदाहरण देशों में संभावित सांस्कृतिक संबंध कौन-कौन से हो सकते हैं?,"OCP संस्कृति के उदाहरण देशों में मेसोपोटेमिया, बलूचिस्तान, और अफगानिस्तान जैसे स्थानों में संभावित सांस्कृतिक संबंध हो सकते हैं।"
Bataye gaye sawaal ka jawab Hindi mein dein:,OCP संस्कृति के समय में कौन-कौन से सामाजिक प्रवृत्तियाँ दिखाई गईं?,"OCP संस्कृति के समय में लोगों के सामाजिक जीवन में अन्यथायीता, ग्रामीण व्यापार, और शिकार-संग्रह जैसी प्रवृत्तियाँ दिखाई गईं।"
Answer the given question in Hindi:,OCP संस्कृति का समय स्थापित करने के लिए विभिन्न प्रामाणिक धाराओं की क्या हैं?,"OCP संस्कृति के समय को स्थापित करने के लिए एक्सकेवेशन, रेडिओकार्बन डेटिंग, तथा अन्य ऐतिहासिक और वैज्ञानिक धाराएं उपयोग की जाती हैं। ये प्रामाणिक धाराएं समय की निर्धारण में सहायक होती हैं।"
Write your answer to the question in Hindi:,OCP संस्कृति के व्यवस्थित समाज में कौन-कौन से अधिकारिक संरचनाएँ थीं?,"OCP संस्कृति के व्यवस्थित समाज में ग्रामीण समुदाय, प्रदेशिक अधिकारिक अधिकार, और सामाजिक हिरासत की विविध रूपेण थीं। इन संरचनाओं के माध्यम से समाज की व्यवस्था और नियंत्रण होता था।"
Provide a response to the given query in Hindi:,OCP संस्कृति के आधार पर अनुमानित व्यापार और व्यावसायिक गतिविधियों की समीक्षा कैसे की जा सकती है?,"OCP संस्कृति के आधार पर अनुमानित व्यापार और व्यावसायिक गतिविधियों की समीक्षा करने के लिए व्यापारिक संकेत, वस्तुओं के उत्पादन और परिवहन के स्थल, और उपलब्ध विश्वासीय साक्ष्यों का उपयोग किया जा सकता है।"
Answer the question in Hindi language:, OCP संस्कृति के संबंध में विश्वास की गई धाराएँ और सिद्धांतों क्या हैं?,"OCP संस्कृति के संबंध में कई धाराएँ और सिद्धांत व्याप्त हैं, जैसे कि भौगोलिक स्थिति, व्यापारिक आदान-प्रदान, और संस्कृतिक अद्यात्म। ये सिद्धांत संबंधित अध्ययनों की बनावट और समझ में महत्वपूर्ण हैं।"
Reply to the asked question in Hindi:,OCP संस्कृति के प्रमुख स्थलों पर अध्ययन के लिए किस प्रकार के उपकरणों का उपयोग किया जा सकता है?,"OCP संस्कृति के प्रमुख स्थलों के अध्ययन के लिए ड्रोन तकनीक, गहन अर्ध-संरचना विश्लेषण, और भू-सर्वेक्षण साधनों का उपयोग किया जा सकता है। ये उपकरण ऐतिहासिक स्थलों की विस्तृत अध्ययन को संभव बनाते हैं।"
दिए गए प्रश्न का उत्तर हिंदी में दें:,OCP संस्कृति के अध्ययन में एक्सकेवेशन के प्रमुख लाभ क्या हो सकते हैं?," OCP संस्कृति के अध्ययन में एक्सकेवेशन से प्राप्त नमूनों का वैज्ञानिक विश्लेषण करके समय की निर्धारण, सामाजिक संरचना, और आर्थिक परिस"
दिए गए सवाल का जवाब हिंदी में लिखें:,कोट दीजी संस्कृति क्या है?,कोट दीजी संस्कृति एक प्रागैतिहासिक समय की संस्कृति है जो वर्तमान दिन के पाकिस्तान में स्थित है।
दिए गए प्रश्न का समाधान हिंदी में प्रस्तुत करें:,कोट दीजी संस्कृति की बस्ती के पैटर्न कैसे थे?,"कोट दीजी संस्कृति की बस्ती में ज्यादातर लोग चौड़ाई और लम्बाई में बनी होती थी, और यह घर के अंदर एक सीधा मुँह वाले थे।"
पूछे गए प्रश्न का उत्तर हिंदी में प्रदान करें:,कोट दीजी संस्कृति के सामग्रियों का क्या महत्व था?,"कोट दीजी संस्कृति के सामग्रियों में मिट्टी के बर्तन, सिक्के, और चांदी के आभूषण शामिल थे। ये सामग्रियाँ समृद्धि और समाज के स्तर की प्रमाणित करती हैं।"
बताए गए सवाल का उत्तर हिंदी में दें।,कोट दीजी संस्कृति का इंडस वैली सभ्यता के साथ कैसा संबंध था?,"कोट दीजी संस्कृति इंडस वैली सभ्यता के लिए महत्वपूर्ण है, क्योंकि इसका अनुमान है कि यह संस्कृति इंडस वैली सभ्यता की उत्पत्ति में एक महत्वपूर्ण भूमिका निभाई।"
Diye gaye prashn ka uttar Hindi mein dein:, कोट दीजी संस्कृति का आरंभ किस समय हुआ था?,कोट दीजी संस्कृति का आरंभ लगभग २५०० ईसा पूर्व के आसपास हुआ था।
Diye gaye sawaal ka jawab Hindi mein likhein:,कोट दीजी संस्कृति के लोगों की आर्थिक गतिविधियों में क्या था?,"कोट दीजी संस्कृति के लोग मुख्य रूप से कृषि, पशुपालन और व्यापार से जुड़े हुए थे।"
Diye gaye prashn ka samadhan Hindi mein prastut karein:,कोट दीजी संस्कृति में धातुओं का क्या महत्व था?, कोट दीजी संस्कृति में धातुओं का उपयोग शस्त्रों और आभूषणों के निर्माण में किया जाता था।
Pooche gaye prashn ka uttar Hindi mein pradaan karein:,कोट दीजी संस्कृति के लोगों के धार्मिक अनुष्ठान क्या थे?,कोट दीजी संस्कृति के लोगों का धार्मिक अनुष्ठान मुख्य रूप से शिव और शक्ति की पूजा पर आधारित था।
Bataye gaye sawaal ka jawab Hindi mein dein:,कोट दीजी संस्कृति के बारे में पहली बार किसने अध्ययन किया था?,कोट दीजी संस्कृति का पहला अध्ययन ब्रिटिश उपनिवेशकों और पर्यटकों द्वारा किया गया था।
Answer the given question in Hindi:,कोट दीजी संस्कृति के संबंध में नवीनतम अनुसंधान क्या कहते हैं?,कोट दीजी संस्कृति के संबंध में नवीनतम अनुसंधान मानव समाज के इतिहास और संस्कृति को समझने में महत्वपूर्ण रोल निभा रहे हैं।
Write your answer to the question in Hindi:,कोट दीजी संस्कृति का मौखिक और लिखित इतिहास क्या है?,कोट दीजी संस्कृति का मौखिक और लिखित इतिहास में क्या संदर्भ हैं?
Provide a response to the given query in Hindi:,कोट दीजी संस्कृति के विज्ञान और प्रौद्योगिकी क्षेत्र में कैसे प्रगति हुई?,कोट दीजी संस्कृति के विज्ञान और प्रौद्योगिकी क्षेत्र में कैसे प्रगति हुई और इसका सम्बंध किस प्रकार से इंडस वैली सभ्यता के साथ था?
Answer the question in Hindi language:,कोट दीजी संस्कृति के सांस्कृतिक अनुप्रयोगों में क्या था?,कोट दीजी संस्कृति के सांस्कृतिक अनुप्रयोगों में क्या था और यह अन्य संस्कृतियों से कैसे भिन्न था?
Reply to the asked question in Hindi:,कोट दीजी संस्कृति के सामाजिक व्यवस्था और राजनीतिक संगठन की विशेषताएं क्या थीं?, कोट दीजी संस्कृति के सामाजिक व्यवस्था और राजनीतिक संगठन की विशेषताएं क्या थीं और कैसे यह इंडस वैली सभ्यता के विकास को प्रेरित करती थीं?
दिए गए प्रश्न का उत्तर हिंदी में दें:,कोट दीजी संस्कृति का प्राचीन समय में साहित्यिक योगदान क्या था?, कोट दीजी संस्कृति का प्राचीन समय में साहित्यिक योगदान क्या था और क्या इसका कोई प्रमुख कवि या लेखक था?
दिए गए सवाल का जवाब हिंदी में लिखें:,कोट दीजी संस्कृति के धार्मिक अनुसरणों का विवरण क्या है?,कोट दीजी संस्कृति के धार्मिक अनुसरणों का विवरण क्या है और कैसे यह उनके समाज को प्रभावित करता था?
दिए गए प्रश्न का समाधान हिंदी में प्रस्तुत करें:,कोट दीजी संस्कृति के विद्यार्थियों और विद्यालयों का क्या भाग्य था?," कोट दीजी संस्कृति के विद्यार्थियों और विद्यालयों का क्या भाग्य था और कैसे उन्होंने विज्ञान, कला और साहित्य में अद्वितीय योगदान दिया?"
पूछे गए प्रश्न का उत्तर हिंदी में प्रदान करें:,भारतीय नदी घाटी में नगरीयता के उदय में सोथी-सिसवाल संस्कृति और अमरी-नाल संस्कृति कैसे योगदान दिया हो सकता है?," सोथी-सिसवाल संस्कृति और अमरी-नाल संस्कृति भारतीय नदी घाटी के स्थानीय परंपराओं में महत्वपूर्ण भूमिका निभाई हैं। सोथी-सिसवाल संस्कृति के अवशेष उत्खनन से मिली जानकारी इसे एक उदाहरण मानी जा सकती है जो प्रारंभिक नगरीय जीवन के आधारों को सुझाव देती है। इसी तरह, अमरी-नाल संस्कृति का भी महत्वपूर्ण योगदान रहा है, जो नगरीय जीवन की अद्भुत उद्भव की संभावना दिखाता है।"
बताए गए सवाल का उत्तर हिंदी में दें।, भारतीय नदी घाटी में स्थानीय परंपराओं और संस्कृतियों का क्या महत्व है जो नगरीयता के उदय में सहायक हो सकता है?,"भारतीय नदी घाटी में सोथी-सिसवाल संस्कृति और अमरी-नाल संस्कृति जैसी स्थानीय परंपराएं और संस्कृतियाँ नगरीय जीवन के विकास में महत्वपूर्ण भूमिका निभाती हैं। इन संस्कृतियों ने समाज को संगठित किया, व्यापार और व्यवसाय को बढ़ावा दिया, और भू-संसाधनों का सही उपयोग किया। इन्हीं परंपराओं और संस्कृतियों के संदर्भ में नगरीय जीवन का विकास और उदय हुआ।"
Diye gaye prashn ka uttar Hindi mein dein:, भारतीय नदी घाटी में स्थानीय परंपराओं और संस्कृतियों का कैसे रोल रहा है जो नगरीय विकास को समर्थन देने में मदद कर रहा है?,"भारतीय नदी घाटी के इतिहास में सोथी-सिसवाल और अमरी-नाल संस्कृतियों का विशेष महत्व है। ये संस्कृतियाँ न केवल इस क्षेत्र के जीवनशैली को प्रभावित करती थीं, बल्कि उनके संघर्षों और उत्कृष्टता के माध्यम से भारतीय सभ्यता के विकास में भी महत्वपूर्ण योगदान दिया। इन संस्कृतियों ने वाणिज्यिक गतिविधियों को प्रोत्साहित किया, जल, भूमि और जलवायु के संसाधनों का संप्रेषण किया, और समाज को संगठित किया। इनके उत्पादन, व्यापार नेटवर्क, और सोशल स्ट्रक्चर्स ने नगरीय जीवन के विकास को समर्थन किया और उसे संवारा। इस प्रकार, इन स्थानीय परंपराओं और संस्कृतियों ने नगरीय विकास के लिए एक महत्वपूर्ण आधार प्रदान किया।"
Diye gaye sawaal ka jawab Hindi mein likhein:,"हड़प्पा, मोहनजो-दड़ो और गणेरिवाला के आदिम शहरी केंद्रों की योजना और नियोजन किस प्रकार से थी?","हड़प्पा, मोहनजो-दड़ो और गणेरिवाला के आदिम शहरी केंद्रों की योजना और नियोजन समग्र तौर पर समान थी। इन शहरों की योजना उनकी जीवनशैली, व्यवसाय, और सामाजिक संरचना के आधार पर की गई थी। यहाँ तक कि उनकी सड़कें भी एक समान चौड़ाई और यातायात प्रणाली के साथ निर्मित की गई थीं।"
Diye gaye prashn ka samadhan Hindi mein prastut karein:,प्रारंभिक हड़प्पा काल के शहरों में शास्त्रीय विशेषताएं कैसे थीं?,"प्रारंभिक हड़प्पा काल के शहरों की शास्त्रीय विशेषताएं इस प्रकार थीं: छोटे-छोटे घरों का समूह, सड़कों का रचनात्मक निर्माण, सामाजिक सार्वजनिक स्थल, सौधे, और जल संयंत्र। ये सभी तत्व उनके निर्माण में महत्वपूर्ण थे।"
Pooche gaye prashn ka uttar Hindi mein pradaan karein:,हड़प्पा सभ्यता के प्रारंभिक शहरों की स्थापना में कौन-कौन से वास्तुकला के तत्व शामिल थे?,"हड़प्पा सभ्यता के प्रारंभिक शहरों की स्थापना में विभिन्न वास्तुकला के तत्व शामिल थे जैसे कि चौड़े और सिरपटी रास्ते, कक्षीय घरों का गठन, सार्वजनिक स्थलों की योजना, और उनकी समृद्ध निर्माण कला।"
Bataye gaye sawaal ka jawab Hindi mein dein:,"हड़प्पा, मोहनजो-दड़ो और गणेरिवाला के प्रारंभिक शहरी केंद्रों की अभिकल्पना कैसे की गई थी?","हड़प्पा, मोहनजो-दड़ो और गणेरिवाला के प्रारंभिक शहरी केंद्रों की अभिकल्पना उनके निवासियों की आवश्यकताओं और उनकी सामाजिक संरचना के आधार पर की गई थी। इन शहरों के योजनाओं में जल संयंत्र, बाजार, और सामाजिक स्थलों का प्रचुर मात्रा में ध्यान दिया गया था।"
Answer the given question in Hindi:,कौन-कौन सी विशेषताएं हड़प्पा के नगरों को उनके समय के लिए विशेष बनाती थीं?,"हड़प्पा के नगरों की विशेषताएं उनके शानदार स्वच्छता, समृद्धि, और बाजारों की समृद्धि में थीं। इन नगरों में सामाजिक संरचना के साथ-साथ निर्मित वास्तुकला भी उनकी विशेषता बनती थी।"
Write your answer to the question in Hindi:,प्रारंभिक हड़प्पा काल में शहरीकरण की प्रक्रिया किस प्रकार से प्रारंभ हुई थी?,स्थापना और उद्भव: प्रारंभिक हड़प्पा काल में शहरीकरण की प्रक्रिया का प्रारंभ हुआ जब मानव समुद्र तटों और नदी किनारों के पास समृद्ध और संयंत्रित समुदायों में स्थानांतरित हुए।
Provide a response to the given query in Hindi:,प्राचीन नगरों की योजना में कौन-कौन से तत्व शामिल थे?,"नियोजन और योजना: इन प्राचीन नगरों के योजनाओं में निर्माण की गई शिल्पकला, स्वच्छता, और सुरक्षा की ध्यानाकर्षण की गई।"
Answer the question in Hindi language:,हड़प्पा सभ्यता के शहरों में क्या विशेषता थी जो उन्हें अन्य सभ्यताओं से अलग करती थी?,"जल संयंत्र: ये शहर जल संयंत्रों के साथ विशेष प्रकार से प्रस्तुत हुए, जो निवासियों को पीने का पानी प्रदान करने में महत्वपूर्ण थे।"
Reply to the asked question in Hindi:,हड़प्पा सभ्यता के नगरों में कैसे व्यापार और व्यवसाय का विकास हुआ?,"व्यापार और व्यवसाय: हड़प्पा सभ्यता के शहरों में बाजारों का विकास, व्यापार और व्यवसाय को बढ़ावा दिया, जो समृद्धि की एक प्रमुख स्रोत बने।"
दिए गए प्रश्न का उत्तर हिंदी में दें:,किस प्रकार हड़प्पा के नगरों की सामाजिक संरचना में महत्वपूर्ण बदलाव हुए?,"सामाजिक संरचना: इन नगरों की समृद्ध सामाजिक संरचना में जनता के समृद्धि, सुरक्षा, और सहयोग के लिए महत्वपूर्ण भूमिका रही।"
दिए गए सवाल का जवाब हिंदी में लिखें:, कैसे प्रारंभिक हड़प्पान काल में शहरीकरण की प्रक्रिया को विश्लेषण किया जा सकता है?,"प्रारंभिक हड़प्पान काल में शहरीकरण की प्रक्रिया विश्लेषित करते समय, हम हरप्पा, मोहनजोदड़ो, और गणेरीवाला जैसे प्रारंभिक शहरी केंद्रों के लेआउट, योजना, और आर्किटेक्चरल विशेषताओं का मूल्यांकन कर सकते हैं।"
दिए गए प्रश्न का समाधान हिंदी में प्रस्तुत करें:,"हरप्पा, मोहनजोदड़ो, और गणेरीवाला में शहरी केंद्रों की योजना क्या थी?","हरप्पा, मोहनजोदड़ो, और गणेरीवाला में शहरी केंद्रों की योजना उनकी व्यावस्थित सड़कों, समाज सभाओं और औद्योगिक क्षेत्रों के आसपास घुमने के लिए थी।"
पूछे गए प्रश्न का उत्तर हिंदी में प्रदान करें:, शहरी केंद्रों की अवसंरचना में क्या-क्या शामिल था?,"शहरी केंद्रों की अवसंरचना में समाजवादी नाली प्रणालियाँ, ईंट से लिने गए सड़कें, सार्वजनिक भवन, और संरक्षणीय किलें शामिल थीं।"
बताए गए सवाल का उत्तर हिंदी में दें।,हड़प्पान काल के शहरों में कौन-कौन सी उच्चतम स्तरीय अवसंरचनाएँ थीं?,"हड़प्पान काल के शहरों में उच्चतम स्तरीय अवसंरचनाएँ में विकसित नाली प्रणालियाँ, ईंट से लिने गए सड़कें, और समाजिक भवन शामिल थे।"
Diye gaye prashn ka uttar Hindi mein dein:,हड़प्पान काल के शहरों में सामाजिक संगठन कैसा था?," हड़प्पान काल के शहरों में सामाजिक संगठन में विभाजन, व्यावसायिक विशेषज्ञता, और शासन के प्रारंभिक रूप शामिल थे।"
Diye gaye sawaal ka jawab Hindi mein likhein:,क्या हड़प्पान काल के शहरों में श्रेणीबद्धता के कोई संकेत थे?,"हां, हड़प्पान काल के शहरों में श्रेणीबद्धता के संकेत थे, जैसे कि विभाजन और विशेषज्ञता के साक्ष्य।"
Diye gaye prashn ka samadhan Hindi mein prastut karein:,क्या हड़प्पान काल के शहरों की योजना में उनके आयाम का कोई विशेष ध्यान था?,"हां, हड़प्पान काल के शहरों की योजना में उनके आयाम को ध्यान में रखा गया था, जिससे वे बड़े और व्यापक होते थे।"
Pooche gaye prashn ka uttar Hindi mein pradaan karein:, हरप्पा और मोहनजोदड़ो के बीच क्या अंतर था उनकी शहरी योजना में?,"हरप्पा और मोहनजोदड़ो के बीच का अंतर उनकी शहरी योजना में उनके आकार और भूमिका में था, हारप्पा का लेआउट अधिक गठित और अनुकूलित था जबकि मोहनजोदड़ो का अधिक अव्यवस्थित था।"
Bataye gaye sawaal ka jawab Hindi mein dein:,क्या हड़प्पान काल के शहरों के नाली प्रणाली में कुछ विशेषताएँ थीं?,"हां, हड़प्पान काल के शहरों के नाली प्रणाली में कुछ विशेषताएँ थीं जैसे कि नालियों की समृद्धि और समानता।"
Answer the given question in Hindi:,क्या हड़प्पान काल के शहरों में सार्वजनिक भवनों का कोई विशेष उल्लेख था?,"हां, हड़प्पान काल के शहरों में सार्वजनिक भवनों का उल्लेख था, जिसमें बड़े सामाजिक सभाओं और धार्मिक स्थलों की संरचना शामिल थी।"
Write your answer to the question in Hindi:, क्या हड़प्पान काल के शहरों में जातिवाद था?," हां, हड़प्पान काल के शहरों में जातिवाद का प्रमुख संकेत था, जिसमें लोगों की विभाजन और विभिन्न व्यावसायिक गतिविधियों में अधिकार शामिल था।"
Provide a response to the given query in Hindi:,क्या हड़प्पान काल के शहरों में कार्यालयीन विशेषज्ञता का कोई संकेत था?,"हां, हड़प्पान काल के शहरों में कार्यालयीन विशेषज्ञता का संकेत था, जैसे कि स्थानीय उत्पादन और विभागीय व्यापारिक गतिविधियों का विकास।"
Answer the question in Hindi language:,हड़प्पान काल के शहरी केंद्रों की योजना और निर्माण में ग्रामीण और नगरीय परंपराओं का क्या प्रभाव था?,"हड़प्पान काल के शहरी केंद्रों की योजना और निर्माण में ग्रामीण और नगरीय परंपराओं का प्रभाव था, जिसमें सामाजिक और आर्थिक संरचनाओं के मिलन से शहरी क्षेत्रों की विकास में मदद मिली।"
Reply to the asked question in Hindi:,"हरप्पा, मोहनजोदड़ो, और गणेरीवाला में प्रारंभिक शहरी केंद्रों के लेआउट में समानताएँ और भिन्नताएँ क्या थीं?","हरप्पा, मोहनजोदड़ो, और गणेरीवाला में प्रारंभिक शहरी केंद्रों के लेआउट में समानताएँ शहरी योजना की अनुकूलता और विवेकशीलता में थीं, जबकि उनकी भिन्नताएँ नक्शा, सामाजिक संरचना, और स्थापत्य विशेषताओं में दिखाई दीं।"
दिए गए प्रश्न का उत्तर हिंदी में दें:,हड़प्पान सभ्यता के शहरों की नाली प्रणाली की विशेषताएँ क्या थीं और उनका समाज पर क्या प्रभाव था?,"हड़प्पान सभ्यता के शहरों की नाली प्रणाली की विशेषताएँ में शामिल उनकी समृद्धि, सफाई, और संरक्षण की क्षमता थी, जो समाज की स्थिरता और सामाजिक व्यवस्था को बढ़ावा देने में मदद करती थी।"
दिए गए सवाल का जवाब हिंदी में लिखें:, हड़प्पान काल के शहरों में जोड़े गए ईंट से लिने गए सड़कों का आर्किटेक्चर कैसा था और इसका आधुनिक शहरीकरण के साथ क्या संबंध था?,"हड़प्पान काल के शहरों में जोड़े गए ईंट से लिने गए सड़कों का आर्किटेक्चर उनके विकास और शहरी आधुनिकीकरण में महत्वपूर्ण भूमिका निभाता था, जो शहरों को व्यापकता और संरचनात्मक संगठन में मदद करता था।"
दिए गए प्रश्न का समाधान हिंदी में प्रस्तुत करें:,हड़प्पान काल के शहरों में व्यावसायिक विशेषज्ञता के क्षेत्र में कौन-कौन से क्षेत्र थे और उनका समाज पर क्या प्रभाव था?," हड़प्पान काल के शहरों में व्यावसायिक विशेषज्ञता के क्षेत्र में उनके उत्पादन, वाणिज्यिक और धार्मिक गतिविधियों में विभाजित थे, जो समाज की संरचना और समृद्धि पर असर डालते थे।"
पूछे गए प्रश्न का उत्तर हिंदी में प्रदान करें:,हड़प्पान काल के शहरों में नागरिकों के बीच राजनीतिक संगठन कैसा था और उसका समाजिक असर क्या था?,"हड़प्पान काल के शहरों में नागरिकों के बीच राजनीतिक संगठन में सामाजिक संरचना, संघर्ष, और सहयोग के प्रारूप थे, जो समृद्धि और समाज की स्थिरता में महत्वपूर्ण भूमिका निभाते थे।"
बताए गए सवाल का उत्तर हिंदी में दें।,हड़प्पान सभ्यता में श्रमिकों और अन्य व्यावसायिक वर्गों के बीच कैसे विभाजन था और उसका समाज पर क्या प्रभाव था?,"हड़प्पान सभ्यता में श्रमिकों और अन्य व्यावसायिक वर्गों के बीच विभाजन सामाजिक हियरार्की, अर्थव्यवस्था, और सामाजिक असमानता में स्थानीय असर डालता था।"
Diye gaye prashn ka uttar Hindi mein dein:, हड़प्पान काल के शहरों में प्रारंभिक शासन के रूप में कौन-कौन से प्रारूप थे और वे कैसे काम करते थे?,"हड़प्पान काल के शहरों में प्रारंभिक शासन के रूप में स्थानीय प्रशासन, समाजिक प्रमुखता, और संघर्ष के प्रारूप थे, जो समाज के विभिन्न पहलुओं को प्रबंधित करते थे।"
Diye gaye sawaal ka jawab Hindi mein likhein:,हड़प्पान काल में नगरीय संरचना का कौन-सा प्रारूप सामाजिक न्याय और शासन के लिए सबसे अधिक उपयुक्त था?,"हड़प्पान काल में, नगरीय संरचना का उदाहरण सामाजिक न्याय और शासन के लिए सबसे अधिक उपयुक्त था क्योंकि यह लोगों के बीच संरक्षण, न्याय, और समानता के लिए संरचित था।"
Diye gaye prashn ka samadhan Hindi mein prastut karein:, हड़प्पान सभ्यता के शहरों के विकास में आवासीय और औद्योगिक क्षेत्रों का क्या प्रभाव था और वातावरण पर उसका क्या प्रभाव था?,"हड़प्पान सभ्यता के शहरों के विकास में आवासीय और औद्योगिक क्षेत्रों का विकास ने प्राकृतिक संसाधनों के साथ अधिक इस्तेमाल किया और वातावरण को प्रभावित किया, जैसे कि जल संवाहन, वायु प्रदूषण, और जलवायु परिवर्तन।"
Pooche gaye prashn ka uttar Hindi mein pradaan karein:, हड़प्पान काल के शहरों के जल संरक्षण के उपायों का क्या प्रमुख उल्लेख था और उसका प्राकृतिक और सामाजिक महत्व क्या था?,"हड़प्पान काल के शहरों में जल संरक्षण के उपायों में नाली प्रणालियों का निर्माण, बारूदी तालाबों का उपयोग, और जल संचयन की व्यवस्था का उल्लेख था, जिससे प्राकृतिक आपदाओं से निपटने की क्षमता में सुधार होता और समुदाय की स्थिरता को बढ़ावा मिलता।"
Bataye gaye sawaal ka jawab Hindi mein dein:,हड़प्पान सभ्यता में व्यापारिक गतिविधियों का क्या महत्व था और कैसे यह उनकी समृद्धि में मदद करता था?,"हड़प्पान सभ्यता में व्यापारिक गतिविधियों का महत्व था, जो विभिन्न सामग्री और उत्पादों के विनिमय में सहायक थे और उनकी समृद्धि और विकास में महत्वपूर्ण भूमिका निभाते थे।"
Answer the given question in Hindi:," हड़प्पान सभ्यता में व्यापार और व्यापारिक संचार के उदाहरण क्या थे और इन्हें लेकर उनके संबंधित समाजिक, आर्थिक, और सांस्कृतिक प्रभाव क्या थे?","हड़प्पान सभ्यता में व्यापार और व्यापारिक संचार के उदाहरण में गहनों, चांदी, और अन्य उत्पादों के व्यापार का उल्लेख था, जिनका व्यापारिक आदान-प्रदान समुद्री और सड़क मार्गों के माध्यम से होता था, जिससे समृद्धि, सामाजिक संघर्ष, और सांस्कृतिक आदान-प्रदान को प्रभावित किया गया।"
Write your answer to the question in Hindi:,पूर्ववर्ती सभ्यताओं से प्रारंभिक हड़प्पान काल तक मिट्टी के बर्तनों के शैलियों की प्रक्रिया का विवरण कीजिए।,"मिट्टी के बर्तनों के शैलियों की प्रक्रिया में पूर्ववर्ती सभ्यताओं से प्रारंभिक हड़प्पान काल तक विभिन्न परिवर्तन हुए, जिसमें रूप, सजावट, और प्रौद्योगिकी के नए आविष्कार शामिल थे।"
Provide a response to the given query in Hindi:,पूर्ववर्ती सभ्यताओं से हड़प्पान सभ्यता की मिट्टी के बर्तनों की अलगाव की क्या विशेषताएं थीं?,"पूर्ववर्ती सभ्यताओं से हड़प्पान सभ्यता की मिट्टी के बर्तनों की अलगाव में फॉर्म, सजावट, और प्रौद्योगिकी में परिवर्तन शामिल था, जो समय के साथ उनके शैली में परिणामित हुआ।"
Answer the question in Hindi language:,प्रारंभिक हड़प्पान संरचनाओं में प्रयुक्त वास्तुकला तकनीकों का विश्लेषण कीजिए।," प्रारंभिक हड़प्पान संरचनाओं में मिट्टी के ईंट से निर्मित, मानकीकृत अनुपात, और शहरी योजना सिद्धांतों का उपयोग किया गया, जिससे शहरी संरचना को संगठित और सुगम बनाया गया।"
Reply to the asked question in Hindi:,प्रारंभिक हड़प्पान संरचनाओं में मिट्टी के ईंट से निर्मित संरचनों की मुख्य विशेषताएं क्या थीं?," प्रारंभिक हड़प्पान संरचनाओं में मिट्टी के ईंट से निर्मित संरचनों की मुख्य विशेषताओं में समानांतर भागों का उपयोग, समानांतर भिन्नता के अनुपात, और संरचना की सजावट शामिल थी।"
दिए गए प्रश्न का उत्तर हिंदी में दें:,"मिट्टी के बर्तनों, मोहरों, और अन्य वस्त्रों पर पाए जाने वाले कलात्मक मोटीफ्स का वर्णन कीजिए।","मिट्टी के बर्तनों, मोहरों, और अन्य वस्त्रों पर पाए जाने वाले कलात्मक मोटीफ्स में गोष्टीय, धार्मिक, और सांस्कृतिक चिह्नों का उल्लेख था, जो संघर्ष, धार्मिक प्रथाओं, और सामाजिक व्यवहार को दर्शाते थे।"
दिए गए सवाल का जवाब हिंदी में लिखें:,हड़प्पान सभ्यता में प्रायोगिक विज्ञान की दृष्टि से मिट्टी के बर्तनों के विकास में क्या अहम बदलाव हुए?,"हड़प्पान सभ्यता में, मिट्टी के बर्तनों के विकास में किए गए महत्वपूर्ण बदलावों में प्रायोगिक विज्ञान का महत्वपूर्ण योगदान था, जैसे कि चक्रवात, भट्टी, और निर्माण प्रक्रियाओं में नवाचार।"
दिए गए प्रश्न का समाधान हिंदी में प्रस्तुत करें:,हड़प्पान सभ्यता के मिट्टी के बर्तनों की विविधता में क्या कुछ मुख्य अंतर थे और उनके क्या-क्या आधारभूत आर्थिक और सामाजिक प्रभाव थे?,"हड़प्पान सभ्यता के मिट्टी के बर्तनों की विविधता में चयन के कुछ मुख्य अंतर थे, जैसे कि आकार, आकार, और सजावट, जो व्यापार, समाज, और धार्मिक प्रथाओं के प्रति विशेष ध्यान दिखाते थे।"
पूछे गए प्रश्न का उत्तर हिंदी में प्रदान करें:,हड़प्पान सभ्यता के वास्तुकला तकनीकों में उनके धार्मिक और सांस्कृतिक संदेश क्या थे?,"हड़प्पान सभ्यता के वास्तुकला तकनीकों में उनके धार्मिक और सांस्कृतिक संदेश समुद्री और पृथ्वीय तत्वों के साथ जुड़े थे, जो समृद्धि, समानता, और धर्म की महत्वपूर्ण भूमिका को दर्शाते थे।"
बताए गए सवाल का उत्तर हिंदी में दें।,हड़प्पान सभ्यता के निर्माण कला के आधार पर क्या कहा जा सकता है और इसका समाज में क्या महत्व था?," हड़प्पान सभ्यता के निर्माण कला के आधार पर कहा जा सकता है कि वे उत्कृष्ट योजना, समानांतर अनुपात, और सजावट के साथ अग्रणी थे, जिससे शहरों की सामाजिक और आर्थिक स्थिति में सुधार हुई।"
Diye gaye prashn ka uttar Hindi mein dein:,हड़प्पान सभ्यता के कलात्मक मोटीफ्स के विभिन्न चिह्नों और चित्रों का वर्णन कीजिए।,"हड़प्पान सभ्यता के कलात्मक मोटीफ्स में गोष्टीय, जानवरों, मानव चित्र, गीतों के चित्र, और पौधों के प्रतिरूप शामिल थे। ये मोटीफ्स उनकी सामाजिक, धार्मिक और सांस्कृतिक प्रथाओं को दर्शाते थे और उनकी कला के प्रकार को प्रशंसा करते थे।"
Diye gaye sawaal ka jawab Hindi mein likhein:,हड़प्पान सभ्यता के व्यापारिक नेटवर्क का क्या महत्व था और यह किस प्रकार के साक्ष्यों पर आधारित था?," हड़प्पान सभ्यता के व्यापारिक नेटवर्क का महत्व उसकी समृद्धि और सामर्थ्य को बढ़ाने में था, और यह आर्कियोलॉजिकल खोजों के द्वारा बर्तनों, मोहरों, धातुएं, और अन्य सामग्रियों के विचार के आधार पर पता चलता था।"
Diye gaye prashn ka samadhan Hindi mein prastut karein:,"हड़प्पान सभ्यता के व्यापारिक नेटवर्क में मेसोपोटामिया, ओमान, और मध्य एशिया जैसे क्षेत्रों के साथ कैसे जुड़े थे?"," हड़प्पान सभ्यता के व्यापारिक नेटवर्क में, मेसोपोटामिया, ओमान, और मध्य एशिया जैसे क्षेत्रों के साथ बार्तनों, मोहरों, धातुएं, और अन्य सामग्रियों के माध्यम से व्यापारिक संबंध स्थापित किए गए थे।"
Pooche gaye prashn ka uttar Hindi mein pradaan karein:, हड़प्पान व्यापारिक संचार में जानवर और समुद्री मार्गों का क्या महत्व था?,"हड़प्पान व्यापारिक संचार में, जानवर और समुद्री मार्गों का महत्व व्यापारिक वस्त्र, धातुएं, और अन्य उत्पादों के संचार को सुगम बनाने में था।"
Bataye gaye sawaal ka jawab Hindi mein dein:,हड़प्पान व्यापारिक संचार के लिए अंतर्राष्ट्रीय मार्गों की संभावित यातायात दिशाएँ क्या थीं?," हड़प्पान व्यापारिक संचार के लिए अंतर्राष्ट्रीय मार्गों की संभावित यातायात दिशाएँ अरब सागर और पर्सियन गल्फ के किनारे के साथ, साथ ही मध्य एशिया के विभिन्न क्षेत्रों के बीच के समुद्री और सड़क मार्गों को शामिल करती थीं।"
Answer the given question in Hindi:,हड़प्पान सभ्यता के व्यापारिक नेटवर्क के माध्यम से विदेशी व्यापारिक संबंधों का क्या महत्व था?," हड़प्पान सभ्यता के व्यापारिक नेटवर्क के माध्यम से विदेशी व्यापारिक संबंधों से अनेक उत्पादों की आपूर्ति, तकनीकी ज्ञान का आदान-प्रदान, और सांस्कृतिक विनिमय किया जाता था।"
Write your answer to the question in Hindi:," हड़प्पान सभ्यता के व्यापारिक संबंधों में मेसोपोटामिया, ओमान, और मध्य एशिया के साथ व्यापारिक संबंधों की स्थापना में क्या भूमिका थी?","हड़प्पान सभ्यता के व्यापारिक संबंधों में, मेसोपोटामिया, ओमान, और मध्य एशिया के साथ व्यापारिक संबंधों के माध्यम से समृद्धि के संदेश, धातुओं की आपूर्ति, और सांस्कृतिक आदान-प्रदान का स्थापना किया गया।"
Provide a response to the given query in Hindi:, हड़प्पान व्यापारिक संचार के लिए अरब सागर और पर्सियन गल्फ के किनारे के व्यापारिक मार्गों का महत्व क्या था?,"हड़प्पान व्यापारिक संचार के लिए अरब सागर और पर्सियन गल्फ के किनारे के व्यापारिक मार्गों से मुख्य वस्त्र, धातुएं, और अन्य उत्पादों का संचार होता था।"
Answer the question in Hindi language:, हड़प्पान व्यापारिक संचार के लिए मध्य एशिया के साथ समुद्री और सड़क मार्गों का प्रयोग किस प्रकार से होता था?, हड़प्पान व्यापारिक संचार के लिए मध्य एशिया के साथ समुद्री और सड़क मार्गों का प्रयोग अनेक सामग्रियों के आपूर्ति को सुनिश्चित करने के लिए किया जाता था।
Reply to the asked question in Hindi:,हड़प्पान सभ्यता के प्रारंभिक शहरों में शिल्पशाला स्थलों की पहचान क्यों महत्वपूर्ण थी?,"हड़प्पान सभ्यता के प्रारंभिक शहरों में शिल्पशाला स्थलों की पहचान विशेषज्ञता क्षेत्रों के अवलोकन, धातुओं की प्रक्रिया, मणि-निर्माण और अन्य शिल्पों के लिए विशेषीकृत उत्पादन क्षेत्रों के प्रकट होने का संकेत देती है।"
दिए गए प्रश्न का उत्तर हिंदी में दें:,हड़प्पान सभ्यता में शिल्पशालाओं के अंदर किस तरह की विशेषीकृत उत्पादन क्षेत्रों के प्रमुख साक्ष्य मिले?,"हड़प्पान सभ्यता में, मिट्टी के बर्तनों, धातु के उत्पादन, मणि-निर्माण, और अन्य शिल्पों के लिए विशेषीकृत उत्पादन क्षेत्रों के साक्ष्यों में स्थानीय उत्पादन की गुणवत्ता और मानकीकृत प्रक्रियाओं का अध्ययन किया गया है।"
दिए गए सवाल का जवाब हिंदी में लिखें:,हड़प्पान सभ्यता में मानकीकृत उत्पादन की प्रक्रिया में कैसे बदलाव आया और इसका अर्थ क्या था?,"हड़प्पान सभ्यता में, मानकीकृत उत्पादन की प्रक्रिया में उत्पादन की गुणवत्ता, संचारण, और वितरण में सुधार के लिए विभिन्न तकनीकी और नियंत्रण के माध्यमों का अध्ययन किया गया।"
दिए गए प्रश्न का समाधान हिंदी में प्रस्तुत करें:,हड़प्पान सभ्यता में शिल्पकारों और दस्तकारों की भूमिका और महत्व क्या था?,"हड़प्पान सभ्यता में, शिल्पकारों और दस्तकारों की भूमिका महत्वपूर्ण थी, क्योंकि उन्होंने मानकीकृत उत्पादन प्रक्रियाओं को संचालित किया और उत्पादन की गुणवत्ता और संचारण में सुधार किए, जिससे समाज में विभिन्न वस्त्र, औजार, और अन्य उत्पादों की उत्पत्ति और वितरण हो सके। उनकी कुशलता और विशेषज्ञता ने समृद्धि के क्षेत्र में महत्वपूर्ण योगदान दिया और समाज की सामाजिक और आर्थिक संरचना को स्थिरता प्रदान की।"
पूछे गए प्रश्न का उत्तर हिंदी में प्रदान करें:,हड़प्पान सभ्यता में मानकीकृत उत्पादन के लिए कौन-कौन से उपाय अपनाए गए थे?,"हड़प्पान सभ्यता में मानकीकृत उत्पादन के लिए कई उपाय अपनाए गए थे, जैसे कि शिल्पकला के प्रकारों की विशेषता, गुणवत्ता नियंत्रण, और उत्पादन की प्रक्रियाओं का संचालन।"
बताए गए सवाल का उत्तर हिंदी में दें।,हड़प्पान सभ्यता में मानकीकृत उत्पादन के लिए शिल्पकला के क्षेत्र में क्या भूमिका थी?," हड़प्पान सभ्यता में, शिल्पकला के क्षेत्र में विशेषज्ञता की भूमिका थी जो विभिन्न शिल्पों के विकास और मानकीकृत उत्पादन की गुणवत्ता को सुनिश्चित करने में महत्वपूर्ण थी।"
Diye gaye prashn ka uttar Hindi mein dein:,हड़प्पान समाज में अधिकारियों और प्रशासनिक प्राधिकरणों की भूमिका क्या थी और उनका कैसे अध्ययन किया गया?," हड़प्पान समाज में, अधिकारियों और प्रशासनिक प्राधिकरणों की भूमिका धन की एकत्रिति, राजनीतिक शक्ति, और सामाजिक वर्गीकरण के साक्ष्य की जाँच करके अध्ययन किया गया।"
Diye gaye sawaal ka jawab Hindi mein likhein:,हड़प्पान सभ्यता में कानूनी प्रणालियों का अन्वेषण किस प्रकार से किया गया और उसका क्या महत्व था?," हड़प्पान सभ्यता में, मुहरों, प्रतिलेखों, और प्रशासनिक औजारों के आर्कियोलॉजिकीय साक्ष्यों के आधार पर कानूनी प्रणालियों की संभावित प्रणालियों का अन्वेषण किया गया, जो समाज के नियंत्रण और प्रशासन में महत्वपूर्ण था।"
Diye gaye prashn ka samadhan Hindi mein prastut karein:,हड़प्पान सभ्यता में धार्मिक और धार्मिक अभ्यासों के साथ जुड़े सामर्थ्य और साकार मिट्टी निमित्तों का अध्ययन कैसे किया गया?,"हड़प्पान सभ्यता में, धार्मिक और धार्मिक अभ्यासों के साथ जुड़े सामर्थ्य और साकार मिट्टी निमित्तों का अध्ययन मंदिर, अल्टार, अग्नि कुंड, और पवित्र प्रतीकों जैसी वास्तुकला विशेषताओं और सामग्री अवशेषों के अध्ययन के माध्यम से किया गया।"
Pooche gaye prashn ka uttar Hindi mein pradaan karein:, हड़प्पान सभ्यता में मोहरों और अन्य धार्मिक आधारित आर्टिफैक्ट्स की चित्रकला का विश्लेषण कैसे किया गया और उसके क्या अर्थ हैं?,"हड़प्पान सभ्यता में, मोहरों और अन्य धार्मिक आधारित आर्टिफैक्ट्स की चित्रकला का विश्लेषण चिन्हों, मोटीफ्स, और उनके संभावित धार्मिक अर्थों की व्याख्या करके किया गया।"
Bataye gaye sawaal ka jawab Hindi mein dein:,हड़प्पान सभ्यता में मिट्टी की प्रौद्योगिकी में किस तरह के अग्रिम कदम उठाए गए थे और इसमें कौन-कौन से प्रमुख उन्नतियाँ थीं?,"हड़प्पान सभ्यता में, मिट्टी की प्रौद्योगिकी में चक्र-फेंके हुए मिट्टी के बर्तन, किल्न-फायरिंग तकनीकों, और सजावटी शैलियों जैसी प्रमुख उन्नतियाँ थीं।"
Answer the given question in Hindi:, हड़प्पान सभ्यता में धातुगर्मी में कौन-कौन से नवाचारों की जांच की गई थी और इसमें क्या महत्व था?,"हड़प्पान सभ्यता में, धातुगर्मी में तांबे के पिघलाव, यौगिकीयीकरण, और औजार, शस्त्र, और आभूषण बनाने के लिए उपयोग किए गए मेटलवर्किंग प्रक्रियाओं में नवाचार की जांच की गई।"
Write your answer to the question in Hindi:,हड़प्पान सभ्यता में प्रयोग किए गए किल्न-फायरिंग तकनीकों के बारे में अध्ययन कैसे किया गया?,"हड़प्पान सभ्यता में, प्रयोग किए गए किल्न-फायरिंग तकनीकों के बारे में अध्ययन किया गया, जिसमें भट्टी निर्माण, प्रक्रिया, और बर्तनों के उत्पादन की गुणवत्ता की जांच शामिल थी।"
Provide a response to the given query in Hindi:, हड़प्पान सभ्यता में तांबे के पिघलाव और मेटलवर्किंग प्रक्रियाओं में किस तरह के नवाचार थे?,"हड़प्पान सभ्यता में, तांबे के पिघलाव और मेटलवर्किंग प्रक्रियाओं में नवाचार थे जैसे कि स्मेल्टिंग की नई तकनीकें, अलॉयिंग के अनुसंधान, और औजारों के निर्माण में प्रगति।"
Answer the question in Hindi language:,हड़प्पान सभ्यता के प्रारंभिक शहरों में जल प्रबंधन प्रणालियों का अध्ययन कैसे किया गया?,"हड़प्पान सभ्यता के प्रारंभिक शहरों में, जल प्रबंधन प्रणालियों का अध्ययन किया गया, जिसमें कुएं, जलाशय, और नालियों का प्रयोग बाढ़ को नियंत्रित करने और शुद्ध जल की पहुंच सुनिश्चित करने के लिए किया गया।"
Reply to the asked question in Hindi:,हड़प्पान सभ्यता में कृषि प्रथाओं की जांच कैसे की गई थी और इसमें कौन-कौन सी प्रमुख तकनीकें शामिल थीं?,"हड़प्पान सभ्यता में, कृषि प्रथाओं की जांच की गई, जिसमें सिंचाई, फसलों का परिवर्तन, और पौधों और जानवरों की पालतूता के साक्षात्कार शामिल थे।"
दिए गए प्रश्न का उत्तर हिंदी में दें:,हड़प्पान सभ्यता के आस-पास के परिदृश्यों पर नास्तिक प्रभाव का मूल्यांकन कैसे किया गया?,"हड़प्पान सभ्यता के आस-पास के परिदृश्यों पर नास्तिक प्रभाव का मूल्यांकन, जैसे कि वनों की कटाई, मृदा का अपघात, और जैव विविधता में परिवर्तनों को अध्ययन करके किया गया।"
दिए गए सवाल का जवाब हिंदी में लिखें:,हड़प्पान सभ्यता के आस-पास के परिदृश्यों पर नास्तिक प्रभाव का मूल्यांकन कैसे किया गया?," हड़प्पान सभ्यता के आस-पास के परिदृश्यों पर नास्तिक प्रभाव का मूल्यांकन, जैसे कि वनों की कटाई, मृदा का अपघात, और जैव विविधता में परिवर्तनों को अध्ययन करके किया गया।"
दिए गए प्रश्न का समाधान हिंदी में प्रस्तुत करें:, हड़प्पान सभ्यता में जल प्रबंधन प्रणालियों का अध्ययन कैसे किया गया?,"हड़प्पान सभ्यता में, जल प्रबंधन प्रणालियों का अध्ययन किया गया, जिसमें कुएं, जलाशय, और नालियों का प्रयोग बाढ़ को नियंत्रित करने और शुद्ध जल की पहुंच सुनिश्चित करने के लिए किया गया।"
पूछे गए प्रश्न का उत्तर हिंदी में प्रदान करें:,हड़प्पान सभ्यता में कृषि प्रथाओं की जांच कैसे की गई थी और इसमें कौन-कौन सी प्रमुख तकनीकें शामिल थीं?,"हड़प्पान सभ्यता में, कृषि प्रथाओं की जांच की गई, जिसमें सिंचाई, फसलों का परिवर्तन, और पौधों और जानवरों की पालतूता के साक्षात्कार शामिल थे।"
बताए गए सवाल का उत्तर हिंदी में दें।,"हड़प्पान सभ्यता के प्रारंभिक स्थलों और खुदाई की महत्वपूर्ण खोजें हैं, जैसे कि हरप्पा, मोहेंजो-दाड़ो, कालीबंगन, और धोलावीरा।","हड़प्पान सभ्यता के प्रारंभिक स्थलों और खुदाई की महत्वपूर्ण खोजें शामिल हैं, जैसे कि हरप्पा, मोहेंजो-दाड़ो, कालीबंगन, और धोलावीरा।"
Diye gaye prashn ka uttar Hindi mein dein:,इन खुदाई से प्राप्त महत्वपूर्ण खोजों का संक्षिप्त विवरण क्या है?,"इन खुदाई से प्राप्त महत्वपूर्ण खोजों में शहरी योजना की विशेषताएं, वस्तुओं, प्रतिलेखों, और वैज्ञानिक विश्लेषणों सहित हड़प्पान सभ्यता पर प्रकाश डालने वाली कुंजीय खोजें शामिल हैं।"
Diye gaye sawaal ka jawab Hindi mein likhein:,हड़प्पान सभ्यता के प्रारंभिक स्थलों और उनसे प्राप्त महत्वपूर्ण खोजों का विवरण क्या है?,"हड़प्पान सभ्यता के प्रारंभिक स्थलों में से कुछ महत्वपूर्ण स्थल हैं जैसे कि हरप्पा, मोहेंजो-दाड़ो, कालीबंगन, और धोलावीरा। इन खोजों से मिले विशेषज्ञताएँ और प्रमुख खोज के परिणामों में शहरी नियोजन की विशेषताएँ, प्राचीन वस्तुओं, प्रतिलेख, और वैज्ञानिक अध्ययन शामिल हैं जो हड़प्पान सभ्यता को समझने में महत्वपूर्ण हैं।"
Diye gaye prashn ka samadhan Hindi mein prastut karein:,मैच्युअर हड़प्पा काल के दौरान कैसे विकसित हुई थी इंडस घाटी सभ्यता?,"मैच्युअर हड़प्पा काल के दौरान, इंडस घाटी सभ्यता में वृद्धि और समृद्धि की भरपूर दिखाई दी। हरप्पा और मोहेंजो-दाड़ो जैसे शहरी केंद्रों का विकास हुआ, जो शहरी नियोजन, वास्तुकला, और सामाजिक संगठन में अद्वितीय उन्नति का प्रदर्शन करते थे।"
Pooche gaye prashn ka uttar Hindi mein pradaan karein:,इंडस घाटी सभ्यता किस तरह के व्यापारिक नेटवर्कों में शामिल थी?,"इंडस घाटी सभ्यता व्यापारिक नेटवर्कों में व्याप्त होती थी, जिसका सबूत है हरप्पा के वस्त्रादिकों के खोज की। मेसोपोटामिया, अरबी खाड़ी, और अन्य दूरस्थ क्षेत्रों में हरप्पा के उत्पादों के पाए जाने का इस व्यापार के माध्यम से सांस्कृतिक आदान-प्रदान और आर्थिक समृद्धि का संभावित था।"
Bataye gaye sawaal ka jawab Hindi mein dein:,मैच्युअर हड़प्पा काल के दौरान किस प्रकार की नगर योजना और वास्तुकला की उन्नति हुई?," इंडस घाटी सभ्यता के नगरों में नियोजित सड़कों, संचार प्रणालियों, और विकसित वास्तुकला की खासियत थी। इन नगरों की इमारतें मानकीकृत ईंटों से बनाई जाती थीं, जो सभ्यता की वास्तुकला की प्रभुता को दर्शाते थे।"
Answer the given question in Hindi:,मैच्युअर हड़प्पा काल के दौरान किस प्रकार का व्यापारिक स्पेशलाइजेशन था?,"इस दौरान शिल्पकला की खुदाई की थी, जिसमें शिल्पकारों ने मिट्टी के बर्तन, धातुरुपी, और मोती उत्पादन जैसे विभिन्न व्यापारों में विशेषज्ञता प्राप्त की। मानकीकृत तौल और माप की मौजूदगी एक संविदा से भरी अर्थव्यवस्था का संकेत देती है।"
Write your answer to the question in Hindi:,मैच्युअर हड़प्पा काल के दौरान कुछ हड़प्पा शहरों के क्या कारणों से पतन हुआ?,"मैच्युअर हड़प्पा काल के अंत में, लगभग 1900 BCE के आसपास, कुछ हड़प्पा शहरों का पतन हुआ। इस पतन के विशिष्ट कारणों पर इतिहासकारों और पुरातत्त्वविदों के बीच वार्ता चल रही है। संभावित कारणों में पर्यावरणीय परिवर्तन, जै"
Provide a response to the given query in Hindi:,क्या था मैच्युअर हड़प्पा काल की समयरेखा?,मैच्युअर हड़प्पा काल की समयरेखा लगभग 2600 BCE से 1900 BCE तक थी।
Answer the question in Hindi language:,हरप्पा और मोहेंजो-दाड़ो कैसे महत्वपूर्ण थे मैच्युअर हड़प्पा काल में?," मैच्युअर हड़प्पा काल में हरप्पा और मोहेंजो-दाड़ो जैसे शहरी केंद्र महत्वपूर्ण थे, क्योंकि यहाँ उच्च स्तर पर नगरीय नियोजन, वास्तुकला, और सामाजिक संगठन का विकास हुआ।"
Reply to the asked question in Hindi:,मैच्युअर हड़प्पा काल में किस चीज की प्रमुखता थी?,"मैच्युअर हड़प्पा काल में व्यापार और शिल्पकला की प्रमुखता थी, जिसमें व्यापारिक गतिविधियों का विस्तार और विभिन्न शिल्पकलाओं में विशेषज्ञता का विकास हुआ।"
दिए गए प्रश्न का उत्तर हिंदी में दें:,किस क्षेत्र में हरप्पा के उत्पादों का खोज मिला?,"हरप्पा के उत्पादों का खोज मेसोपोटामिया, अरबी खाड़ी, और अन्य दूरस्थ क्षेत्रों में मिला।"
दिए गए सवाल का जवाब हिंदी में लिखें:,मैच्युअर हड़प्पा काल के दौरान क्या अर्थशास्त्रीय प्रणाली की विशेषता थी?,"मैच्युअर हड़प्पा काल के दौरान एक मानकीकृत अर्थव्यवस्था की विशेषता थी, जिसमें स्तरीय तौल और माप का उपयोग होता था।"
दिए गए प्रश्न का समाधान हिंदी में प्रस्तुत करें:, मैच्युअर हड़प्पा काल में हड़प्पा शहरों के पतन के क्या संभावित कारण थे?,"मैच्युअर हड़प्पा काल में हड़प्पा शहरों के पतन के संभावित कारण पर्यावरणीय परिवर्तन, व्यापारिक परिवर्तन, और पड़ोसी संस्कृतियों के साथ आक्रमण या संघर्ष शामिल हो सकते हैं।"
पूछे गए प्रश्न का उत्तर हिंदी में प्रदान करें:, मैच्युअर हड़प्पा काल में इंडस घाटी सभ्यता कैसे विकसित हुई थी?,"मैच्युअर हड़प्पा काल में, इंडस घाटी सभ्यता में विशेष विकास और समृद्धि देखने को मिली। हरप्पा और मोहेंजो-दाड़ो जैसे नगरीय केंद्र प्रमुख बने, जो शहरी नियोजन, वास्तुकला, और सामाजिक संगठन में महत्वपूर्ण योगदान दिखाया।"
बताए गए सवाल का उत्तर हिंदी में दें।,इंडस घाटी सभ्यता में कौन-कौन से व्यापारिक नेटवर्क्स थे?,"इंडस घाटी सभ्यता में व्यापारिक नेटवर्क्स काफी व्यापक थे, जिसका प्रमाण हरप्पा के उत्पादों के विदेशी क्षेत्रों में पाया जाना है, जैसे मेसोपोटामिया, अरबी खाड़ी, और अन्य स्थानों में।"
Diye gaye prashn ka uttar Hindi mein dein:, मैच्युअर हड़प्पा काल में किस तरह का नगरीय नियोजन और वास्तुकला का विकास हुआ?,"इंडस घाटी सभ्यता के नगरों में ठीक-ठीक नियोजित सड़कें, नली प्रणालियाँ, और उन्नत वास्तुकला की विशेषता थी। इन नगरों की इमारतें मानकीकृत ईंटों से बनाई गई थीं, जो सभ्यता की वास्तुकला के महत्व को प्रकट करते थे।"
Diye gaye sawaal ka jawab Hindi mein likhein:,मैच्युअर हड़प्पा काल में किस किस क्षेत्र में विशेषज्ञता थी?,"इस दौरान, शिल्पकला में विशेषज्ञता का विकास हुआ, जैसे की मिट्टी के बर्तन, धातुरुपी, और मोती उत्पादन।"
Diye gaye prashn ka samadhan Hindi mein prastut karein:,मैच्युअर हड़प्पा काल में हड़प्पा शहरों के पतन के क्या कारण थे?,"मैच्युअर हड़प्पा काल के अंत में, लगभग 1900 BCE के आसपास, कुछ हड़प्पा शहरों का पतन हुआ। इस पतन के कारण पर्यावरणीय परिवर्तन, व्यापारिक परिवर्तन, और पड़ोसी संस्कृतियों के साथ आक्रमण या संघर्ष हो सकते हैं।"
Pooche gaye prashn ka uttar Hindi mein pradaan karein:,मैच्युअर हड़प्पा काल के दौरान इंडस घाटी सभ्यता की सामाजिक व्यवस्था कैसी थी?,"मैच्युअर हड़प्पा काल में, इंडस घाटी सभ्यता की सामाजिक व्यवस्था विविधताओं में आधारित थी, जिसमें समाज विभाजन, आर्थिक संगठन, और सामाजिक स्थिति की अनुपस्थिति थी।"
Bataye gaye sawaal ka jawab Hindi mein dein:,मैच्युअर हड़प्पा काल में इंडस घाटी सभ्यता का शिक्षा और साहित्य का क्या स्तर था?,"मैच्युअर हड़प्पा काल में इंडस घाटी सभ्यता का शिक्षा और साहित्य का स्तर उच्च था, जो अध्ययन, ग्रंथों, और व्याख्यानों के माध्यम से संचालित होता था।"
Answer the given question in Hindi:,मैच्युअर हड़प्पा काल में कला और संगीत की क्या प्रमुखता थी?,"मैच्युअर हड़प्पा काल में कला और संगीत अत्यंत महत्वपूर्ण थी, जिसमें चित्रकला, मूर्तिकला, और संगीत की विविधता शामिल थी।"
Write your answer to the question in Hindi:,मैच्युअर हड़प्पा काल के दौरान कृषि का क्या महत्व था?,"मैच्युअर हड़प्पा काल के दौरान कृषि महत्वपूर्ण थी, जिसने सभ्यता के विकास में महत्वपूर्ण भूमिका निभाई। खेती और पशुपालन की विविध रूपों में व्यवस्था की गई थी।"
Provide a response to the given query in Hindi:,मैच्युअर हड़प्पा काल के दौरान धर्म और धार्मिक अनुष्ठानों का क्या महत्व था?,"मैच्युअर हड़प्पा काल में धर्म और धार्मिक अनुष्ठानों का महत्व था, जो समाज को संगठित और सामाजिक नियमितता की दिशा में दिशानिर्देश प्रदान करते थे।"
Answer the question in Hindi language:,पिरामिड्स किस उद्देश्य के लिए बनाए गए थे?,पिरामिड्स फिरांगों के फाराओं के शवों और उनके संपत्तियों को अन्य जीवन के लिए संरक्षित करने के लिए बनाई गई थीं। ये महान इंजीनियरिंग और स्थापत्यकला के प्रतीक हैं।
Reply to the asked question in Hindi:,ईजिप्ट के पुराने साम्राज्य में केंद्रीकृत सरकार का क्या मतलब था?,"पुराने साम्राज्य में, केंद्रीकृत सरकार का मतलब फाराओं की अधिकारिक सत्ता और पूर्ण नियंत्रण था। फाराओ को देवीय रूप में माना जाता था और उन्हें समाज के सभी पहलुओं पर पूर्ण अधिकार था।"
दिए गए प्रश्न का उत्तर हिंदी में दें:,पहले इंटरमीडिएट पीरियड क्या था?," पहले इंटरमीडिएट पीरियड एक अस्थिर काल था जब ईजिप्ट के अनेक भागों में राजनीतिक विभाजन और अशांति थी। इस समय सामाजिक आंदोलन, आर्थिक अधधीनता, और विदेशी हमले के साथ-साथ आया।"
दिए गए सवाल का जवाब हिंदी में लिखें:,मध्य साम्राज्य क्या था?,"मध्य साम्राज्य काल में, ईजिप्ट का पुनर्संगठन हुआ, सांस्कृतिक और राजनीतिक विकास हुआ, और कई महत्वपूर्ण यातायात और व्यापारिक गतिविधियाँ हुईं।"
दिए गए प्रश्न का समाधान हिंदी में प्रस्तुत करें:,मध्य साम्राज्य में साम्राज्य की क्या विस्तार थी?,"मध्य साम्राज्य के काल में, ईजिप्ट ने नूबिया और लेवेंट में अपनी सीमाओं का विस्तार किया। ये विजयें धन, संसाधन"
पूछे गए प्रश्न का उत्तर हिंदी में प्रदान करें:,प्राचीन मिस्र का स्थान कैसा था?,"प्राचीन मिस्र नदी नील के किनारे स्थित था, जिसे 'जगत की सबसे बड़ी नदी' के रूप में जाना जाता है।"
बताए गए सवाल का उत्तर हिंदी में दें।,प्राचीन मिस्र के भूगोल के क्या फायदे थे?,"नील नदी के जल स्रोत से मिलने वाली फसलीय क्षेत्रों के कारण, प्राचीन मिस्री लोगों को खाद्य सुरक्षा और आर्थिक विकास की सुविधा प्राप्त होती थी।"
Diye gaye prashn ka uttar Hindi mein dein:, प्राचीन मिस्र में उत्तरी और दक्षिणी क्षेत्रों के भूगोल में क्या अंतर था?,"दक्षिण मिस्र में साहारा के प्रभाव से तपती और कठोर जलवायु थी, जबकि उत्तर मिस्र में शांतिपूर्ण और उपयुक्त जलवायु थी।"
Diye gaye sawaal ka jawab Hindi mein likhein:,प्रागैतिहासिक काल क्या है?,प्रागैतिहासिक काल ईजिप्ट के इतिहास का सबसे प्राचीन काल है जो कि लगभग 3100 ईसा पूर्व से पूर्व का समय है।
Diye gaye prashn ka samadhan Hindi mein prastut karein:,प्रागैतिहासिक मिस्र में क्या विकसित हुआ?,"इस काल के दौरान, लोग नालों के किनारे जीवन जीते थे और उनकी आवश्यकताओं के लिए उपकरण और सामग्रियों का उपयोग किया जाता था।"
Pooche gaye prashn ka uttar Hindi mein pradaan karein:,प्रागैतिहासिक काल के क्या महत्वपूर्ण स्थल हैं?,"सिंबल, आबू रोश, और अमर्णा के लिए प्रमुख प्रागैतिहासिक स्थल हैं जहां से ऐतिहासिक आवश्यकताओं के साथ-साथ संगठनात्मक रूप से विकास किया गया।"
Bataye gaye sawaal ka jawab Hindi mein dein:,पूर्वदिनास्तिक काल क्या है?,"पूर्वदिनास्तिक काल (एरली डायनास्टिक पीरियड) ईजिप्ट के इतिहास का पहला पीरियड है, जो लगभग 3100 ईसा पूर्व से 2686 ईसा पूर्व तक चला।"
Answer the given question in Hindi:,पूर्वदिनास्तिक काल की विशेषताएँ क्या हैं?,"इस समय के दौरान, एकीकृत राजनीतिक और सामाजिक प्रणाली और प्रथाओं का उदय हुआ।"
Write your answer to the question in Hindi:,पूर्वदिनास्तिक काल के किन-किन स्थलों पर विकास हुआ?,"नार्मर पूर्वदिनास्टिक स्थानों में इंद्रीय कला के सबसे प्राचीन उदाहरण शामिल हैं, जैसे"
Provide a response to the given query in Hindi:,प्रारंभिक राजवंशी काल क्या है?," प्रारंभिक राजवंशी काल (एरली डायनास्टिक पीरियड) काल के बाद आता है, जो कि लगभग 2686 ईसा पूर्व से 2181 ईसा पूर्व तक चला।"
Answer the question in Hindi language:,प्रारंभिक राजवंशी काल में क्या विकसित हुआ?,इस काल में ग्रेट पिरामिड्स ऑफ गीजा और अन्य महान स्थापत्य निर्माण किए गए।
Reply to the asked question in Hindi:,प्रारंभिक राजवंशी काल के क्या विशेषताएँ हैं?," एकीकृत सरकारी प्रणाली और संगठनात्मक प्रणाली के विकास के साथ-साथ, लेखन की विकसित हुई।"
दिए गए प्रश्न का उत्तर हिंदी में दें:,पुराने साम्राज्य क्या होते हैं?,पुराने साम्राज्य वे शासकीय प्रणालियाँ होती हैं जो एक सम्राट या राजा के शासन के अधीन होती हैं।
दिए गए सवाल का जवाब हिंदी में लिखें:,पुराने साम्राज्यों की प्रमुखता कैसे होती थी?," पुराने साम्राज्यों की प्रमुखता में शक्तिशाली सेना, केंद्रीकृत प्रशासन और धन का महत्वपूर्ण योगदान होता था।"
दिए गए प्रश्न का समाधान हिंदी में प्रस्तुत करें:,पुराने साम्राज्यों के उदय और पतन के कारण क्या थे?,"पुराने साम्राज्यों का उदय सामरिक, धार्मिक, या आर्थिक कारणों से होता था, जबकि पतन अक्सर अनियंत्रित विस्तार, विद्रोह, युद्ध, या आर्थिक पतन के कारण होता था।"
पूछे गए प्रश्न का उत्तर हिंदी में प्रदान करें:,गीजा के पिरामिड्स क्या हैं और उनका महत्व क्या है?," गीजा के पिरामिड्स ईजिप्ट के महत्वपूर्ण स्थलों में से एक हैं, जो कि मौत के बाद के जीवन के लिए फाराओं के मकबरों के रूप में बनाए गए थे। इन्हें भौतिकीय स्तर पर भी उनकी बड़ी आकृति के लिए प्रशंसा की जाती है।"
बताए गए सवाल का उत्तर हिंदी में दें।,गीजा के पिरामिड्स किसने बनवाए थे?,"गीजा के पिरामिड्स ईजिप्टीय फाराओं द्वारा बनवाए गए थे, जो कि अपनी अद्भुत और स्थायी विरासत के रूप में माने जाते हैं।"
Diye gaye prashn ka uttar Hindi mein dein:,गीजा के पिरामिड्स के निर्माण में कौन-कौन संलग्न थे?,"गीजा के पिरामिड्स के निर्माण में शिकारी, औद्योगिक कार्यकर्ता, किसान, और नौकरगार सम्मिलित थे।"
Diye gaye sawaal ka jawab Hindi mein likhein:,प्राचीन मिस्र में केंद्रीकृत सरकार का क्या अर्थ था?,"प्राचीन मिस्र में केंद्रीकृत सरकार का अर्थ है कि प्रशासनिक शक्ति एक स्थिर केंद्र से प्रबंधित होती थी, जो कि फिरौन या राजा द्वारा संचालित होता था।"
Diye gaye prashn ka samadhan Hindi mein prastut karein:, क्या प्राचीन मिस्र में केंद्रीकृत सरकार के प्रमुख विशेषताएँ थीं?,"हाँ, प्राचीन मिस्र में केंद्रीकृत सरकार की प्रमुख विशेषताएँ थीं जैसे कि शासकीय अधिकार, प्रशासन की संघटना, कर और उसका वित्तीय प्रबंधन, सामाजिक संरचना का प्रबंधन, और सुरक्षा की व्यवस्था। इन विशेषताओं ने सरकार को राष्ट्र के प्रशासन में महत्वपूर्ण भूमिका निभाई।"
Pooche gaye prashn ka uttar Hindi mein pradaan karein:,प्राचीन मिस्र में सामाजिक संरचना कैसी थी?,"प्राचीन मिस्र में समाज वर्गीकृत था, जहां फिरौन और पदाधिकारी ऊपरी वर्ग के थे, समक्ष जनसाधारण और निर्धन लोग निचले वर्ग में थे। दैनिक जीवन उनके धार्मिक और कार्यालय कार्यों के प्रति आधारित था।"
Bataye gaye sawaal ka jawab Hindi mein dein:,प्राचीन मिस्र में दैनिक जीवन की विशेषताएं क्या थीं?,"लोगों का दैनिक जीवन खेती, धार्मिक आचरण, व्यापार, और कला के क्षेत्र में व्यस्त था। परिवार की विशेष भूमिका, समुदायिक आयोजन, और धार्मिक कार्यक्रम भी महत्वपूर्ण थे।"
Answer the given question in Hindi:,प्राचीन मिस्र में स्त्री-पुरुष समानता की स्थिति क्या थी?,"स्त्री-पुरुष समानता प्राचीन मिस्र में नहीं थी, लेकिन स्त्रियों की कुछ महत्वपूर्ण स्थितियों और कार्यों में महत्वपूर्ण भूमिका थी, जैसे कि महिला फिरौन की मातृता।"
Write your answer to the question in Hindi:,प्राचीन मिस्र में व्यापार कैसे होता था?,"प्राचीन मिस्र में व्यापार बाजारों में और नील नदी के माध्यम से होता था, जहां खाद्यान, वस्त्र, और अन्य सामग्रियाँ व्यापारिक क्रियाओं का विषय था।"
Provide a response to the given query in Hindi:,व्यापार क्यों महत्वपूर्ण था प्राचीन मिस्र के लिए?,"व्यापार प्राचीन मिस्र के लिए आर्थिक विकास और विदेशी सामग्रियों की आपूर्ति के लिए महत्वपूर्ण था, जो कि उनकी समृद्धि और समृद्धि को बढ़ावा देता था।"
Answer the question in Hindi language:,अर्थव्यवस्था में कौन-कौन से उद्योग थे प्राचीन मिस्र में?," वस्त्र, खाद्य, और स्त्रीयों के समृद्धि उत्पादन के उद्योग प्राचीन मिस्र में प्रमुख थे, साथ ही वाणिज्यिक और सामर्थ्य उत्पादन भी महत्वपूर्ण थे।"
Reply to the asked question in Hindi:,प्राचीन मिस्र में कला कैसे विकसित हुई?,"प्राचीन मिस्र में कला धार्मिक, राजनीतिक, और सामाजिक आदर्शों के अनुसार विकसित हुई, जिसमें मंदिर, स्तूप, मूर्तियाँ, और चित्रकला शामिल थी।"
दिए गए प्रश्न का उत्तर हिंदी में दें:,हायरोग्लिफिक लेखन क्या होता है?,"हायरोग्लिफिक लेखन एक प्राचीन मिस्री लेखन प्रणाली थी, जिसमें पिक्चर्स और संकेतों का उपयोग लेखन की जगह करने के लिए किया जाता था।"
दिए गए सवाल का जवाब हिंदी में लिखें:,हायरोग्लिफिक लेखन के उदाहरण क्या हैं?,"मिस्री मूमियों, पिरामिड्स, मंदिर, और पुस्तकों में हायरोग्लिफिक लेखन के उदाहरण हैं।"
दिए गए प्रश्न का समाधान हिंदी में प्रस्तुत करें:,हायरोग्लिफिक लेखन क्यों महत्वपूर्ण था?,हायरोग्लिफिक लेखन एक महत्वपूर्ण साधन था जिससे मिस्री समाज ने अपनी धरोहर को लिखित रूप में संरक्षित किया और विचारों को संचारित किया।
पूछे गए प्रश्न का उत्तर हिंदी में प्रदान करें:,प्राचीन मिस्र में कौन-कौन से धर्म थे?,"प्राचीन मिस्र में प्रमुख धर्मों में राह, ओसिरिस, इसिस, होरस, आनुबिस, और अमून-रा शामिल थे।"
बताए गए सवाल का उत्तर हिंदी में दें।,प्राचीन मिस्री धर्म की मुख्य विशेषताएँ क्या थीं?,"प्राचीन मिस्री धर्म की विशेषताएँ में प्राकृतिक पूजा, जीवन के प्रति समर्पण, मौत के बाद के जीवन की मान्यता, और मूर्तिपूजा शामिल थीं।"
Diye gaye prashn ka uttar Hindi mein dein:,प्राचीन मिस्र के पौराणिक कथाओं में क्या-क्या सामान्य मुद्दे शामिल थे?,"प्राचीन मिस्री पौराणिक कथाओं में राजा, देवताओं, और प्राकृतिक प्राकृतिक घटनाओं को अंगीकृत करते हुए आत्मा के पुनर्जन्म, सृष्टि, और मौत के विभिन्न पहलुओं पर ध्यान केंद्रित किया गया।"
Diye gaye sawaal ka jawab Hindi mein likhein:,प्राचीन मिस्र में सामाजिक संरचना कैसी थी?," प्राचीन मिस्र में सामाजिक संरचना वर्गीकृत थी, जिसमें फिरौन और पदाधिकारी ऊपरी वर्ग के थे, समक्ष जनसाधारण और निर्धन लोग निचले वर्ग में थे। दैनिक जीवन उनके धार्मिक और कार्यालय कार्यों के प्रति आधारित था।"
Diye gaye prashn ka samadhan Hindi mein prastut karein:,प्राचीन मिस्र में दैनिक जीवन की विशेषताएँ क्या थीं?,"लोगों का दैनिक जीवन खेती, धार्मिक आचरण, व्यापार, और कला के क्षेत्र में व्यस"
Pooche gaye prashn ka uttar Hindi mein pradaan karein:,प्राचीन मिस्र में विज्ञान और प्रौद्योगिकी का क्या महत्व था?,"प्राचीन मिस्री विज्ञान और प्रौद्योगिकी ने नील नदी के सिंचाई और कृषि, रचनात्मक निर्माण, रसायनशास्त्र, और चिकित्सा के क्षेत्र में उत्कृष्टता प्राप्त की थी।"
Bataye gaye sawaal ka jawab Hindi mein dein:,प्राचीन मिस्र में विज्ञान और प्रौद्योगिकी के क्या-क्या उदाहरण हैं?,"प्राचीन मिस्र में स्थापत्यकला, रसायनशास्त्र, औषधीय जड़ी बूटियाँ, और गणित के क्षेत्र में विज्ञान और प्रौद्योगिकी के उदाहरण हैं।"
Answer the given question in Hindi:,प्राचीन मिस्र में विज्ञान और प्रौद्योगिकी का क्या योगदान था?,"विज्ञान और प्रौद्योगिकी ने प्राचीन मिस्र में गणित, खाद्य संशोधन, चिकित्सा, और स्थापत्यकला के क्षेत्र में विकास को बढ़ावा दिया।"
Write your answer to the question in Hindi:,मध्य साम्राज्य क्या होता है?,"मध्य साम्राज्य एक संघटित और एकीकृत सरकार द्वारा नियंत्रित किया जाने वाला क्षेत्र होता है, जो दो प्रमुख साम्राज्यों के बीच स्थित होता है।"
Provide a response to the given query in Hindi:,प्राचीन मिस्र में मध्य साम्राज्य का क्या महत्व था?," मध्य साम्राज्य ने प्राचीन मिस्र में व्यापार, सांस्कृतिक विनिमय, और शांति स्थापित करने में महत्वपूर्ण भूमिका निभाई थी।"
Answer the question in Hindi language:,मध्य साम्राज्य के क्या-क्या लक्षण थे प्राचीन मिस्र में?,"मध्य साम्राज्य के लक्षण में एकीकृत शासन, विभाजन के अभाव, और सांस्कृतिक विनिमय की संभावना शामिल थी।"
Reply to the asked question in Hindi:,प्राचीन मिस्र में पहले मध्यम संविधान काल क्या होता था?,"पहले मध्यम संविधान काल प्राचीन मिस्र में मध्य साम्राज्य के रूप में जाना जाता है, जब दो प्रमुख साम्राज्यों के बीच संघर्ष और समझौते की स्थिति थी।"
दिए गए प्रश्न का उत्तर हिंदी में दें:,प्राचीन मिस्र में दूसरे मध्यम संविधान काल क्या था?,"दूसरे मध्यम संविधान काल प्राचीन मिस्र में विभाजित राजनीतिक स्थिति के बाद आता है, जब एक साम्राज्य के अधीन एकत्रित क्षेत्रों की अधिकतम संख्या होती है।"
दिए गए सवाल का जवाब हिंदी में लिखें:,दूसरे मध्यम संविधान काल में क्या घटित हुआ?,"इस काल में अधिक संगठित राजनीतिक संरचनाएँ बनीं, जिसमें कुश और दस्तकर साम्राज्यों के संघर्ष के बाद नये साम्राज्यों का उदय हुआ।"
दिए गए प्रश्न का समाधान हिंदी में प्रस्तुत करें:,दूसरे मध्यम संविधान काल की प्रमुख विशेषताएँ क्या थीं?,"इस काल में साम्राज्यों के बीच व्यापार, विवादों के निपटान, और सांस्कृतिक आदान-प्रदान की अधिक संभावना थी।"
पूछे गए प्रश्न का उत्तर हिंदी में प्रदान करें:,प्राचीन मिस्र में नया साम्राज्य क्या होता था?, नया साम्राज्य वह आधारित स्थिति होती थी जब एक या अधिक राजा या साम्राज्य क्षेत्र के राज्य का शासन करते थे।
बताए गए सवाल का उत्तर हिंदी में दें।,नये साम्राज्य के उदय के क्या कारण थे?,"नए साम्राज्य का उदय समय, भूमि, सेना, और राजनीतिक योजना के सम्बंध में अनेक कारणों पर निर्भर करता था।"
Diye gaye prashn ka uttar Hindi mein dein:,नये साम्राज्य के लक्षण क्या थे?,"नये साम्राज्य के लक्षण में अधिक संगठित शासन प्रणाली, केंद्रीकृत शक्ति, और नए साम्राज्य के स्थापना के प्रयास शामिल थे।"
Diye gaye sawaal ka jawab Hindi mein likhein:, हत्षेप्सुत कौन थीं और उनके कार्य क्या थे?,"हत्षेप्सुत मिस्र की एक प्रसिद्ध महिला फिरौन थीं, जिन्होंने फिरौन के रूप में राज्य किया और कई विकासात्मक कार्यक्रमों को प्रारंभ किया।"
Diye gaye prashn ka samadhan Hindi mein prastut karein:,थुतमोस तीसरा का क्या महत्व था?,थुतमोस तीसरा ने एक विशाल सेना और धार्मिक प्रथाओं के साथ मिस्री साम्राज्य को विस्तारित किया और कई महत्वपूर्ण अभियानों का नेतृत्व किया।
Pooche gaye prashn ka uttar Hindi mein pradaan karein:,हत्षेप्सुत और थुतमोस तीसरा के योगदान क्या रहे?,हत्षेप्सुत ने महिलाओं के लिए अनुकूल राजनीति की शुरुआत की और साम्राज्य के विकास में अहम भूमिका निभाई। थुतमोस तीसरा ने समृद्धि के कार्यकाल में साम्राज्य को स्थायी रूप से मजबूत किया और उसके सामरिक और आर्थिक अभियानों में सफलता प्राप्त की।
Bataye gaye sawaal ka jawab Hindi mein dein:,अखेनातेन कौन थे और उनके कार्य क्या थे?,"अखेनातेन ने मिस्र में एक साम्राज्य की विशेषता की, जो एकाधिकारवाद और एक देवता, आतेन, की पूजा पर केंद्रित था।"
Answer the given question in Hindi:,अमर्ण पीरियड क्या था और इसका महत्व क्या था?,"अमर्ण पीरियड अखेनातेन के शासन की अवधि को दर्शाता है, जो साम्राज्य में धर्म, कला, और संस्कृति की महत्वपूर्ण परिवर्तनों का कारण बना।"
Write your answer to the question in Hindi:,अमर्ण पीरियड में क्या नया था?,"अमर्ण पीरियड में एक नया धर्म, अतनातन, और कला की नई शैलियों का उदय हुआ था, जिसने मिस्र की सांस्कृतिक रूपरेखा को परिवर्तित किया।"
Provide a response to the given query in Hindi:, टुटांखामुन कौन थे और उनका इतिहास क्या है?, टुटांखामुन मिस्र के फिरौन थे जिनका राज्याभिषेक बहुत कम उम्र में हुआ था। उनके समय में मिस्र को धार्मिक स्थिति में पूर्ण स्थान पर ले जाया गया।
Answer the question in Hindi language:,18वीं राजवंश का अंत क्यों हुआ?,"18वीं राजवंश का अंत अखेनातेन और अमर्ण पीरियड के आगमन के बाद हुआ, जिसने मिस्र की धार्मिक और सांस्कृतिक परंपरा में परिवर्तन लाया।"
Reply to the asked question in Hindi:,टुटांखामुन के समय में क्या महत्वपूर्ण घटनाएँ हुईं?,"टुटांखामुन के समय में मिस्र में धर्म, कला, और संस्कृति के क्षेत्र में महत्वपूर्ण उन्नति हुई। उनका समय साम्राज्य को पुनः एकत्रित करने के लिए एकत्रित होने का समय"
दिए गए प्रश्न का उत्तर हिंदी में दें:,रामेसेस महान कौन थे और उनके कार्य क्या थे?, रामेसेस महान मिस्र के 19वीं राजवंश के एक प्रमुख फिरौन थे। उन्होंने मिस्र के विस्तार का काम किया और कई महत्वपूर्ण भव्य परियोजनाओं को शुरू किया।
दिए गए सवाल का जवाब हिंदी में लिखें:,रामेसेस महान की विशेषताएँ क्या थीं?,"रामेसेस महान को मिस्री इतिहास में एक शक्तिशाली और उत्कृष्ट शासक के रूप में जाना जाता है, जिन्होंने लंबे समय तक शासन किया और विजयों की सूची में अपना नाम दर्ज किया।"
दिए गए प्रश्न का समाधान हिंदी में प्रस्तुत करें:, 19वीं राजवंश का क्या महत्व था?,"19वीं राजवंश मिस्री इतिहास में एक महत्वपूर्ण युग था, जिसमें विजय और समृद्धि की अवधारणा की गई थी और कई महत्वपूर्ण निर्माणकारी परियोजनाओं को पूरा किया गया था।"
पूछे गए प्रश्न का उत्तर हिंदी में प्रदान करें:,प्राचीन मिस्र के विदेशी संबंध क्या थे?,"प्राचीन मिस्र ने विभिन्न समयों पर विभिन्न देशों के साथ व्यापार, सामरिक संबंध और राजनीतिक संबंध बनाए रखे।"
बताए गए सवाल का उत्तर हिंदी में दें।, मिस्र के सैन्य अभियान क्या थे और उनका क्या महत्व था?,मिस्र के सैन्य अभियान विभिन्न क्षेत्रों में विस्तार का काम करते थे और राजनीतिक संबंधों को मजबूत करने में मदद करते थे।
Diye gaye prashn ka uttar Hindi mein dein:, मिस्र के सैन्य अभियान की प्रमुख विशेषताएँ क्या थीं?,"मिस्र के सैन्य अभियान शासन की स्थापना, विस्तार, और अन्य राजनीतिक उद्देश्यों को प्राप्त करने के लिए विभिन्न संघर्षों का हिस्सा थे।"
Diye gaye sawaal ka jawab Hindi mein likhein:,प्राचीन मिस्र का पतन क्यों हुआ?," प्राचीन मिस्र का पतन विभिन्न कारणों से हुआ, जैसे बाराबरी, विदेशी आक्रमण, आर्थिक अस्तित्व का पतन, राजनीतिक अस्थिरता, और सामाजिक विघ्न।"
Diye gaye prashn ka samadhan Hindi mein prastut karein:, प्राचीन मिस्र की अवनति कैसे हुई?,"प्राचीन मिस्र की अवनति साम्राज्य के सामाजिक, आर्थिक, और राजनीतिक अस्थित्व के कमजोर होने के साथ आई, जिसने इसे अनेक दशकों तक अस्थायी बना रखा।"
Pooche gaye prashn ka uttar Hindi mein pradaan karein:,प्राचीन मिस्र की विरासत में क्या शामिल है?,"प्राचीन मिस्र की विरासत में पिरामिड्स, मंदिर, मौज़ोलियम, पूर्वी और पश्चिमी खंड में स्थित स्थल, और अन्य सांस्कृतिक धरोहर शामिल है।"
Bataye gaye sawaal ka jawab Hindi mein dein:,प्राचीन मिस्र की विरासत का महत्व क्या है?,"प्राचीन मिस्र की विरासत उसकी सांस्कृतिक, धार्मिक, और तकनीकी प्रतिष्ठा को दर्शाती है, और आधुनिक मानव इतिहास में एक महत्वपूर्ण स्थान रखती है।"
Answer the given question in Hindi:,आधुनिक मिस्रोलॉजी क्या है और इसका महत्व क्या है?,"आधुनिक मिस्रोलॉजी मिस्र की प्राचीन संस्कृति, इतिहास, और धरोहर का अध्ययन करती है, जिससे हमें प्राचीन समय की समझ में मदद मिलती है।"
Write your answer to the question in Hindi:,आर्चयोलॉजिक खोज क्यों महत्वपूर्ण है?," आर्चयोलॉजिक खोज प्राचीन समय की समझ, ऐतिहासिक जीवनशैली, और संस्कृति को समझने में महत्वपूर्ण है, और अक्सर नई जानकारी और धरोहरों का पता लगाने में सहायक होती है।"
Provide a response to the given query in Hindi:,प्राचीन मिस्र का पतन क्यों हुआ?,"प्राचीन मिस्र की अवनति साम्राज्य के आर्थिक, सामाजिक, और राजनीतिक संगठन में दरार के कारण हुई, जो उसके अस्तित्व को अधिक दुर्बल बना दिया।"
Answer the question in Hindi language:, प्राचीन मिस्र की विरासत में क्या शामिल है?,"प्राचीन मिस्र की विरासत में पिरामिड्स, मंदिर, मौज़ोलियम, पूर्वी और पश्चिमी खंड में स्थित स्थल, और अन्य सांस्कृतिक धरोहर शामिल हैं।"
Reply to the asked question in Hindi:, प्राचीन मिस्र की विरासत का महत्व क्या है?,"प्राचीन मिस्र की विरासत उसकी सांस्कृतिक, धार्मिक, और तकनीकी प्रतिष्ठा को दर्शाती है, और आधुनिक मानव इतिहास में एक महत्वपूर्ण स्थान रखती है।"
दिए गए प्रश्न का उत्तर हिंदी में दें:,आधुनिक मिस्रोलॉजी क्या है और इसका महत्व क्या है?,"आधुनिक मिस्रोलॉजी मिस्र की प्राचीन संस्कृति, इतिहास, और धरोहर का अध्ययन करती है, जिससे हमें प्राचीन समय की समझ में मदद मिलती है।"
दिए गए सवाल का जवाब हिंदी में लिखें:,आर्चयोलॉजिक खोज क्यों महत्वपूर्ण है?,"आर्चयोलॉजिक खोज प्राचीन समय की समझ, ऐतिहासिक जीवनशैली, और संस्कृति को समझने में महत्वपूर्ण है, और अक्सर नई जानकारी और धरोहरों का पता लगाने में सहायक होती है।"
दिए गए प्रश्न का समाधान हिंदी में प्रस्तुत करें:,शुमेरी सभ्यता में नगर-राज्यों का क्या महत्व था?," शुमेरी सभ्यता में नगर-राज्य स्वतंत्र राजनैतिक संस्थाएँ थीं जो मेसोपोटामिया में लगभग 4000 ईसा पूर्व में उत्पन्न हुई थीं। प्रत्येक नगर-राज्य, जैसे कि ऊर, ऊरूक, और लागाश, की अपनी सरकार, शासक (साधारणतः एक राजा या पुरोहित), और प्रारंभिक देवता थी। ये नगर-राज्य प्राचीन मेसोपोटामिया में राजनीतिक, आर्थिक, और सांस्कृतिक गतिविधियों के केंद्र थे।"
पूछे गए प्रश्न का उत्तर हिंदी में प्रदान करें:,शुमेरी लेखन और साहित्य के क्षेत्र में शुमेरियों की प्रमुख उपलब्धियाँ क्या थीं?,"शुमेरियों को लेखन की आविष्कार की श्रेय जाती है, विशेष रूप से क्यूनिफॉर्म लिपि की, लगभग 3200 ईसा पूर्व के आसपास। उन्होंने प्रशासनिक और आर्थिक उद्देश्यों के लिए इस लेखन प्रणाली का प्रयोग किया, लेकिन उन्होंने धारावाहिक साहित्य का भी एक समृद्ध संग्रह उत्पन्न किया। प्रमुख साहित्यिक कृतियों में 'गिलगमेश का एपिक', प्राचीनतम ज्ञात साहित्य की एक महत्वपूर्ण कृति, और विभिन्न देवताओं के लिए स्तुतियाँ और प्रार्थनाएँ शामिल हैं।"
बताए गए सवाल का उत्तर हिंदी में दें।,शुमेरियों ने अपने समाज और अर्थव्यवस्था को कैसे संगठित किया था?,"शुमेरी समाज में वर्गीकृत था, जिसमें शासक, पुरोहित, नौकरशाह, शिल्पकार, और किसान जैसे विभिन्न वर्ग शामिल थे। अर्थव्यवस्था मुख्य रूप से कृषि-आधारित थी, जो कैनाल और बाँधों के निर्माण द्वारा सुविधाजनक किया गया था। व्यापार, स्थानीय और दीर्घकालिक, शुमेरी अर्थव्यवस्था में महत्वपूर्ण भूमिका निभाता था, जिसमें अनाज, वस्त्र, और प्रिय मेटल्स आदि की विनिमय होती थी।"
Diye gaye prashn ka uttar Hindi mein dein:,"सरगन महान कौन थे, और उनकी अक्कादी साम्राज्य में क्या भूमिका थी?","सरगन महान अक्कादी साम्राज्य के संस्थापक थे, जिन्होंने लगभग 2334 से 2279 ईसा पूर्व के आसपास राज्य किया। वे मूल रूप से एक उपद्रवी थे जो नीचे से उठकर किशके राजा बने। सरगन की मिलिट्री विजयों के लिए उन्हें जाना जाता है, जिनसे उन्होंने शुमेर और अक्काद के नगरों को अपने शासन के अधीन किया, पहले ज्ञात साम्राज्य की स्थापना की।"
Diye gaye sawaal ka jawab Hindi mein likhein:,अक्कादी साम्राज्य की प्रशासन और शासन की प्रमुख विशेषताएँ क्या थीं?," अक्कादी साम्राज्य ने सरगन के शासन के तहत एक केंद्रीकृत प्रशासन स्थापित किया। सरगन ने साम्राज्य के विभिन्न क्षेत्रों को नियंत्रित करने के लिए प्रशासकों को नियुक्त किया, जो प्रांतों में विभाजित थे। उन्होंने सरकार के गतिविधियों, विशेषकर उसकी सैन्य अभियानों को वित्तपोषण के लिए कर जुटाया।"
Diye gaye prashn ka samadhan Hindi mein prastut karein:,अक्कादी साम्राज्य ने मेसोपोटामिया के सांस्कृतिक और भाषातान्त्रिक परिदृश्य में कैसे योगदान दिया?," अक्कादी साम्राज्य ने मेसोपोटामिया के सांस्कृतिक और भाषातान्त्रिक विकास में महत्वपूर्ण योगदान दिया। अक्कादी, एक सेमेटिक भाषा, साम्राज्य की लिंगुआ फ्रांका बन गया, जो सुमेरियन को प्रशासन और साहित्य की प्रमुख भाषा के रूप में स्थानांतरित कर दिया। अक्कादी सांस्कृतिक प्रभाव क्षेत्र में फैल गया, कला, साहित्य, और धार्मिक प्रथाओं पर प्रभाव डालते हुए।"
Pooche gaye prashn ka uttar Hindi mein pradaan karein:,"हम्मुराबी कौन थे, और उनके लिए सर्वश्रेष्ठ क्या था?","हम्मुराबी पहले बाबिलोनियन वंश के छठे राजा थे, जिन्होंने 1792 से 1750 ईसा पूर्व तक शासन किया। उनके लिए सर्वश्रेष्ठ बाबिलोनियन राज्य द्वारा जाना जाता है, जो कि सर्वप्रथम लिखित कानूनी तंत्र, 'हम्मुराबी का कोड', है। इस कोड में विभिन्न पहलुओं, जैसे व्यापार, संपत्ति, विवाह, और दंड न्याय, को शामिल किया गया है।"
Bataye gaye sawaal ka jawab Hindi mein dein:,बाबिलोनियन साम्राज्य के अधिकारियों जैसे नबूचदनेज़र II के शासन के तहत महत्वपूर्ण उपलब्धियाँ क्या थीं?,"नबूचदनेज़र II के शासन के दौरान, बाबिलोनियन साम्राज्य ने एक महत्वपूर्ण समृद्धि और सांस्कृतिक उपलब्धियों का काल देखा। नबूचदनेज़र को उसके महत्वपूर्ण निर्माण परियोजनाओं के लिए जाना जाता है, जिसमें बाबिलोन की पुनर्निर्माण, उसकी प्रसिद्ध दीवारें, मंदिर, और हैंगिंग गार्डन्स शामिल हैं, जो प्राचीन विश्व की सात अजूबों में से एक हैं। साम्राज्य ने गणित, ज्योतिष, और साहित्य में महत्वपूर्ण योगदान भी किया।"
Answer the given question in Hindi:,शुमेरियों का सभ्यता के प्रति मुख्य योगदान क्या था?,"शुमेरियों ने लेखन (क्यूनिफार्म), उन्नत सिंचाई प्रणालियों का विकास किया, दुनिया के पहले नगर बनाए, और सबसे पहले जाने जाने वाले कानूनी कोड (यूर-नम्मू का कोड) बनाया।"
Write your answer to the question in Hindi:,शुमेरी समाज ने अपने आप को कैसे संगठित किया था?,"शुमेरी समाज को विभाजित किया गया था, जिसमें शासक और पुरोहित श्रेणी में शीर्ष पर थे, उसके बाद नौकरशाह, शिल्पकार, और किसान आते थे। शुमेरी समाज में गुलाम भी थे।"
Provide a response to the given query in Hindi:,शुमेरी जीवन में धर्म किस भूमिका निभाता था?,"शुमेरी जीवन में धर्म केंद्रीय था, जहां देवताओं का विश्वास था और उन्हें प्राकृतिक प्रकोप और मानव भाग्य पर नियंत्रण करने वाले माना जाता था। मंदिर आर्थिक और राजनीतिक केंद्र के रूप में कार्य करते थे, और पुरोहित समाज में महत्वपूर्ण भूमिका निभाते थे।"
Answer the question in Hindi language:,"सरगन महान कौन थे, और उनका महत्व क्या था?","सरगन महान इतिहास में पहला जाना गया साम्राज्य, अक्कादी साम्राज्य के संस्थापक थे। उन्होंने शुमेरी नगर-राज्यों को जीतकर एकीकृत सरकार स्थापित की।"
Reply to the asked question in Hindi:,अक्कादी साम्राज्य की मुख्य उपलब्धियाँ क्या थीं?,"अक्कादी साम्राज्य ने तोल और माप को मानकीकृत किया, व्यापार को प्रोत्साहित किया, और मेसोपोटामिया में अक्कादी भाषा के उपयोग को फैलाया।"
दिए गए प्रश्न का उत्तर हिंदी में दें:,अक्कादी साम्राज्य कैसे ढह गया?,"अक्कादी साम्राज्य की अंतिम घटना आंतरिक विद्रोह, पड़ोसी जनजातियों द्वारा आक्रमण, और सूखे और कृषि में कमी जैसे पर्यावरणीय कारकों के कारण हुई।"
दिए गए सवाल का जवाब हिंदी में लिखें:,हम्मुराबी के कोड का महत्व क्या था?,"हम्मुराबी का कोड सबसे प्राचीन जाने जाने वाले कानूनी कोडों में से एक था, जिसमें 282 कानून थे जो बाबिलोनियन जीवन के विभिन्न पहलुओं को व्यवस्थित करते थे, जैसे परिवार, संपत्ति, और व्यापार।"
दिए गए प्रश्न का समाधान हिंदी में प्रस्तुत करें:,नेबुचदनेज़र II ने बाबिलोनियन साम्राज्य के योगदान क्या किया?,"नेबुचदनेज़र II एक प्रसिद्ध बाबिलोनियन राजा थे जिन्हें उनकी वास्तुकला की उपलब्धियों के लिए जाना जाता है, जिसमें बाबिल के पुनर्निर्माण और उसकी शानदार दीवारों के साथ निर्माण और हैंगिंग गार्डन्स शामिल हैं, जो प्राचीन विश्व की सात अजूबों में से एक हैं।"
पूछे गए प्रश्न का उत्तर हिंदी में प्रदान करें:,बाबिलोनियन साम्राज्य का पतन किसके कारण हुआ?,"बाबिलोनियन साम्राज्य का पतन 539 ईसा पूर्व में क्यरस द ग्रेट के नेतृत्व में पार्सियों द्वारा हुआ क्योंकि इसमें आंतरिक संघर्ष, बाह्य आक्रमण, और केन्द्रीय प्राधिकरण की कमजोरी का मिश्रण था।"
बताए गए सवाल का उत्तर हिंदी में दें।,अस्सीरियन साम्राज्य का संस्थापक कौन था?,अस्सीरियन साम्राज्य का संस्थापक लगभग 24वीं शताब्दी ईसा पूर्व में अशुर-उबल्लित प्रथम द्वारा किया गया था।
Diye gaye prashn ka uttar Hindi mein dein:,अस्सीरियन सेना रणनीति की मुख्य विशेषताएँ क्या थीं?,"अस्सीरियन सेना रणनीतियों में उच्च शिक्षित पैदल सैनिकों, पशुओं की सेना, किला युद्ध तकनीकों का उपयोग, और लौह की सेना सामेगी जैसे उन्नत हथियारों का उपयोग शामिल था।"
Diye gaye sawaal ka jawab Hindi mein likhein:,अस्सीरियन साम्राज्य अपना साम्राज्य कैसे विस्तारित किया?,"अस्सीरियन साम्राज्य ने निरंतर सैन्य अभियानों के माध्यम से अपना साम्राज्य विस्तारित किया, पड़ोसी क्षेत्रों को जीतकर उन्हें अपने साम्राज्य में सम्मिलित किया, तीनता और वंशीकरण के तंत्र के माध्यम से।"
Diye gaye prashn ka samadhan Hindi mein prastut karein:,अस्सीरियन साम्राज्य के कुछ प्रमुख उपलब्धियाँ क्या थीं?," अस्सीरियन साम्राज्य अपने उन्नत प्रशासनिक प्रणालियों, व्यापक सड़क नेटवर्क, भव्य महलों, और केंद्रीकृत सरकार की स्थापना के लिए प्रसिद्ध था।"
Pooche gaye prashn ka uttar Hindi mein pradaan karein:,कुछ प्रसिद्ध अस्सीरियन राजाओं कौन थे?,"प्रसिद्ध अस्सीरियन राजाओं में तिगलाथ-पाइलेसर तृतीय, सर्गन द्वितीय, सेनाक्केरिब, और अशुरबानिपाल शामिल हैं, जिन्हें उनके सैन्य विजयों, वास्तुकला परियोजनाओं, और सांस्कृतिक योगदानों के लिए जाना जाता है।"
Bataye gaye sawaal ka jawab Hindi mein dein:,अस्सीरियन साम्राज्य में नीनेवे की क्या भूमिका थी?,"नीनेवे अस्सीरियन साम्राज्य की राजधानी के रूप में काम करता था और इसे उसकी विशाल दीवारों, भव्य महलों, और विस्तृत पुस्तकालयों के लिए जाना जाता था, जिससे यह उस समय के सबसे प्रभावशाली शहरों में से एक था।"
Answer the given question in Hindi:,अस्सीरियन साम्राज्य का क्या भविष्य था?,"अस्सीरियन साम्राज्य का अंत 612 ईसा पूर्व में हुआ जब बाबिलोनियन और मीडियन के संयुक्त बलों ने नीनेवे को लूटा, जिससे साम्राज्य का पतन हो गया।"
Write your answer to the question in Hindi:,अस्सीरियन साम्राज्य कैसे अपने साम्राज्य का प्रबंध करते थे?,"अस्सीरियन साम्राज्य अपने साम्राज्य को प्रांतीय प्रशासन के एक प्रणाली के माध्यम से प्रबंधित करते थे, जिसमें नियुक्त प्रशासकों ने विभिन्न क्षेत्रों का प्रबंध किया और साम्राज्य की नीतियों को प्रयोग में लाया।"
Provide a response to the given query in Hindi:,अशुरबानिपाल के पुस्तकालय का महत्व क्या था?,"अशुरबानिपाल का पुस्तकालय नीनेवे में हजारों मिट्टी के टाब्लेट्स के साथ था, जिन पर साहित्य, ऐतिहासिक रिकॉर्ड, वैज्ञानिक पाठ्यक्रम, और धार्मिक दस्तावेज़ थे, जो प्राचीन मेसोपोटामियन संस्कृति और ज्ञान में मूल्यवान अन्वेषण प्रदान करते थे।"
Answer the question in Hindi language:,अस्सीरियन साम्राज्य की स्थायी विरासत क्या थी?,"अस्सीरियन साम्राज्य की विरासत में सेना प्रौद्योगिकी, प्रशासनिक प्रथाओं, और सांस्कृतिक उपलब्धियां शामिल हैं, जो पश्चिमी एशिया और उसके आसपास की आगामी सभ्यताओं पर प्रभाव डाली।"
Reply to the asked question in Hindi:,सरगन महान कौन थे?,"सरगन महान एक पौराणिक शासक थे जिन्होंने 24वीं शताब्दी ईसा पूर्व के आस-पास अक्कादी साम्राज्य की स्थापना की थी, जो इतिहास में पहला जाना गया साम्राज्य था।"
दिए गए प्रश्न का उत्तर हिंदी में दें:,सरगन का उत्पत्ति क्या था?,"सरगन का उत्पत्ति पूरी तरह से स्पष्ट नहीं है, लेकिन माना जाता है कि वे एक साधारण व्यक्ति के रूप में जन्मे थे और बाद में सेना के जीतने के माध्यम से शक्ति प्राप्त की।"
दिए गए सवाल का जवाब हिंदी में लिखें:,सरगन ने मेसोपोटामिया को कैसे एकीकृत किया?,"सरगन ने विभिन्न नगर-राज्यों और क्षेत्रों को जीतकर मेसोपोटामिया को एकीकृत किया, एक केंद्रीकृत सरकार और प्रशासनिक प्रणाली स्थापित की।"
दिए गए प्रश्न का समाधान हिंदी में प्रस्तुत करें:,कुछ सरगन की सैन्य उपलब्धियां क्या थीं?,"सरगन की सैन्य उपलब्धियों में शुमेरी नगर-राज्यों के विजय, ईलाम और एनाटोलिया में विस्तार, और विद्रोहों के खिलाफ सफल अभियान शामिल हैं।"
पूछे गए प्रश्न का उत्तर हिंदी में प्रदान करें:,सरगन की राजधानी क्या थी?,"सरगन ने अपनी राजधानी को अक्काद में स्थापित किया, जो अक्कादी साम्राज्य का राजनीतिक और प्रशासनिक केंद्र बन गया।"
बताए गए सवाल का उत्तर हिंदी में दें।,सरगन का सांस्कृतिक प्रभाव क्या था?,"सरगन के शासन के दौरान एक सांस्कृतिक आदान-प्रदान और एकीकरण का काल था, जिससे अक्कादी और शुमेरियन सभ्यता के बीच एक साझा अक्कादी-शुमेरियन संस्कृति का विकास हुआ।"
Diye gaye prashn ka uttar Hindi mein dein:,सरगन किसके लिए सर्वाधिक याद किया जाता है?,सरगन को दुनिया के पहले साम्राज्य के संस्थापक के रूप में और अक्कादी राजवंश की स्थापना के लिए सर्वाधिक याद किया जाता है।
Diye gaye sawaal ka jawab Hindi mein likhein:,सरगन की मृत्यु कैसे हुई?,"सरगन की मृत्यु के बारे में विवरण स्पष्ट नहीं हैं, लेकिन माना जाता है कि उनके पुत्रों, रिमुश और मानिष्टुशु, ने उनकी पदस्थापना की।"
Diye gaye prashn ka samadhan Hindi mein prastut karein:,हम्मुराबी का संहिता क्या है?,हम्मुराबी का संहिता बाबिल के राजा हम्मुराबी द्वारा लगभग 1754 ईसा पूर्व के आसपास स्थापित किए गए सबसे प्राचीन ज्ञात लिखित कानूनी प्रणालियों में से एक है।
Pooche gaye prashn ka uttar Hindi mein pradaan karein:,हम्मुराबी के संहिता का क्या उद्देश्य था?,"हम्मुराबी के संहिता का उद्देश्य न्याय स्थापित करना, समाज को व्यवस्थित करना, और मजबूत को कमजोर के खिलाफ संरक्षण सुनिश्चित करना था।"
Bataye gaye sawaal ka jawab Hindi mein dein:,हम्मुराबी के संहिता में कितने कानून हैं?,"हम्मुराबी के संहिता में 282 कानून हैं जो कि एक स्टील पर खुदाई करके लिए गए हैं, जो परिवार, संपत्ति, वाणिज्य, और अपराध जैसे विभिन्न पहलुओं पर प्रकट किये गए हैं।"
Answer the given question in Hindi:,हम्मुराबी के संहिता के साथ किस सिद्धांत को अक्सर जोड़ा जाता है?,"आंख के बदले आंख, दांत के बदले दांत का सिद्धांत हम्मुराबी के संहिता से जुड़ा जाता है, जो योग्य न्याय की अवधारणा को सूचित करता है।"
Write your answer to the question in Hindi:,हम्मुराबी के संहिता ने बाद की कानूनी प्रणालियों को कैसे प्रभावित किया?,"हम्मुराबी के संहिता ने पूर्वी मध्य पूर्व के बाद की कानूनी प्रणालियों के लिए एक मॉडल का काम किया, जो कई सदियों तक न्याय और कानून की अवधारणाओं को प्रभावित किया।"
Provide a response to the given query in Hindi:, जिग्गुराट क्या होता है?,जिग्गुराट प्राचीन मेसोपोटामियन मंदिर कक्ष का एक प्रकार होता है जिसमें इसके पद युक्त और पिरामिड के आकार के स्टेप होते हैं।
Answer the question in Hindi language:,जिग्गुराट का क्या उद्देश्य था?,जिग्गुराट प्राचीन मेसोपोटामियन शहरों में देवताओं की पूजा के लिए समर्पित धार्मिक केंद्र के रूप में कार्य करता था। इन्हें देवताओं की भौतिक आवास माना जाता था।
Reply to the asked question in Hindi:,जिग्गुराट कैसे निर्मित किए जाते थे?,"जिग्गुराट की निर्माणशैली में साधारणत: सूर्य की सुखी मिट्टी के ईंटों का उपयोग होता था, जिसमें प्रत्येक स्तर को पिछले स्तर से थोड़ा सा छोटा किया जाता था, जिससे यह सीढ़ीदार पिरामिड की शक्ल बनती थी।"
दिए गए प्रश्न का उत्तर हिंदी में दें:,जिग्गुराट कहाँ स्थित होते थे?,"जिग्गुराटों को मुख्यत: प्राचीन मेसोपोटामिया में बनाया जाता था, जैसे कि ऊर, बाबिल, और उरूक शहरों में।"
दिए गए सवाल का जवाब हिंदी में लिखें:,जिग्गुराटों की विशेषता कौन-कौन सी थीं?,"जिग्गुराटों में अक्सर ऊपरी भाग में एक केन्द्रीय मंदिर होता था, जिसमें एक प्रवेश रास्ता या सीढ़ीयों के माध्यम से पहुँचा जा सकता था। कई बार उन्हें छोटे मंदिर, आंगन, और प्रशासनिक भवनों से घिरा जाता था।"
दिए गए प्रश्न का समाधान हिंदी में प्रस्तुत करें:,क्या है क्यूनिफॉर्म लेखन?,क्यूनिफॉर्म लेखन प्राचीन सुमेरियों द्वारा लगभग 3200 ईसा पूर्व के आसपास विकसित एक सबसे पुराने ज्ञात लेखन प्रणालियों में से एक है। इसमें स्टाइलस का प्रयोग करके मिट्टी की गोलियों पर वेज-आकार के अक्षरों को छापा जाता था।
पूछे गए प्रश्न का उत्तर हिंदी में प्रदान करें:,क्यूनिफॉर्म लेखन के लिए कौन-कौन से सामग्री का उपयोग किया जाता था?," क्यूनिफॉर्म लेखन को प्रमुखत: एक इरा स्टाइलस का प्रयोग करके मिट्टी की गोलियों पर लिखा जाता था। बाद में, यह पत्थर, धातु, और पर्चमेंट जैसे अन्य सामग्रियों पर भी लिखा गया।"
बताए गए सवाल का उत्तर हिंदी में दें।,क्यूनिफॉर्म लेखन का क्या उद्देश्य था?,"क्यूनिफॉर्म लेखन का उपयोग रिकॉर्ड-रखने, प्रशासनिक दस्तावेज़ों, साहित्य, धार्मिक पाठों, और पत्रों के लिए किया जाता था।"
Diye gaye prashn ka uttar Hindi mein dein:,क्यूनिफॉर्म लेखन को किसने विशेषज्ञ बनाया?,"19वीं सदी में हेनरी रॉलिंसन और जॉर्ज स्मिथ जैसे विद्वानों ने क्यूनिफॉर्म लेखन को अन्वेषित किया, जिससे प्राचीन मेसोपोटामियन सभ्यताओं को बेहतर समझा जा सकता है।"
Diye gaye sawaal ka jawab Hindi mein likhein:,कौन-कौन सी भाषाएँ क्यूनिफॉर्म लिपि में लिखी जाती थीं?,"क्यूनिफॉर्म लिपि का उपयोग कई भाषाओं में किया जाता था, जैसे कि सुमेरियन, अक्कादी (बाबिलोनियन और अश्शुरियन), एलामाइट, हिटाइट, और अन्य।"
Diye gaye prashn ka samadhan Hindi mein prastut karein:,मेसोपोटेमियाई धर्म की प्रमुख विशेषताएं क्या थीं?,"मेसोपोटेमियाई धर्म ने देवताओं और देवीयों के पूजन को महत्व दिया, जिन्हें वे प्राकृतिक प्रक्रियाओं और मानव जीवन के अनुसरण में संलग्न मानते थे।"
Pooche gaye prashn ka uttar Hindi mein pradaan karein:,मेसोपोटेमियाई धर्म के पूजन स्थल क्या थे?,"मेसोपोटेमियाई धर्म के पूजन स्थलों में मंदिर, मंजिलें, चित्रकला, और मूर्तियाँ शामिल थीं, जहाँ देवताओं के लिए यज्ञ और अन्य पूजा की जाती थी।"
Bataye gaye sawaal ka jawab Hindi mein dein:,क्या मेसोपोटेमियाई धर्म में पौराणिक कथाएँ थीं?,"हां, मेसोपोटेमियाई धर्म में कई पौराणिक कथाएँ थीं, जिनमें विभिन्न देवताओं, अनुयायियों, और पौराणिक घटनाओं का वर्णन किया गया था।"
Answer the given question in Hindi:,मेसोपोटेमियाई नगर-राज्य क्या होते थे?, मेसोपोटेमियाई नगर-राज्य उन उच्च निवासियों के आवास स्थल थे जो सुबह राजनीतिक और सांस्कृतिक गतिविधियों में संलग्न होते थे।
Write your answer to the question in Hindi:, मेसोपोटेमियाई नगर-राज्य की प्रमुख विशेषताएँ क्या थीं?,"मेसोपोटेमियाई नगर-राज्यों की प्रमुख विशेषताओं में समृद्धि, शासन, धर्म, वाणिज्य, और कला का प्रशंसित सम्मिलन शामिल था।"
Provide a response to the given query in Hindi:,मेसोपोटेमियाई नगर-राज्यों के क्या संगठन थे?,"मेसोपोटेमियाई नगर-राज्यों के संगठन में राजा या शहर के प्रमुख, पुरोहित, और विभिन्न व्यापारिक और प्रशासनिक अधिकारियों के भूमिकाएं थीं।"
Answer the question in Hindi language:,मेसोपोटेमियाई नगर-राज्यों की उत्पत्ति कैसे हुई?,"मेसोपोटेमियाई नगर-राज्यों की उत्पत्ति स्थानीय गांवों या शहरों के आधार पर हुई, जो बाद में शक्तिशाली नगर-राज्य बन गए।"
Reply to the asked question in Hindi:,मेसोपोटेमियाई धर्म की प्रमुख विशेषताएं क्या थीं?,"मेसोपोटेमियाई धर्म ने अपनी प्राकृतिक देवताओं और पूजाओं को महत्व दिया, और वे मनुष्य जीवन को प्राकृतिक प्रक्रियाओं के साथ जोड़ते थे।"
दिए गए प्रश्न का उत्तर हिंदी में दें:, मेसोपोटेमियाई धर्म के पूजन स्थल क्या थे?,"मेसोपोटेमियाई धर्म के पूजन स्थलों में मंदिर, मन्दिर, चित्रकला, और मूर्तियाँ शामिल थीं, जहाँ देवताओं के लिए यज्ञ और अन्य पूजा की जाती थी।"
दिए गए सवाल का जवाब हिंदी में लिखें:,क्या मेसोपोटेमियाई धर्म में पौराणिक कथाएँ थीं?," हां, मेसोपोटेमियाई धर्म में कई पौराणिक कथाएँ थीं, जो विभिन्न देवताओं, अनुयायियों, और पौराणिक घटनाओं का वर्णन करती थीं।"
दिए गए प्रश्न का समाधान हिंदी में प्रस्तुत करें:,मेसोपोटेमियाई नगर-राज्य क्या होते थे?, मेसोपोटेमियाई नगर-राज्य वे उच्च निवासियों के आवास स्थल थे जो राजनीतिक और सांस्कृतिक गतिविधियों में संलग्न थे।
पूछे गए प्रश्न का उत्तर हिंदी में प्रदान करें:,मेसोपोटेमियाई नगर-राज्य की प्रमुख विशेषताएँ क्या थीं?,"मेसोपोटेमियाई नगर-राज्यों की प्रमुख विशेषताओं में धन, शासन, धर्म, व्यापार, और कला का महत्वपूर्ण सम्मिलन था।"
बताए गए सवाल का उत्तर हिंदी में दें।,मेसोपोटेमियाई नगर-राज्यों के क्या संगठन थे?,"मेसोपोटेमियाई नगर-राज्यों के संगठन में राजा या शहर के प्रमुख, पुरोहित, और विभिन्न व्यापारिक और प्रशासनिक अधिकारीगण शामिल थे।"
Diye gaye prashn ka uttar Hindi mein dein:,मेसोपोटेमियाई नगर-राज्यों की उत्पत्ति कैसे हुई?,"मेसोपोटेमियाई नगर-राज्यों की उत्पत्ति स्थानीय गांवों या शहरों के आधार पर हुई, जो बाद में शक्तिशाली नगर-राज्य बन गए।"
Diye gaye sawaal ka jawab Hindi mein likhein:,मेसोपोटेमिया में व्यापार का महत्व क्या था?," मेसोपोटेमिया में व्यापार महत्वपूर्ण था क्योंकि यहाँ उपलब्ध न होने वाले महत्वपूर्ण संसाधनों को प्राप्त करने के लिए अत्यंत आवश्यक था, जैसे धातुएं, लकड़ी, और अमूल्य पत्थर। यह सांस्कृतिक आदान-प्रदान, प्रौद्योगिकी का प्रसार, और आर्थिक विकास को संभव बनाता था।"
Diye gaye prashn ka samadhan Hindi mein prastut karein:,प्राचीन मेसोपोटेमिया में मुख्य वस्त्रों का व्यापार क्या था?,"मेसोपोटेमिया ने अनाज (गेहूं, जौ), वस्त्र, मिट्टी के बर्तन, धातुएं (तांबा, टिन), लकड़ी, पशुओं, और मूल्यवान वस्त्र जैसी विभिन्न वस्त्रों का व्यापार किया।"
Pooche gaye prashn ka uttar Hindi mein pradaan karein:,मेसोपोटेमियाई व्यापार कैसे किया जाता था?,"मेसोपोटेमियाई व्यापार बांधरगाह कारवां रास्तों और नदी परिवहन के माध्यम से किया जाता था, मुख्यतः टिग्रिस और यूफ़्रेटीज नदियों का उपयोग करके। वे व्यापार लेन-देन के लिए तोल, माप, और मानकीकृत इकाइयों का प्रयोग करते थे।"
Bataye gaye sawaal ka jawab Hindi mein dein:,मेसोपोटेमियाई अर्थव्यवस्था में कुछ मुख्य आर्थिक संस्थाएँ क्या थीं?," मेसोपोटेमियाई अर्थव्यवस्था की मुख्य आर्थिक संस्थाओं में मंदिर शामिल थे, जो आर्थिक केंद्र और भंडारण संस्थान के रूप में कार्य करते थे, और महल, जो कर जमा करते थे और व्यापार पर नियंत्रण रखते थे।"
Answer the given question in Hindi:,मेसोपोटेमियाई गणित में और ज्योतिष शास्त्र में क्या योगदान था?,"मेसोपोटेमियाई लोगों ने गणित में समर्थन किया, जिसमें वे सेक्सेजिमल (बेस-६०) संख्या पद्धति पर आधारित एक विकसित अंक तंत्र का निर्माण किया और प्रारंभिक गणितीय उपकरणों का आविष्कार किया। ज्योतिष शास्त्र में, उन्होंने आकाशीय शरीरों की अवलोकन, तारों और ग्रहों की गतियों का ट्रैकिंग, चंद्रमा और सूर्य के चक्र के आधार पर पंचांग विकसित किया, और ज्योतिष के क्षेत्र में महत्वपूर्ण प्रगतियां की।"
Write your answer to the question in Hindi:,मेसोपोटेमियाई गणित और ज्योतिष का उपयोग आम जीवन में किस प्रकार किया जाता था?,"मेसोपोटेमियाई लोगों ने अपने दैनिक जीवन के विभिन्न पहलुओं में गणित का व्यापक उपयोग किया, जैसे व्यापार, सर्वेक्षण, निर्माण, कर, और समय का प्रबंधन।"
Provide a response to the given query in Hindi:, मेसोपोटेमियाई गणित और ज्योतिष मेसोपोटेमियाई समाजों को किस प्रकार प्रभावित करते थे?,"मेसोपोटेमियाई गणित और ज्योतिष ज्ञान ने समाज को संगणकीय तथा वैज्ञानिक अद्यतन के प्रति उत्साहित किया, जिससे उन्होंने उत्पादन की बढ़ोतरी की, कृषि तथा नाविक योजनाओं का विकास किया, और अधिक उन्नत तकनीकों का अनुसरण किया।"
Answer the question in Hindi language:,मेसोपोटेमियाई गणित और ज्योतिष की किस प्रकार की प्रासंगिकता थी?," मेसोपोटेमियाई गणित और ज्योतिष का प्रासंगिकता संवैधानिक तथा धार्मिक प्रथाओं के साथ होता था। गणित ने आर्थिक गतिविधियों को संगणकीय रूप से प्रबंधित किया, जबकि ज्योतिष ने आकाशीय घटनाओं को धार्मिक और सामाजिक संदेशों के साथ जोड़ा।"
Reply to the asked question in Hindi:,मेसोपोटेमियाई गणित और ज्योतिष के विकास का क्या कारण था?,"मेसोपोटेमियाई गणित और ज्योतिष का विकास कई कारणों पर आधारित था, जैसे विकसित समाज, आर्थिक व्यवस्था, व्यापार, और धार्मिक और सामाजिक अनुसंधान। इन क्षेत्रों में उत्पन्न आवश्यकताओं को पूरा करने के लिए गणित और ज्योतिष का विकास हुआ।"
दिए गए प्रश्न का उत्तर हिंदी में दें:,मेसोपोटेमियाई गणित और ज्योतिष का विकास किस प्रकार से अन्य समाजों को प्रभावित किया?,"मेसोपोटेमियाई गणित और ज्योतिष का विकास अन्य समाजों को भी प्रभावित किया, जैसे यूरोपीय, भारतीय, और चीनी समाज। इसका प्रभाव अधिक विकासशील गणित और ज्योतिषीय सिद्धांतों के लिए उनके विकास में देखा जा सकता है।"
दिए गए सवाल का जवाब हिंदी में लिखें:,प्राचीन मेसोपोटेमिया में प्रमुख कृषि प्रथाएं क्या थीं?," प्राचीन मेसोपोटेमियाई ने तनावपूर्ण कृषि का अभ्यास किया, जैसे जैसे जौ, गेहूं, खजूर, और सब्जियां उत्पन्न की। वे पशुपालन भी करते थे, जिसमें भेड़, बकरी, गाय, और सूअर शामिल थे।"
दिए गए प्रश्न का समाधान हिंदी में प्रस्तुत करें:, मेसोपोटेमिया में खेती के लिए जल संकटों को कैसे दूर किया गया?,"मेसोपोटेमियाई ने जल संकट को संभालने के लिए विकसित सशक्तिकरण प्रणालियों का उपयोग किया, जिसमें कैनाल, बांध, और जलाशय शामिल थे। वे फसलों की अधिकतम कृषि उत्पादकता को प्राप्त करने के लिए कृषि परिपाटियों का प्रयोग भी करते थे।"
पूछे गए प्रश्न का उत्तर हिंदी में प्रदान करें:,मेसोपोटेमिया में सिंचाई की क्या भूमिका थी?, मेसोपोटेमिया में सिंचाई का महत्व था क्योंकि यह सूखे के समय में फसलों के लिए पानी प्रदान करता था और किसानों को नदी के किनारे से दूर कृषि करने की संभावना देता था। यह फसलों की धीरे-धीरे वृद्धि को समर्थन करने और क्षेत्र की जनसंख्या वृद्धि को समर्थन करता था।
बताए गए सवाल का उत्तर हिंदी में दें।,मेसोपोटेमिया के किसानों द्वारा आविष्कारशील सिंचाई तकनीकों में क्या था?," मेसोपोटेमियाई किसानों ने तकनीकों का विकास किया जैसे शाडुफ (एक विपरीत वजन धारी लेवर) और साकिया (एक जल चक्र), जो नदियों और कैनालों से पानी को उच्च खेतों पर उठाने के लिए उपयोग किया गया, सिंचाई की कुशलता को बढ़ावा देते हुए।"
Diye gaye prashn ka uttar Hindi mein dein:,मेसोपोटेमियाई कला की मुख्य विशेषताएँ क्या थीं?," मेसोपोटेमियाई कला की प्रमुख विशेषताएँ उसके देवताओं और राजा-महाराजों के प्रतीकात्मक प्रतिनिधित्व, कथात्मक कहानियों पर ध्यान, स्टाइलाइज्ड रूपों का उपयोग, और ज्यामिति पैटर्न्स और पौराणिक प्राणियों जैसी जटिल सजावटी मोटीफ के माध्यम से किया गया।"
Diye gaye sawaal ka jawab Hindi mein likhein:,मेसोपोटेमियाई कला और स्थापत्य में कुछ सामान्य सामग्री क्या थी?,"मेसोपोटेमियाई कलाकार और आर्किटेक्ट्स प्रमुखतः मिट्टी की ईंटें, पत्थर, जिप्सम, और सोने और चांदी जैसे अनमोल धातुओं का उपयोग करते थे निर्माण और सजावट के लिए। उन्होंने अपनी कलाओं में चिकनी मिट्टी और ज़ींकिंग की मोटी तर्रारियाँ, साजिशी मिट्टी और जटिल नक़्शों का भी प्रयोग किया।"
Diye gaye prashn ka samadhan Hindi mein prastut karein:,मेसोपोटेमियाई कला और स्थापत्य का क्या उद्देश्य था?,"मेसोपोटेमियाई कला और स्थापत्य धार्मिक, राजनीतिक, और स्मारक उद्देश्यों की सेवा करते थे। मंदिर, महल, और जिगर्ग्स ईश्वरों और शासकों की महिमा के लिए बनाए गए थे, जबकि मूर्तियाँ, तस्वीरें, और मोहरे धार्मिक विश्वासों, राजकीय प्रचार, और ऐतिहासिक कथाओं को बयां करती थीं।"
Pooche gaye prashn ka uttar Hindi mein pradaan karein:,मेसोपोटेमियाई स्थापत्य की कुछ प्रमुख उदाहरण क्या थे?,"मेसोपोटेमियाई स्थापत्य के प्रमुख उदाहरण में उर, बाबिल, और उरूक के जिगरट्स, बाबिल का इश्तार गेट, हैंगिंग गार्डेंज, और राजा अशूरनसिरपल द्वितीय के महल निमरूद शामिल हैं।"
Bataye gaye sawaal ka jawab Hindi mein dein:,प्राचीन मेसोपोटेमिया में युद्ध के प्रमुख कारण क्या थे?,"प्राचीन मेसोपोटेमिया में युद्ध का मुख्य कारण संसाधनों की प्रतिस्पर्धा, सीमाओं का विस्तार, बाहरी खतरों के खिलाफ संरक्षण, और राजनीतिक शक्ति और व्यापार मार्गों पर नियंत्रण की इच्छा थी।"
Answer the given question in Hindi:,मेसोपोटेमियाई सैन्य बल के मुख्य घटक क्या थे?,"मेसोपोटेमियाई सैन्य बल आमतौर पर पैदल सैनिकों, रथों, और घुड़सवारों से मिलकर बना था, जिन्हें बारोदी रैम और बारोदी टावर्स जैसे गढ़बढ़ साधनों का समर्थन करते थे। सैनिकों को तीर, तलवार, धनुष और बाण, और स्लिंग की तरह के हथियार थे।"
Write your answer to the question in Hindi:,मेसोपोटेमियाई सेनाओं को कैसे संगठित किया गया था?,"मेसोपोटेमियाई सेनाएँ प्रारंभ में हायरार्किकली संगठित किए गए थे, जहां कमांडर सैनिकों के इकाइयों का नेतृत्व करते थे जो उनकी सैन्य भूमिकाओं और विशेषज्ञता के आधार पर विभाजित थे। नगर-राज्य संघर्ष के समय में स्थिति बनाई रखते थे और संघर्ष के समय की आवश्यकतानुसार जनसंख्या नियंत्रण का आधार बनाते थे।"
Provide a response to the given query in Hindi:,मेसोपोटेमियाई युद्ध में रथों की क्या भूमिका थी?,"रथ मेसोपोटेमियाई युद्ध में महत्वपूर्ण संपत्ति थे, जो अन्वेषण, स्कर्मिशिंग, और तीरंदाजों और स्पियरमेन के लिए चलाने के लिए उपयोग किए जाते थे। वे युद्ध मैदान पर त्वरित गति से चलने की सुविधा प्रदान करते थे और विशेषज्ञ सैन्य शक्ति के प्रतीक थे।"
Answer the question in Hindi language:,मेसोपोटेमियाई सैन्य प्रौद्योगिकी में कुछ महत्वपूर्ण उन्नतियाँ क्या थीं?,"समय के साथ मेसोपोटेमियाई सैन्य प्रौद्योगिकी में वृद्धि हुई, जिसमें हथियार और कवच के लिए बेहतर मेटलर्जी, किलेबंदी शहरी दीवारें और संरक्षणीय तंतुओं का विकास और बेहतर सिज़ युद्ध तकनीकों की परिष्कृति शामिल थी।"
Reply to the asked question in Hindi:,मेसोपोटेमियाई सभ्यताओं के पतन में कौन-कौन से कारक योगदान किए?,"मेसोपोटेमियाई सभ्यताओं के पतन का कारण बाहरी आक्रमण, आंतरिक संघर्ष, पर्यावरणीय क्षीणता, राजनीतिक अस्थिरता, आर्थिक पतन, और प्राकृतिक संसाधनों की क्षयी भागीदारी समेत कई कारकों का संयोग माना जा सकता है।"
दिए गए प्रश्न का उत्तर हिंदी में दें:,बाहरी आक्रमणों ने मेसोपोटेमियाई सभ्यताओं के पतन में कैसे योगदान दिया?,"मेसोपोटेमिया को अश्शुरियन, बाबिलोनियन, पार्सियों, और यूनानियों जैसी विदेशी शक्तियों के द्वारा कई आक्रमणों का सामना करना पड़ा, जो मेसोपोटेमियाई क्षेत्रों को विजय किया और अपने कंट्रोल में किया, जिससे स्थानीय राजनैतिक संस्थाओं का विघटन हो गया।"
दिए गए सवाल का जवाब हिंदी में लिखें:,पर्यावरणीय कारक मेसोपोटेमियाई सभ्यताओं के पतन में कैसे प्रभाव डाले?,"वनों के कटाव की, मृदा की ऊती, खेती की ज़मीन की खराबी, और जल निवारण के स्तर में परिवर्तन जैसे पर्यावरणीय कारकों ने खेती की गिरावट, भूखमरी, और जनसंख्या की विस्थापना में योगदान किया।"
दिए गए प्रश्न का समाधान हिंदी में प्रस्तुत करें:,आंतरिक संघर्ष मेसोपोटेमियाई समाजों पर कैसे प्रभाव डाला?,"आंतरिक संघर्ष, जैसे कि नगर-राज्यों के बीच शक्ति की लड़ाई, राजवंशों की द्वंद्विता, सामाजिक असन्तुष्टि, और समाज से बाहरी समूहों द्वारा विद्रोह, मेसोपोटेमियाई राज्यों को कमजोर किया और उनकी बाहरी खतरों के खिलाफ रक्षा की क्षमता को कमजोर किया।"
पूछे गए प्रश्न का उत्तर हिंदी में प्रदान करें:,१२०० ईसा पूर्व के आस-पास क्या विशेषता थी कांस्ययुग के अधःपतन की?,कांस्ययुग के अधःपतन को पूर्वी मेदिटेरेनियन और नजदीब में महत्वपूर्ण उथल-पुथल के रूप में चिह्नित किया गया था।
बताए गए सवाल का उत्तर हिंदी में दें।, किस नागरिकताओं को कांस्ययुग के अधःपतन का प्रभाव पड़ा?,"हित्ती, मायकेनीयन, मायनोनियन और केनानियन्स जैसी प्रमुख नागरिकताओं को अधःपतन का प्रभाव पड़ा।"
Diye gaye prashn ka uttar Hindi mein dein:,कांस्ययुग के अधःपतन के कुछ विवादास्पद कारण क्या थे?,"अधःपतन के कारणों में आक्रमण, प्रवास, सूखा और आंतरिक अशांति जैसे कारक शामिल हैं।"
Diye gaye sawaal ka jawab Hindi mein likhein:,कांस्ययुग के अधःपतन का व्यापार नेटवर्कों पर क्या प्रभाव हुआ?,अधःपतन ने व्यापार नेटवर्कों के विघटन का मार्ग बनाया।
Diye gaye prashn ka samadhan Hindi mein prastut karein:,कांस्ययुग के अधःपतन ने नगरीय केंद्रों पर कैसा प्रभाव डाला?,अधःपतन के परिणामस्वरूप नगरीय केंद्रों को छोड़ दिया गया।
Pooche gaye prashn ka uttar Hindi mein pradaan karein:,कांस्ययुग के अधःपतन के बाद कौन सा युग आया?,अधःपतन के परिणाम स्वरूप लोहे का युग आया।
Bataye gaye sawaal ka jawab Hindi mein dein:,कांस्ययुग के अधःपतन के परिणामस्वरूप क्या उभरा?,अधःपतन ने क्षेत्र में नई शक्तियों के उदय का मार्ग बनाया।
Answer the given question in Hindi:,कौन से भूगोलिक क्षेत्रों में कांस्ययुग के अधःपतन के दौरान महत्वपूर्ण उथल-पुथल हुआ?,पूर्वी मेदिटेरेनियन और नजदीब क्षेत्र को इस अवधि के दौरान महत्वपूर्ण उथल-पुथल का सामना करना पड़ा।
Write your answer to the question in Hindi:,कांस्ययुग के अधःपतन के दौरान केन्द्रीय प्राधिकरण की कमी को कैसे वर्णित किया जा सकता है?,अधःपतन ने प्रभावित क्षेत्रों में केन्द्रीय प्राधिकरण की कमी को ले जाने का मार्ग बनाया।
Provide a response to the given query in Hindi:,कांस्ययुग के अधःपतन ने आगामी ऐतिहासिक विकासों पर कैसा प्रभाव डाला?,"अधःपतन ने आगामी ऐतिहासिक विकासों पर गहरा प्रभाव डाला, विशेषकर लोहे के युग के मार्ग को बनाने के लिए।"
Answer the question in Hindi language:,कांस्ययुग के अधःपतन के दौरान सभ्यताओं के अस्तित्व कम होने में कुछ कारक क्या थे?,"अस्तित्व कम होने में शामिल कुछ कारक आक्रमण, प्रवास, सूखा और आंतरिक अशांति जैसे थे।"
Reply to the asked question in Hindi:,कांस्ययुग के अधःपतन ने पूर्वी मेदिटेरेनियन क्षेत्र में समाजों की स्थिरता पर कैसा प्रभाव डाला?,"अधःपतन ने पूर्वी मेदिटेरेनियन क्षेत्र में समाजों को अस्थिर किया, जिससे व्यापक विघटन हुआ।"
दिए गए प्रश्न का उत्तर हिंदी में दें:,कांस्ययुग के अधःपतन के प्रभावित समाजों के कुछ मुख्य लक्षण क्या थे?,अधःपतन के प्रभावित समाजों की विशेषताएँ उनकी प्रगतिशील सभ्यता और जटिल सामाजिक संरचनाओं से थीं।
दिए गए सवाल का जवाब हिंदी में लिखें:,कांस्ययुग के अधःपतन में पर्यावरणीय कारकों की क्या भूमिका थी?,सूखे जैसे पर्यावरणीय कारक अधःपतन के दौरान सभ्यताओं के अस्थिर होने में योगदान करते थे।
दिए गए प्रश्न का समाधान हिंदी में प्रस्तुत करें:,कांस्ययुग के अधःपतन में हिटाइट्स के पतन को अन्य प्रभावित सभ्यताओं से क्या अलग बनाता था?,"हिटाइट्स का पतन इस अवधि में एक महत्वपूर्ण घटना था, जो समग्र उथल-पुथल में योगदान किया।"
पूछे गए प्रश्न का उत्तर हिंदी में प्रदान करें:,कांस्ययुग के अधःपतन ने प्रभावित क्षेत्रों में सांस्कृतिक आदान-प्रदान और संचार में कैसा प्रभाव डाला?,"अधःपतन ने सांस्कृतिक आदान-प्रदान और संचार को व्यापक विघटन का मार्ग बनाया, जिससे अलगाव और टुकड़ों का उत्थान हुआ।"
बताए गए सवाल का उत्तर हिंदी में दें।, कांस्ययुग के अधःपतन के प्रभावित समाजों पर कुछ दीर्घकालिक परिणाम क्या थे?,दीर्घकालिक परिणामों में राजनैतिक परिदृश्य का पुनः आकारदान और नई शक्ति-संरचनाओं का उदय शामिल था।
Diye gaye prashn ka uttar Hindi mein dein:,किस प्राचीनात्मक साक्ष्य ने कांस्ययुग के अधःपतन के घटना होने का समर्थन किया?, पुरातात्विक साक्ष्य में शहरों की त्यागप्रतिगमन और निवासों के नाश शामिल हैं।
Diye gaye sawaal ka jawab Hindi mein likhein:,कांस्ययुग के अधःपतन ने कुछ वंशों और शासकीय अधिकारियों के अंत में कैसे सहायक योजनाएँ उपयोग कीं?, अधःपतन ने सत्ताधारियों को कमजोर किया और स्थापित वंशों के पतन में योगदान किया।
Diye gaye prashn ka samadhan Hindi mein prastut karein:,कांस्ययुग के अधःपतन के चुनौतियों का सामना करने के लिए समाजों ने कुछ रणनीतियाँ कैसे अपनाईं?,"समाजों ने अपारदर्शिता, प्रवासन और समाधान जैसी विभिन्न रणनीतियाँ अपनाईं कांस्ययुग के चुनौतियों का सामना करने के लिए।"
Pooche gaye prashn ka uttar Hindi mein pradaan karein:,कांस्ययुग के अधःपतन ने प्रभावित सभ्यताओं की आर्थिक व्यवस्थाओं पर कैसा प्रभाव डाला?,"अधःपतन ने आर्थिक व्यवस्थाओं को विघटन किया, जिससे व्यापार नेटवर्कों का क्षय हुआ और आर्थिक स्थिरता की कमी हुई।"
Bataye gaye sawaal ka jawab Hindi mein dein:,कांस्ययुग के अधःपतन में युद्ध और संघर्ष की क्या भूमिका थी?, युद्ध और संघर्ष ने समाजों के अस्थिर होने और अधःपतन के दौरान केंद्रीय प्राधिकरण के विघटन में योगदान किया।
Answer the given question in Hindi:,कौन सा साक्ष्य सुझाव देता है कि अंतर्निहित अशांति ने कांस्ययुग के अधःपतन में महत्वपूर्ण भूमिका निभाई?,"सामाजिक अशांति, विद्रोह और राजनीतिक अस्थिरता जैसे साक्ष्य अंतर्निहित कारकों की भूमिका को सुझाते हैं।"
Write your answer to the question in Hindi:, कांस्ययुग के अधःपतन ने प्रभावित सभ्यताओं की सांस्कृतिक विरासत पर कैसा प्रभाव डाला?,"अधःपतन ने सांस्कृतिक विरासत को नष्ट किया, जिसमें कला, वास्तुकला और लेखनी रिकॉर्ड्स का नष्ट होना शामिल था।"
Provide a response to the given query in Hindi:,कांस्ययुग के अधःपतन में कई सभ्यताओं के पतन में क्या समानताएँ देखी जा सकती हैं?,"समानताएँ शामिल हैं सियासी प्राधिकरण का विघटन, आर्थिक पतन, और प्रभावित क्षेत्रों में सामाजिक उपद्रव।"
Answer the question in Hindi language:,कांस्ययुग के अधःपतन ने नए राजनैतिक संघ के उदय में कैसा योगदान दिया?,अधःपतन ने नए राजनैतिक संघ को सत्ता में आने और गिरती हुई सभ्यताओं की छूटी हुई जगह भरने का मौका दिया।
Reply to the asked question in Hindi:,कांस्ययुग के अधःपतन में जलवायु परिवर्तन की कौन-कौन सी साक्ष्य हैं?,जलवायु परिवर्तन के संदर्भ में पर्यावरणीय डेटा जैसे सूखे के अवधारण का समर्थन यह बताता है कि जलवायु परिवर्तन अधःपतन में योगदान कर सकता है।
दिए गए प्रश्न का उत्तर हिंदी में दें:,कांस्ययुग के अधःपतन ने दूरस्थ व्यापार और वाणिज्य पर कैसा प्रभाव डाला?,"अधःपतन ने दूरस्थ व्यापार मार्गों और वाणिज्य को विघटित किया, जिससे आर्थिक पतन और अलगाव हुआ।"
दिए गए सवाल का जवाब हिंदी में लिखें:,कांस्ययुग के अधःपतन में कुछ समाजों की दृढ़ता में कौन-कौन से कारक योगदान करते थे?,"भूगोलिक स्थिति, संसाधन उपलब्धता, और अनुकूल उपायों जैसे कारक कुछ समाजों की दृढ़ता में योगदान करते थे।"
दिए गए प्रश्न का समाधान हिंदी में प्रस्तुत करें:,कांस्ययुग के अधःपतन में प्रौद्योगिकी उन्नति की क्या भूमिका थी?,"प्रौद्योगिकी उन्नति जैसे कि कांस्य संघटन युद्ध, व्यापार, और सामाजिक गतिविधियों पर प्रभाव डाली।"
पूछे गए प्रश्न का उत्तर हिंदी में प्रदान करें:,कांस्ययुग के अधःपतन ने प्रभावित सभ्यताओं में धार्मिक विश्वासों और अभ्यासों पर कैसा प्रभाव डाला?,अधःपतन ने संघर्ष के साथ सामाजिक पुनर्गठन के लिए समाजों में धार्मिक विश्वासों और अभ्यासों में परिवर्तन की संभावना लाई।
बताए गए सवाल का उत्तर हिंदी में दें।,कौन-कौन से साक्ष्य बाहरी आक्रमणों की सिद्धांत का समर्थन करते हैं जो कांस्ययुग के अधःपतन में योगदान करते हैं?,"युद्ध, शस्त्र, और विदेशी हमलों के पुरातात्विक खोजों के साक्ष्य बाहरी आक्रमणों के सिद्धांत का समर्थन करते हैं।"
Diye gaye prashn ka uttar Hindi mein dein:,कांस्ययुग के अधःपतन के दौरान केंद्रीय प्राधिकरण के पतन का समाजिक संरचनाओं पर क्या प्रभाव हुआ?,"केंद्रीय प्राधिकरण के पतन से परंपरागत सामाजिक संरचनाओं का विघटन हुआ, जिससे समाजों में उपद्रव और पुनर्गठन हुआ।"
Diye gaye sawaal ka jawab Hindi mein likhein:,कांस्ययुग के अधःपतन में प्राकृतिक आपदाओं की कैसी भूमिका रही?,"भूकंप, अकाल, और बाढ़ जैसी प्राकृतिक आपदाएं संघर्ष के साथ जुड़ सकती थीं, जो पहले से ही विस्थापित सभ्यताओं को और अधिक चुनौतियों का सामना करना पड़ सकता था।"
Diye gaye prashn ka samadhan Hindi mein prastut karein:,कांस्ययुग के अधःपतन की याद कैसे प्रभावित की अनुसूची ऐतिहासिक कथाओं और प्रभावित क्षेत्रों में सामूहिक चेतना को?,"अधःपतन की याद शायद बाद की पीढ़ियों को उनके गुजरे हुए काल को समझने और पूर्व सभ्यताओं की पतन की घटनाओं को कैसे समझते हैं, इस प्रकार बाद की पीढ़ियों को आगे बढ़ने में मदद करती हो सकती है।"
Pooche gaye prashn ka uttar Hindi mein pradaan karein:, भारत में वैदिक काल की किस समय-सीमा है?,भारत में वैदिक काल का आकलन लगभग 1500 ईसा पूर्व से 500 ईसा पूर्व तक किया जाता है।
Bataye gaye sawaal ka jawab Hindi mein dein:,"वेद क्या हैं, और वैदिक काल में उनकी क्या भूमिका थी?","वेद हिंदू धर्म के प्राचीन पवित्र ग्रंथ हैं, जिनमें ऋग्वेद, सामवेद, यजुर्वेद, और अथर्ववेद शामिल हैं, जो वैदिक काल में रचे गए थे।"
Answer the given question in Hindi:, वैदिक काल में सामाजिक संरचना कैसी थी?,"वैदिक काल में समाज बड़े हिस्से में पशु-पालन और जनजातीय था, जिसमें रीतिवादी प्रथाओं और बलिदानकारी क्रियाओं पर ध्यान केंद्रित था।"
Write your answer to the question in Hindi:,वैदिक धर्म के मुख्य देवताओं कौन-कौन थे?,"वैदिक धर्म की मुख्य देवताओं में इंद्र, अग्नि, और वरुण शामिल थे।"
Provide a response to the given query in Hindi:, वैदिक काल में कौन-कौन से प्रमुख धार्मिक पाठ्यक्रम उत्पन्न हुए?,"इस अवधि में मुख्य धार्मिक पाठ्यक्रम में ऋग्वेद, सामवेद, यजुर्वेद, और अथर्ववेद शामिल हो गए।"
Answer the question in Hindi language:, वैदिक धर्म को हिंदू धर्म में कैसे विकसित किया गया?,"वैदिक धर्म को समय के साथ हिंदू धर्म में धीरे-धीरे विकसित किया गया, नए धार्मिक विश्वास, रीतियों, और अभ्यासों को शामिल करते हुए।"
Reply to the asked question in Hindi:,वैदिक काल में कुछ सामान्य धार्मिक अभ्यास क्या थे?,"वैदिक काल में सामान्य धार्मिक अभ्यास में प्रयाग, पूजा, और देवताओं को बलियां चढ़ाने जैसे यज्ञों के कार्य शामिल थे।"
दिए गए प्रश्न का उत्तर हिंदी में दें:,वैदिक काल में प्रारंभिक हिन्दू दार्शनिक अवधारणाओं के मुख्य विषय क्या थे?," वैदिक काल में प्रारंभिक हिन्दू दार्शनिक अवधारणाएँ अस्तित्व की प्रकृति, देवताओं की भूमिका, और जीवन का उद्देश्य पर केंद्रित थे।"
दिए गए सवाल का जवाब हिंदी में लिखें:,वैदिक काल ने भारतीय सांस्कृतिक पहचान के विकास में कैसे योगदान दिया?," वैदिक काल ने अपने धार्मिक, सामाजिक, और दार्शनिक उपदेशों के माध्यम से भारतीय सांस्कृतिक पहचान की आधारशिला रखी।"
दिए गए प्रश्न का समाधान हिंदी में प्रस्तुत करें:,वैदिक काल में वर्ण के आधार पर सामाजिक परतन के अस्तित्व का समर्थन कौन-कौन से साक्ष्य प्रदान करते हैं?,ऋग्वेद में मंत्रों जैसे साक्ष्य इस अवधि में वर्ण (जाति) प्रणाली पर आधारित सामाजिक परतन के अस्तित्व का समर्थन करते हैं।
पूछे गए प्रश्न का उत्तर हिंदी में प्रदान करें:,वैदिक काल में दैनिक जीवन के कुछ मुख्य पहलु क्या थे?,"वैदिक काल में दैनिक जीवन खेती, पशुपालन, और पुरोहितों द्वारा किए गए धार्मिक अभिष्ट कार्यों के चारों ओर घूमता था।"
बताए गए सवाल का उत्तर हिंदी में दें।,वेदों के रचना ने वैदिक ज्ञान की संरक्षण कैसे किया?, वेदों के मौखिक रूप में रचना वैदिक ज्ञान की संरक्षण और पीढ़ी से पीढ़ी तक पहुँचाने की अनुमति दी।
Diye gaye prashn ka uttar Hindi mein dein:,"समाज में वैदिक पुरोहित, या ब्राह्मण, का क्या अहम भूमिका था?","वैदिक पुरोहित, या ब्राह्मण, समाज में धार्मिक अभिष्ट कार्यों को करने, पवित्र ज्ञान को संरक्षित करने, और सामाजिक व्यवस्था को बनाए रखने में मुख्य भूमिका निभाते थे।"
Diye gaye sawaal ka jawab Hindi mein likhein:,वैदिक काल के दौरान भौगोलिक परिदृश्य ने लोगों के जीवनशैली पर कैसा प्रभाव डाला?,"भौगोलिक परिदृश्य ने अर्थव्यवस्था को आकार देने के द्वारा कृषि, पशुपालन, और व्यापार जैसी आर्थिक गतिविधियों को आकार दिया।"
Diye gaye prashn ka samadhan Hindi mein prastut karein:,वैदिक काल में कला और वास्तुकला में कुछ विशेष विकास क्या थे?, वैदिक काल में कला और वास्तुकला को मुख्य रूप से अग्नि यज्ञशालाओं और बलिकरण मंचों जैसे धार्मिक संरचनाओं पर ध्यान केंद्रित था।
Pooche gaye prashn ka uttar Hindi mein pradaan karein:,वैदिक समाज में अग्नि यज्ञों का क्या महत्व था?," वैदिक समाज में अग्नि यज्ञों का महत्व देवताओं के साथ संचार के एक माध्यम के रूप में था, जिसमें उनकी कृपा और संरक्षण की मांग की जाती थी।"
Bataye gaye sawaal ka jawab Hindi mein dein:, वैदिक काल ने संस्कृत भाषा के विकास में कैसा योगदान किया?,"वेदों के रचना ने संस्कृत भाषा के विकास और संशोधन में योगदान किया, जिसका वैदिक काल के दौरान विकास हुआ।"
Answer the given question in Hindi:,वैदिक काल में आहार आदतें और रसोईघरीय अभ्यास क्या थे?,"आहार आदतों में अनाज, दूध उत्पाद, फल, और सब्जियों का सेवन शामिल था, जबकि रसोईघरीय अभ्यास जलाना, उबालना, और तलना जैसे पकाने के तरीकों को शामिल करते थे।"
Write your answer to the question in Hindi:,वैदिक काल के दौरान व्यापार और वाणिज्य कैसे विकसित हुए?," वैदिक काल के दौरान व्यापार और वाणिज्य विस्तारित हुए, जिसमें विभिन्न क्षेत्रों और समुदायों के बीच सामग्रियों और वस्तुओं का विनिमय सहायक बना।"
Provide a response to the given query in Hindi:,वैदिक काल में विवाह और परिवार जीवन के मुख्य सिद्धांत क्या थे?,"विवाह को एक पवित्र संयुक्ति माना गया था और वैदिक पाठ्यक्रमों में निर्देशित अनुष्ठानों और परंपराओं द्वारा इसे विचारित किया गया, जो परिवार, वंश, और प्रजनन के महत्व को जोर देते थे।"
Answer the question in Hindi language:,वैदिक ब्रह्मांड और ब्रह्मांड सृष्टि के कुछ प्रमुख विशेषताएँ क्या थीं?,"वैदिक ब्रह्मांड और ब्रह्मांड सृष्टि ने जैसे ब्रह्मांड, सृष्टि, और जन्म और पुनर्जन्म के चक्र जैसे विचारों को अन्वेषित किया, जो अस्तित्व के जटिल बोध का प्रतिबिम्ब करते थे।"
Reply to the asked question in Hindi:,वैदिक काल कैसे संगीत और नृत्य के विकास में योगदान किया?,"संगीत और नृत्य वैदिक अनुष्ठानों और कार्यक्रमों के अभिन्न हिस्से थे, जिनमें विशेष मंत्र और सुरों का उपयोग आध्यात्मिक अनुभव को जागृत करने और दिव्य उपस्थिति को प्रेरित करने के लिए किया गया था।"
दिए गए प्रश्न का उत्तर हिंदी में दें:,वैदिक काल में शासकों और राजाओं की भूमिका और जिम्मेदारियाँ क्या थीं?,"शासकों और राजाओं की जिम्मेदारियाँ धर्म (धार्मिकता), अपने प्रजा की सुरक्षा करना, और वैदिक सिद्धांतों केअनुसार समाज का क्रम और स्थिरता सुनिश्चित करना थे।"
दिए गए सवाल का जवाब हिंदी में लिखें:,प्राचीन यूनान में मुख्य विकास क्या था?,"ऐथेंस और स्पार्टा जैसे नगर-राज्यों का विकास, प्रजातंत्र का उदय, और दर्शन, साहित्य, और कला का प्रफुल्लन।"
दिए गए प्रश्न का समाधान हिंदी में प्रस्तुत करें:,फारसी साम्राज्य के प्रमुख नेताओं कौन थे?, साइरस महान और दारियूष प्राचीन फारसी साम्राज्य के प्रमुख नेता थे।
पूछे गए प्रश्न का उत्तर हिंदी में प्रदान करें:, पेलोपोनेशियन युद्ध को क्या विशेषता दी गई?," यह एथेंस और स्पार्टा और उनके सहयोगियों के बीच एक संघर्ष था, जो एथेंसीय शक्ति के पतन के नेतृत्व में लिया गया।"
बताए गए सवाल का उत्तर हिंदी में दें।,अलेक्जेंडर द महान के मुख्य उपलब्धियां क्या थीं?,पारसी साम्राज्य का अधिग्रहण और एशिया और मिस्र में हेलेनिस्टिक संस्कृति का प्रसार उनकी प्रमुख उपलब्धियों में थे।
Diye gaye prashn ka uttar Hindi mein dein:,रोमन गणराज्य कब स्थापित किया गया था?,रोमन गणराज्य को लगभग 509 ईसा पूर्व स्थापित किया गया था।
Diye gaye sawaal ka jawab Hindi mein likhein:, पूनिक युद्धों के कारण क्या थे?,पूनिक युद्धों का कारण रोम और कार्थेज के बीच मध्यसागर के नियंत्रण के लिए संघर्षों में था।
Diye gaye prashn ka samadhan Hindi mein prastut karein:, जूलियस सीज़र कैसे सत्ता में उठे?,जूलियस सीज़र सेना के अधिग्रहण और रोम में राजनीतिक चालबाजी के माध्यम से सत्ता में उठे।
Pooche gaye prashn ka uttar Hindi mein pradaan karein:,पेलोपोनेशियन युद्ध के परिणाम क्या थे?,पेलोपोनेशियन युद्ध का परिणाम था कि एथेंसीय शक्ति का पतन हुआ और यूनान में स्पार्टन प्रमुखता का उदय हुआ।
Bataye gaye sawaal ka jawab Hindi mein dein:,मैराथन की लड़ाई का महत्व क्या था?," मैराथन की लड़ाई एक महत्वपूर्ण जीत थी जिसमें एथेंस ने पार्सियों के खिलाफ जीत हासिल की, ग्रीक स्वतंत्रता को संरक्षित करते हुए।"
Answer the given question in Hindi:,अलेक्जेंडर द महान के अधिग्रहणों का संस्कृति पर क्या प्रभाव था?,"अलेक्जेंडर के अधिग्रहणों ने हेलेनिस्टिक संस्कृति को फैलाया, जो यूनानी, पारसी, मिस्री, और अन्य प्रभावों को मिलाकर बनाई गई।"
Write your answer to the question in Hindi:,एथेंस और स्पार्टा के बीच मुख्य अंतर क्या थे?,"एथेंस लोकतंत्र और शिक्षा और कला पर ध्यान केंद्रित करने के लिए जाना जाता था, जबकि स्पार्टा सैन्य शक्ति और अनुशासन पर जोर देता था।"
Provide a response to the given query in Hindi:,रोमन गणराज्य के गिरने का क्या कारण था?,"रोमन गणराज्य के गिरने का कारण राजनीतिक भ्रष्टाचार, नागरिक युद्ध, और जूलियस सीज़र जैसे उत्साही नेताओं के उदय के द्वारा प्रारंभ हुआ।"
Answer the question in Hindi language:,थेर्मोपिलेस की लड़ाई का क्या महत्व था?,"थेर्मोपिलेस की लड़ाई एक साहसी स्थिति थी जिसमें छोटी ग्रीक सेना ने एक विशालकाय पार्श्ववादी हमले के खिलाफ राजा लियोनिडास द्वारा नेतृत्व किया, हालांकि इसे हार मानना पड़ा।"
Reply to the asked question in Hindi:,रोमन गणराज्य ने अपने क्षेत्र को कैसे विस्तारित किया?,"रोमन गणराज्य ने दबाव, साझेदारी, और राजनीतिक उपायों के मिश्रण के माध्यम से विस्तार किया, अपने आसपास क्षेत्रों को धीरे-धीरे अपने अधीन में लिया।"
दिए गए प्रश्न का उत्तर हिंदी में दें:, पूनिक युद्धों का रोम पर क्या प्रभाव था?,पूनिक युद्धों ने पश्चिमी मध्य सागर में रोम की प्रमुखता को मजबूत किया और उसके क्षेत्रों का विस्तार किया।
दिए गए सवाल का जवाब हिंदी में लिखें:,एथेनीयन प्रजातंत्र की मुख्य विशेषताएँ क्या थीं?,"एथेनीयन प्रजातंत्र में नागरिकों का सीधा भागीदारी करना, ओस्ट्रासिज़्म, और अधिकारियों का लॉटरी द्वारा चयन शामिल था।"
दिए गए प्रश्न का समाधान हिंदी में प्रस्तुत करें:, यूनानी दार्शनिकों के प्रमुख योगदान क्या थे?,"यूनानी दार्शनिकों ने नैतिकता, मेटाफिजिक्स, और ज्ञान क्षेत्रों में महत्वपूर्ण योगदान किया, पश्चिमी दार्शनिक विचार को आकार दिया।"
पूछे गए प्रश्न का उत्तर हिंदी में प्रदान करें:,पेलोपोनेशियन युद्ध में मुख्य खिलाड़ी कौन थे?,पेलोपोनेशियन युद्ध में एथेंस और उसके देलियन संघ के सहयोगी स्पार्टा और पेलोपोनेशियन संघ के खिलाड़ी थे।
बताए गए सवाल का उत्तर हिंदी में दें।,अलेक्जेंडर द महान के अधिग्रहणों का मिस्र पर क्या प्रभाव था?,अलेक्जेंडर के अधिग्रहणों से मिस्र में पार्सी शासन का अंत हुआ और प्टोलेमी वंश की स्थापना हुई।
Diye gaye prashn ka uttar Hindi mein dein:,रोमन गणराज्य के पतन के कारण क्या थे?,"रोमन गणराज्य के पतन के कारण राजनीतिक अस्थिरता, आर्थिक असमानता, और सैन्य उपहार जैसे कारक थे।"
Diye gaye sawaal ka jawab Hindi mein likhein:, प्राचीन यूनान की प्रमुख वास्तुकला की उपलब्धियाँ क्या थीं?," एथेंस में पार्थेनॉन, एफेसस में अर्तेमिस का मंदिर, और एपिडॉरस का थियेटर प्राचीन यूनान की प्रमुख वास्तुकला की उपलब्धियों में थे।"
Diye gaye prashn ka samadhan Hindi mein prastut karein:,पारसी धर्म ने अपने साम्राज्य पर कैसा प्रभाव डाला?," पारसी धर्म, विशेष रूप से जोरोस्ट्रियनिज़्म, ने पारसी साम्राज्य के सांस्कृतिक और धार्मिक परिदृश्य को आकार दिया।"
Pooche gaye prashn ka uttar Hindi mein pradaan karein:,डेलियन संघ का क्या महत्व था?,"डेलियन संघ एक संघ था जिसमें ग्रीक नगर-राज्यों का संघ था, जिसका नेतृत्व एथेंस द्वारा किया गया, पार्श्ववादी खतरे का समाधान करने और ग्रीक स्वतंत्रता की सुरक्षा के लिए।"
Bataye gaye sawaal ka jawab Hindi mein dein:,जूलियस सीज़र के हत्या का क्या प्रभाव था?,जूलियस सीज़र की हत्या ने रोम को एक नागरिक युद्ध की अवधि में धकेल दिया और अंत में उसके उत्तराधिकारी ऑक्टेवियन (ऑगस्टस) के तहत रोम साम्राज्य के उदय का कारण बना।
Answer the given question in Hindi:,यूनान की भूगोल ने उसके विकास पर कैसा प्रभाव डाला?,"यूनान की पहाड़ी भूमि ने स्वतंत्र नगर-राज्यों के गठन को बढ़ावा दिया और समुद्री यातायात, व्यापार, और उपनिवेशन को प्रोत्साहित किया।"
Write your answer to the question in Hindi:,प्राचीन यूनान के प्रमुख नाटककार कौन थे?,"सोफोक्लीज़, यूरिपिडीज़, और एस्किलस प्राचीन यूनान के प्रमुख नाटककार थे, जिन्हें उनकी नाटकों और हास्य नाटकों के लिए जाना जाता है।"
Provide a response to the given query in Hindi:,गॉगामेला की लड़ाई का क्या महत्व था?,"गॉगामेला की लड़ाई अलेक्जेंडर द महान के लिए पार्श्वराज दारियुष III के विरुद्ध एक निर्णायक विजय थी, जो पार्श्व साम्राज्य के पतन का कारण बनी।"
Answer the question in Hindi language:,प्राचीन यूनान में महिलाओं की भूमिका क्या थी?," प्राचीन यूनान में महिलाओं के पास सीमित अधिकार थे और वे मुख्य रूप से घरेलू भूमिकाओं में थीं, हालांकि धनी श्रेणी में अपवाद था।"
Reply to the asked question in Hindi:,रोमन गणराज्य ने अपने क्षेत्रों का प्रशासन कैसे किया?,"रोमन गणराज्य ने अपने क्षेत्रों का प्रशासन चुने गए अधिकारियों द्वारा सीधे शासन, स्थानीय प्रशासन, और ग्राहक-पेट्रन संबंधों के मिश्रण के माध्यम से किया।"
दिए गए प्रश्न का उत्तर हिंदी में दें:, रोमन सीनेट का क्या महत्व था?,"रोमन सीनेट एक विचार-विमर्शक संगठन था, जिसमें उच्च नागरिकों का समूह था जो प्रशासकों को सलाह देता था और रोमन गणराज्य में विधान का निर्माण किया।"
दिए गए सवाल का जवाब हिंदी में लिखें:,ग्रीक-पार्सी युद्धों का यूनानी समाज पर कैसा प्रभाव पड़ा?,ग्रीक-पार्सी युद्धों ने यूनानी नगर-राज्यों के बीच एकता का भाव उत्पन्न किया और प्राचीन काल में सांस्कृतिक उपलब्धियों को बढ़ावा दिया।
दिए गए प्रश्न का समाधान हिंदी में प्रस्तुत करें:,सलामीस की लड़ाई का महत्व क्या था?,"सलामीस की लड़ाई एक नौसेना युद्ध था जहां ग्रीक नौसेना, थेमिस्तोक्लीज़ द्वारा नेतृत्वित, बड़ी पार्सी नौसेना को हराकर यूनानी स्वतंत्रता को संरक्षित किया।"
पूछे गए प्रश्न का उत्तर हिंदी में प्रदान करें:,रोमन गणराज्य ने विजयी लोगों का कैसे निपटाया?,"रोमन गणराज्य ने विजयी लोगों को उनके रणनीतिक और आर्थिक मूल्य के आधार पर नागरिकता, स्वायत्तता, या ग्राहक स्थिति की विभिन्न प्रकार की पेशकश की।"
बताए गए सवाल का उत्तर हिंदी में दें।,रोमन कानून में द्वादश टेबलों का क्या महत्व था?,"द्वादश टेबलों रोमन गणराज्य का पहला लिखित कानूनी संहिता था, जो रोमन कानून की आधार स्थापित करती थी और नागरिकों के लिए कानूनी अधिकार और प्रक्रियाओं को प्रदान करती थी।"
Diye gaye prashn ka uttar Hindi mein dein:, ग्रीक कला में समाज के मूल्यों का प्रतिबिम्बित कैसे किया गया?,"ग्रीक कला ने सौंदर्य, समानता, और मानववाद की आदर्शों को बल दिया, समाज के सांस्कृतिक मूल्यों और आकांक्षाओं का प्रतिबिम्बित करते हुए।"
Diye gaye sawaal ka jawab Hindi mein likhein:,प्राचीन यूनान में देल्फी में मन्दिर का क्या महत्व था?,"देल्फी में मन्दिर में अपोलो देवता से मार्गदर्शन और भविष्यवाणियाँ प्राप्त करने के लिए व्यक्ति आत्मा के महत्वपूर्ण स्त्रोत के रूप में था, जो राजनीतिक निर्णयों और व्यक्तिगत मामलों को प्रभावित किया।"
Diye gaye prashn ka samadhan Hindi mein prastut karein:,ग्रीक धर्म ने दैनिक जीवन को कैसे आकार दिया?,"ग्रीक धर्म ने सभी पहलुओं में दैनिक जीवन को प्रवेश किया, जैसे उत्सव, अनुष्ठान, और सार्वजनिक अवसर, साथ ही नैतिक और नैतिक धारणाओं को सूचित किया।"
Pooche gaye prashn ka uttar Hindi mein pradaan karein:,स्पार्टन समाज की मुख्य विशेषताएँ क्या थीं?,"स्पार्टन समाज ने अपने नागरिकों के बीच सैन्य अनुशासन, तपस्या, और समानता को जोर दिया, साथ ही कुशल योद्धाओं का उत्पादन पर ध्यान दिया।"
Bataye gaye sawaal ka jawab Hindi mein dein:, मध्य सागर क्षेत्र पर ग्रीक उपनिवेशन का क्या प्रभाव था?,"ग्रीक उपनिवेशन ने मध्य सागर क्षेत्र में ग्रीक संस्कृति, भाषा, और वाणिज्य का प्रसार किया, उपनिवेशन और व्यापार नेटवर्क स्थापित करते हुए।"
Answer the given question in Hindi:,रोमन गणराज्य ने न्याय कैसे व्यवस्थित किया?,"रोमन गणराज्य ने न्याय को न्यायाधीशों द्वारा न्यायालयों के तंत्र के माध्यम से व्यवस्थित किया, जहां अधिकारी प्राथमिकताओं का निर्णय लेते थे और न्याय के कानूनों का विवरण करते थे।"
Write your answer to the question in Hindi:, ग्रीक साहित्य में इलियाड और ओडिसी का क्या महत्व था?,"इलियाड और ओडिसी, कवि होमर को समर्पित, महाकाव्य हैं जो ग्रीक मूल्यों, पौराणिक कथाओं, और मानविकता के बारे में अवलोकन प्रदान करते हैं।"
Provide a response to the given query in Hindi:, ग्रीक दर्शन ने बौद्धिक विकास में कैसे योगदान दिया?,"ग्रीक दर्शन ने अस्तित्व, ज्ञान, और नैतिकता के मौलिक प्रश्नों का अन्वेषण किया, पश्चिमी दर्शनिक अनुसंधान के लिए आधार रखा।"
Answer the question in Hindi language:,रोमन फोरम का क्या महत्व था?," रोमन फोरम प्राचीन रोम का राजनीतिक, सामाजिक, और आर्थिक केंद्र था, जहां चुनाव, सार्वजनिक भाषण, और वाणिज्यक गतिविधियाँ संभव थीं।"
Reply to the asked question in Hindi:,रोमन इंजीनियरिंग ने शहरी विकास में कैसे योगदान दिया?,"रोमन इंजीनियरिंग के नवाचार, जैसे कि नहर, सड़कें, और पुल, ने शहरीकरण, वाणिज्य, और संचार को सुगम बनाया रखा था जिससे रोमन साम्राज्य के अधिकतम उन्नति हुई।"
दिए गए प्रश्न का उत्तर हिंदी में दें:,कैनी की लड़ाई का क्या महत्व था?,"कैनी की लड़ाई एक महत्वपूर्ण विजय थी कार्थेजीन सेनापति हैनिबाल के खिलाफ रोमन गणराज्य के खिलाफ, जिससे भारी मात्रा में रोमी सैनिकों की हानि हुई।"
दिए गए सवाल का जवाब हिंदी में लिखें:,क्लासिकल काल में ग्रीक नाटक कैसे विकसित हुए?,"क्लासिकल काल में ग्रीक नाटक धार्मिक अनुष्ठानों से विकसित हुए थे जो विशाल थियेटर प्रस्तुतियों तक पहुँच गए थे, अब के कार्यक्रम, और हास्य और व्यंग्य, प्रसिद्ध नाटककारों और उत्सवों को समाहित किया।"
दिए गए प्रश्न का समाधान हिंदी में प्रस्तुत करें:,स्पार्टा के महत्व कम होने के कारण क्या थे?,"स्पार्टा की कमी के कारणों में जनसंख्या की कमी, आंतरिक विवाद, और अन्य यूनानी नगर-राज्यों के उदय शामिल थे।"
पूछे गए प्रश्न का उत्तर हिंदी में प्रदान करें:,रोमन विजय का क्या महत्व था?,"रोमन विजय एक महान समारोहित प्रक्रिया थी जो सैन्य विजयों का उत्सव मनाती थी, जिसमें कैदियों, युद्ध की लूट, और विजयी सेनापति को प्रदर्शित किया जाता था।"
बताए गए सवाल का उत्तर हिंदी में दें।,ग्रीक मूर्तिकला कैसे कलात्मक आदर्शों को प्रतिबिम्बित करती थी?,"ग्रीक मूर्तिकला आदर्शित मानव आकारों को चित्रित करती थी, सौंदर्य, शारीरिकता, और दैवी अनुपातों की धारणाओं को बताती थी, सांस्कृतिक और आकारिक आदर्शों को प्रतिबिम्बित करती थी।"
Diye gaye prashn ka uttar Hindi mein dein:,प्राचीन यूनान में गुलामी की भूमिका क्या थी?,"प्राचीन यूनान में गुलामी व्यापक थी, जिसमें गुलाम घरों, खेतों, और खदानों में विभिन्न कार्यों का निर्वाहन करते थे, जबकि वे गुरुकुलों या शिल्पकारों के रूप में भी कार्य करते थे।"
Diye gaye sawaal ka jawab Hindi mein likhein:,रोमन वास्तुकला गणराज्य से साम्राज्य तक कैसे विकसित हुई?,"रोमन वास्तुकला गणराज्य में सर्वउपयोगी संरचनाओं और सार्वजनिक इमारतों से साम्राज्य में महान महानताओं, अम्फिथिएटर्स, और बेसिलिकों तक विकसित हुई।"
Diye gaye prashn ka samadhan Hindi mein prastut karein:,जूलियस सीजर के शासन के क्या प्रमुख सुधार थे?,"जूलियस सीजर द्वारा लागू किए गए सुधारों में भूमि पुनर्वितरण, कैलेंडर सुधार, और प्रांतियों को नागरिकता प्रदान करना शामिल था, ताकि शक्ति को संजोया और जनसमर्थन प्राप्त किया जा सके।"
Pooche gaye prashn ka uttar Hindi mein pradaan karein:,रोमन गणराज्य के विजयों का सैनिकों पर क्या प्रभाव था?," रोमन गणराज्य की विजयों ने सैनिकों के लिए लूट, भूमि अनुदान, और सामाजिक उन्नति के अवसर प्रदान किए, साथ ही उन्हें कठिनाइयों और मौत का सामना भी कराया।"
Bataye gaye sawaal ka jawab Hindi mein dein:,ग्रीक पौराणिक कथाओं ने कला और साहित्य पर कैसा प्रभाव डाला?,"ग्रीक पौराणिक कथाएं कला और साहित्य के लिए समृद्ध स्रोत प्रदान करती थीं, महाकाव्य, नाटक, मूर्तिकला, और पात्र पेंटिंग्स को प्रेरित करती थीं।"
Answer the given question in Hindi:,प्राचीन यूनान में प्रमुख आर्थिक गतिविधियाँ क्या थीं?," प्राचीन यूनान में प्रमुख आर्थिक गतिविधियों में कृषि, व्यापार, शिल्पकला, और समुद्री व्यापार शामिल थे, जो शहरी विकास और सांस्कृतिक प्रसार को समर्थन करते थे।"
Write your answer to the question in Hindi:,एथेंस और स्पार्टा के बीच गुलामी संस्था में क्या अंतर था?,"एथेंस में, गुलामी अर्थव्यवस्था और समाज का अभिन्न हिस्सा था, जहां गुलामों को विविध कार्य करने का कार्य किया जाता था, जबकि स्पार्टा में, गुलाम (हेलोट्स) प्राथमिक रूप से राज्य द्वारा धारण किए जाने वाले कृषि श्रमिक थे।"
Provide a response to the given query in Hindi:, रोमन लेज़ियन का महत्व क्या था?," रोमन लेज़ियन पेशेवर सैन्य इकाइयाँ थीं जो अपने अनुशासन, संगठन, और प्रभावकारिता के लिए प्रसिद्ध थीं, विजय, विस्तार, और आदेश के रक्षण में योगदान करती थीं।"
Answer the question in Hindi language:,ग्रीक पौराणिक कथाएं प्राकृतिक प्रक्रियाओं को कैसे समझाती थीं?,"ग्रीक पौराणिक कथाएं देवताओं, देवियों, और पौराणिक प्राणियों के संवादों के माध्यम से प्राकृतिक प्रक्रियाओं को समझाती थीं, प्राकृतिक घटनाओं को देवी इच्छा और आपस"
Reply to the asked question in Hindi:,रोमन नागरिकता की मुख्य विशेषताएँ क्या थीं?," रोमन नागरिकता ने मतदान, कानूनी संरक्षण, और सार्वजनिक सेवाओं का उपयोग करने जैसे अधिकार प्रदान किया, जहां रोम के नागरिकों और विजयी क्षेत्रों के नागरिकों के बीच अंतर था।"
दिए गए प्रश्न का उत्तर हिंदी में दें:,डोडोना में जीर्ण अभिषेक का क्या महत्व था?,"डोडोना में जीर्ण अभिषेक ग्रीस का सबसे प्राचीन और प्रतिष्ठित अभिषेकों में से एक था, जहां पुरोहित अर्क पत्तियों के बहने को भगवान के संदेश के रूप में व्याख्या करते थे।"
दिए गए सवाल का जवाब हिंदी में लिखें:, रोमन गणराज्य कैसे पड़ोसी राज्यों के साथ बातचीत करता था?,"रोमन गणराज्य ने अपने प्रभाव को बढ़ाने, पड़ोसी को अधीन करने, और इटली और मध्य समुद्र में राज्याधीश की स्थापना करने के लिए कूटनीति, संधि, और सैन्य अभियानों में लिया।"
दिए गए प्रश्न का समाधान हिंदी में प्रस्तुत करें:,रोमन कानून की प्रमुख विशेषताएँ क्या थीं?,"रोमन कानून की संकल्पना, लचीलाता, और सभी नागरिकों पर लागू होने के लिए विशेषता थी, जो नागरिक और दंडित मामलों में कानूनी अधिकार, प्रक्रिया, और उपाय प्रदान करती थी।"
पूछे गए प्रश्न का उत्तर हिंदी में प्रदान करें:,पहली प्यूनिक युद्ध के मुख्य घटनाक्रम क्या थे?,"पहली प्यूनिक युद्ध रोम और कार्थेज के बीच सिसिली के नियंत्रण के लिए नौसेना युद्ध, घेराबंदी, और भूमि अभियानों के द्वारा चरित्रित था, जो कार्थेज की हार के साथ समाप्त हुआ।"
बताए गए सवाल का उत्तर हिंदी में दें।, ग्रीक दर्शन ने पश्चिमी विचार को कैसे प्रभावित किया?,"ग्रीक दर्शन ने पश्चिमी विचार में तर्कसंगत अन्वेषण, प्रतिकूल विचार, और नैतिक चिंतन को प्रस्तुत किया, जो दार्शनिक परंपराओं, विज्ञान, और राजनीति में बुनियाद बनाई।"
Diye gaye prashn ka uttar Hindi mein dein:,यूनानी बस्तियों का सांस्कृतिक विनिमय पर क्या प्रभाव था?,"यूनानी बस्तियों ने सांस्कृतिक विनिमय को सुविधा प्रदान की, ग्रीक भाषा, रीति-रिवाज, और संस्थाओं का प्रसार किया, और मध्य समुद्र के लिए नए नगरों और उपनगरों की स्थापना की।"
Diye gaye sawaal ka jawab Hindi mein likhein:,रोमन धर्म ने दैनिक जीवन को कैसे प्रभावित किया?,"रोमन धर्म ने रूढ़िवादियों, त्योहारों, और पूजा-अर्चना के माध्यम से दैनिक जीवन को प्रभावित किया, जिसमें देवताओं और देवियों की पूजा किया जाता था, राज्य द्वारा प्रायोजित कुल्ट और निजी घरों की पूजा।"
Diye gaye prashn ka samadhan Hindi mein prastut karein:,एलेक्जेंडर द ग्रेट की प्रमुख सैन्य नवाचार क्या थे?,"एलेक्जेंडर द ग्रेट ने मैसेडोनियन फैलन्क्स, संयुक्त हथियार तंत्र, और गढ़बंधन युद्ध के जैसे नवाचार प्रस्तुत किए, जो प्राचीन युद्ध को क्रांतिकारी बनाया।"
Pooche gaye prashn ka uttar Hindi mein pradaan karein:,गणराज्य के दौरान रोमन समाज की मुख्य विशेषताएं क्या थीं?," गणराज्य के दौरान रोमन समाज को सामाजिक वर्गों में विभाजित किया गया था, जिसमें पैट्रिशियन्स (श्रेष्ठ वर्ग), प्लेबियन्स (सामान्य वर्ग), और गुलाम शामिल थे, जो चुने गए मगिस्ट्रेट्स और सीनेट द्वारा शासित होते थे, जिसमें नागरिक कर्तव्य, गुण, और सैन्य सेवा पर बल दिया गया।"
Bataye gaye sawaal ka jawab Hindi mein dein:,जामा की लड़ाई का क्या महत्व था?,"जामा की लड़ाई द्वितीय प्यूनिक युद्ध की निर्णायक लड़ाई थी, जहां रोमन सेनापति स्किपियो अफ्रीकानस ने कार्थेजीन सेनापति हैनिबल को हराया, जिससे पश्चिमी मध्य समुद्र में कार्थेजीन सत्ता का अंत हो गया।"
Answer the given question in Hindi:, ग्रीक गणित का पश्चिमी विकास पर क्या प्रभाव डाला?,"ग्रीक गणित, जैसे पायथागोरस, यूक्लिड, और आर्किमीडीज के काम, ज्यामिति, बीजगणित, और गणितीय तर्क के लिए मौलिक आधार रखा, बाद में वैज्ञानिक और गणितीय विचार को प्रभावित करते हुए।"
Write your answer to the question in Hindi:,ग्रीक लोकतंत्र के मुख्य सिद्धांत क्या थे?,"ग्रीक लोकतंत्र के मुख्य सिद्धांतों में कानून के समक्ष समानता, सभाओं और ज्यूरियों के माध्यम से नागरिकों की भागीदारी, और सार्वजनिक पदों का बदलाव शामिल था।"
Provide a response to the given query in Hindi:, एथेंस और स्पार्टा के बीच संघर्ष के प्रमुख कारण क्या थे?,"एथेंस और स्पार्टा के बीच संघर्ष के प्रमुख कारण में ग्रीस में प्रमुखता के लिए प्रतिस्पर्धात्मक अभिलाषाएं, धार्मिक अंतर, और संधियों और क्षेत्र संबंधों पर विवाद शामिल थे।"
Answer the question in Hindi language:,इटली के भूगोल ने रोम की उदय में कैसे सहायक हुआ?,"इटली का भूगोल, उसकी उर्वर गोदावरी, प्राकृतिक रक्षा, और मध्य समुद्र में रणनीतिक स्थिति, खेती, व्यापार, और सैन्य विस्तार के माध्यम से रोम की उच्चता में योगदान किया।"
Reply to the asked question in Hindi:,रोमन नहरों का महत्व क्या था?,"रोमन नहरें इंजीनियरिंग के चमत्कार थे जो दूरस्थ स्रोतों से पानी को शहरी केंद्रों तक पहुंचाते थे, पीने के लिए शुद्ध पानी प्रदान करते थे, स्वच्छता, और जन स्वास्थ्य, शहरीकरण और सार्वजनिक स्वास्थ्य के लिए सुविधाएं उपलब्ध कराते थे।"
दिए गए प्रश्न का उत्तर हिंदी में दें:,रोमन साम्राज्यवाद की मुख्य विशेषताएँ क्या थीं?," रोमन साम्राज्यवाद की विशेषताएँ क्षेत्रीय विस्तार, विविध संस्कृतियों का सम्मिलन, और रोमन भाषा, कानून, और सांस्कृतिक समाज के प्रसार के माध्यम से थीं।"
दिए गए सवाल का जवाब हिंदी में लिखें:,ग्रीक साहित्य ने बाद में के लेखकों पर कैसा प्रभाव डाला?,"ग्रीक साहित्य, जिसमें ऐतिहासिक कविताएँ, नाटक, और दार्शनिक संवाद शामिल थे, बाद में के लेखकों और कवियों को प्रेरित किया और उनके लिए आदर्श प्रदान किया, साहित्यिक विषयों, रूपों, और तकनीकों पर प्रभाव डाला।"
दिए गए प्रश्न का समाधान हिंदी में प्रस्तुत करें:,यूरोपीय क्रियाशीलता का असर क्या था?,"ग्रीक उपनिवेशन का प्रभाव स्थानीय जनजातियों के साथ समाहिति, विस्थापन, या सांस्कृतिक आदान-प्रदान में आया, जिससे ग्रीक भाषा, रीति, और संस्थानों का प्रसार हुआ, साथ ही मिश्रित संस्कृतियों का उत्थान हुआ।"
पूछे गए प्रश्न का उत्तर हिंदी में प्रदान करें:,रोमन सम्राट ने सामाजिक व्यवस्था का कैसे संभाला?," रोमन सम्राट ने कानूनी नियमों, कानूनी प्रवर्तन, पेट्रोनेज नेटवर्क्स, और सार्वजनिक प्रदर्शनों के संयोजन से समाजिक व्यवस्था का संभालन किया, जबकि वह लोगों के प्रति वफादारी और समर्थन पर भी निर्भर था।"
बताए गए सवाल का उत्तर हिंदी में दें।, ग्रीक समाज में अभिप्राय की क्या भूमिका थी?,"ग्रीक समाज में अभिप्राय ने प्रेरित भाषण की महत्वपूर्ण भूमिका निभाई जैसे कि विद्यालयों में सिखाया गया, न्यायालयों और सभाओं में अभ्यास किया गया, और राजनीतिक प्रभाव, जनसामान्य बहस, और शिक्षा के लिए एक उपकरण के रूप में मूल्य दिया गया।"
Diye gaye prashn ka uttar Hindi mein dein:,तीसरे प्यूनिक युद्ध के प्रमुख घटनाओं क्या थे?,"तीसरे प्यूनिक युद्ध का अंतिम अध्याय कार्थेज के बारें में 146 BCE में रोमनों द्वारा कार्थेज के प्रतिष्ठान के घेराबंद और नाश के साथ समाप्त हुआ, जिससे पुनर्स्थापित कार्थेजी सभ्यता का समापन हुआ और मध्य महासागर में रोमन शक्ति का विस्तार हुआ।"
Diye gaye sawaal ka jawab Hindi mein likhein:,ग्रीक पौराणिक कथाओं में सांस्कृतिक मूल्यों का कैसे परिचायक किया गया?," ग्रीक पौराणिक कथाओं में वीरता, भाग्य, मान, और देवताओं और मानवों के बीच संबंध जैसे सांस्कृतिक मूल्यों का परिचायक किया गया, जो सामाजिक नियमों, धार्मिक विश्वासों, और नैतिक सीखों को पुनः स्थापित करने वाली कथाएं प्रदान करती थीं।"
Diye gaye prashn ka samadhan Hindi mein prastut karein:,पार्सी साम्राज्य की पतन के मुख्य कारण क्या थे?,"पार्सी साम्राज्य की पतन के कारणों में आंतरिक संघर्ष, बाहरी आक्रमण, प्रशासनिक अक्षमता, और आर्थिक पतन जैसे कारक थे, जो अंततः अलेक्जेंडर द महान के द्वारा उसके लपेटने का कारण बने।"
Pooche gaye prashn ka uttar Hindi mein pradaan karein:,रोमन गुलामी की मुख्य विशेषताएँ क्या थीं?,"रोमन गुलामी की विशेषताएं व्यापक रूप से गुलामों के स्वामित्व की स्थिति, जो कामगारों, सेवकों, शिल्पकारों, या मनोरंजनकारियों के रूप में विभिन्न कार्य करते थे, शामिल थीं, जिनकी विभिन्न डिग्रीज़ में कानूनी सुरक्षा और सामाजिक स्थिति थी।"
Bataye gaye sawaal ka jawab Hindi mein dein:,रोमन साहित्य में सामाजिक मूल्यों का प्रतिबिम्ब कैसे था?,"रोमन साहित्य, जिसमें कविता, नाटक, और प्रस्ताव होते थे, में सामाजिक मूल्यों जैसे कर्तव्य, निष्ठा, धर्म, और रोमन नागरिक के गुणों का प्रतिबिम्ब था, जबकि नैतिक पतन और राजनीतिक भ्रष्टाचार की आलोचना भी की जाती थी।"
Answer the given question in Hindi:,यूनानी अंधकार युग का सभ्यता पर क्या प्रभाव था?,"यूनानी अंधकार युग, माइसेनियन सभ्यता के पतन के पश्चात्, जनसंख्या, व्यापार, और पढ़ाई की गिरावट देखी गई, जिससे सांस्कृतिक स्थिरता हुई, और फिर अर्कैजिक काल का उदय हुआ और यूनानी सभ्यता की पुनर्जागरूकता हुई।"
Write your answer to the question in Hindi:,रोमन इंजीनियरिंग के प्रमुख उपलब्धियाँ क्या थीं?,"रोमन इंजीनियरिंग की उपलब्धियों में नहर, सड़क, पुल, सुरंग, और भव्य स्थापत्य जैसे अमीरों की सेवाएं थीं, जिनसे निर्माण और इंफ्रास्ट्रक्चर की उन्नत तकनीकों का प्रदर्शन किया गया"
Provide a response to the given query in Hindi:, ग्रीक दर्शन ने रोमन विचार को कैसे प्रभावित किया?," ग्रीक दर्शन ने रोमन विचार को स्तोयिसिज़म, इपिक्युरिनिज़म, और नेओप्लेटोनिज़म जैसे दार्शनिक पाठशालाओं के अनुग्रहण और समाजिक सुधार, मेटाफिज़िक्स, और राजनीतिक सिद्धांत के रूप में प्रभावित किया, जिससे रोमन नैतिकता, मेटाफिजिक्स, और राजनीतिक सिद्धांत का निर्माण हुआ।"
Answer the question in Hindi language:,रोमन इतिहास में ग्राकी भाइयों का क्या महत्व था?,"ग्राकी भाइयों, तिबेरियस और गायस ग्राक्कस, रोमन नायकों थे जो भूमि सुधार और सामाजिक कल्याण के पक्षधर किए, जो सीनेटोरी श्रेणी की शक्ति को चुनौती देते हुए बाद में राजनीतिक सुधारों और संघर्षों का मार्ग खोलते थे।"
Reply to the asked question in Hindi:,नई कोलोनियों में राजनीतिक संरचनाओं को किस प्रकार प्रभावित किया गया?,"ग्रीक कोलोनियों ने अक्सर ग्रीक राजनीतिक संस्थानों के विभिन्न संस्करणों को अपनाया, जैसे कि प्रजातंत्र, अधिपत्यता, या तानाशाहियाँ, जबकि उन्होंने स्थानीय परंपराओं को भी शामिल किया और स्थानीय परिस्थितियों के अनुकूल बनाया, जिससे शासन के विभिन्न प्रकारों का निर्माण हुआ।"
दिए गए प्रश्न का उत्तर हिंदी में दें:, रोमन कला की मुख्य विशेषताएँ क्या थीं?,"रोमन कला की मुख्य विशेषताएं वास्तुकला, चित्रकला, मोजेक, और स्थापत्य की विविधता को समाहित करती थीं, जिसमें वास्तविकता, आदर्शता, और पोर"
दिए गए सवाल का जवाब हिंदी में लिखें:,रोमन संघ ने सामाजिक असमानता को कैसे समाधान किया?,"रोमन संघ ने भूमि वितरण, अनाज सब्सिडी, और नागरिकता के अधिकार जैसे सुधारों के माध्यम से सामाजिक असमानता को समाधान करने का प्रयास किया, जिसका उद्देश्य गरीबी को कम करना, सामाजिक स्थिरता बनाए रखना, और राज्य के प्रति वफादारी सुनिश्चित करना था।"
दिए गए प्रश्न का समाधान हिंदी में प्रस्तुत करें:,समाज पर ग्रीक थियेटर का क्या प्रभाव था?,"ग्रीक थियेटर सार्वजनिक मनोरंजन, धार्मिक पूजा, और नागरिक शिक्षा का मंच बना, जो नैतिक संघर्षों, राजनीतिक टिप्पणी, और सांस्कृतिक मूल्यों से जनता को जोड़ता था, जबकि नाटकीय प्रदर्शन, संगीत, और नृत्य का प्रदर्शन भी होता था।"
पूछे गए प्रश्न का उत्तर हिंदी में प्रदान करें:,कैसे रोमन संघ ने मध्यसागर में अपनी प्रभावशीलता को बढ़ाया?," रोमन संघ ने अपनी प्रभावशीलता को मध्यसागर में सेना की विजय, राजनीतिक संधियों, ग्राहक राज्यों, और उपनिवेशन के संयोजन के द्वारा बढ़ाया, जिससे वह इटली, सिसिली, उत्तरी अफ्रीका, और पूर्वी मध्यसागर में शक्ति को संजोधित किया।"
बताए गए सवाल का उत्तर हिंदी में दें।,रोमन साहित्य के मुख्य उपलब्धियां क्या थीं?,"रोमन साहित्य की मुख्य उपलब्धियों में दार्शनिक काव्य (जैसे कि विर्गिल की ""एनिड""), इतिहासी काम (जैसे कि लिवी की ""रोम का इतिहास""), दार्शनिक प्रलेखन (जैसे कि सिसिरो की ""दे ऑफिसिस""), और व्यंग्य (जूवनल की ""सैटायर्स"") शामिल थीं, जिनसे पश्चिमी साहित्य परंपराओं के विकास में योगदान और बाद में के लेखकों को प्रभावित किया।"
Diye gaye prashn ka uttar Hindi mein dein:,रोमन जनगणना का क्या महत्व था?," रोमन जनगणना नागरिकों और संपत्ति का आवंटन के लिए एक नियमित गणना थी, जो कर, सैन्य भर्ती, और राजनीतिक प्रतिनिधित्व के लिए प्रयोग किया जाता था, जो रोमन क्रम, संगठन, और नागरिक जिम्मेदारी पर ध्यान केंद्रित करता था।"
Diye gaye sawaal ka jawab Hindi mein likhein:, ग्रीक चिकित्सा ने विज्ञान में उन्नतियों में कैसे योगदान दिया?,"ग्रीक चिकित्सा, जैसे हिप्पोक्रेट्स और गैलेन, ने बीमारियों के व्यवस्थित अवलोकन, निदान, और उपचार के लिए आधार रखा, जिससे प्रमाणिक अनुसंधान, शरीरक अध्ययन, और चिकित्सा नैतिकता को बढ़ावा मिला, जो बाद में के वैज्ञानिक और चिकित्सा परंपराओं को प्रभावित किया।"
Diye gaye prashn ka samadhan Hindi mein prastut karein:,रोमन स्थापत्य के मुख्य सिद्धांत क्या थे?,"रोमन स्थापत्य के मुख्य सिद्धांत दीर्घकालिकता, कार्यक्षमता, और गरिमा थीं, जिसमें गर्भागार, खम्भे, और सीमेंट निर्माण जैसी तकनीकों का प्रयोग किया गया, जिनका उपयोग मंदिर, बेसिलिका, अम्फिथिएटर, और नहरों जैसी महान निर्माणों के लिए किया गया, जो रोमन इंजीनियरिंग की महानता और सौंदर्यबोध का प्रदर्शन करते थे।"
Pooche gaye prashn ka uttar Hindi mein pradaan karein:,वैदिक काल ने भारतीय साहित्यिक और दार्शनिक परंपराओं के विकास में कैसा प्रभाव डाला?,"वैदिक काल ने भारतीय साहित्यिक और दार्शनिक परंपराओं के विकास में महत्वपूर्ण योगदान किया, जिसका परिणाम है उपनिषदों, पुराणों, और महाकाव्यों जैसे ग्रंथों का उत्थान हुआ।"
Bataye gaye sawaal ka jawab Hindi mein dein:,वैदिक काल में प्रौद्योगिकी और शिल्पकला में कुछ उन्नतियाँ क्या थीं?," उन्नतियों में धातुशास्त्र, कुम्भकारी, बुनाई, और उपकरणों, शस्त्रों, और धार्मिक वस्त्रों के निर्माण में प्रयुक्त निर्माण तकनीकों की शामिल थी।"
Answer the given question in Hindi:,वैदिक काल के दौरान पर्यावरणीय कारकों ने वास्तुकला के पैटर्न और कृषि प्रथाओं पर कैसा प्रभाव डाला?," जलवायु, भूगोल, और प्राकृतिक संसाधन जैसे पर्यावरणीय कारकों ने वैदिक समुदायों द्वारा अपनाए गए वास्तुकला के स्थानों और कृषि उद्यमों के चयन पर प्रभाव डाला।"
Write your answer to the question in Hindi:, वैदिक काल में शासन और प्रशासन के मुख्य सिद्धांत क्या थे?,"शासन धर्म के सिद्धांतों पर आधारित था, जिसमें शासकों से न्याय की आशा की जाती थी, नैतिक मूल्यों को उचित धारण करने, और अपने प्रजा के कल्याण की रक्षा करने की उम्मीद की गई थी।"
Provide a response to the given query in Hindi:,"वैदिक समाज में महिलाओं की क्या भूमिका थी, और समय के साथ उनकी स्थिति कैसे बदली?","वैदिक समाज में महिलाएं गृहिणियों, माताओं, और कभी-कभी धार्मिक अनुष्ठानों में भागीदारों के रूप में महत्वपूर्ण भूमिका निभाती थीं। उनकी स्थिति सामाजिक और पारिवारिक संदर्भों पर निर्भर करती थी।"
Answer the question in Hindi language:,वैदिक काल ने खगोलशास्त्र और ज्योतिष के विकास में कैसा योगदान किया?,"वैदिक काल ने खगोलीय अवलोकनों और गणनाओं की उत्पत्ति को देखा, जो खगोलशास्त्र और ज्योतिष के पूर्ववर्ती धारणाओं के विकास को प्रेरित किया।"
Reply to the asked question in Hindi:,वैदिक काल में कुछ विशेष सांस्कृतिक आदान-प्रदान और बातचीत कैसे थी?," सांस्कृतिक आदान-प्रदान व्यापार, यात्रा, और वैदिक जातियों और पड़ोसी सभ्यताओं के बीच संबंधों के माध्यम से हुआ, जो भाषा, धर्म, और कला के क्षेत्र में प्रभाव डाला।"
दिए गए प्रश्न का उत्तर हिंदी में दें:,"वेद क्या हैं, और भारतीय इतिहास में उनका महत्व क्या है?","वेद हिन्दू धर्म के प्राचीन पवित्र पाठ्यक्रम हैं, जिनमें ऋग्वेद, सामवेद, यजुर्वेद, और अथर्ववेद शामिल हैं। वे हिन्दू धर्म के मौलिक शास्त्र हैं और प्रारंभिक भारतीय समाज, धर्म, और दर्शन के बारे में अनुभव प्रदान करते हैं।"
दिए गए सवाल का जवाब हिंदी में लिखें:,वैदिक काल के दौरान सामाजिक संरचना क्या थी?,"वैदिक काल की सामाजिक संरचना को बड़े हिसाब से गोधूली और जातीय समाज के रूप में चिह्नित किया गया था, जिसमें वर्ण (जाति) व्यवस्था पर आधारित एक श्रेणीबद्ध सामाजिक संरचना थी। समाज को चार प्रमुख वर्णों में विभाजित किया गया था: ब्राह्मण (पुरोहित), क्षत्रिय (योद्धा), वैश्य (व्यापारी और किसान), और शूद्र (श्रमिक)।"
दिए गए प्रश्न का समाधान हिंदी में प्रस्तुत करें:,वैदिक धर्म कैसे हिन्दू धर्म में परिणत हुआ?,"वैदिक धर्म धीरे-धीरे हिन्दू धर्म में एक संकलन प्रक्रिया के माध्यम से परिणत हुआ, जिसमें विभिन्न धारणाओं, अनुष्ठानों, और दर्शनों को शामिल किया और विस्तार किया गया। धार्मिक यज्ञ, देवता की श्रद्धा, और धर्म की अवधारणा जैसे तत्वों को बाद में हिन्दू परंपराओं में शामिल किया और विस्तारित किया गया।"
पूछे गए प्रश्न का उत्तर हिंदी में प्रदान करें:,वैदिक काल में कुछ मुख्य दार्शनिक अवधारणाएं क्या थीं?,"वैदिक काल में कर्म (कारण और प्रभाव का कानून), धर्म (नैतिक कर्तव्य), और मोक्ष (जन्म-मृत्यु के चक्र से मुक्ति) जैसी मुख्य दार्शनिक अवधारणाएं प्रकट हुईं। ये अवधारणाएं बाद में हिन्दू दार्शनिक परंपराओं की नींव रखती हैं।"
बताए गए सवाल का उत्तर हिंदी में दें।,वैदिक काल ने भारतीय सभ्यता के विकास में कैसे प्रभाव डाला?," वैदिक काल ने भारतीय सभ्यता की सांस्कृतिक, धार्मिक, और भाषात्मक नींवें रखीं। यह समाज, राजनीति, और धर्मिक विकासों को आकार दिया, भारतीय पहचान, परंपराएं, और दृष्टिकोण पर दीर्घकालिक प्रभाव डाला।"
Diye gaye prashn ka uttar Hindi mein dein:,प्राचीन चीन में शांग राजवंश को क्या चिह्नित करता था?,"शांग राजवंश, लगभग 1600 से 1046 ईसा पूर्व तक, एक प्रारंभिक चीनी सभ्यता थी जिसे ऑरेकल बोन स्क्रिप्ट, कांस्य ढलाई, और सामाजिक संगठन में की गई प्रगति के लिए जाना जाता है।"
Diye gaye sawaal ka jawab Hindi mein likhein:,तकनीकी नवाचार के संदर्भ में शांग राजवंश की प्रमुख उपलब्धियाँ क्या थीं?,"शांग राजवंश ने कांस्य ढलाई में महत्वपूर्ण प्रगति की, जिसमें जटिल धार्मिक वस्त्र और सामरिक औजार बनाए गए। इसके अलावा, उन्होंने चीनी लिखाई का पहला ज्ञात रूप विकसित किया, जिसे ऑरेकल बोन स्क्रिप्ट कहा जाता है, जो दिव्यांश जांच के उद्देश्य से उपयोग किया जाता था।"
Diye gaye prashn ka samadhan Hindi mein prastut karein:,शांग राजवंश ने चीनी लेखन के विकास में कैसा योगदान दिया?," शांग राजवंश ने ऑरेकल बोन स्क्रिप्ट को विकसित किया, जो चीनी लेखन का पहला ज्ञात रूप था, जिसे मुख्य रूप से ऑरेकल बोन्स पर भविष्यवाणियाँ दर्ज करने के लिए प्रयोग किया जाता था। यह चीनी लेखन की आरंभिक अवधारणा का आरंभ करता है।"
Pooche gaye prashn ka uttar Hindi mein pradaan karein:, शांग समाज में कांस्य ढलाई का क्या महत्व था?,"शांग समाज में कांस्य ढलाई अत्यधिक महत्वपूर्ण थी, जो व्यावहारिक और धार्मिक उद्देश्यों के लिए सेवन किया जाता था। कांस्य के रूप में बने धार्मिक वस्त्र धार्मिक उपासना और पूर्वजों की पूजा में प्रयोग किए जाते थे, जो राजवंश के सामाजिक और धार्मिक विश्वासों को दर्शाते थे।"
Bataye gaye sawaal ka jawab Hindi mein dein:, शांग राजवंश में ऑरेकल बोन स्क्रिप्ट का क्या महत्व था?,"ऑरेकल बोन स्क्रिप्ट का महत्व इसलिए था क्योंकि इसका उपयोग दिव्यांश जांच के लिए किया जाता था। लोग उपयुक्त प्रश्नों को ऑरेकल बोन्स पर लिखते और फिर उन्हें गरम करके देखते थे कि क्या तोड़े गए हिस्से उत्तर देते हैं। पुरोहित या धर्मगुरु इन तोड़ों को पढ़कर अग्रणी और देवताओं की सहायता लेते थे, जो विभिन्न मुद्दों पर मार्गदर्शन प्रदान करते थे।"
Answer the given question in Hindi:,शांग राजवंश की सामाजिक ढांचा उसकी स्थिरता और संगठन में कैसे सहायक थी?,"शांग राजवंश की सामाजिक ढांचा में राजा को शीर्ष पर, उसके बाद महाराजा, कलाकार, व्यापारी, और किसान थे। यह संरचित समाज केंद्रीय शासन, सैन्य संगठन, और आर्थिक प्रबंधन को सुविधाजनक बनाता था।"
Write your answer to the question in Hindi:,शांग राजवंश के बारे में हमारे समझ को कौन सा पुरातात्विक प्रमाण समर्थित करता है?,"पुरातात्विक खुदाई से कई वस्तुएं उछाली गईं हैं, जैसे कि ऑरेकल बोन्स, कांस्य के पात्र, मिट्टी के पात्र, और दफन स्थल, जो शांग सामग्री संस्कृति, प्रौद्योगिकी, और सामाजिक अभ्यासों की मूल्यवान अवधारणाओं प्रदान करती हैं।"
Provide a response to the given query in Hindi:,शांग राजवंश ने आगामी चीनी राजवंशों और सांस्कृतिक विकास में कैसे प्रभाव डाला?,"शांग राजवंश ने चीनी सभ्यता की नींव रखी, भविष्य के राजवंशों को निर्धारित करते हुए महत्वपूर्ण सांस्कृतिक, प्रौद्योगिकी, और राजनीतिक परंपराएं स्थापित की। कांस्य कास्टिंग, लेखन, और सामाजिक संगठन जैसे प्रमुख तत्त्वों ने चीनी समाज को शताब्दियों तक प्रभावित किया।"
Answer the question in Hindi language:,शांग समाज में कौन-कौन सी धार्मिक और आध्यात्मिक धारणाएं प्रमुख थीं?,"शांग समाज की विशेषता थी आपराधिक पूजा और पूर्वजों की पूजा। उन्होंने पूजा, बलिदान, और भविष्यवाणियों को समर्पित किया ताकि पूर्वजों से मार्गदर्शन और आशीर्वाद प्राप्त किया जा सके।"
Reply to the asked question in Hindi:,शांग राजवंश ने पड़ोसी क्षेत्रों और संस्कृतियों के साथ कैसे अंतर्क्रिया की?," शांग राजवंश ने व्यापार, राजनीतिक विनिमय, और सैन्य अभियानों के माध्यम से पड़ोसी क्षेत्रों जैसे कि जो लोग और विभिन्न जनजातियों के साथ संवाद किया। इन अंतर्क्रियाओं ने सांस्कृतिक विनिमय, प्रौद्योगिकी प्रसार, और क्षेत्रविस्तार को सुविधाजनक बनाया।"
दिए गए प्रश्न का उत्तर हिंदी में दें:,शांग राजवंश में केंद्रीय अधिकार की अस्तित्व को समर्थन करने वाले कौन-कौन से प्रमाण हैं?," पुरातात्विक खोजों में पायी जाने वाली वस्तुओं में, ऑरेकल बोन्स पर लिखे गए अंकितों और कांस्य की वस्तुओं में राजकीय अधिकार के दृश्यों को दर्शाने वाली खोजें इस बात का सुझाव देती हैं कि शांग राजा द्वारा संचालित एक केंद्रीय सरकार की मौजूदगी की संभावना है।"
दिए गए सवाल का जवाब हिंदी में लिखें:, शांग राजवंश ने अपनी अर्थव्यवस्था को कैसे संगठित किया और संसाधनों का प्रबंधन किया?,"शांग राजवंश ने खेती को मुख्य आर्थिक गतिविधि के रूप में लिया, जिसे शिकार, मछली पकड़ना, और कांस्य की प्रेरणा जैसी विभिन्न धातुओं का काम करने के रूप में पूरा किया गया। संसाधनों का प्रबंधन के लिए भूमि और श्रम के उपर केंद्रीय नियंत्रण सुनिश्चित किया गया।"
दिए गए प्रश्न का समाधान हिंदी में प्रस्तुत करें:, शांग धर्मिक अभ्यासों में पूर्वजों की पूजा का महत्व क्या था?,"शांग धार्मिक धारणाओं में पूर्वजों की पूजा का महत्व था, क्योंकि पूर्वजों को देवताओं और जीवितों के बीच संवादक के रूप में पूजा गया था। पूर्वजों को सम्मान और उनकी सुरक्षा और आशीर्वाद की खोज के लिए धार्मिक अनुष्ठान और अर्पण किया गया।"
पूछे गए प्रश्न का उत्तर हिंदी में प्रदान करें:,शांग सभ्यता की कुछ मुख्य वास्तुकला और शहरी विशेषताएँ क्या थीं?,"शांग बस्तियाँ आमतौर पर दीवारों से घिरी शहरों से बनी थीं जिसमें महल, मंदिर, और आवासीय क्षेत्र थे। पुरातात्विक खोज ने महलीय ब्लॉकों, उत्कृष्ट आवास, और संरक्षात्मक गढ़बढ़ स्थलों के अवशेष उजागर किए हैं, जो शांग शहरी योजना और वास्तुकला की बारीकियों के बारे में सूचना प्रदान करते हैं।"
बताए गए सवाल का उत्तर हिंदी में दें।,शांग राजवंश ने चीनी कला और शिल्प के विकास में कैसे योगदान दिया?,"शांग राजवंश ने बनाये गए अद्वितीय कांस्य धार्मिक पत्रिकाओं, हीरे के आभूषण, मिट्टी के पात्र, और जटिल चित्रकला के माध्यम से चीनी कला और शिल्प के विकास में महत्वपूर्ण योगदान दिया।"
Diye gaye prashn ka uttar Hindi mein dein:,किस प्रकार का प्रमाण है शांग राजवंश में केंद्रीकृत प्राधिकरण की अस्तित्व के समर्थन में?,"पुरातात्विक उत्खननों में पाए गए संकेत, जैसे कि ऑरेकल बोन्स पर अंकित लेख और कांस्य की वस्तुओं में राजकीय प्राधिकरण के दृश्य, केवल शांग राजकीय प्राधिकरण की मौजूदगी के बारे में संकेत प्रदान करते हैं।"
Diye gaye sawaal ka jawab Hindi mein likhein:,शांग राजवंश ने अपनी अर्थव्यवस्था को कैसे संगठित किया और संसाधनों का प्रबंधन किया?,"शांग राजवंश ने खेती को मुख्य आर्थिक गतिविधि के रूप में लिया, जिसे शिकार, मछली पकड़ना, और कांस्य की प्रेरणा जैसी विभिन्न धातुओं का काम करने के रूप में पूरा किया गया। संसाधनों का प्रबंधन के लिए भूमि और श्रम के उपर केंद्रीय नियंत्रण सुनिश्चित किया गया।"
Diye gaye prashn ka samadhan Hindi mein prastut karein:,शांग राजवंश के अंतिम पतन में कौन-कौन से कारक योगदान दिए?,"शांग राजवंश के पतन का कई कारकों के संयोजन के तहत आत्मसात, बाह्य आक्रमण, पर्यावरणीय चुनौतियों, और सामाजिक उथल-पुथल जैसे विभिन्न कारकों का योगदान माना गया। ये कारक केंद्रीय अधिकार को कमजोर कर दिया और अंततः चौदहवीं शताब्दी में ज़हूर राजवंश द्वारा शांग राजा की हटाई जाने का कारण बने।"
Pooche gaye prashn ka uttar Hindi mein pradaan karein:,शांग राजवंश में भविष्यवाणी के अभ्यास ने निर्णय लेने और शासन में कैसे प्रभाव डाला?,"भविष्यवाणी निर्णय लेने और शासन में महत्वपूर्ण भूमिका निभाई, क्योंकि शासक अपने पूर्वजों और दिव्य शक्तियों से मार्गदर्शन के लिए ऑरेकल बोन्स का संदर्भ लेते थे। ऑरेकल बोन नाक की अंकिता का व्याख्यान रणनीतिक निर्णयों, सैन्य अभियानों, और धार्मिक गतिविधियों को सूचित किया, जिससे राजवंश के शासन का पथ निर्मित होता था।"
Bataye gaye sawaal ka jawab Hindi mein dein:,शांग समाज में सामान्य लोगों के लिए दैनिक जीवन के कुछ महत्वपूर्ण पहलू क्या थे?,"शांग समाज में दैनिक जीवन के पहलू कृषि गतिविधियों, घरेलू कामों, और धार्मिक अनुष्ठानों और समुदाय के आयोजनों के चारों ओर घूमता था। किसान भूमि का काम करते थे, कारीगर माल बनाते थे, और परिवार उन्नीस उपासना और सामुदायिक उत्सवों में शामिल होते थे, जो शांग सभ्यता के सामाजिक वस्त्र का हिस्सा था।"
Answer the given question in Hindi:, अपने राज्य के भीतर सामाजिक क्रम और स्थिरता को शांग राजवंश कैसे बनाए रखा?,"शांग राजवंश ने केंद्रीय प्रशासन, कानूनी कानून, धार्मिक अनुष्ठानों, और सैन्य बल सहित विभिन्न उपायों का उपयोग करके समाजिक क्रम और स्थिरता बनाए रखने के लिए विभिन्न रणनीतियों का इस्तेमाल किया। राजा और उसके अधिकारी बस्तियों और स्थानीय समुदायों पर अधिकार निभाते थे, कानून को लागू करते थे, विवादों का समाधान करते थे,और राजवंश की वैधानिकता को बनाए रखते थे।"
Write your answer to the question in Hindi:,शांग राजवंश में युद्ध और सैन्य कौशल की क्या भूमिका थी?,"शांग समाज में युद्ध अभियानों की केंद्रीय भूमिका थी, क्योंकि राजवंश क्षेत्र का विस्तार करने, प्रतिद्वंद्वी राज्यों को शांत करने, और बाहरी खतरों के खिलाफ संरक्षण करने के लिए सैन्य अभियानों में लग गया। शांग सेना में पेशेवर सैनिक, रथचालक, और कांस्य के हथियारों और कवचों से लैस सैनिक शामिल थे, जो छलांग, घेराबंदी, और समूही हमलों जैसी युद्ध उद्देश्यों को हासिल करने के लिए तकनीक का इस्तेमाल करते थे।"
Provide a response to the given query in Hindi:,शांग राजवंश ने प्राचीन चीन में लेखन और साक्षरता के विकास में कैसे योगदान दिया?," शांग राजवंश ने ऑरेकल बोन स्क्रिप्ट के निर्माण के माध्यम से प्राचीन चीन में लेखन और साक्षरता के विकास में महत्वपूर्ण योगदान किया। इस प्रारंभिक लेखन का उपयोग भविष्यवाणियों, प्रशासनिक रिकॉर्ड्स, और धार्मिक अंकितों को रिकॉर्ड करने के लिए किया गया था, जिससे बाद में चीनी लेखन प्रणालियों और साहित्यिक परंपराओं का आधार रखा गया।"
Answer the question in Hindi language:,शांग राजवंश में धर्म ने शांग राज्य के दर्शनिक दृष्टिकोण और सांस्कृतिक पहचान को कैसे आकार दिया?,"शांग राज्य में धर्म ने एक महत्वपूर्ण भूमिका निभाई, क्योंकि पूर्वजों के आत्माओं, दिव्य शक्तियों, और ब्रह्मांडीय सिद्धांतों में विश्वास सभी जीवन के पहलुओं में प्रवेश करते थे। उन्नति, बलिदान, और भविष्यवाणियों का कार्यक्रम उन्नति के लिए किया गया था, परम्परागत मान्यताओं को स्थापित करने, भगवानों को संतुष्ट करने, और ब्रह्मांडीय समरसता को बनाए रखने के लिए, शांग समाज के आध्यात्मिक धारणाओं और मूल्यों को प्रतिबिंबित करते हुए।"
Reply to the asked question in Hindi:,शांग राजवंश ने कांस्य ढलाई का कैसे उपयोग वास्तविक और प्रतीकात्मक उद्देश्यों के लिए किया?,"शांग राजवंश में कांस्य की ढलाई का वास्तविक उपयोग उपकरण, हथियार, और धार्मिक अभिषेकों में प्रयोग किया गया। प्रतीकात्मक रूप में, कांस्य के वस्त्रादि धन, शक्ति, और सामाजिक स्थिति को प्रतिनिधित्व करते थे, जिसमें शांग राज्य की सांस्कृतिक और धार्मिक धारणाओं का प्रतिबिंब था।"
दिए गए प्रश्न का उत्तर हिंदी में दें:,शांग राजवंश के अस्तित्व का समर्थन कौन-कौन से प्रमाण हैं?,"पुरातात्विक खोज, ऑरेकल बोन, कांस्य वास्त्रादि वस्त्र, और धार्मिक वस्त्र जैसे उत्कृष्ट प्रामाणिक शांग राजवंश के अस्तित्व के प्रमाण प्रदान करते हैं। साथ ही, ऑरेकल बोन और कांस्य वस्त्रपर मिली अंकितों की प्रमाणित अद्भुतता राजवंश के ऐतिहासिक उपस्थिति और सांस्कृतिक उपलब्धियों को स्थापित करती हैं।"
दिए गए सवाल का जवाब हिंदी में लिखें:,शांग राजवंश की राजनीतिक संरचना ने उसकी स्थिरता और दीर्घकालिता में कैसे योगदान दिया?,"शांग राजवंश की राजनीतिक संरचना, जो राजा की शासन के अधीन केंद्रीय प्राधिकार को चरणों पर संचालित करती थी, उपजातीय राज्यों और क्षेत्रों पर शासन, प्रशासन, और सैन्य नियंत्रण को सुगम बनाती थी। राजा का दिव्य आदेश, धार्मिक अनुष्ठानों और पूर्वज पूजा द्वारा समर्थित, राजवंश के शासन को वैधानिक करता और सामाजिक क्रम को बनाए रखता था, जिससे राजवंश की स्थिरता और दीर्घकालिता में योगदान किया।"
दिए गए प्रश्न का समाधान हिंदी में प्रस्तुत करें:,प्राचीन चीन में शांग राजवंश की क्या विशेषताएँ थीं?,"शांग राजवंश, लगभग 1600 से 1046 ई.पू. तक फैला हुआ, एक प्रारंभिक चीनी सभ्यता थी जिसे उसके ऑरेकल बोन स्क्रिप्ट, कांस्य की पिघलावट, और सामाजिक संगठन में उन्नतियों के लिए जाना जाता है।"
पूछे गए प्रश्न का उत्तर हिंदी में प्रदान करें:,प्रायोगिक नवाचार में शांग राजवंश की प्रमुख उपलब्धियाँ क्या थीं?," शांग राजवंश ने कांस्य की पिघलावट में महत्वपूर्ण उन्नतियाँ की, जिसमें जटिल धार्मिक वाहन और सामरिक अस्त्रों का निर्माण शामिल था। इसके अलावा, उन्होंने चीनी लेखन का सबसे प्रारंभिक रूप विकसित किया, जिसे ऑरेकल बोन स्क्रिप्ट के रूप में जाना जाता है, जो भविष्यवाणी के उद्देश्यों के लिए प्रयोग किया गया।"
बताए गए सवाल का उत्तर हिंदी में दें।,शांग राजवंश ने चीनी लेखन के विकास में कैसे योगदान किया?," शांग राजवंश ने ऑरेकल बोन स्क्रिप्ट विकसित किया, जो चीनी लेखन का सबसे प्रारंभिक रूप था, प्राथमिक रूप से ऑरेकल बोन्स पर भविष्यवाणियों को रिकॉर्ड करने के लिए प्रयोग किया जाता था। यह चीनी लिखित भाषा की शुरुआत की गई।"
Diye gaye prashn ka uttar Hindi mein dein:, शांग समाज में कांस्य की पिघलाई का क्या महत्व था?,"शांग समाज में कांस्य की पिघलाई का महत्व बहुत अधिक था, यह प्रायोगिक और धार्मिक उद्देश्यों के लिए उपयोग किया जाता था। कांस्य के धार्मिक वाहन धार्मिक अभिषेक और पूर्वज पूजा में प्रयोग किए जाते थे, जो राजवंश की सामाजिक और धार्मिक धारणाओं को प्रतिनिधित करते थे।"
Diye gaye sawaal ka jawab Hindi mein likhein:,शांग राजवंश की सामाजिक संरचना ने उसकी स्थिरता और संगठन में कैसा योगदान दिया?,"शांग राजवंश में एक प्राचीन चीनी समाज की लगभग पिरामिड आकार की संरचना थी, जिसमें श्रेणीबद्धता थी। राजा श्रेणी के शीर्ष पर था, जिसके बाद उसके सैन्यवृत्ति, कलाकार, व्यापारी, और किसान आते थे। यह संरचित समाज केंद्रीय प्रशासन, सैन्य संगठन, और आर्थिक प्रबंधन को सुगम बनाता था।"
Diye gaye prashn ka samadhan Hindi mein prastut karein:,शांग राजवंश की हमारी समझ को किस प्रकार का इतिहासी साक्ष्य समर्थित करता है?," पुरातात्विक उत्खननों ने बहुत सारी वस्तुओं को उजागर किया है, जैसे कि ऑरेकल बोन्स, कांस्य के पात्र, मिट्टी के पात्र, और दफन स्थल, जो शांग सामग्री संस्कृति, प्रौद्योगिकी, और सामाजिक अभ्यासों में मूल्यवान अनुभव प्रदान करते हैं।"
Pooche gaye prashn ka uttar Hindi mein pradaan karein:,शांग राजवंश ने आगामी चीनी राजवंशों और सांस्कृतिक विकास में कैसे प्रभाव डाला?,"शांग राजवंश ने चीनी सभ्यता के लिए आधार रखा, भविष्य के राजवंशों को निर्माण करने वाली कुंजीवादी सांस्कृतिक, प्रौद्योगिकी, और राजनीतिक परंपराएं स्थापित की। कांस्य की पिघलाई, लेखन, और सामाजिक संगठन जैसे तत्व दशकों तक चीनी समाज को प्रभावित किया।"
Bataye gaye sawaal ka jawab Hindi mein dein:,आध्यात्मिक धारणाओं के कौन-कौन से प्रमुख विश्वास थे?,"शांग समाज में मुख्य रूप से पूर्वज पूजा और पूर्वजों के आत्मा की पूजा के विश्वास थे। अनुष्ठान, बलिदान, और भविष्यवाणियों के माध्यम से पूर्वजों की महत्त्वाकांक्षा और संरक्षा की गई।"
Answer the given question in Hindi:,शांग राजवंश में केंद्रीय प्राधिकार की अस्तित्व की कौन-कौन सी प्रमाण है?,"पुरातात्विक खोज, जैसे कि ऑरेकल बोन्स पर अंकित अक्षर और कांस्य के आभूषणों में राज्य के प्रमुख के प्रतीक दिखाने के द्वारा, शांग राजवंश के केंद्रीय सरकार की उपस्थिति का समर्थन करते हैं।"
Write your answer to the question in Hindi:,प्राचीन पासीने के अंतरिक्ष में हित्टी साम्राज्य को क्या विशेषताएँ थीं?,"हित्टी साम्राज्य, लगभग 1600 से 1178 ईसा पूर्व तक फैला हुआ, अनातोलिया (आधुनिक तुर्की) में अपने विस्तार और पड़ोसी शक्तियों के साथ संवाद के लिए जाना जाता था।"
Provide a response to the given query in Hindi:,हित्टी साम्राज्य के प्रमुख शासक कौन थे?,"हित्टी साम्राज्य के प्रमुख शासकों में हटुशिली पहला, मुर्सिली पहला, सुप्पिलुलियुमा पहला, और मुवातली दूसरे आदि थे।"
Answer the question in Hindi language:,हित्टी साम्राज्य की मुख्य उपलब्धियाँ क्या थीं?," हित्टी साम्राज्य की मुख्य उपलब्धियों में सेना प्रौद्योगिकी, राजनयिक संबंध, और प्रशासनिक शासन की उन्नतियाँ शामिल थीं, साथ ही अनातोलिया में एक शक्तिशाली राज्य की स्थापना।"
Reply to the asked question in Hindi:, हित्टी साम्राज्य ने पड़ोसी सभ्यताओं के साथ कैसे संवाद किया?," हित्टी साम्राज्य ने मित्रता संधियों, व्यापारिक संबंधों, और पड़ोसी शक्तियों जैसे मिस्र, अस्सीरिया, और बाबिलोनिया के साथ व्यापारिक संबंधों, और सैन्य संघर्ष में शामिल होकर पासीने के अंतरिक्ष के भू-राजनीति को आकार दिया।"
दिए गए प्रश्न का उत्तर हिंदी में दें:,हिट्टी साम्राज्य के पतन में क्या योगदान था?,"हिट्टी साम्राज्य के पतन को आंतरिक विवाद, बाहरी आक्रमण, और केंद्रीय प्राधिकार की कमजोरी जैसे कारकों का योगदान कहा गया, जिससे साम्राज्य का अंतःप्रकाश हुआ लगभग 1178 ईसा पूर्व।"
दिए गए सवाल का जवाब हिंदी में लिखें:,प्राचीन पासीने में नव-अस्सीरियन साम्राज्य को क्या विशेषताएँ थीं?,"नव-अस्सीरियन साम्राज्य, लगभग 911 से 609 ईसा पूर्व तक, अस्सीरियन शक्ति और क्षेत्रीय विस्तार के पुनर्स्थापन के लिए मशहूर था, जैसे कि अशुरनासिरपल द्वितीय और तिगलाथ-पिलेसर तृतीय जैसे शासकों के अधिपतन में।"
दिए गए प्रश्न का समाधान हिंदी में प्रस्तुत करें:,नव-अस्सीरियन साम्राज्य के महत्वपूर्ण शासक कौन-कौन थे?," नव-अस्सीरियन साम्राज्य के महत्वपूर्ण शासकों में अशुरनासिरपल द्वितीय, शलमनेसर तृतीय, सरगन द्वितीय, सेनाकेरिब, और अशुरबानिपल आदि थे।"
पूछे गए प्रश्न का उत्तर हिंदी में प्रदान करें:,नव-अस्सीरियन साम्राज्य के प्रमुख सैन्य अभियान क्या थे?,"नव-अस्सीरियन साम्राज्य ने अपने क्षेत्रीय विस्तार के लिए कई सैन्य अभियानों का आयोजन किया, विद्रोही प्रांतों को शांत करने, और वसल राज्यों पर प्रभुत्व बनाए रखने के लिए, अक्सर क्रूर तकनीक और गढ़बढ़ाहटी युद्ध का इस्तेमाल किया।"
बताए गए सवाल का उत्तर हिंदी में दें।, नव-अस्सीरियन साम्राज्य ने अपने विशाल क्षेत्रों का कैसे प्रबंधन किया?," नव-अस्सीरियन साम्राज्य ने अपने क्षेत्रों का उच्च सेंट्रलाइज्ड प्रशासन द्वारा प्रबंधित किया, जिसमें प्रांतीय गवर्नर, सैन्य कमांडर, और शासकीय अधिकारी कर बहुत बड़ी भूमिका निभाई, जो कर वसूली, कानूनी कार्रवाई, और बुनियादी संरचना विकास को देखते थे।"
Diye gaye prashn ka uttar Hindi mein dein:, नव-अस्सीरियन साम्राज्य के दौरान अस्सीरियन संस्कृति और समाज के कुछ महत्वपूर्ण पहलु क्या थे?,"नव-अस्सीरियन साम्राज्य के दौरान अस्सीरियन संस्कृति को युद्ध, साम्राज्यिक विजय, और कला, वास्तुकला, और साहित्य के क्षेत्र में राजकीय प्रोत्साहन के लिए महत्वाकांक्षी धारावाहिकता के साथ जाना जाता था, जो साम्राज्य की सैन्यवादी धारणा और महान अभियानो
 की महत्वाकांक्षा को प्रतिबिंबित करता था।"
Diye gaye sawaal ka jawab Hindi mein likhein:,अंतर्दृष्टिया नजदीकी प्राचीन सभ्यताओं को नव-अस्सीरियन साम्राज्य किस प्रकार प्रभावित किया?,"नव-अस्सीरियन साम्राज्य ने अपने सैन्य विजयों, प्रशासनिक नवाचार, सांस्कृतिक अनुप्रयोग, और ज्ञान और प्रौद्योगिकियों के प्रसार के माध्यम से नजदीकी प्राचीन सभ्यताओं पर एक स्थायी विरासत छोड़ी, जो क्षेत्र के इतिहास और सांस्कृतिक विकास को आने वाले शताब्दियों के लिए आकार दिया।"
Diye gaye prashn ka samadhan Hindi mein prastut karein:,प्राचीन पासीने में नव-बाबिलोनियन साम्राज्य में क्या विशेषताएँ थीं?,"नव-बाबिलोनियन साम्राज्य, लगभग 626 से 539 ईसा पूर्व तक, बाबिलोन को एक प्रमुख शक्ति के रूप में उत्कृष्ट बनाने के लिए प्रसिद्ध था, जैसे कि नेबुकदनेसर द्वितीय के अधिपतन में।"
Pooche gaye prashn ka uttar Hindi mein pradaan karein:,नव-बाबिलोनियन साम्राज्य के कुछ प्रमुख शासक कौन थे?,"नव-बाबिलोनियन साम्राज्य के कुछ प्रमुख शासकों में नेबुकदनेसर द्वितीय, नबोपोलेसर, और नबोनिदस आदि थे।"
Bataye gaye sawaal ka jawab Hindi mein dein:, सांस्कृतिक और स्थापत्य सफलताओं के संदर्भ में नव-बाबिलोनियन साम्राज्य की मुख्य उपलब्धियाँ क्या थीं?,"नव-बाबिलोनियन साम्राज्य ने महत्वपूर्ण सांस्कृतिक और वास्तुकला सफलताओं की थी, जिसमें बाबिलोन के हैंगिंग गार्डन्स, प्राचीन मंदिरों और महलों की पुनर्स्थापना, और बाबिलोनियन साहित्य, विज्ञान, और कला का प्रोत्साहन शामिल था।"
Answer the given question in Hindi:,प्राचीन नियो-बैबिलोनियन साम्राज्य ने प्राचीन मध्य पूर्व में व्यापार और वाणिज्य पर कैसा प्रभाव डाला?,"नियो-बैबिलोनियन साम्राज्य ने प्रमुख व्यापार मार्गों के साथ अपनी रणनीतिक स्थिति के माध्यम से व्यापार और वाणिज्य को सुविधाजनक बनाया, आर्थिक समृद्धि को प्रोत्साहित किया, और पड़ोसी राज्यों के साथ वाणिज्य संबंधों की स्थापना की, जो साम्राज्य की धनीयता और सांस्कृतिक आदान-प्रदान में सहायक रहा।"
Write your answer to the question in Hindi:,नियो-बैबिलोनियन साम्राज्य के प्रमुख सैन्य अभियान क्या थे?," नियो-बैबिलोनियन साम्राज्य ने अपने क्षेत्र का विस्तार करने, वस्तुकर राज्यों पर नियंत्रण जमाने, और बाह्य खतरों के खिलाफ रक्षा के लिए सैन्य अभियान आयोजित किए, अक्सर घेराबंदी युद्ध, कूटनीति, और अन्य क्षेत्रीय शक्तियों के साथ संधि का सहारा लेते हुए।"
Provide a response to the given query in Hindi:,नियो-बैबिलोनियन साम्राज्य ने ज्योतिष और गणित के विकास में कैसे योगदान दिया?,"नियो-बैबिलोनियन साम्राज्य ने आकाशीय घटनाओं के अध्ययन, सटीक ज्योतिषीय अवलोकन और पंचांगों के विकास, और 60 के आधार पर संख्या प्रणाली और बीजगणितीय तकनीकों के माध्यम से गणित में महत्वपूर्ण योगदान किया।"
Answer the question in Hindi language:,नियो-बैबिलोनियन साम्राज्य के प्रमुख धार्मिक धारणाएँ और अभ्यास क्या थे?,"नियो-बैबिलोनियन साम्राज्य ने एक समन्वित धार्मिक रूप का अभ्यास किया, जिसमें बाबिलोनियन, सुमेरियन, और अक्कादियन धार्मिक परंपराओं के तत्वों को शामिल किया गया था, जिसमें देवताओं और देवियों का पूजन, विविध पूजा पद्धतियाँ, और पवित्र पाठ्यक्रम और मंदिरों की पूजा शामिल थी।"
Reply to the asked question in Hindi:,नियो-बैबिलोनियन साम्राज्य ने प्राचीन मेसोपोटेमियन सांस्कृतिक और धरोहर के संरक्षण और प्रसार में कैसे योगदान दिया?,"नियो-बैबिलोनियन साम्राज्य ने प्राचीन मेसोपोटेमियन सांस्कृतिक और धरोहर के संरक्षण और प्रसार को बदेते हुए प्राचीन मेसोपोटेमियन सांस्कृतिक और धरोहर के संरक्षण और प्रसार को बढ़ावा दिया, पुनर्स्थापना के माध्यम से प्राचीन स्मारकों, पुस्तकालयों, और संग्रहालयों का पुनर्निर्माण किया, इतिहासिक वृत्तांतों का संग्रह किया,"
दिए गए प्रश्न का उत्तर हिंदी में दें:,प्राचीन नियो-बैबिलोनियन साम्राज्य ने प्राचीन मध्य पूर्व में कानूनी और प्रशासनिक प्रणालियों पर कैसा प्रभाव डाला?,"नियो-बैबिलोनियन साम्राज्य ने परिपक्व कानूनी और प्रशासनिक प्रणालियों का विकास किया, जिसमें प्रसिद्ध हैम्मुराबी कोड जैसे कानूनों को संग्रहित किया गया, मानक वजन और माप को अंतर्राष्ट्रीय कर दिया गया, और बड़े क्षेत्रों को प्रशासित करने के लिए ब्यूरोक्रेटिक संस्थाएं स्थापित की गईं।"
दिए गए सवाल का जवाब हिंदी में लिखें:,नेबुखदनेज़र द्वितीय ने नियो-बैबिलोनियन साम्राज्य के उदय और विस्तार में क्या भूमिका निभाई?,"नेबुखदनेज़र द्वितीय ने नियो-बैबिलोनियन साम्राज्य के उदय और विस्तार में मुख्य भूमिका निभाई, सैन्य विजयों, वास्तुकला परियोजनाओं, और सांस्कृतिक उपलब्धियों का पर्यवेक्षण किया, जिससे बाबिल को प्राचीन मध्य पूर्व में शक्ति और प्रभाव की शिखर पर ले जाया गया।"
दिए गए प्रश्न का समाधान हिंदी में प्रस्तुत करें:,नियो-बैबिलोनियन साम्राज्य ने साहित्य और शिक्षा के विकास में कैसे योगदान दिया?,"नियो-बैबिलोनियन साम्राज्य ने राजकीय पुस्तकालयों, विद्यालयों, और विद्वानों का परिचय देकर साहित्य और शिक्षा के विकास को प्रोत्साहित किया, जिससे बाबिली संस्कृति और बौद्धिक जीवन में समृद्धि हुई।"
पूछे गए प्रश्न का उत्तर हिंदी में प्रदान करें:,नियो-बैबिलोनियन साम्राज्य के मुख्य व्यापार मार्ग और वाणिज्यिक केंद्र क्या थे?,"नियो-बैबिलोनियन साम्राज्य ने मेसोपोटेमिया को एशिया माइनर, मिस्र, और लेवेंट के साथ जोड़ने वाले प्रमुख व्यापार मार्गों का नियंत्रण किया, जिसमें बाबिल, निप्पुर, ऊर, और लार्सा जैसे प्रमुख वाणिज्यिक केंद्र व्यापार, व्यापार, और सांस्कृतिक आदान-प्रदान के हब्स के रूप में कार्य किया।"
बताए गए सवाल का उत्तर हिंदी में दें।,नियो-बैबिलोनियन साम्राज्य ने वास्तुकला और नगर नियोजन के विकास में कैसे योगदान दिया?," नियो-बैबिलोनियन साम्राज्य ने नवाचारी वास्तुकला शैलियों और नगर नियोजन तकनिकों का विकास किया, महान इमारतें, शहरी दीवारें, और सिंचाई प्रणालियों का निर्माण किया, और नगर विकास को नियमित करने और नागरिक सुविधाओं को बढ़ावा देने के लिए जोनिंग नियमों को कार्यान्वित किया।"
Diye gaye prashn ka uttar Hindi mein dein:, नियो-बैबिलोनियन साम्राज्य की प्रमुख सांस्कृतिक और कलात्मक उपलब्धियाँ क्या थीं?,"नियो-बैबिलोनियन साम्राज्य ने अत्यंत प्रतिभासंगत सांस्कृतिक और कलात्मक ऊंचाइयों को प्राप्त किया, स्थल कला के अत्यंत अद्वितीय कार्य उत्पन्न किए, जैसे की प्रतिष्ठा की मूर्ति, सिलेंडर सील, और लैस की कला, साथ ही महान वास्तुकला, साहित्य, और धार्मिक चित्रलेखन जो बाबिल की सांस्कृतिक परिप्रेक्ष्य और रूपांतर को प्रदर्शित करते थे।"
Diye gaye sawaal ka jawab Hindi mein likhein:,प्राचीन मध्य पूर्व में नियो-बैबिलोनियन साम्राज्य ने धार्मिक धारणाओं और अभ्यासों पर कैसा प्रभाव डाला?,"नियो-बैबिलोनियन साम्राज्य ने मंदिरों, पुजारियों, और धार्मिक अनुष्ठानों का प्रायोजन करके धार्मिक धारणाओं और अभ्यासों पर प्रभाव डाला, साथ ही बाबिली धार्मिक मिथक, ब्रह्मांड विज्ञान, और धार्मिक चित्रलेखन का प्रसार, जो पड़ोसी संस्कृतियों और धर्म परंपराओं पर गहरा प्रभाव डाला।"
Diye gaye prashn ka samadhan Hindi mein prastut karein:,नियो-बैबिलोनियन साम्राज्य के पतन के क्या मुख्य कारण थे?,"नियो-बैबिलोनियन साम्राज्य के पतन का कारण अंतर्नालिक राजनीतिक अस्थिरता, पर्शियन शक्तियों द्वारा साइरस द महान के तहत बाहरी आक्रमण, आर्थिक संकट, और सामाजिक अशांति जैसे कारण थे, जो बाबिल की शक्ति को कमजोर कर दिया और अंततः इसके विजय और विघटन का कारण बना।"
Pooche gaye prashn ka uttar Hindi mein pradaan karein:,नियो-बैबिलोनियन साम्राज्य ने कृषि तकनीकों और सिंचाई प्रणालियों के विकास में कैसे योगदान दिया?,"नियो-बैबिलोनियन साम्राज्य ने फसल की उत्पादन को बढ़ाने और खाद्य सुरक्षा सुनिश्चित करने के लिए उन्नत कृषि तकनीकों और सिंचाई प्रणालियों का विकास किया, जिसमें नहरों, बांधों, और जलाशयों का निर्माण और फसल चक्र की तकनीक के अनुप्रयोग शामिल था।"
Bataye gaye sawaal ka jawab Hindi mein dein:,नियो-बैबिलोनियन साम्राज्य के प्रमुख सांस्कृतिक और बौद्धिक केंद्र क्या थे?," नियो-बैबिलोनियन साम्राज्य के मुख्य सांस्कृतिक औरबौद्धिक केंद्र बाबिल, ऊरूक, निप्पुर, और ऊर आदि थे, जो विद्यार्थियों, लेखकों, और कलाकारों के लिए विद्या, धार्मिक अध्ययन, वैज्ञानिक अन्वेषण, और कला नवाचार के लिए केंद्र हुए।"
Answer the given question in Hindi:,नियो-बैबिलोनियन साम्राज्य ने प्राचीन मध्य पूर्व में व्यापार और वाणिज्य के विकास में कैसे योगदान दिया?,"नियो-बैबिलोनियन साम्राज्य ने प्रमुख व्यापार मार्गों के साथ अपनी रणनीतिक स्थिति के माध्यम से व्यापार और वाणिज्य को प्रोत्साहित किया, वाणिज्यिक समझौतों और साझेदारियों की स्थापना की, और एक स्थिर और समृद्ध आर्थिक वातावरण का निर्माण किया, जो वाणिज्यिक गतिविधियों और अंतर्राष्ट्रीय विनिमय के लिए अनुकूल था।"
Write your answer to the question in Hindi:,नियो-बैबिलोनियन साम्राज्य द्वारा संचालित प्रमुख सांस्कृतिक अदलाबदल और आंतरिक्रियाएँ क्या थीं?,"नियो-बैबिलोनियन साम्राज्य ने व्यापार, कूटनीति, और विजय के माध्यम से सांस्कृतिक अदलाबदल और आंतरिक्रियाएँ को सुगम बनाया, जिससे विविध सांस्कृतिक परंपराओं, भाषाओं, धर्मों, और कला शैलियों का मिलन हुआ, और मेसोपोटेमिया और उसके परे में विश्वसामाजिक और बहुसांस्कृतिक समाज का उद्भव हुआ।"
Provide a response to the given query in Hindi:,नियो-बैबिलोनियन साम्राज्य ने प्राचीन पाठ्यक्रमों और साहित्यिक कार्यों के संरक्षण और अनुवाद में कैसा योगदान दिया?,"नियो-बैबिलोनियन साम्राज्य ने राजकीय पुस्तकालयों, लेखकों, और विद्वानों की स्थापना की, जहां लेखक और विद्वान ने प्राचीन हस्तलिखित पाठ्यक्रमों की प्रतिलिपि, संपादन, और अनुवाद किया, जिससे उनका संरक्षण और भविष्य की पीढ़ियों के लिए प्रसार हुआ।"
Answer the question in Hindi language:,नियो-बैबिलोनियन साम्राज्य ने वैज्ञानिक ज्ञान और प्रौद्योगिकी नवोत्थान में कैसा योगदान दिया?,"नियो-बैबिलोनियन साम्राज्य ने खगोलशास्त्र, गणित, चिकित्सा, और इंजीनियरिंग का समर्थन करके वैज्ञानिक ज्ञान और प्रौद्योगिकी नवोत्थान में महत्वपूर्ण योगदान किया, जिससे चमकीले आकाशीय अवलोकन, गणितीय हिसाब, फार्मेसी, और वास्तुकला डिज़ाइन जैसे क्षेत्रों में अग्रिमता हासिल हुई।"
Reply to the asked question in Hindi:,नियो-बैबिलोनियन साम्राज्य ने धार्मिक प्रतिमाओं और प्रतीकताओं के विकास में कैसा योगदान दिया?,"नियो-बैबिलोनियन साम्राज्य ने मंदिर निर्माण, देवी-देवताओं के पूजा-पाठ, और धार्मिक अनुष्ठानों के प्रायोजन पर धार्मिक प्रतिमाओं और प्रतीकताओं के विकास में योगदान किया, साथ ही देवी-देवताओं, और पौराणिक प्राणियों को दिखाती मूर्तियों, स्थम्भों, और मुहरों के निर्माण में भी योगदान किया।"
दिए गए प्रश्न का उत्तर हिंदी में दें:, नियो-बैबिलोनियन साम्राज्य द्वारा अनुसरित प्रमुख धार्मिक त्योहार और आयोजित अनुष्ठान क्या थे?,"नियो-बैबिलोनियन साम्राज्य ने पूरे साल भर विभिन्न धार्मिक त्योहार और अनुष्ठान मनाये, जिनमें मार्दुक, इश्तार, और नबू जैसे देवताओं की पूजा की जाती थी। इन त्योहारों में आकीतु त्योहार शामिल था, जो नए साल और ब्रह्मांडीय क्रम की पुनर्नवीनीकरण को समर्पित था, और जगमुक त्योहार, जो मार्दुक की अधिकार से बचाव की जीत की यात्रा को स्मरण करता था।"
दिए गए सवाल का जवाब हिंदी में लिखें:,नियो-बैबिलोनियन साम्राज्य ने कानूनी संहिताओं और न्यायिक प्रणालियों के विकास में कैसा योगदान दिया?,"नियो-बैबिलोनियन साम्राज्य ने हम्मूराबी के प्रसिद्ध कानून संहिता जैसे कानूनी संहिताओं को संगठित और मानकीकृत किया, जो सामाजिक आचरण, सम्पत्ति के अधिकार, और न्यायिक प्रक्रियाओं को विनियमित करते थे। ये कानूनी संहिताएँ विवादों को सुलझाने, न्याय व्यवस्था का प्रबंधन करने, और साम्राज्य के भरोसेमंद रखने के लिए एक ढांचा प्रदान करती थीं।"
दिए गए प्रश्न का समाधान हिंदी में प्रस्तुत करें:,नियो-बैबिलोनियन साम्राज्य के प्रमुख वास्तुकला उपलब्धियाँ क्या थीं?,"नियो-बैबिलोनियन साम्राज्य ने विशालकाय जिग्गुराट, मंदिर, महल, और सुरक्षात्मक दीवारों का निर्माण किया, जैसे की बाबिल, बोरसिप्पा, और ऊर शहरों में, जो साम्राज्य की इंजीनियरिंग क्षमता, कला की बुद्धिमत्ता, और शहरी योजना की कौशल का प्रदर्शन करती थीं।"
पूछे गए प्रश्न का उत्तर हिंदी में प्रदान करें:,नियो-बैबिलोनियन साम्राज्य ने प्राचीन मध्य पूर्व के धार्मिक परिदृश्य को कैसे प्रभावित किया?,"नियो-बैबिलोनियन साम्राज्य ने बाबिलोनियन धार्मिक परंपराओं, पूजा विधियों, और पौराणिक विश्वासों के प्रसार के माध्यम से प्राचीन मध्य पूर्व के धार्मिक परिदृश्य को गहरा प्रभावित किया, जो क्षेत्र में फैले और पड़ोसी संस्कृतियों और धर्मों पर प्रभाव डाले।"
बताए गए सवाल का उत्तर हिंदी में दें।,नियो-बैबिलोनियन साम्राज्य ने राजनीतिक स्थिरता और सामाजिक व्यवस्था कैसे बनाई रखी?," नियो-बैबिलोनियन साम्राज्य ने केंद्रीय शासन, प्रभावी प्रशासन, और बलपूर्वक नियंत्रण के संयुक्त योजना के माध्यम से राजनीतिक स्थिरता और सामाजिक व्यवस्था का अनुशासन किया, जिसमें सैन्य बल, प्रशासनिक संस्थानों, और धार्मिक प्रोपैगेंडा का उपयोग करके प्राधिकार को स्थापित और विरोध को दबाया गया।"
Diye gaye prashn ka uttar Hindi mein dein:,नियो-बैबिलोनियन साम्राज्य ने समुद्री व्यापार और जल-मार्ग विकास में कैसा योगदान दिया?,"नियो-बैबिलोनियन साम्राज्य ने प्रमुख जलमार्गों जैसे की यूफ़्रेटीज़ और टाइग्रिस नदियों, साथ ही पर्सियन खाड़ी के नियंत्रण के माध्यम से समुद्री व्यापार और जल-मार्ग को बढ़ावा दिया, जिससे मेसोपोटामिया और समुद्री सभ्यताओं के बीच वस्तुओं, विचारों, और सांस्कृतिक प्रभावों का आपसी विनिमय सुनिश्चित होता था।"
Diye gaye sawaal ka jawab Hindi mein likhein:,नियो-बैबिलोनियन साम्राज्य ने साक्षरता और शिक्षा के प्रसार में कैसा योगदान दिया?,"नियो-बैबिलोनियन साम्राज्य ने स्कूल, पुस्तकालय, और लेखक अकादमियों की स्थापना के माध्यम से साक्षरता और शिक्षा का प्रचार किया, जहां लेखक और विद्वान पढ़ाई, लेखन, और अंकगणित का प्रशिक्षण प्राप्त करते थे, और पुराने पाठ्यपुस्तकों, कानूनी संहिताओं, और वैज्ञानिक प्रबंधों का अध्ययन करते थे।"
Diye gaye prashn ka samadhan Hindi mein prastut karein:,नियो-बैबिलोनियन साम्राज्य ने कृषि अभ्यासों और सिंचाई तकनीकों का कैसे उपयोग किया?,"नियो-बैबिलोनियन साम्राज्य ने कृषि उत्पादन को अधिकतम करने और खाद्य सुरक्षा सुनिश्चित करने के लिए एक्सप्रेसिव कृषि और सिंचाई तकनीकों का उपयोग किया, जिसमें नहरों, ऐक्वेडक्ट्स, और सिंचाई खाद्यानों को पर्याप्त पानी सुनिश्चित करने के लिए प्रयुक्त किया गया, और बार्ली, गेहूं, और खजूर जैसी मुख्य फसलों के उत्पादन को बढ़ाया गया।"
Pooche gaye prashn ka uttar Hindi mein pradaan karein:,नियो-बैबिलोनियन साम्राज्य ने कृष्ण रिश्तों और अंतरराष्ट्रीय राजनीति के विकास में कैसा योगदान दिया?,"नियो-बैबिलोनियन साम्राज्य ने प्रामाणिक समझौतों, गठबंधनों, और अंतर्राष्ट्रीय राजनीतिक आयोजनों के माध्यम से कृत्रिम संबंद्धित संबंधों और शान्तिपूर्ण सहयोग को प्रोत्साहित किया, साथ ही राजदूतावास, कॉन्सुलेट्स, और व्यापार मिशन्स की स्थापना की गई, जिससे साथी सहयोग और शांति प्रवृत्ति को बढ़ावा मिला।"
Bataye gaye sawaal ka jawab Hindi mein dein:,नियो-बैबिलोनियन साम्राज्य की मुख्य सांस्कृतिक और कलात्मक प्रभाव?,"नियो-बैबिलोनियन साम्राज्य की मुख्य सांस्कृतिक और कलात्मक प्रभावों में उसकी वास्तुकला की उपलब्धियाँ, साहित्यिक कृतियाँ, धार्मिक प्रतिष्ठाओं, और वैज्ञानिक ज्ञान शामिल हैं, जो पड़ोसी क्षेत्रों और भविष्य की पीढ़ियों तक पहुंचे, मध्य पूर्व की सांस्कृतिक विरासत को आकार देने में महत्वपूर्ण भूमिका निभाई।"
Answer the given question in Hindi:,नियो-बैबिलोनियन साम्राज्य ने धातुरूपीय विज्ञान और धातुकर्म में कैसे योगदान दिया?,"नियो-बैबिलोनियन साम्राज्य ने धातुरूपीय विज्ञान और धातुकर्म में महत्वपूर्ण प्रगति की, जिसमें तांबे, कांस्य, और लोहे जैसी धातुओं को पिघलाना, मिश्रण करना, और ढलाना शामिल था, जो उपकरण, शस्त्र, आभूषण, और कलात्मक और उपयोगी वस्तुओं का निर्माण करने के लिए प्रयोग किए जाते थे।"
Write your answer to the question in Hindi:,नियो-बैबिलोनियन कला और वास्तुकला के प्रमुख कलात्मक और विषय क्या थे?,"नियो-बैबिलोनियन कला और वास्तुकला के प्रमुख कलात्मक और विषय में देवताओं, देवीयों, पौराणिक प्राणियों, और राजवंशीय आदिवासियों की चित्रण, साथ ही धार्मिक अनुष्ठानों, शिकार अभियानों, और युद्ध जीतों की घटनाओं को शामिल किया गया, जो साम्राज्य भर में मंदिर, महल, और सार्वजनिक स्मारकों को सजाते थे।"
Provide a response to the given query in Hindi:,नियो-बैबिलोनियन साम्राज्य ने नगरीकरण और नगर योजना के विकास में कैसा योगदान दिया?,"नियो-बैबिलोनियन साम्राज्य ने नगरीकरण और नगर योजना को बढ़ावा दिया, जिसमें अच्छी योजना वाले शहरों का निर्माण किया गया, जिनमें व्यवस्थित सड़क कार्यक्रम, सार्वजनिक मैदान, और केंद्रीकृत बुनियादी संरचनाएँ थीं, साथ ही मंदिर, बाजार, और प्रशासनिक भवनों के विकास का काम किया गया, जो सामाजिक एकता और आर्थिक समृद्धि को प्रोत्साहितकरता था।"
Answer the question in Hindi language:,नियो-बैबिलोनियन साम्राज्य की प्रमुख भाषात्मक और साहित्यिक उपलब्धियाँ क्या थीं?,"नियो-बैबिलोनियन साम्राज्य की प्रमुख भाषात्मक और साहित्यिक उपलब्धियों में क्यूनिफ़ोर्म लिपि में साहित्यिक पाठों, कानूनी दस्तावेज़ों, और प्रशासनिक रिकॉर्ड्स का संकलन शामिल था, साथ ही प्राचीन सुमेरी और अक्कदियन पाठ्यक्रमों के संरक्षण और अनुवाद भी, जो साम्राज्य और उसके परे की मेसोपोटामियन संस्कृति और साहित्य की स्थिरता और विस्तार में मदद करते थे।"
Reply to the asked question in Hindi:,मैराथन की लड़ाई का महत्व क्या था?,"मैराथन की लड़ाई एथेंस की बड़ी जीत थी जिसमें पर्शियन साम्राज्य पर, एथेंस की मराठे को मजबूत किया और ग्रीक स्वतंत्रता को संरक्षित रखा।"
दिए गए प्रश्न का उत्तर हिंदी में दें:,पेरिक्लीज कौन थे और उनकी एथेंसी इतिहास में क्या भूमिका थी?,"पेरिक्लीज एक प्रमुख राजनेता और सेनापति थे जो एथेंस में शहर की सोने की युग का प्रशासन किया, जिसमें पार्थेनोन का निर्माण और एथेंसी लोकतंत्र का विस्तार शामिल था।"
दिए गए सवाल का जवाब हिंदी में लिखें:,सोक्रेटीज़ कौन थे और उनका दर्शन योगदान क्या था?," सोक्रेटीज़ पश्चिमी दर्शन के मौलिक आधार थे, जिन्हें उनके प्रश्नों के तरीके (सोक्रेटी विधि) और नैतिकता और ज्ञान के क्षेत्र में उनके योगदान के लिए जाना जाता है।"
दिए गए प्रश्न का समाधान हिंदी में प्रस्तुत करें:,प्लेटो के दर्शन में कितना महत्व था दर्शन के इतिहास में?,"प्लेटो सोक्रेटेस के चेले और एक दार्शनिक थे जिन्होंने एकेडेमी की स्थापना की थी। उनके संवाद अंतर्मध्य, नैतिकता, और राजनीतिक दर्शन को छानते थे, जो पश्चिमी विचार को प्रभावित किया।"
पूछे गए प्रश्न का उत्तर हिंदी में प्रदान करें:,अरिस्टोटल कौन थे और उनके प्रमुख योगदान क्या थे?,"अरिस्टोटल प्लेटो के छात्र और एक विविध विचारक थे जिनके काम तर्क, जीवविज्ञान, नैतिकता, राजनीति, और अद्वैतवाद जैसे विभिन्न क्षेत्रों को कवर किया। उन्होंने पश्चिमी बौद्धिक परंपरा को आकार दिया।"
बताए गए सवाल का उत्तर हिंदी में दें।, हैनिबाल बार्का कौन थे और उनका क्या उल्लेखनीय काम था?,"हैनिबाल बार्का एक कार्थेजिनी सेना कमांडर थे जिन्हें उनके साहसी युद्ध तथ्यों के लिए जाना जाता है, जैसे कि उनकी हाथी सहित आप्सी संघर्ष के दौरान अल्पसंख्यकों का पार करना।"
Diye gaye prashn ka uttar Hindi mein dein:, क्लियोपेट्रा VII कौन थीं और उनका ऐतिहासिक महत्व क्या था?,"क्लियोपेट्रा VII मिस्र के पटोलमाईक राज्य की आखिरी सक्रिय शासक थीं, जिन्हें जूलियस सीज़र और मार्क एंटनी के साथ उनके संबंधों के लिए जाना जाता है, और उनकी भूमिका रोमी गणराज्य के अंतिम युद्ध में।"
Diye gaye sawaal ka jawab Hindi mein likhein:,बूडिका कौन थीं और उन्होंने क्या किया?," बूडिका एक केल्टिक रानी थीं जो ब्रिटेन में रोमी शासन के खिलाफ मुख्य विद्रोह की अगुआई की, उनकी भयानक प्रतिरोध और रोमी सेना के खिलाफ केल्टिक जातियों के मोबादिल करने के लिए प्रसिद्ध हैं।"
Diye gaye prashn ka samadhan Hindi mein prastut karein:, जूलियो-क्लौडियन वंश के लिए क्या प्रसिद्ध है?,"जूलियो-क्लौडियन वंश एक पंक्ति रोमी सम्राटों की थी जिसमें आगस्तस, टिबेरियस, कालिगुला, क्लॉडियस, और नेरो शामिल थे, जो रोमी गणराज्य से रोमी साम्राज्य की ओर स्थायी रूप से परिणामों के माध्यम से संकेत करते हैं।"
Pooche gaye prashn ka uttar Hindi mein pradaan karein:, रोम की महान आग और यह कब हुई?,"रोम की महान आग एक भयानक आग थी जो 64 सी.ई. में रोम को नाश कर दिया, जिससे व्यापक नुकसान हुआ और नीरो के अनुसार रोम जलते समय वाद्य बजाने का आरोप लगाया गया।"
Bataye gaye sawaal ka jawab Hindi mein dein:,चौ राजवंश के बारे में क्या जाना जाता था?,"चौ राजवंश को चीनी इतिहास में सबसे लंबे समय तक चलने वाले राजवंश के रूप में जाना जाता था, जो सामंतवाद, स्वर्ग का अधिकार, और महत्वपूर्ण दार्शनिक विकासों के साथ था।"
Answer the given question in Hindi:,चौ राजवंश ने चीन को कब शासन किया?,चौ राजवंश ने लगभग 1046 ईसा पूर्व से 256 ईसा पूर्व तक चीन को शासन किया।
Write your answer to the question in Hindi:,चीनी इतिहास में स्वर्ग का अधिकार क्या है?," स्वर्ग का अधिकार प्राचीन चीन में एक राजनीतिक सिद्धांत था जो सम्राट के शासन को यथार्थ करने के लिए उपयोग किया जाता था, यहाँ तक कि निर्धारित किया गया कि राजा भगवानी स्वीकृति द्वारा चुना गया था और अयोग्य राज्य करने के लिए स्वर्ग को खो सकता था।"
Provide a response to the given query in Hindi:,कौन थे कन्फ़्यूशियस और वह चौ राजवंश के दौरान क्या सिखाते थे?," कन्फ़्यूशियस एक चीनी दार्शनिक थे जो चौ राजवंश के दौरान जीते थे और उन्होंने नैतिक और नैतिक सिद्धांतों को सिखाया, जिसमें पुत्रशुश्रुता, वफादारी, और सामाजिक समरसता को बल प्रदान किया गया।"
Answer the question in Hindi language:,चौ राजवंश के दौरान मुख्य दार्शनिक विकास क्या था?,"चौ राजवंश में कन्फ़्यूशियनवाद, दाओवाद, और यानि नीतिवाद जैसे प्रभावशाली दार्शनिक संस्थानों का उदय हुआ, जो शासन, नैतिकता, और वास्तविकता के स्वरूप पर भिन्न-भिन्न दृष्टिकोण प्रस्तुत करते थे।"
Reply to the asked question in Hindi:,चौ राजवंश के दौरान सम्प्रदाय कैसे कार्य किया?,"चौ राजवंश के दौरान सम्प्रदाय एक वितरित प्रशासन की प्रणाली के साथ संबंधित था, जिसमें शक्ति और भूमि को साम्राज्यिक अधिकार मानने वाले सम्राट के केंद्रीय प्राधिकरण के लिए प्रतिश्रुष्टि की गई।"
दिए गए प्रश्न का उत्तर हिंदी में दें:,चौ राजवंश का क्षय क्या लाया?,"चौ राजवंश का क्षय आंतरिक संघर्ष, बाह्य आक्रमण, और केन्द्रीय प्राधिकरण की कमजोरी के कारण हुआ, जिसने युद्धरत अवस्था को आगे बढ़ाया।"
दिए गए सवाल का जवाब हिंदी में लिखें:,चीनी इतिहास में युद्धरत अवस्था का क्या महत्व था?,"युद्धरत अवस्था चीनी इतिहास में प्राचीन चीन के राज्यों के बीच तीव्र युद्ध और राजनीतिक फ्रैगमेंटेशन का समय था, जो आखिरकार चिन के चिनी वंश के एकीकरण की ओर बढ़ गया।"
दिए गए प्रश्न का समाधान हिंदी में प्रस्तुत करें:,युद्धरत अवस्था ने चीनी समाज और संस्कृति पर कैसा प्रभाव डाला?,"युद्धरत अवस्था ने सैन्य प्रौद्योगिकी, दार्शनिकता, और प्रशासन में विकास को प्रोत्साहित किया, जिससे चीनी साम्राज्यिक राज्य का निर्माण हुआ और प्राचीन चीन के सांस्कृतिक परिदृश्य को आकार दिया।"
पूछे गए प्रश्न का उत्तर हिंदी में प्रदान करें:,सुन त्सु कौन थे और उनका युद्धरत अवस्था के दौरान क्या योगदान था?,"सुन त्सु एक सैन्य रणनीतिकज्ञ और दार्शनिक थे जिन्होंने ""युद्ध की कला"" नामक एक रणनीति और विधाओं पर एक पुस्तक लिखी थी, जो आज भी सैन्य और व्यापार में प्रभावशाली है।"
बताए गए सवाल का उत्तर हिंदी में दें।,युद्धरत अवस्था के संघर्षों में मुख्य राज्य कौन-कौन थे?," युद्धरत अवस्था के संघर्षों में मुख्य राज्यों में से कई थे, जिनमें क्यूइन, चू, क्यूआई, यान, हान, ज़ाओ, वे, और क्यूआई शामिल थे, जो शासन की प्रमुखता और क्षेत्रीय नियंत्रण के लिए प्रतिस्पर्धा कर रहे थे।"
Diye gaye prashn ka uttar Hindi mein dein:,युद्धरत अवस्था के दौरान शासन पर कैसा प्रभाव हुआ?,"युद्धरत अवस्था के दौरान शासन को स्ट्रिक कानून, केंद्रीय नियंत्रण, और कठोर सजा को बनाए रखने के लिए महत्त्व दिया गया था, जो शासन को बलवान बनाने में मदद की।"
Diye gaye sawaal ka jawab Hindi mein likhein:,युद्धरत अवस्था के दौरान कूटनीति किस भूमिका निभाई?,"युद्धरत अवस्था के दौरान कूटनीति गठबंधनों, संधियों, और राजनीतिक मिशनों में शामिल होती थी, जिनका उद्देश्य सैन्य समर्थन, खुफिया सूचना, और स्ट्रेटेजिक लाभ प्राप्त करना था।"
Diye gaye prashn ka samadhan Hindi mein prastut karein:,युद्धरत अवस्था के दौरान मुख्य सैन्य नवाचार क्या थे?,"युद्धरत अवस्था में आयोजित नवाचारों में लोहे की सशस्त्र, क्रॉसबो, घुड़सवारी के तरीके, और किले आदि का विकास हुआ, जो सैन्य रणनीति और युद्ध के क्षेत्र में प्रगति के माध्यम से ले जाया।"
Pooche gaye prashn ka uttar Hindi mein pradaan karein:,युद्धकालीन राज्यों की कौन-सी प्रमुख सांस्कृतिक उपलब्धियाँ थीं?," युद्धकालीन राज्यों काल में साहित्य, दर्शन, कला, और संगीत में महत्वपूर्ण सांस्कृतिक उपलब्धियाँ हुईं, जिसमें क्लासिकल पाठों का रचनात्मक परिपाक, कांस्य ढालने का परिशुद्धीकरण, और क्लासिकल चीनी संगीत का विकास शामिल था।"
Bataye gaye sawaal ka jawab Hindi mein dein:,युद्धकालीन राज्यों काल में कृषि की क्या भूमिका थी?," युद्धकालीन राज्यों काल में अर्थव्यवस्था का आधार कृषि बनी रही, जिसमें लोहे के उपकरण और सिंचाई तकनीकों जैसी प्रौद्योगिकी की परिकल्पना ने कृषि उत्पादकता को सुधारा और शहरीकरण को समर्थन दिया।"
Answer the given question in Hindi:, युद्धकालीन राज्यों काल में प्रशासन को कौनसा प्रभाव था?,"प्रशासन में योग्यतावाद की धारणा, यानी पदाधिकारियों का प्रतिष्ठान और क्षमता पर आधारित चयन, युद्धकालीन राज्यों काल में प्रमुखता प्राप्त की, जिसने प्रशासनिक सुधार और सामाजिक चलन को समर्थन किया।"
Write your answer to the question in Hindi:,युद्धकालीन राज्यों काल में प्रमुख कलात्मक विकास क्या था?," युद्धकालीन राज्यों काल में कांस्य ढालने, सिरामिक, मोती की नक्काशी, और कॉलिग्राफी में कलात्मक विकास हुआ, जो विभिन्न राज्यों में क्षेत्रीय शैलियों और सांस्कृतिक विविधता को प्रतिबिंबित करता था।"
Provide a response to the given query in Hindi:,चौ वंश ने अपने शासन को कैसे वैध किया?,"चौ वंश ने अपने शासन को दिव्य स्वीकृति द्वारा चुने गए शासक और यदि वह अन्यायपूर्ण रूप से शासन करता था तो वह दिव्य स्वीकृति खो सकता था, इस प्रतिष्ठा के अवलोकन के माध्यम से वैध किया।"
Answer the question in Hindi language:,चौ वंश काल में कौन-कौन से महत्वपूर्ण व्यक्ति थे?," चौ वंश काल में चौफुसी (कोंगजी) और उनके शिष्य थे, जिन्होंने उनकी शिक्षाओं का विस्तार किया और समाज में नैतिक और धार्मिक मूल्यों को बढ़ावा देने का प्रयास किया।"
Reply to the asked question in Hindi:,चौ वंश ने भावी चीनी राजवंशों पर कैसा प्रभाव डाला?,"चौ वंश का राजनीतिक और दार्शनिक विरासत, जिसमें दिव्य स्वीकृति और कंफ्यूशियावाद की अवधारणा शामिल है, भावी चीनी राजवंशों पर धाराप्रवाह प्रभाव डाला, जिससे उनकी शासन और सांस्कृतिक मूल्यों का निर्माण हुआ।"
दिए गए प्रश्न का उत्तर हिंदी में दें:, चौ वंश के राजनीतिक संरचन के मुख्य पहलु क्या थे?,"चौ वंश का राजनीतिक संरचन जज्जरवाद के रूप में चरित्रित था, जिसमें सत्ता भूमंडलीय भूमिका निभाते थे जो राजा को वफादारी देते थे, जो राजधानी से शासन करते थे।"
दिए गए सवाल का जवाब हिंदी में लिखें:,चौ वंश के दाओवादी दार्शनिक कौन थे?,"चौ वंश के दाओवादी दार्शनिकों में लाओज़ी (लाओ त्जू) और झुआंगज़ी (च्वांग त्जू) शामिल थे, जिनकी रचनाएँ दाओ (मार्ग) और प्राकृतिक स्वाभाविकता के साथ सामंजस्य को जोर देती थीं।"
दिए गए प्रश्न का समाधान हिंदी में प्रस्तुत करें:,साहित्य और संस्कृति में चौ वंश की मुख्य उपलब्धियाँ क्या थीं?,"चौ वंश ने साहित्य और संस्कृति में महत्वपूर्ण उपलब्धियाँ की, जिसमें ""गीत की किताब"" (शीजिंग) और ""लेख की किताब"" (शुजिंग) का संग्रह और कांस्य ढालने और धार्मिक वस्त्रों का विकास शामिल था।"
पूछे गए प्रश्न का उत्तर हिंदी में प्रदान करें:,चौ वंश के दौरान प्रमुख तकनीकी उन्नतियाँ क्या थीं?,"चौ वंश में धातुरेखा, कृषि, और परिवहन में उन्नतियाँ देखी गईं, जिसमें लोहे के उपकरणों का व्यापक उपयोग, लोहे की हलों की पेशकश, और सड़क नेटवर्क और जल प्रबंधन में सुधार।"
बताए गए सवाल का उत्तर हिंदी में दें।,चौ वंश ने चीनी लेखन के विकास में कैसे योगदान दिया?,"चौ वंश ने लेखन के विकास में चीनी लेखन के मानकीकरण और ऐतिहासिक पाठों और साहित्यिक कामों का संग्रह करके योगदान दिया, जो क्लासिकल चीनी साहित्य की नींव रखता है।"
Diye gaye prashn ka uttar Hindi mein dein:,चौ वंश की पतन क्या कारणों से हुई?,"चौ वंश की पतन आंतरिक विवाद, बाहरी आक्रमण, और केंद्रीय प्राधिकरण की कमबल कमजोर होने के कारण हुई, खासकर पूर्वी चौ काल के अंतिम चरणों में, जिससे युद्धकालीन राज्यों काल और अंततः चीन के चिन वंश के अधीन एकीकृत होने का मार्ग खुला।"
Diye gaye sawaal ka jawab Hindi mein likhein:," वेद क्या हैं, और उनका संगठन कब हुआ था?","वेद हिन्दू धर्म के सबसे प्राचीन पवित्र पाठ्यक्रम हैं, जो लगभग 1500 - 500 ईसा पूर्व तक रचे गए थे।"
Diye gaye prashn ka samadhan Hindi mein prastut karein:, हिंदू धर्म में वेदों का महत्व क्या है?, वेद हिन्दू धर्म के मौलिक पाठ्यक्रम के रूप में बड़े धार्मिक और सांस्कृतिक महत्व रखते हैं।
Pooche gaye prashn ka uttar Hindi mein pradaan karein:,प्राचीन भारत में जाति व्यवस्था का विकास कब हुआ?,"वर्ण व्यवस्था का विकास वेदिक काल के दौरान हुआ, लगभग 1500 - 500 ईसा पूर्व।"
Bataye gaye sawaal ka jawab Hindi mein dein:, वेदिक काल में जाति व्यवस्था कैसे विकसित हुई?,"वर्ण व्यवस्था प्रारंभिक वेदिक समाज के दौरान एक श्रेणीबद्ध सामाजिक संरचना के रूप में विकसित हुई, जिसमें ब्राह्मण, क्षत्रिय, वैश्य, और शूद्र थे।"
Answer the given question in Hindi:,प्रारंभिक वेदिक समाज में विभिन्न जातियों की भूमिकाएँ क्या थीं?," ब्राह्मण पुरोहित और विद्वान थे, क्षत्रिय योद्धा और शासक थे, वैश्य व्यापारी और किसान थे, और शूद्र श्रमिक और सेवा प्रदाता थे।"
Write your answer to the question in Hindi:,वेदिक काल में समाज संगठन कैसा था?,"प्रारंभिक वेदिक समाज एक कठोर जाति व्यवस्था के साथ संगठित था, जिसमें सामाजिक भूमिकाएँ और व्यवसाय जन्म के आधार पर निर्धारित होते थे।"
Provide a response to the given query in Hindi:,भारतीय उपमहाद्वीप में इंडो-आर्यन जनजातियों के प्रवास के किन कारकों ने योगदान दिया?,"जैसे-जैसे पर्यावरणीय परिवर्तन, जनसंख्या दबाव, और संभवतः अन्य समूहों के साथ संघर्ष इंडो-आर्यन जनजातियों के प्रवास में योगदान किया।"
Answer the question in Hindi language:, इंडो-आर्यन जनजातियों के प्रवास का भारतीय उपमहाद्वीप की स्थानीय संस्कृतियों पर कैसा प्रभाव पड़ा?," इंडो-आर्यन जनजातियों के प्रवास से स्थानीय संस्कृतियों के साथ सांगतिकरण और संश्लेषण हुआ, जिससे भारतीय उपमहाद्वीप के प्रारंभिक सभ्यता का निर्माण हुआ।"
Reply to the asked question in Hindi:,इंडो-आर्यन जनजातियों ने प्रवास के दौरान कौन-कौन सी भाषाएँ बोली थीं?," इंडो-आर्यन जनजातियों की संभावित भाषाएँ संभावित भाषाएँ प्रारंभिक रूप में भाषाएँ बोली गई थीं, जो बाद में वेदों की भाषा संस्कृत के रूप में विकसित हुई।"
दिए गए प्रश्न का उत्तर हिंदी में दें:, वेदिक काल में मुख्य धार्मिक प्रथाएँ क्या थीं?,"वेदिक काल में मुख्य धार्मिक प्रथाएँ रीति-रिवाज, यज्ञ, और वेदों में उल्लिखित विभिन्न देवताओं की पूजा थी।"
दिए गए सवाल का जवाब हिंदी में लिखें:,वेदिक काल के धार्मिक विश्वास और प्रथाओं ने बाद में हिन्दू धर्म पर कैसा प्रभाव डाला?,"वेदिक काल के बहुत से धार्मिक विश्वास और प्रथाएँ बाद में हिन्दू परंपराओं, रीति-रिवाजों, और दार्शनिक सिद्धांतों के आधार का निर्माण किया।"
दिए गए प्रश्न का समाधान हिंदी में प्रस्तुत करें:, वेदिक काल में भारतीय उपमहाद्वीप में इंडो-आर्यन जनजातियों के होने का प्रमाण कौनसे खुदाई सिद्ध करता है?,"मिट्टी के खुदाई, उपकरण, और बसेरे जैसे खुदाई सिद्ध करते हैं कि वेदिक काल के दौरान इंडो-आर्यन जनजातियों की उपस्थिति का प्रमाण है।"
पूछे गए प्रश्न का उत्तर हिंदी में प्रदान करें:,इंडो-आर्यन जनजातियों के प्रवास के दौरान क्या कोई महत्वपूर्ण संघर्ष या युद्ध हुए थे?," इंडो-आर्यन जनजातियों और स्थानीय लोगों के बीच प्रवास के दौरान संघर्ष के बारे में कुछ तर्क है, हालांकि विशेष विवरण अस्पष्ट हैं।"
बताए गए सवाल का उत्तर हिंदी में दें।,प्रारंभिक वेदिक समाज किस प्रकार पड़े पड़ोसी सभ्यताओं के साथ संवाद करता था?,"प्रारंभिक वेदिक समाज की संभावित बातचीतें, जैसे-कि व्यापार और सांस्कृतिक आदान-प्रदान, जैसे कि सिंधु घाटी सभ्यता जैसी पड़ोसी सभ्यताओं के साथ हो सकती हैं।"
Diye gaye prashn ka uttar Hindi mein dein:,वेदिक काल में मुख्य आर्थिक गतिविधियाँ क्या थीं?," वेदिक काल में कृषि, पशुपालन, और व्यापार मुख्य आर्थिक गतिविधियाँ थीं।"
Diye gaye sawaal ka jawab Hindi mein likhein:, वेदिक काल के साथ संबंधित कौन-सी प्रौद्योगिकी प्रगतियाँ या नवाचार हैं?," लोहे के औजार और रथों के प्रयोग जैसे नवाचार वेदिक काल के साथ जुड़े हैं, जो कृषि और युद्ध में प्रगतियों में योगदान करते हैं।"
Diye gaye prashn ka samadhan Hindi mein prastut karein:,प्रारंभिक वेदिक समाज में महिलाओं की भूमिकाएँ और स्थिति कैसे परिभाषित थीं?,प्रारंभिक वेदिक समाज में महिलाओं की सामंतवादी भूमिकाएँ थीं और वे मुख्य रूप से घरेलू कार्यों और बच्चों की देखभाल की जिम्मेदार थीं।
Pooche gaye prashn ka uttar Hindi mein pradaan karein:,प्रारंभिक वेदिक समाज में शासन के क्या प्रकार थे?," प्रारंभिक वेदिक समाज जाति या वंशवादित शासन के साथ चरणबद्ध था, जिसमें नायक या जनजाति के नेताओं ने प्राधिकार निभाया।"
Bataye gaye sawaal ka jawab Hindi mein dein:,वेदों के अलावा वेदिक काल में कौन-कौन से साहित्यिक कार्य सामने आए?,"वेदों के अलावा, वेदिक काल में अन्य महत्वपूर्ण साहित्यिक कार्य जैसे कि ब्राह्मण, आरण्यक, और उपनिषद् आए।"
Answer the given question in Hindi:,प्रारंभिक वेदिक समाज में धार्मिक रीति-रिवाज और यज्ञ सामाजिक एकता में कैसे योगदान करते थे?,धार्मिक रीति-रिवाज और यज्ञ प्रारंभिक वेदिक समाज में महत्वपूर्ण सामुदायिक गतिविधियों के रूप में थे जो प्रारंभिक वेदिक समाज में सामाजिक वर्गवाद और संघर्ष को मजबूत करते थे।
Write your answer to the question in Hindi:,उपनिषदों में चर्चित तात्विक विचार क्या थे?," उपनिषदों में अन्याय की प्रकृति (ब्रह्मन), आत्मा (आत्मा), और मोक्ष (मोक्ष) जैसे गहन तात्विक अवधारणाओं की खोज की गई।"
Provide a response to the given query in Hindi:,वेदिक काल के दौरान कर्म की अवधारणा कैसे विकसित हुई?,"वेदिक काल में कर्म की अवधारणा उत्पन्न होने लगी, जो एक व्यक्ति के कर्मों पर आधारित नैतिक कारण और परिणाम की विचारधारा को संकेत करती है।"
Answer the question in Hindi language:,वेदिक काल में कोई महत्वपूर्ण धार्मिक या तात्विक बहसें थीं क्या?,वेदिक काल में निश्चित रूप से विभिन्न धार्मिक और तात्विक विषयों पर विद्वानों और ऋषियों के बीच बहसें और चर्चाएं हुईं होंगी।
Reply to the asked question in Hindi:,वेदिक काल के दौरान नगरीकरण की उपस्थिति का क्या प्रमाण है?, प्रारंभिक नगरीकरण या प्रोटो-नगरी बसेरे के अस्तित्व की सीमित प्रमाणिकता सुझाव देती है जो बाद के वेदिक काल के दौरान दिखाई दिया।
दिए गए प्रश्न का उत्तर हिंदी में दें:,वेदिक विश्वदृष्टि ने प्रकृति और पर्यावरण की समाजीकता की दृष्टि को कैसे प्रभावित किया?,वेदिक विश्वदृष्टि ने प्रकृति को दिव्य माना और प्राकृतिक दुनिया के साथ सम्मिलित रहने के महत्व को बल दिया।
दिए गए सवाल का जवाब हिंदी में लिखें:,वेदिक काल में लोगों की आहार आदतें और खाद्य स्रोत क्या थे?," वेदिक काल में लोग मुख्य रूप से अनाज, दूध उत्पादों, फल, सब्जियां और कभी-कभी बलिदान के रिश्ते से आया मांस खाते थे।"
दिए गए प्रश्न का समाधान हिंदी में प्रस्तुत करें:,वेदिक लोग मृत्यु और परलोक को कैसे समझते थे?,वेदिक लोग मृत्यु और पुनर्जन्म (संसार) के चक्र में विश्वास रखते थे और मृतक के लिए एक अनुकूल परलोक की सुनिश्चिति के लिए यज्ञ करते थे।
पूछे गए प्रश्न का उत्तर हिंदी में प्रदान करें:, वेदिक काल के साथ किस प्रकार के वास्तुकला शैली या संरचनाएँ जुड़ी होती थीं?,"मंदिर, यज्ञ कुंड, और सरल आवास वेदिक काल के साथ जुड़े हुए कुछ वास्तुकला संरचनाएँ हैं।"
बताए गए सवाल का उत्तर हिंदी में दें।,प्रारंभिक वेदिक समाज में व्यापार और वाणिज्य की क्या भूमिका थी?,व्यापार और वाणिज्य का महत्व वस्तुओं की प्राप्ति और पड़ोसी क्षेत्रों के साथ सांस्कृतिक आदान-प्रदान को सुगम बनाने के लिए था।
Diye gaye prashn ka uttar Hindi mein dein:,वेदिक समाज में न्याय और विवाद समाधान के मुद्दों का सम्मान कैसे किया जाता था?,वेदिक समाज में न्याय और विवाद समाधान को आमतौर पर गाँव की सभाओं या समुदाय के बड़ों के माध्यम से सुलझाया जाता था।
Diye gaye sawaal ka jawab Hindi mein likhein:,वेदिक काल में मनोरंजन और फुर्सत की गतिविधियों के क्या रूप थे?,"वेदिक काल में मनोरंजन और फुर्सत की गतिविधियों में कहानियों का सुनना, संगीत, नृत्य, और विभिन्न आउटडोर खेल-कूद और खेल शामिल थे।"
Diye gaye prashn ka samadhan Hindi mein prastut karein:, वेदिक काल में धार्मिक बहुलता के अस्तित्व को संकेत करने वाला कौन सा प्रमाण है?,वेदिक पाठों में एक से अधिक देवी-देवताओं के उपस्थिति का अनुसरण धार्मिक बहुलता और संक्रियता का संकेत देता है।
Pooche gaye prashn ka uttar Hindi mein pradaan karein:,वेदिक समाज ने लिंग और लैंगिकता को कैसे समझा?,"वेदिक समाज ने पारंपरिक लिंग भूमिकाओं और मानकों का पालन किया, जहां पुरुषों को सामाजिक रूप से महत्वपूर्ण स्थान प्राप्त था, जबकि महिलाओं से घरेलू भूमिकाओं को पूरा करने की अपेक्षा की जाती थी।"
Bataye gaye sawaal ka jawab Hindi mein dein:,वेदिक काल में प्रमुख परिवहन के क्या तरीके थे?,"वेदिक काल में रथ, गाड़ी, और नावें प्रमुख परिवहन के तरीके थे, जो व्यापार, यात्रा, और सैन्य अभियानों को संभव बनाते थे।"
Answer the given question in Hindi:,वेदिक काल के संपत्ति का क्षीण होना प्राचीन भारत में आगामी ऐतिहासिक विकास की ओर कैसे रास्ता बनाता है?,"वेदिक काल की गिरावट ने अधिक केंद्रीय राज्यों की ओर संकेत दिया, नए धार्मिक और दार्शनिक आंदोलनों के उदय को संकेत दिया, और प्राचीन भारतीय इतिहास में ऐतिहासिक काव्य और क्लासिकल काल की शुरुआत की।"
Write your answer to the question in Hindi:,प्राचीन भारत में महाजनपद क्या थे?,"महाजनपद उन सोलह प्रमुख राज्यों को कहा जाता है जो प्राचीन भारत में लगभग 600 - 300 ईसा पूर्व में उत्पन्न हुए थे, जो क्षेत्र में एक महत्वपूर्ण राजनैतिक विकास का प्रतिनिधित्व करते थे।"
Provide a response to the given query in Hindi:,महाजनपद ने प्राचीन भारत के राजनैतिक परिदृश्य में कैसे योगदान दिया?,"महाजनपद एक अधिक जटिल राजनीतिक संरचना की ओर एक परिवर्तन का प्रतिनिधित्व करते थे, जिसमें विभिन्न राज्यों ने भारतीय उपमहाद्वीप पर शक्ति और प्रभुता के लिए प्रतिस्पर्धा की।"
Answer the question in Hindi language:,महाजनपदों के उदय में कौन-कौन से कारक कारण थे?,"पहले जनजाति समाजों की क्षीणता, कृषि के उन्नति, और व्यापार और वाणिज्य की वृद्धि जैसे कारक कारण महाजनपदों के उदय में सहायक रहे।"
Reply to the asked question in Hindi:, प्राचीन भारत में प्रारंभिक गणराज्यों की विशेषताएँ क्या थीं?,"प्राचीन भारत में प्रारंभिक गणराज्यों की विशेषता चुनिंदा प्रतिनिधियों की सभाओं या परिषदों पर आधारित शासन तंत्र था, जहां निर्णय समूह द्वारा संयुक्त रूप से लिया गया।"
दिए गए प्रश्न का उत्तर हिंदी में दें:,राजनैतिक राज्यों और गणराज्यों में कैसे अंतर था प्राचीन भारत में?,"प्राचीन भारत में राजनैतिक राज्य एकल शासक या राजा द्वारा शासित होते थे, जो राज्य पर केंद्रीकृत शक्ति और प्राधिकरण रखते थे, वहीं गणराज्यों में संघ के माध्यम से सामूहिक शासन था।"
दिए गए सवाल का जवाब हिंदी में लिखें:, इस अवधि के दौरान कुछ प्रमुख महाजनपद कौन-कौन से थे?,"कुछ प्रमुख महाजनपदों में मगध, कोसल, वृज्जी, कुरु, पंचाल, और अवंति शामिल थे।"
दिए गए प्रश्न का समाधान हिंदी में प्रस्तुत करें:, महाजनपदों के लिए मुख्य आय के स्रोत क्या थे?,"महाजनपदों के लिए मुख्य आय के स्रोत में कृषि, व्यापार, कर, और उपनियुक्त क्षेत्रों से दी जाने वाली चंदा शामिल थे।"
पूछे गए प्रश्न का उत्तर हिंदी में प्रदान करें:, नगरीय केंद्रों के उदय से महाजनपदों के विकास में कैसे योगदान हुआ?,"नगरीय केंद्र व्यापार, प्रशासन, और सांस्कृतिक आदान-प्रदान के लिए मुख्य केंद्र थे, जिससे महाजनपदों की आर्थिक और राजनीतिक समृद्धि में योगदान हुआ।"
बताए गए सवाल का उत्तर हिंदी में दें।,महाजनपदों की प्रशासनिक संरचनाओं की कैसी थी?,"महाजनपदों की प्रशासनिक संरचनाएँ विभिन्न थीं, कुछ में एकल अधिकारी द्वारा शासित होते थे जो केंद्रीकृत प्राधिकरण रखते थे, जबकि अन्यों में अधिक विसंगत प्रशासन सिस्टम था।"
Diye gaye prashn ka uttar Hindi mein dein:,महाजनपदों ने एक-दूसरे के साथ कैसे इंटरैक्ट किया?,"महाजनपद ने अपने क्षेत्र और प्रभाव को बढ़ाने के लिए वित्तीय संबंध, दूतावास, और अक्सर संघर्ष में संलग्न होकर एक-दूसरे के साथ संवाद किया।"
Diye gaye sawaal ka jawab Hindi mein likhein:,सांस्कृतिक और बौद्धिक उन्नतियों के क्षेत्र में महाजनपदों की प्रमुख उपलब्धियाँ क्या थीं?,"महाजनपदों में साहित्य, दर्शन, कला, और वास्तुकला जैसे क्षेत्रों में उन्नतियाँ देखी गईं, जो प्राचीन भारत की समृद्ध सांस्कृतिक विरासत में योगदान किया।"
Diye gaye prashn ka samadhan Hindi mein prastut karein:,महाजनपदों के समय में प्रमुख व्यापार मार्ग कौन-कौन से थे?,उत्तरपथ (उत्तरी मार्ग) और दक्षिणपथ (दक्षिणी मार्ग) जैसे व्यापार मार्ग महाजनपदों और पड़ोसी क्षेत्रों के बीच व्यापार को सुगम बनाते थे।
Pooche gaye prashn ka uttar Hindi mein pradaan karein:,महाजनपदों ने अपने क्षेत्रों के भीतर कानून और व्यवस्था का कैसे पालन किया?," महाजनपदों ने कानूनों का पालन राजकीय आदेश, न्यायिक परिषदों, और स्थानीय प्रशासनिक निकायों के संयुक्त प्रयासों के माध्यम से किया।"
Bataye gaye sawaal ka jawab Hindi mein dein:,महाजनपदों में रहने वाले लोगों के धार्मिक विश्वास और अभ्यास क्या थे?,"महाजनपदों का धार्मिक परिदृश्य विविध था, जहां लोग विभिन्न स्वदेशी धर्मों का अभ्यास करते थे, साथ ही प्राचीन हिन्दू धर्म, बौद्ध धर्म, और जैन धर्म के प्रारंभिक रूपों का अनुसरण किया गया।"
Answer the given question in Hindi:,महाजनपदों के अंदर प्रमुख सांस्कृतिक केंद्र कौन-कौन से थे?," राजगृह, वैशाली, तक्षशिला, और उज्जैन जैसे शहर महाजनपदों के अंदर मुख्य सांस्कृतिक केंद्र बने, जो विभिन्न पृष्ठभूमियों से विद्वानों, व्यापारियों, और कारीगरों को आकर्षित करते थे।"
Write your answer to the question in Hindi:,महाजनपदों ने भारतीय संस्कृति के प्रसार में कैसे योगदान दिया बाहर भारतीय उपमहाद्वीप के पार?,"महाजनपदों ने पड़ोसी क्षेत्रों के साथ सांस्कृतिक आदान-प्रदान को सुगम बनाने में महत्वपूर्ण भूमिका निभाई, जिससे भारतीय कला, धर्म, और दर्शन का प्रसार हुआ।"
Provide a response to the given query in Hindi:, महाजनपदों के शासकों द्वारा डिप्लोमेटिक रणनीतियाँ कौन-कौन सी थीं?,"राजकों द्वारा डिप्लोमेटिक रणनीतियों में विवाहित संबंध, संधि, और उपहार के विनिमय शामिल थे, जो राजनीतिक स्थिरता बनाए रखने और गठबंधन बनाने में सहायक थे।"
Answer the question in Hindi language:,कुछ महाजनपदों के पतन कैसे नए उदय के लिए रास्ता साफ कर दिया?,"कुछ महाजनपदों के पतन ने पड़ोसी राज्यों द्वारा शक्ति रिक्त स्थानों का उपयोग किया, जिससे नए राजनीतिक एकाइयों का उदय हुआ और भूगोलीय परिदृश्य को नया आकार दिया।"
Reply to the asked question in Hindi:,क्या महाजनपदों के बीच कोई महत्वपूर्ण संघर्ष या युद्ध हुए थे?,"हां, महाजनपदों के बीच संघरष और युद्ध असंगतता कुछ नये और पुराने राज्यों के बीच आम थे, जैसे कि संघर्ष उन्नति, सामरिक अभियान, और शक्ति का प्रदर्शन के लिए।"
दिए गए प्रश्न का उत्तर हिंदी में दें:,व्यापार और वाणिज्य को बढ़ावा देने के लिए महाजनपदों के शासकों द्वारा अपनाए गए आर्थिक नीतियाँ क्या थीं?,"व्यापार को बढ़ावा देने और आर्थिक विकास को उत्तेजित करने के लिए महाजनपदों के शासकों द्वारा सड़कों, सिंचाई प्रणालियों, और बाजार विनियमन के जैसे आर्थिक नीतियों को कार्यान्वित किया गया।"
दिए गए सवाल का जवाब हिंदी में लिखें:,समय के साथ महाजनपदों का सामाजिक संरचन कैसे विकसित हुआ?,"समय के साथ, नए आर्थिक वर्गों का उदय होने के साथ-साथ, परंपरागत सामाजिक श्रेणियों का विकास हुआ, जैसे कि व्यापारी और कारीगरों का।"
दिए गए प्रश्न का समाधान हिंदी में प्रस्तुत करें:, महाजनपदों के काल में प्रमुख साहित्यिक रचनाएँ कौन-कौन सी थीं?,"महाजनपदों के काल में जातक कथाएँ, बौद्ध ग्रंथ, और प्रारंभिक वैदिक ग्रंथ जैसी साहित्यिक रचनाएँ हुईं।"
पूछे गए प्रश्न का उत्तर हिंदी में प्रदान करें:,महाजनपदों ने प्राचीन भारत में प्रारंभिक लोकतांत्रिक आदर्शों के विकास में कैसे योगदान दिया?,"महाजनपदों में गठित गणराज्यों का उदय लोकतांत्रिक प्रशासन के प्रारंभिक उदाहरण प्रदान करता है, जहां नागरिकों की सहभागिता से निर्णय लिया जाता था।"
बताए गए सवाल का उत्तर हिंदी में दें।,महाजनपदों के अस्तित्व का कौन-सा पुरातात्विक साक्ष्य है?,"महाजनपदों के अस्तित्व का पुरातात्विक साक्ष्य खुदाई, सिक्के, पात्र, और शहरी शेष आदि जैसे पुरातात्विक खोजों से प्राप्त हुआ है।"
Diye gaye prashn ka uttar Hindi mein dein:, महाजनपदों के राजनीतिक कार्यों में धर्म की क्या भूमिका थी?,"महाजनपदों के राजनीतिक कार्यों में धर्म एक महत्वपूर्ण भूमिका निभाता था, जिसमें शासक साम्राजिक संस्थानों का पालन करते थे और अपनी अधिकारता को धार्मिक प्रतीकों से वैध करते थे।"
Diye gaye sawaal ka jawab Hindi mein likhein:,महाजनपदों ने प्रारंभिक भारतीय कला और वास्तुकला के विकास में कैसे योगदान दिया?," महाजनपदों ने मंदिरों, स्तूपों, और अन्य वास्तुकला के अद्वितीय कार्यों का संरक्षण किया, जो प्राचीन भारत की कला और वास्तुकला की उपलब्धियों को दिखाते थे।"
Diye gaye prashn ka samadhan Hindi mein prastut karein:, महाजनपदों के समय में उत्पन्न हुए मुख्य दार्शनिक विचारधाराएँ क्या थीं?,"महाजनपदों के समय में बौद्ध धर्म, जैन धर्म, और विभिन्न हिंदू दर्शनों की स्कूल उत्पन्न हुईं, जो जीवन, नैतिकता, और वास्तविकता के प्रति विविध दृष्टिकोण प्रस्तुत करती थीं।"
Pooche gaye prashn ka uttar Hindi mein pradaan karein:,महाजनपदों में महिलाओं का राजनीतिक और सामाजिक जीवन में कौन सा योगदान था?,"महाजनपदों में महिलाओं ने राजा, प्रशासक, और कला के प्रोत्साहक के रूप में विभिन्न भूमिकाएं निभाई, हालांकि उनकी राजनीतिक और सामाजिक जीवन में भागीदारी अक्सर परंपरागत लिंग नियमों और पितृसत्तात्मक संरचनाओं से सीमित रहती थी।"
Bataye gaye sawaal ka jawab Hindi mein dein:,महाजनपदों ने शिक्षण संस्थानों और शोध को कैसे फैलाया?,"महाजनपदों ने विश्वविद्यालयों और बौद्ध गुरुकुलों जैसे शिक्षण संस्थानों को प्रोत्साहित किया, जिससे दर्शन, विज्ञान, चिकित्सा, और साहित्य के क्षेत्र में शोध को प्रोत्साहित किया गया।"
Answer the given question in Hindi:,महाजनपदों के पतन के क्या मुख्य कारण थे?,"महाजनपदों के पतन को आंतरिक संघर्ष, बाह्य आक्रमण, आर्थिक अस्थिरता, और मौर्य और गुप्त वंशों जैसे केंद्रीय साम्राज्यों के उदय जैसे कारणों से प्रभावित किया गया।"
Write your answer to the question in Hindi:,"चंद्रगुप्त मौर्य कौन थे, और मौर्य वंश के उदय में उनका क्या योगदान था?","चंद्रगुप्त मौर्य मौर्य वंश के संस्थापक थे। उन्होंने सैन्य विजय और राजनीतिक चालबाज़ी के माध्यम से वंश की स्थापना की, जिससे प्राचीन भारत में सबसे महत्वपूर्ण साम्राज्यों में से एक का निर्माण हुआ।"
Provide a response to the given query in Hindi:,चंद्रगुप्त मौर्य के मुख्य विजय क्या-क्या थे?,चंद्रगुप्त मौर्य ने उत्तरी और मध्य भारत में विशाल साम्राज्य की विस्तार की। उन्होंने पूर्वी प्रदेशों में स्थित नंद वंश के पूर्व शासन क्षेत्रों को भी जीता।
Answer the question in Hindi language:,चंद्रगुप्त मौर्य ने अपने साम्राज्य को कैसे संचालित और प्रशासित किया?,चंद्रगुप्त मौर्य ने एक केंद्रीय प्रशासन स्थापित किया जिसमें शासकीय राजनीतिक नीतियों और प्रशासनिक व्यवस्था को संगठित किया गया। उन्होंने साम्राज्य को प्रांतों में बाँट दिया जिन्हें केंद्रीय प्राधिकृति द्वारा नियुक्त प्रशासकों के द्वारा प्रबंधित किया जाता था।
Reply to the asked question in Hindi:,चंद्रगुप्त मौर्य के शासनकाल में मौर्य साम्राज्य की प्रमुख विशेषताएँ क्या थीं?," चंद्रगुप्त मौर्य के शासनकाल में मौर्य साम्राज्य की प्रमुख विशेषताएँ उसकी विशाल सामरिक विस्तार, कुशल प्रशासन, और सामरिक शक्ति थीं।"
दिए गए प्रश्न का उत्तर हिंदी में दें:,चंद्रगुप्त मौर्य के प्रतियोगियों की उत्तर-पश्चिम में जीत कैसे मौर्य साम्राज्य को प्रभावित किया?,"चंद्रगुप्त मौर्य के प्रतियोगियों की जीत ने मौर्य साम्राज्य को हेलेनिस्टिक संस्कृति के साथ संपर्क में लाया, और दोनों क्षेत्रों के बीच सांस्कृतिक आदान-प्रदान और व्यापार को सुविधाजनक बनाया।"
दिए गए सवाल का जवाब हिंदी में लिखें:,चंद्रगुप्त मौर्य ने सेलुकसिड इम्पायर के साथ निपटने के लिए कौन-कौन सी कूटनीतिक रणनीतियाँ अपनाईं थीं?,चंद्रगुप्त मौर्य ने सेलुकसिड इम्पायर के साथ शांति बनाए रखने के लिए कूटनीतिक संधियों और विवाहों में भाग लिया। 'सेल्यूकस संधि' जैसे संधियों का संचयन ऐसे डिप्लोमेसी का उत्कृष्ट उदाहरण है।
दिए गए प्रश्न का समाधान हिंदी में प्रस्तुत करें:,"अशोक कौन थे, और मौर्य इतिहास में उनका महत्व क्या था?",अशोक मौर्य वंश के प्रसिद्ध शासकों में से एक थे। उनके शासन को उनके धर्म परिवर्तन और धम्म (धर्म) के सिद्धांतों को प्रोत्साहित करने के प्रयासों से चिह्नित किया जाता है।
पूछे गए प्रश्न का उत्तर हिंदी में प्रदान करें:,अशोक के बौद्ध धर्म को प्राप्त होने के पीछे क्या कारण थे?,"अशोक ने कालिंग युद्ध के दौरान जो पीड़ा को देखा, उससे उनके बौद्ध धर्म को अपनाने का प्रेरणा मिला। यह महत्वपूर्ण घटना उन्हें अहिंसा, करुणा, और नैतिक आचरण के बौद्ध सिद्धांतों को अपनाने की दिशा में प्रेरित किया।"
बताए गए सवाल का उत्तर हिंदी में दें।,अशोक ने अपने साम्राज्य में धम्म के सिद्धांतों को कैसे प्रोत्साहित किया?,"अशोक ने अपने साम्राज्य में धम्म के सिद्धांतों को पिल्लर और चट्टानों पर उकेरकर प्रसारित किया, जिससे नैतिक शिक्षा, नैतिक निर्देशिका, और सामाजिक कल्याण के उपाय फैलाए गए।"
Diye gaye prashn ka uttar Hindi mein dein:,अशोक के शासनकाल के प्रमुख उपलब्धियां क्या थीं?,"अशोक के शासनकाल की प्रमुख उपलब्धियों में धर्मनिरपेक्षता को बढ़ावा देना, व्यापक सार्वजनिक बुनियादी ढांचा निर्माण, और अपने प्रजाओं के कल्याण के लिए नीतियों की स्थापना शामिल हैं।"
Diye gaye sawaal ka jawab Hindi mein likhein:,अशोक ने अपने प्रजाओं के कल्याण के लिए कौन-कौन से प्रमुख सुधार किए थे?," अशोक के सुधारों में स्वास्थ्य सेवाओं को सुधारनेशामिल हैं, धार्मिक और सांस्कृतिक विविधता का समर्थन, और सामाजिक सद्भाव और न्याय को बढ़ावा देने के लिए पहल।"
Diye gaye prashn ka samadhan Hindi mein prastut karein:,अशोक की नीतियाँ बौद्ध तत्त्वों को कैसे प्रतिबिम्बित करती थीं?,"अशोक की नीतियाँ, जो बौद्ध तत्त्वों से प्रेरित थीं, करुणा, सहिष्णुता, और अहिंसा को जोर देती थीं, जिसका उद्देश्य एक नैतिक और मानवीय समाज बनाना था।"
Pooche gaye prashn ka uttar Hindi mein pradaan karein:,अशोक के स्तम्भों का महत्व क्या था?,"अशोक के स्तम्भ उनकी अधिसूचनाओं के संकेतक रूप में कार्य करते थे, जिनमें उनके शिक्षाओं और धर्म के सिद्धांतों का उल्लेख होता था। वे अशोक की नैतिक शासन और सामाजिक कल्याण के प्रति उनकी प्रतिबद्धता का प्रतीक हैं।"
Bataye gaye sawaal ka jawab Hindi mein dein:,अशोक के शासन का बौद्ध धर्म को भारतीय उपमहाद्वीप के बाहर फैलाने पर क्या प्रभाव पड़ा?,"अशोक का बौद्ध धर्म के प्रायोगिकता और प्रोत्साहन ने उसे विभिन्न भागों में फैलने में महत्वपूर्ण भूमिका निभाई, जैसे कि श्रीलंका, दक्षिण-पूर्व एशिया, और मध्य एशिया।"
Answer the given question in Hindi:," अशोक के प्रमुख अधिसूचनाएं क्या थीं, और वे उसके शासन के बारे में क्या जाहिर करती थीं?","अशोक की प्रमुख अधिसूचनाएँ, सारे साम्राज्य में पाई जाती थीं, उनके शासन, धार्मिक नीतियों, और उसके प्रजाओं के कल्याण के लिए उनकी चिंता के बारे में अवलोकन प्रदान करती हैं। वे उसकी नैतिक नेतृत्व और सामाजिक कल्याण के प्रति उनकी प्रतिबद्धता को दर्शाती हैं।"
Write your answer to the question in Hindi:,अशोक के बौद्ध धर्म को ग्रामीण और शहरी समाज के विकास में करूप में कैसे योगदान दिया?,"अशोक के बौद्ध धर्म का प्रोत्साहन ग्रामीण और शहरी क्षेत्रों में सामाजिक और सांस्कृतिक परिवर्तन लाने में महत्वपूर्ण भूमिका निभाया। उनका प्रेरणात्मक संदेश न्याय, सामाजिक समरसता, और शांति के प्रति जागरूकता को बढ़ावा दिया और समाज को धार्मिक और नैतिक मूल्यों पर आधारित जीने की प्रेरणा दी। इसके अलावा, बौद्ध संघों के विकास के माध्यम से उन्होंने शैक्षिक और सांस्कृतिक गतिविधियों को बढ़ावा दिया, जो समाज के विभिन्न वर्गों के लोगों को सामाजिक एवं धार्मिक उत्थान के लिए संवेदनशील किया।"
Provide a response to the given query in Hindi:,अशोक द्वारा प्रशासन में सुधार किस प्रकार किए गए?,"अशोक ने प्रशासन में कुशलता, पारदर्शिता, और जवाबदेही को बढ़ावा देने के लिए प्रशासनिक सुधार किए, जिसमें प्रांतीय अधिकारियों की स्थापना और धम्म महामत्रों की नियुक्ति शामिल थी।"
Answer the question in Hindi language:,अशोक के शासन कैसे मौर्य साम्राज्य में कला और वास्तुकला के विकास में योगदान किया?,"अशोक के शासन के दौरान स्तूप, स्तम्भ, और पथरीले गुफाएँ जैसी महान निर्माणात्मक संरचनाएं निर्मित हुईं, जिनमें जटिल उकेराव और अभिलेखों से सजीव किया गया था, जो उस समय की कलात्मक उपलब्धियों को दर्शाती हैं।"
Reply to the asked question in Hindi:,व्यापार और वाणिज्य को बढ़ावा देने के लिए अशोक द्वारा क्या आर्थिक नीतियाँ लागू की गईं?,"अशोक की आर्थिक नीतियाँ संयोजन की सुविधा, व्यापार मार्गों को सुविधाजनक बनाने, और राजमार्गों और आरामगाहों के निर्माण के माध्यम से आर्थिक समृद्धि को बढ़ावा देने पर ध्यान केंद्रित थीं।"
दिए गए प्रश्न का उत्तर हिंदी में दें:,अशोक द्वारा शांति और अहिंसा को बढ़ावा देने के प्रयासों से अन्तरराष्ट्रीय संबंधों पर कैसा प्रभाव पड़ा?,"अशोक की शांति और अहिंसा की प्रोत्साहने वाली नीतियों ने उसके विदेशी नीति को प्रभावित किया, जिसमें राजनयिक मिशनों, संधियों, और संधि को बनाए रखने की दिशा में कार्रवाई की गई।"
दिए गए सवाल का जवाब हिंदी में लिखें:,अशोक के शासन का प्रमुख सैन्य अभियान क्या था?," हालांकि अशोक ने कालिंग युद्ध के बाद युद्ध से त्याग किया, लेकिन उसने संभल और विधि की शक्ति को बनाए रखने के लिए एक मजबूत सैन्य अधिवेशन को बनाए रखा।"
दिए गए प्रश्न का समाधान हिंदी में प्रस्तुत करें:,अशोक के बौद्ध धर्म के अनुसार धन्य कैसे उनका व्यक्तिगत जीवन और शासन हुआ?,"अशोक का बौद्ध धर्म में परिवर्तन उनके व्यक्तिगत मूल्यों और शासन शैली को परिवर्तित किया, जिससे उन्होंने अपनने कृपया अपने प्रश्नों को पुनः सूचीबद्ध करें, ताकि मैं उनका सही उत्तर दे सकूँ।"
पूछे गए प्रश्न का उत्तर हिंदी में प्रदान करें:,अशोक द्वारा शासन को सुधारने के लिए क्या प्रशासनिक सुधार किए गए थे?,"अशोक ने प्रशासन में दक्षता, पारदर्शिता, और जवाबदेही को बढ़ावा देने के लिए प्रशासनिक सुधार किए, जिसमें प्रांतीय अधिकारियों की स्थापना और धर्म महामात्रों की नियुक्ति शामिल थी।"
बताए गए सवाल का उत्तर हिंदी में दें।,अशोक के शासन से कैसे मौर्य साम्राज्य में कला और वास्तुकला के विकास में योगदान हुआ?,"अशोक के शासन के दौरान भव्य संरचनाओं का निर्माण हुआ जैसे स्तूप, स्तंभ, और चट्टानों पर उत्कीर्ण गुफाएं, जिनमें जटिल नक्काशियाँ और प्रतिलेख होते थे, जो काल की कलात्मक उपलब्धियों का प्रदर्शन करते थे।"
Diye gaye prashn ka uttar Hindi mein dein:,व्यापार और वाणिज्य को बढ़ावा देने के लिए अशोक द्वारा क्या आर्थिक नीतियाँ कार्यान्वित की गई थीं?,"अशोक की आर्थिक नीतियों का मुख्य ध्यान संवहनात्मक साधनों को सुधारने, व्यापार मार्गों को सुगम बनाने, और सड़कों और रेस्ट हाउस के निर्माण जैसे माध्यमों के माध्यम से आर्थिक समृद्धि को बढ़ाने पर था।"
Diye gaye sawaal ka jawab Hindi mein likhein:,अशोक की शांति और अहिंसा को प्रोत्साहित करने के प्रयासों ने अंतरराष्ट्रीय संबंधों पर कैसा प्रभाव डाला?,"अशोक की शांति और अहिंसा की प्रचार-प्रसार ने उसकी विदेश नीति को प्रभावित किया, जिससे राजनीतिक मिशन, संधि, और संघर्ष के निर्माण में शांति और स्थिरता को बनाए रखने का उद्देश्य था, साथ ही साम्राज्य के अंतर्भागों में कानून और शांति को बनाए रखने के लिए भी।"
Diye gaye prashn ka samadhan Hindi mein prastut karein:, अशोक के शासन के प्रमुख सैन्य अभियान क्या थे?,"हालांकि अशोक ने कालिंग युद्ध के बाद युद्ध का त्याग कर दिया था, लेकिन उसने साम्राज्य की रक्षा के लिए और सीमाओं के अंदर कानून और शांति को बनाए रखने के लिए एक मजबूत सैन्य उपस्थिति को बनाए रखा।"
Pooche gaye prashn ka uttar Hindi mein pradaan karein:,अशोक के धर्मांतरण ने उनके व्यक्तिगत जीवन और शासन पर कैसा प्रभाव डाला?,"अशोक का धर्मांतरण उनके व्यक्तिगत मूल्यों और शासन शैली को परिवर्तित किया, जिससे उन्होंने अपनीनीतियों और कार्यों में दया, नैतिक आचरण, और सामाजिक कल्याण को प्राथमिकता दी।"
Bataye gaye sawaal ka jawab Hindi mein dein:,भारतीय उपमहाद्वीप के परे अशोक के प्रभाव की मात्रा की प्रमाण क्या सुझाव देती है?,"अफगानिस्तान, पाकिस्तान, नेपाल, और श्रीलंका जैसे क्षेत्रों में प्रासंगिक शिलालेख और पुरातात्विक खोज अशोक के प्रभाव और भारतीय उपमहाद्वीप के परे बौद्ध धर्म के प्रसार का प्रमाण प्रस्तुत करते हैं।"
Answer the given question in Hindi:,अशोक के उत्तराधिकारी मौर्य साम्राज्य के विरासत में कैसे योगदान दिया?,"अशोक के उत्तराधिकारी मौर्य साम्राज्य का प्रशासन करते रहे, हालांकि विभिन्न सफलता के स्तरों के साथ। उन्होंने उनके प्रशासनिक सुधारों को बनाए रखा और साम्राज्य की स्थिरता और समृद्धि में योगदान किया।"
Write your answer to the question in Hindi:,मौर्य साम्राज्य की पतन के कारण क्या थे?,"मौर्य साम्राज्य की पतन को कमजोर उत्तराधिकारियों, आंतरिक विद्रोहों, बाहरी आक्रमणों, और आर्थिक चुनौतियों जैसे कारणों ने प्रभावित किया, जो अंततः इसके विखंडन का कारण बने।"
Provide a response to the given query in Hindi:,अशोक के धर्म के प्रचार कैसे भारतीय प्राचीन समाज में सामाजिक नियमों और नैतिक मानकों पर प्रभाव डाला?,"अशोक के धर्म के प्रचार ने सामाजिक एकता, नैतिक आचरण, और सभी जीवों के प्रति करुणा को प्रोत्साहित किया, जिससे प्राचीन भारत में समाजिक नियम और मूल्यों का निर्माण हुआ।"
Answer the question in Hindi language:,मौर्य साम्राज्य के प्रशासन में अशोक के परिवार की क्या भूमिका थी?,"अशोक के परिवार ने मौर्य साम्राज्य के प्रशासन में महत्वपूर्ण भूमिका निभाई। उनकी पत्नी, रानी असंधिमित्रा, और उनके बच्चे प्रशासन में प्रभावशाली पदों पर थे, जिससे वंश की स्थिरता और नियमितता में योगदान हुआ।"
Reply to the asked question in Hindi:,अशोक की धर्मिक सहिष्णुता के नीतियों ने मौर्य साम्राज्य के सामाजिक संरचना पर कैसा प्रभाव डाला?,अशोक की धर्मिक सहिष्णुता की नीतियाँ मौर्य साम्राज्य के भीतर धार्मिक बहुलता और समानता के वातावरण को बढ़ावा दिया। इन्होंने विभिन्न धर्मों के सहज अस्तित्व की अनुमति दी और विविध समुदायों के बीच सामाजिक एकता और एकता को बढ़ावा दिया।
दिए गए प्रश्न का उत्तर हिंदी में दें:,इंडस घाटी सभ्यता के प्रमुख नगरीय केंद्र क्या थे?,प्रमुख नगरीय केंद्र मोहेंजो-दारो और हड़प्पा थे।
दिए गए सवाल का जवाब हिंदी में लिखें:,इंडस घाटी सभ्यता में नगर नियोजन की मुख्य विशेषताएँ क्या थीं?,"इंडस घाटी के शहरों में अच्छी योजना बनाई गई सड़कें, उन्नत संचार प्रणालियाँ, और मजबूत ईंटों के घर थे।"
दिए गए प्रश्न का समाधान हिंदी में प्रस्तुत करें:, इंडस घाटी के लोगों की आर्थिक गतिविधियाँ क्या थीं?," वे कृषि, व्यापार, और शिल्पकला में लगे थे। साक्ष्य सुझाव देता है कि वे मेसोपोटामिया जैसे क्षेत्रों के साथ व्यापार करते थे।"
पूछे गए प्रश्न का उत्तर हिंदी में प्रदान करें:,इंडस घाटी सभ्यता के पतन के संबंध में मुख्य सिद्धांत क्या हैं?,"सिद्धांतों में पर्यावरणीय परिवर्तन, प्राकृतिक आपदाएँ, और संभावित आक्रमण शामिल हैं।"
बताए गए सवाल का उत्तर हिंदी में दें।,"वेद क्या हैं, और वेदिक काल में उनका महत्व क्या है?", वेद हिंदू धर्म के प्राचीन पवित्र पाठ्यक्रम हैं। वे हिंदू धर्म के सबसे प्राचीन शास्त्र माने जाते हैं और वेदिक संस्कृति का आधार बनाते हैं।
Diye gaye prashn ka uttar Hindi mein dein:,वेदिक समाज में सामाजिक वर्ग क्या थे?,"वेदिक समाज को चार प्रमुख वर्णों में बाँटा गया था: ब्राह्मण (ब्राह्मण), क्षत्रिय (योद्धा), वैश्य (व्यापारी और किसान), और शूद्र (श्रमिक)।"
Diye gaye sawaal ka jawab Hindi mein likhein:,वेदिक काल में मुख्य धार्मिक प्रथाएँ क्या थीं?,"इस काल में बलिदान अनुष्ठान, प्रार्थनाएँ, और स्तुतिगान धार्मिक प्रथाओं का मुख्य हिस्सा थे। प्राकृतिक शक्तियों और देवताओं की पूजा जैसे इंद्र, अग्नि, और वरुण की सामान्य थी।"
Diye gaye prashn ka samadhan Hindi mein prastut karein:,हिंदू धर्म को वेदिक काल की मुख्य योगदान क्या था?,"अनुष्ठानों, दार्शनिक विचारों, और धर्म के अवधारणा के विकास वेदिक काल का महत्वपूर्ण योगदान था।"
Pooche gaye prashn ka uttar Hindi mein pradaan karein:,प्रारंभिक हिंदू धर्म में पूज्य देवी-देवताएँ कौन-कौन सी थीं?,"प्रमुख देवताओं में ब्रह्मा, विष्णु, शिव, सरस्वती, लक्ष्मी, और पार्वती शामिल थे।"
Bataye gaye sawaal ka jawab Hindi mein dein:,"प्रारंभिक हिंदू धर्म के पवित्र पाठ्यक्रम क्या हैं, और उनमें क्या सामग्री है?","पवित्र पाठ्यक्रम में वेद, उपनिषद्, रामायण, और महाभारत शामिल हैं। इनमें स्तुतिमय गान, दार्शनिक शिक्षाएँ, देवताओं और नायकों की कथाएँ, और नैतिक नियम शामिल हैं।"
Answer the given question in Hindi:, प्रारंभिक हिंदू धर्म में धर्म की अवधारणा कैसे विकसित हुई?,"प्रारंभ में अपने कर्तव्य या धार्मिकता को संदर्भित करते हुए, धर्म एक व्यापक अवधारणा में विकसित हुआ जो नैतिक और सामाजिक व्यवस्था, साथ ही व्यक्तिगत नैतिकता को भी समाविष्ट करता है।"
Write your answer to the question in Hindi:,प्रारंभिक हिंदू धर्म में प्रमुख धार्मिक प्रथाएँ और अनुष्ठान क्या थे?,"यज्ञ (अग्नि हवन), पूजा (पूजा), और ध्यान जैसे अनुष्ठान सामान्य धार्मिक प्रथाएँ थीं। पवित्र स्थलों पर तीर्थयात्राएँ भी महत्वपूर्ण थीं।"
Provide a response to the given query in Hindi:,"ऋग्वेद क्या है, और इसमें क्या समाहित है?","ऋग्वेद चार वेदों में सबसे पुराना है और यह विभिन्न देवताओं को समर्पित स्तुतिगानों का संग्रह है, जो अनुष्ठानों, ब्रह्मांड विवरण, और सामाजिक मूल्यों का वर्णन करते हैं।"
Answer the question in Hindi language:,"ऋग्वेद के ऋग्वेदीय स्तोत्रों का संयोजक कौन थे, और उन्हें किस भाषा में लिखा गया है?",ऋग्वेदीय स्तोत्र ब्रह्मर्षि के रूप में जाने जाने वाले प्राचीन महर्षि द्वारा रचे गए थे और इन्हें वैदिक संस्कृत में लिखा गया है।
Reply to the asked question in Hindi:,ऋग्वेद के मुख्य विषय क्या हैं?,"मुख्य विषयों में देवताओं की स्तुति, अनुष्ठानों का विवरण, ब्रह्मांडीय विचार, और अस्तित्व की प्रकृति पर विचार शामिल हैं।"
दिए गए प्रश्न का उत्तर हिंदी में दें:,ऋग्वेद ने बाद में हिंदू धार्मिक विचार और अभ्यासों को कैसे प्रभावित किया?,"ऋग्वेद ने बाद में हिंदू अनुष्ठानों, दार्शनिक अवधारणाओं, और धार्मिक पौराणिक कथाओं और प्रतिमाओं के विकास के लिए आधार रखा।"
दिए गए सवाल का जवाब हिंदी में लिखें:,इंडस घाटी सभ्यता की मुख्य उपलब्धियाँ क्या थीं?,"इंडस घाटी सभ्यता ने नगर योजना में उल्लेखनीय कामयाबी हासिल की, जिसमें उन्नत संचार प्रणालियों और प्रभावशाली वास्तुकला सहित अच्छी-तरह संगठित शहर शामिल हैं।"
दिए गए प्रश्न का समाधान हिंदी में प्रस्तुत करें:,व्यापार इंडस घाटी सभ्यता की समृद्धि में कैसे योगदान किया?,"व्यापार नेटवर्क ने मिट्टी के बर्तन, आभूषण, और वस्त्रों जैसे सामानों की विनिमय को सुविधाजनक बनाया, जो सभ्यता के भीतर आर्थिक विकास और सांस्कृतिक विनिमय को समृद्ध किया।"
पूछे गए प्रश्न का उत्तर हिंदी में प्रदान करें:,"इंडस लिपि का महत्व क्या है, और इसे समझने में क्यों चुनौतियाँ आई हैं?","इंडस लिपि एक विशिष्ट लेखन प्रणाली है जो सभ्यता द्वारा प्रयुक्त की जाती थी, लेकिन इसका सटीक अर्थ अभी तक समझा नहीं जा सका है, जिससे उनकी भाषा और संस्कृति को समझने में कठिनाई होती है।"
बताए गए सवाल का उत्तर हिंदी में दें।,इंडस घाटी के शहरों के खाके से सामाजिक संगठन और शासन के बारे में क्या अंदरूनी जानकारी मिलती है?,"मोहेंजो-दारो और हड़प्पा जैसे शहरों का खाका एक विकसित शहरी प्रशासन का सुझाव देता है, शायद केंद्रीय प्राधिकरण और सामाजिक संगठन की संकेत करता है।"
Diye gaye prashn ka uttar Hindi mein dein:,वैदिक समाज ने प्रारंभिक हिंदू दर्शन के विकास में कैसे योगदान दिया?,"वैदिक पाठ्यक्रम में दर्शनशास्त्रीय विचार शामिल हैं जो बाद में हिंदू दर्शनों के लिए आधार रखे, जिनमें वास्तविकता और आत्मा के स्वरूप पर चर्चा शामिल है।"
Diye gaye sawaal ka jawab Hindi mein likhein:, वैदिक धर्म और समाज में अनुष्ठानों और बलियों की क्या भूमिका थी?,"अनुष्ठान और बलियाँ धार्मिक अभ्यासों के मध्य केंद्रीय थे, देवताओं के साथ संबंध स्थापित करने, व्यापारिक क्रम को बनाए रखने, और सामाजिक वर्ग व्यवस्था को मजबूत करने के साधन के रूप में कार्य करते थे।"
Diye gaye prashn ka samadhan Hindi mein prastut karein:,वैदिक काल ने भारत में वर्ण और जाति व्यवस्था के धारणा पर कैसा प्रभाव डाला?," वर्ण व्यवस्था, पहले व्यवसाय पर आधारित और बाद में जाति व्यवस्था में कोड़ित, वैदिक काल में प्रारंभ हुई, जो भारतीय समाज में सामाजिक विभाजन और पहचान को आकार दिया।"
Pooche gaye prashn ka uttar Hindi mein pradaan karein:,भारतीय सांस्कृतिक विरासत में वैदिक साहित्य का क्या योगदान था?,"वैदिक साहित्य, जिसमें ऋग्वेद और उपनिषद्गाथाएं शामिल हैं, न केवल प्राचीन धार्मिक और दार्शनिक ज्ञान को संरक्षित किया, बल्कि गहरे दर्शन और काव्यात्मक अभिव्यक्तियों के साथ भारतीय सांस्कृतिक विरासत को भी समृद्ध किया।"
Bataye gaye sawaal ka jawab Hindi mein dein:,प्रारंभिक हिंदू धर्म वेदीय परंपराओं से कैसे विकसित हुआ?,"प्रारंभिक हिंदू धर्म ने वेदीय विश्वासों को शामिल किया जबकि नए दार्शनिक विचार, धार्मिक अभ्यास, और पौराणिक कथाओं को भी पेश किया, जिससे एक और विविध धार्मिक परिदृश्य की ओर संकेत मिला।"
Answer the given question in Hindi:,कर्म की धारणा ने प्रारंभिक हिंदू नैतिकता और विश्वदृश्य को कैसे आकार दिया?,"कर्म की धारणा, प्रारंभिक हिंदू धर्म में प्रस्तुत, कार्य के परिणाम का नैतिक नियम को जोर देती थी, जिससे नैतिक व्यवहार, सामाजिक मानक, और आध्यात्मिक मुक्ति की प्राप्ति पर प्रभाव पड़ा।"
Write your answer to the question in Hindi:,विष्णु और शिव जैसी प्रमुख देवताओं की पूजा कैसे उत्पन्न हुई और विकसित हुई थी प्रारंभिक हिंदू धर्म में?," विष्णु और शिव जैसी देवताओं के चारों ओर भक्ति शैलियों ने प्रमुखता प्राप्त की, जो प्रारंभिक हिंदू धर्म में सम्प्रदायों का निर्माण और भक्ति आंदोलनों की वृद्धि को लेकर ले आया।"
Provide a response to the given query in Hindi:,"प्रारंभिक हिंदू विचारकों द्वारा प्रस्तावित मुख्य दार्शनिक विचार क्या थे, और इन्होंने धार्मिक चर्चा को कैसे आकार दिया?","प्रारंभिक हिंदू दार्शनिक, जैसे कि उपनिषदों में, ने ब्रह्मन (सार्वभौम चेतना), आत्मन (व्यक्तिगत आत्मा), और मो"
Answer the question in Hindi language:,ऋग्वेद के स्तोत्रों से प्रारंभिक इंडो-आर्य समाज के कौन-से दर्शन प्राप्त किए जा सकते हैं?,"ऋग्वेद के स्तोत्रों से प्रारंभिक इंडो-आर्य समाज के सामाजिक संगठन, धार्मिक विश्वास, और उस समय की सांस्कृतिक प्रथाओं के बारे में मूल्यवान जानकारी प्राप्त की जा सकती है।"
Reply to the asked question in Hindi:,ऋग्वेदीय देवताओं में प्राचीन भारतीय लोगों की चिंताओं और आकांक्षाओं का प्रतिबिम्ब कैसे दिखाया गया?,"ऋग्वेदीय देवी-देवताओं में प्राकृतिक प्रकृति और मानव प्रयत्न से जुड़े देवताओं का समूह है, जो प्राचीन भारतीय समाज की चिंताओं, मूल्यों, और आकांक्षाओं को प्रतिबिम्बित करते हैं।"
दिए गए प्रश्न का उत्तर हिंदी में दें:,कवि और पुरोहित (ऋषि) ऋग्वेदीय स्तोत्रों के रचना और प्रसार में कैसे भूमिका निभाते थे?," कवि, दिव्य प्रकाशन और व्यक्तिगत अनुभव से प्रेरित, स्तोत्र रचित करते थे जो पुरोहित (ऋषि) द्वारा मौन परंपरा और ज्ञान की संचरण के लिए सुनाये जाते थे, जिससे वेदीय परंपरा और ज्ञान की सततता सुनिश्चित होती थी।"
दिए गए सवाल का जवाब हिंदी में लिखें:,ऋग्वेदीय विश्वदृश्य ने भारत में आगामी धार्मिक और सांस्कृतिक विकासों को कैसे प्रभावित किया?,"ऋग्वेद ने भारत में धार्मिक और सांस्कृतिक विकास की आधारशिला रखी, जो आध्यात्मिक चिंतन, धार्मिक अभिव्यक्ति, और साहित्यिक अभिव्यक्तियों को प्रभावित करते हुए भारतीय सभ्यता का पथ निर्धारित किया।"
दिए गए प्रश्न का समाधान हिंदी में प्रस्तुत करें:,"महाजनपद क्या थे, और वे प्राचीन भारत में कैसे उत्पन्न हुए?","महाजनपद वे बड़े, प्रभावशाली राज्य थे जो प्राचीन भारत में लगभग 6वीं शताब्दी ईसा पूर्व में उत्पन्न हुए थे, जिनकी विशेषता केंद्रीय अधिकार, शहरीकरण, और क्षेत्रीय विस्तार में थी।"
पूछे गए प्रश्न का उत्तर हिंदी में प्रदान करें:,"प्रमुख महाजनपद क्या थे, और उनका प्राचीन भारतीय इतिहास में क्या योगदान था?","प्रमुख महाजनपदों में मगध, कोसल, वज्जी, और अवंति शामिल थे। ये प्राचीन भारत में राजनीतिक, आर्थिक, और सामाजिक विकास को आकार देने में महत्वपूर्ण भूमिका निभाई।"
बताए गए सवाल का उत्तर हिंदी में दें।,महाजनपदों के उत्थान और पतन में कौन-कौन से कारक योगदान करते थे?,"क्षेत्रीय विस्तार, सैन्य शक्ति, आर्थिक समृद्धि, और राजनीतिक संधियों जैसे कारक महाजनपदों के उत्थान में योगदान करते थे, जबकि आंतरिक विवाद, बाह्य आक्रमण, और प्रशासनिक कमजोरियों ने उनके पतन में योगदान किया।"
Diye gaye prashn ka uttar Hindi mein dein:,"महाजनपदों ने प्रारंभिक भारतीय समाज, संस्कृति, और राजनीति के विकास पर कैसा प्रभाव डाला?","महाजनपदों ने शहरीकरण, व्यापार, और सांस्कृतिक आदान-प्रदान को प्रोत्साहित किया, जिससे प्राचीन भारत में प्रशासन, कला, साहित्य, और धार्मिक परंपराओं में बाद के विकास का आधार रखा गया।"
Diye gaye sawaal ka jawab Hindi mein likhein:,"जैन धर्म के संस्थापक कौन थे, और जैन दर्शन के प्रमुख शिक्षाओं क्या थे?","जैन धर्म का संस्थापक महावीर (वर्धमान) थे, जिन्होंने अहिंसा, सत्य, अपरिग्रह, और तप को जैन दर्शन के मुख्य सिद्धांतों के रूप में प्रमुख बताया।"
Diye gaye prashn ka samadhan Hindi mein prastut karein:,"जैन धर्म में कर्म की अर्थात्मकता क्या है, और यह अन्य भारतीय दर्शनों से कैसे अलग है?"," जैन धर्म में, कर्म को आत्मा पर लगने वाली सूक्ष्म पदार्थ माना जाता है, जो किसी के कर्मों के कारण आता है, जो जन्म और पुनर्जन्म (संसार) के चक्र को प्रभावित करता है। अन्य भारतीय दर्शनों की तुलना में, जैन धर्म में आत्मा को शुद्ध करने और कर्म से मुक्ति (मोक्ष) प्राप्त करने के लिए कठोर तपस्या की प्रतिष्ठा की जाती है।"
Pooche gaye prashn ka uttar Hindi mein pradaan karein:,"जैन धर्म ने प्राचीन भारतीय समाज, संस्कृति, और धार्मिक अभ्यासों पर कैसा प्रभाव डाला?","जैन धर्म ने सभी जीवों के प्रति अहिंसा और दयालुता की प्रोत्साहन करके मौजूदा सामाजिक नियमों को चुनौती दी। यह कला, वास्तुकला, साहित्य, और आहार प्रथाओं को प्रभावित करता रहा, जिससे प्राचीन भारत में धार्मिक विचार की विविधता को योगदान मिला।"
Bataye gaye sawaal ka jawab Hindi mein dein:,"जैन धर्म में मुख्य संप्रदाय कौन-कौन से हैं, और उनके विश्वास और अभ्यासों में कैसे अंतर है?","जैन धर्म के दो मुख्य संप्रदाय डिगम्बर और स्वेताम्बर हैं। वे तपस्या के अभ्यास, मोक्ष की प्रकृति, और आध्यात्मिक प्रयासों में महिलाओं की भूमिका में अपने विचारों में भिन्न होते हैं।"
Answer the given question in Hindi:," बौद्ध धर्म के संस्थापक कौन थे, और बुद्ध की मुख्य शिक्षाएं क्या थीं?","बौद्ध धर्म का संस्थापक सिद्धार्थ गौतम, जिन्हें बुद्ध के रूप में जाना जाता है, थे। उनकी शिक्षाओं में चार आर्य सत्यों का जिक्र किया गया, जो बौद्ध दर्शन के मौलिक सिद्धांत हैं - पीड़ा, इसका कारण, उसका निर्मूलन, और निर्मूलन का मार्ग।"
Write your answer to the question in Hindi:,"बौद्ध धर्म के तीन प्रमुख शाखाएँ क्या हैं, और उन्हें बौद्ध शिक्षाओं के व्याख्यान में उनके विविधानों में कैसे अंतर है?","बौद्ध धर्म की तीन प्रमुख शाखाएँ हैं - थेरवाद, महायान, और वज्रयान। ये अपने दृष्टिकोण, अभ्यास, और बोधिसत्व के आदर्श पर मोक्ष के आदर्श मार्ग पर अपने विचारों में भिन्न होती हैं।"
Provide a response to the given query in Hindi:,बौद्ध धर्म के फैलाव कैसे प्राचीन भारत और एशियाई समाजों को प्रभावित किया?,"बौद्ध धर्म के फैलाव ने प्राचीन भारत और एशियाई समाजों में सांस्कृतिक विनिमय, कलात्मक अभिव्यक्ति, और संगीतात्मक समुदायों की स्थापना को बढ़ावा दिया। इसने विभिन्न क्षेत्रों में शासन, भाषा, और सामाजिक आचारों पर भी प्रभाव डाला।"
Answer the question in Hindi language:," मौर्य साम्राज्य का संस्थापक कौन था, और इसकी प्रमुख उपलब्धियाँ क्या थीं?"," मौर्य साम्राज्य का संस्थापक चंद्रगुप्त मौर्य थे, जिनके पोते अशोक साम्राज्य के प्रसिद्ध शासकों में से एक थे। मुख्य उपलब्धियों में भारतीय उपमहाद्वीप की एकीकरण, कुशल प्रशासनिक सुधार, और बौद्ध धर्म का प्रचार शामिल है।"
Reply to the asked question in Hindi:, चंद्रगुप्त मौर्य और अशोक द्वारा प्रस्तावित प्रशासनिक नीतियाँ और सुधार क्या थे?,"चंद्रगुप्त मौर्य ने एक केंद्रीय प्रशासन स्थापित किया जिसमें एक जटिल ब्यूरोक्रेसी और जासूसों का नेटवर्क था। अशोक ने धम्म (नैतिकता के सिद्धांत) का पालन किया और अपने अधिकारों के माध्यम से कल्याण उपायों, धार्मिक सहिष्णुता, और हिंसा मुक्ति को बढ़ावा दिया।"
दिए गए प्रश्न का उत्तर हिंदी में दें:,अशोक के बौद्ध धर्म में परिवर्तन का मौर्य साम्राज्य और भारतीय इतिहास पर क्या प्रभाव था?,"अशोक के बौद्ध धर्म में परिवर्तन ने शासन में बौद्ध तत्त्वों को अपनाया और साम्राज्य और उसके परे में बौद्ध शिक्षाओं के प्रसार को प्रभावित किया। यह बौद्ध कला, वास्तुकला, और संस्कृति के प्रसार पर भी प्रभाव डाला।"
दिए गए सवाल का जवाब हिंदी में लिखें:,मौर्य साम्राज्य के पतन के कारण क्या थे?,"मौर्य साम्राज्य के पतन के कारणों में कमजोर उत्तराधिकारी, प्रशासनिक अक्षमता, बाहरी हमले, और क्षेत्रीय विद्रोह शामिल हो सकते हैं। इसके अलावा, आर्थिक दबाव और सामाजिक अशांति भी इसकी पतन में योगदान कर सकती हैं।"
दिए गए प्रश्न का समाधान हिंदी में प्रस्तुत करें:,महाजनपदों ने प्राचीन भारत में राजनीतिक संस्थाओं और शासन संरचनाओं के विकास में कैसे योगदान दिया?,"जांचें कि महाजनपदों ने विभिन्न प्रकार की शासन प्रणालियों, सहित मोनार्किकल, ऑलिगार्किक, और गणराज्य प्रणालियों के साथ कैसे प्रयोग किए, और उनका प्रभाव परीक्षित करें भारतीय इतिहास में राजनीति और प्रशासन पर।"
पूछे गए प्रश्न का उत्तर हिंदी में प्रदान करें:,"महाजनपदों की आर्थिक आधारशिला क्या थी, और व्यापार नेटवर्क और शहरी केंद्रों का उनके समृद्धि और सांस्कृतिक अदलाबदल में कैसे योगदान किया?","जांचें कि महाजनपदों को बनाए रखने के लिए किस आर्थिक तंत्रों का समर्थन मिला, सहित कृषि उत्पादकता, व्यापारी मार्ग, और नगरीकरण, और महाजनपदों के अर्थव्यवस्था के विकास, सामाजिक वर्गीकरण, और सांस्कृतिक विस्तार में उनकी भूमिका का मूल्यांकन करें।"
बताए गए सवाल का उत्तर हिंदी में दें।,कितने हद तक धार्मिक धाराओं और विचारशील निर्माणों ने महाजनपदों के क्षेत्रीय विस्तार और कूटनीतिक संबंधों को प्रभावित किया?,"जांचें कि कैसे धार्मिक धाराएँ, जैसे ब्राह्मणवाद, जैन धर्म, और प्रारंभिक बौद्ध धर्म, ने महाजनपदों के बीच धार्मिक संगठन, सैन्य रणनीति, और अंतर राज्यीय कूटनीति को कैसे आकार दिया, धार्मिक संगम और संघर्ष से संकेत करते हुए।"
Diye gaye prashn ka uttar Hindi mein dein:,"महाजनपदों के पतन ने प्राचीन भारत में साम्राज्यिक राजनीति के उदय के लिए मार्ग खोला, और उनके अनुभवों से शासन और प्रशासन में क्या सिख सकते हैं?","विश्लेषण करें कि महाजनपदों के पतन का क्या कारण था, सहित बाहरी हमलों, आंतरिक विखंडन, और आर्थिक परिवर्तन, और उनके मौर्य और गुप्त वंशों जैसे केन्द्रीकृत साम्राज्यों के निर्माण के लिए इसके प्रभावों का मूल्यांकन करें।"
Diye gaye sawaal ka jawab Hindi mein likhein:,"जैन जगतदर्शन और नैतिक ढांचे को समझने में लोक, कर्म, और आत्मा (जीव) के अवश्यायिकता सहित जैन ब्रह्मांड के दार्शनिक आधारों की खोज करें, और उनके महत्व को स्पष्ट करें।","जैन दर्शन में लोक, कर्म, और आत्मा के निरूपण का महत्वपूर्ण स्थान है। लोकों की संख्या, कर्म की प्रकृति, और जीवात्मा का स्वरूप जैन विश्वदृष्टि और नैतिक ढांचे को समझने में महत्वपूर्ण रूप से सहायक हैं।"
Diye gaye prashn ka samadhan Hindi mein prastut karein:,"जैन संघ की भूमिका का जाँच करें, जैन शिक्षाओं और शास्त्रों के संरक्षण और प्रसार में जैन समन्यास (श्रमण) की भूमिका का और विशेष रूप से सल्लेखना (मृत्यु तक उपवास) जैसी तपस्या के प्रभाव का विश्लेषण करें।","जैन समन्यासियों का महत्वपूर्ण योगदान जैन शिक्षाओं और शास्त्रों के संरक्षण और प्रसार में रहा है। सल्लेखना जैसी तपस्या के प्रभाव को समझने में महत्वपूर्ण है, जो जैन समुदाय और व्यापक समाज पर प्रभाव डालती है।"
Pooche gaye prashn ka uttar Hindi mein pradaan karein:,"विभिन्न भौगोलिक क्षेत्रों और ऐतिहासिक कालों में बौद्ध विचार और अभ्यास के विकास का विश्लेषण करें, बौद्ध संख्या, सम्प्रदाय, और धार्मिक विवेचनों की विविधता पर ध्यान देते हुए, और उनके धार्मिक समग्रता और संचालन का मूल्यांकन करें।","बौद्ध विचार और अभ्यास का विकास विभिन्न भौगोलिक क्षेत्रों और ऐतिहासिक कालों में हुआ है, जिसमें बौद्ध संख्या, सम्प्रदाय, और धार्मिक विवेचनों की विविधता देखने को मिलती है। इनके धार्मिक समग्रता और संचालन को मूल्यांकन किया जा सकता है।"
Bataye gaye sawaal ka jawab Hindi mein dein:,"बौद्ध दर्शन और मनोविज्ञान के बीच संवाद का अध्ययन करें, सति, अनित्यता, और प्रत्येकसमुत्पाद के जैसे अवधारणाओं की खोज करें, और यह मानव चेतना और मानसिक कल्याण को समझने के लिए किस प्रकार के निहितार्थ हैं।","बौद्ध दर्शन और मनोविज्ञान के बीच संवाद का अध्ययन करने से हमें मनोविज्ञान में सति, अनित्यता, और प्रत्येकसमुत्पाद जैसे अवधारणाओं की महत्वपूर्ण सीख मिलती है। यह मानव चेतना और मानसिक कल्याण को समझने के लिए महत्वपूर्ण है।"
Answer the given question in Hindi:,"सामाजिक-राजनीतिक आयामों की जांच करें, जिसमें इसके राज्य शक्ति, सामाजिक वर्गाधारों, और आर्थिक संरचनाओं के साथ संबंध था, और यहां तक कि बौद्ध आस्थाओं ने सामाजिक एकता, दानशीलता, और सांस्कृतिक परिपोषण को कितना प्रोत्साहित किया?"," बौद्ध आस्थाओं की सामाजिक-राजनीतिक आयामों की जांच करने से हमें मालूम पड़ता है कि इनका सम्बंध राज्य शक्ति, सामाजिक वर्गाधारों, और आर्थिक संरचनाओं के साथ था। इसके अलावा, यहां तक कि बौद्ध आस्थाओं ने सामाजिक एकता, दानशीलता, और सांस्कृतिक परिपोषण को भी प्रोत्साहित किया।"
Write your answer to the question in Hindi:,"बौद्ध नैतिकता और मूल्यों की समकालीन महत्वपूर्णता का मूल्यांकन करें, जैसे करुणा, प्रज्ञा, और उपेक्षा, जो सामाजिक अन्याय, अंतरधर्मीय संघर्ष, और पारिस्थितिकी टिकाऊता जैसे प्रेसिंग वैश्विक मुद्दों को समझने में मदद कर सकते हैं, और आधुनिक शासन और राजनीति में बौद्ध तत्त्वों को समाहित करने के लिए उपाय प्रस्तुत करें।","बौद्ध नैतिकता की महत्वपूर्णता को आधुनिक दुनिया में समझने के लिए, हमें बौद्ध मूल्यों के महत्व को देखना चाहिए। करुणा, प्रज्ञा, और उपेक्षा जैसी गुणधर्म सामाजिक अन्याय, अंतरधर्मीय संघर्ष, और पारिस्थितिकी टिकाऊता जैसे प्रेसिंग वैश्विक मुद्दों को समझने में मदद कर सकते हैं। इसके साथ ही, हमें बौद्ध तत्त्वों को आधुनिक शासन और राजनीति में समाहित करने के लिए उपाय प्रस्तुत करने की आवश्यकता है।"
Provide a response to the given query in Hindi:,"मौर्य साम्राज्य के चरित्रिक विवादों का मूल्यांकन करें, साहित्यिक स्रोतों, पुरातात्विक साक्ष्य, और मुद्रालयी आंकड़ों की विश्वसनीयता के संबंध में, और मौर्य के इतिहास और प्रशासन के प्रतिस्पर्धी विवेचना का मूल्यांकन करें।","मौर्य साम्राज्य के चरित्रिक विवादों को मूल्यांकन करने के लिए, हमें साहित्यिक स्रोतों, पुरातात्विक साक्ष्य, और मुद्रालयी आंकड़ों की विश्वसनीयता की गहरी जाँच करनी चाहिए, और मौर्य के इतिहास और प्रशासन के प्रतिस्पर्धी विवेचना के विभिन्न पहलुओं को समझने की कोशिश करनी चाहिए।"
Answer the question in Hindi language:," मौर्य साम्राज्य के सांस्कृतिक आयाम का अन्वेषण करें, आशोक के शासन के अधीन कला, वास्तुकला, और धार्मिक संस्थानों के प्रायोजन का विश्लेषण करें, और मौर्य आदर्शों के प्रसार का अध्ययन करें, जो उपदेशों, प्रतिलेखों, और राजनयिक मिशनों के माध्यम से होता था।","मौर्य साम्राज्य के सांस्कृतिक आयाम का अन्वेषण करने के लिए, हमें आशोक के शासन के अधीन कला, वास्तुकला, और धार्मिक संस्थानों के प्रायोजन का विश्लेषण करना चाहिए, और मौर्य आदर्शों के प्रसार का अध्ययन करना चाहिए, जो उपदेशों, प्रतिलेखों, और राजनयिक मिशनों के माध्यम से होता था।"
Reply to the asked question in Hindi:,"अशोक की धम्म नीति के धार्मिक बहुमत्ता, सामाजिक एकता, और साम्राज्यिक प्रबंधन पर प्रभाव की जांच करें, और भारतीय और दक्षिण-पूर्व एशियाई शासन और कानून के उत्तराधिकार को आकार देने में इसकी विरासत का मूल्यांकन करें।","अशोक की धम्म नीति के प्रभाव की जांच करने के लिए, हमें धार्मिक बहुमत्ता, सामाजिक एकता, और साम्राज्यिक प्रबंधन के प्रभाव का मूल्यांकन करना चाहिए, और इसकी विरासत का मूल्यांकन करना चाहिए, जो भारतीय और दक्षिण-पूर्व एशियाई शासन और कानून के उत्तराधिकार को आकार देने में सहायक हो सकती है।"
दिए गए प्रश्न का उत्तर हिंदी में दें:,"मौर्य साम्राज्य की आर्थिक आधारशिला की जांच करें, जिसमें कृषि सुधार, व्यापार नेटवर्क, और राजकोषीय प्रशासन शामिल हैं, और उनके साम्राज्यिक प्राधिकरण को स्थायित्व, सार्वजनिक कार्यों पर धन की देन, और प्राचीन भारत में आर्थिक समृद्धि को बढ़ावा देने में उनकी भूमिका का मूल्यांकन करें।","मौर्य साम्राज्य की आर्थिक आधारशिला की जांच करने के लिए, हमें कृषि सुधार, व्यापार नेटवर्क, और राजकोषीय प्रशासन की महत्वपूर्ण धारणाओं का मूल्यांकन करना चाहिए, और उनके साम्राज्यिक प्राधिकरण के स्थायित्व, सार्वजनिक कार्यों पर धन की देन, और प्राचीन भारत में आर्थिक समृद्धि को बढ़ावा देने में उनकी भूमिका का मूल्यांकन करना चाहिए।"
दिए गए सवाल का जवाब हिंदी में लिखें:," अशोक के बौद्ध धर्म में परिवर्तन के प्रभाव का मौर्य साम्राज्य पर मूल्यांकन करें, आंतरिक शासन सुधारों और पड़ोसी राज्यों और विदेशी शक्तियों के साथ बाहरी संबंधों का ध्यान देते हुए।","अशोक के बौद्ध धर्म में परिवर्तन के प्रभाव को मौर्य साम्राज्य पर मूल्यांकन करने के लिए, हमें उसने आंतरिक शासन में किए गए सुधारों का और पड़ोसी राज्यों और विदेशी शक्तियों के साथ बाहरी संबंधों के प्रभाव का मूल्यांकन करना चाहिए।"
दिए गए प्रश्न का समाधान हिंदी में प्रस्तुत करें:,"अशोक के उपदेशों का समाज में सामाजिक और नैतिक आदर्शों, धार्मिक सहिष्णुता, और पर्यावरण संरक्षण को बढ़ावा देने में उनके एडिक्ट्स की भूमिका का विश्लेषण करें, और सार्वजनिक राय और व्यवहार को संगठित करने में उनकी प्रभावकारिता का मूल्यांकन करें।","हमें अशोक के उपदेशों की भूमिका की विश्लेषण करने के लिए, उनके सामाजिक और नैतिक आदर्शों, धार्मिक सहिष्णुता, और पर्यावरण संरक्षण में कैसे योगदान किया गया है, और उनके एडिक्ट्स की कार्यक्षमता का मूल्यांकन करना चाहिए।"
पूछे गए प्रश्न का उत्तर हिंदी में प्रदान करें:,"अशोक के राज के इतिहास पर इतिहास विमर्शात्मक वाद-विवाद का मूल्यांकन करें, जिसमें उसने बौद्ध धर्म को अपनाने के लिए अपनी प्रेरणाओं के विवेचन, उसके अधिग्रहण की सीमा, और उसके साम्राज्यिक प्रशासन और विरासत की प्रकृति का मूल्यांकन किया गया है।"," हमें अशोक के राज के इतिहास को मूल्यांकन करने के लिए, हमें उसने बौद्ध धर्म को अपनाने के लिए अपनी प्रेरणाओं के विवेचन, उसके अधिग्रहण की सीमा, और उसके साम्राज्यिक प्रशासन और विरासत की प्रकृति का मूल्यांकन करना चाहिए।"
बताए गए सवाल का उत्तर हिंदी में दें।,"बाहरी भारतीय उपमहाद्वीप में बौद्ध धर्म के प्रसार में अशोक का योगदान क्या था, जिसमें उसके धर्म वाहिका गतिविधियाँ, बौद्ध संघ की प्रोत्साहना, और मध्य एशिया और दक्षिण-पूर्व एशिया के बौद्ध राज्यों के साथ नायकत्विक संबंध कैसे थे।","अशोक के धर्म वाहिका गतिविधियाँ, बौद्ध संघ की प्रोत्साहना, और मध्य एशिया और दक्षिण-पूर्व एशिया के बौद्ध राज्यों के साथ नायकत्विक संबंध, बौद्ध धर्म के प्रसार में उनका महत्वपूर्ण योगदान था। उनके धर्म वाहिका गतिविधियाँ और दूतवादिका संदेशें बौद्ध धर्म की प्रसार में महत्वपूर्ण भूमिका निभाई। उन्होंने बौद्ध संघ को समर्थित किया और मध्य एशिया और दक्षिण-पूर्व एशिया में बौद्ध धर्म के स्थापित होने में सहायता की।"
Diye gaye prashn ka uttar Hindi mein dein:,"गुप्त साम्राज्य के उत्थान में योगदान करने वाले सामाजिक-आर्थिक कारकों का जांच करें, जैसे व्यापार, नगरीकरण, कृषि उत्पादकता, और कला, साहित्य, और शिक्षा के लिए राज्य सरकार द्वारा प्रायोजित समर्थन की भूमिका।","गुप्त साम्राज्य के उत्थान में व्यापार, नगरीकरण, कृषि उत्पादकता, और राज्य सरकार द्वारा कला, साहित्य, और शिक्षा के लिए प्रायोजन का महत्वपूर्ण योगदान था। गुप्त सम्राटों ने व्यापार को बढ़ावा दिया, जिसने आर्थिक वृद्धि को प्रोत्साहित किया। नगरीकरण और कृषि उत्पादकता ने समाज को सुदृढ़ बनाया, जो साम्राज्य की आर्थिक स्थिरता को समर्थित किया। साथ ही, गुप्त साम्राज्य ने कला, साहित्य, और शिक्षा को भी प्रोत्साहित किया, जिसने भारतीय सभ्यता की विकास में महत्वपूर्ण योगदान किया।"
Diye gaye sawaal ka jawab Hindi mein likhein:," गुप्त राजनीति और प्रशासनिक नवाचारों का विश्लेषण करें, जैसे की शक्ति का विघटन, ब्राह्मणों और बौद्ध अश्रमों को भूमि प्रदान करना, और एक मानकीकृत कानूनी कोड के विकास, और उनका प्रबंधन में प्रभाव और स्थिरता का मूल्यांकन करें।","गुप्त राजनीति और प्रशासन में नई नवाचारों ने अहम भूमिका निभाई। शक्ति का विघटन, भूमि दान, और सामान्य नागरिकों के लिए मानकीकृत कानूनी कोड का विकास गुप्त सम्राटों के प्रबंधन में स्थिरता और न्याय को सुनिश्चित किया। यह नवाचार राज्य को सशक्त और स्थायी बनाए रखने में मदद करते थे।"
Diye gaye prashn ka samadhan Hindi mein prastut karein:,"आसपास की राज्यों के साथ गुप्त साम्राज्य के संवाद, सैन्य संघर्ष, और सांस्कृतिक आदान-प्रदान के रूप में गुप्त समय को एक क्षेत्रीय शासन की अवधारणा और संस्कृतिक आस्था में पारकृतिकीकरण के रूप में मूल्यांकित करें।","गुप्तकाल को एक क्षेत्रीय शासन की अवधारणा के रूप में मूल्यांकित किया जा सकता है जिसमें सांस्कृतिक आदान-प्रदान, युद्ध के नवाचार, और अन्य राज्यों के साथ व्यापारिक संबंधों का अध्ययन हो। गुप्त समय में कला, साहित्य, और विज्ञान में वैश्विक योगदान हुआ जो भारतीय सभ्यता को आगे बढ़ाने में मदद करता है।"
Pooche gaye prashn ka uttar Hindi mein pradaan karein:,"आशोक के धर्म परिवर्तन के मौर्य साम्राज्य पर प्रभाव का मूल्यांकन करें, आंतरिक प्रशासनिक सुधारों और पड़ोसी राज्यों और विदेशी शक्तियों के साथ बाहरी संबंधों के साथ दोनों को ध्यान में लेते हुए।","आशोक के बौद्ध धर्म में परिवर्तन से मौर्य साम्राज्य पर आंतरिक प्रशासनिक सुधारों का असर हुआ, साथ ही संविधानिक संशोधनों, और सामाजिक न्याय में सुधार किए गए। बाहरी राज्यों के साथ संबंधों में, उनकी धर्मीय नीतियों ने अन्य राज्यों के साथ शांति और संबंधों में मदद की।"
Bataye gaye sawaal ka jawab Hindi mein dein:,"आशोक के धम्म नीति के प्रचार में सामाजिक और नैतिक मानकों, धार्मिक सहिष्णुता, और पर्यावरण संरक्षण के संदर्भ में, उनके शिलालेखों की प्रभावशीलता का विश्लेषण करें, और राज्य के भीतर लोगों के धार्मिक विचार और व्यवहार को आकार देने में उनकी प्रभावकारिता का मूल्यांकन करें।","आशोक की धम्म नीति ने सामाजिक और नैतिक मानकों को बढ़ावा दिया, धार्मिक सहिष्णुता को बढ़ावा दिया, और पर्यावरण संरक्षण के माध्यम से लोगों की जागरूकता बढ़ाई। इन शिलालेखों ने राज्य के भीतर धार्मिक और नैतिक विचारों को प्रभावित किया और जनसमूह में बदलाव लाया।"
Answer the given question in Hindi:,"बौद्ध धर्म के प्रसार में आशोक के योगदान की जाँच करें, जिसमें उनकी धार्मिक मिशन, बौद्ध अश्रमों के प्रायोजन, और मध्य एशिया और दक्षिण-पूर्व एशियाई राज्यों के साथ बौद्ध संबंधों का मूल्यांकन किया जाए।","आशोक के प्रसार के परिणामस्वरूप बौद्ध धर्म के नैतिक मूल्यों और शिक्षाओं का प्रसार हुआ, जो उस समय के अधिकांश हिंदू धर्म के साथ उपयोगी थे। उन्होंने बौद्ध धर्म की मिशनरी गतिविधियों को समर्थन दिया, जिसके परिणामस्वरूप मध्य एशिया और दक्षिण-पूर्व एशियाई राज्यों में बौद्ध धर्म के अनुयायियों की संख्या में वृद्धि हुई।"
Write your answer to the question in Hindi:,"रामायण और महाभारत के ऐतिहासिक, पौराणिक, और साहित्यिक आयामों का विश्लेषण करें, उनके उत्पत्ति, प्रसार, पाठिक विविधताएँ, और विभिन्न क्षेत्रों और कालांतरों में सांस्कृतिक अनुकूलन को ध्यान में रखते हुए।","रामायण और महाभारत की ऐतिहासिक, पौराणिक, और साहित्यिक विविधताओं की गहराईयों का अध्ययन करते हुए, इनकी उत्पत्ति, पाठिक विविधताएँ, और विभिन्न क्षेत्रों और कालांतरों में सांस्कृतिक अनुकूलन की अध्ययन किया जा सकता है।"
Provide a response to the given query in Hindi:,"रामायण और महाभारत में प्रस्तुतित नैतिक और धार्मिक संदेहों का विश्लेषण करें, जैसे कर्त्तव्य (धर्म) बनाम व्यक्तिगत इच्छा, वफादारी बनाम धर्म, और कर्म के परिणाम, और उनका समक्षीकरण समक्षीकरण समक्षीकरण समक्षीकरण समक्षीकरण में उनकी प्रासंगिकता का मूल्यांकन करें।","रामायण और महाभारत में प्रस्तुतित नैतिक और धार्मिक संदेहों का विश्लेषण करते हुए, जैसे कर्त्तव्य (धर्म) बनाम व्यक्तिगत इच्छा, वफादारी बनाम धर्म, और कर्म के परिणाम, उनकी प्रासंगिकता का मूल्यांकन किया जा सकता है।"
Answer the question in Hindi language:,"रामायण और महाभारत के समाज-राजनीतिक पहलुओं का अध्ययन करें, जिसमें राजाई, शासन, सामाजिक वर्गव्यवस्था, लिंग भूमिकाएँ, और धार्मिक बहुलता की चित्रण शामिल है, और हिंदू धार्मिक और सांस्कृतिक पहचान पर उनका प्रभाव मूल्यांकन करें।","रामायण और महाभारत के समाज-राजनीतिक पहलुओं का अध्ययन करते हुए, राजाई, शासन, सामाजिक वर्गव्यवस्था, लिंग भूमिकाएँ, और धार्मिक बहुलता की चित्रण शामिल है, और हिंदू धार्मिक और सांस्कृतिक पहचान पर उनका प्रभाव मूल्यांकन किया जा सकता है।"
Reply to the asked question in Hindi:,अर्थशास्त्र क्या है?,"अर्थशास्त्र एक प्राचीन भारतीय ग्रंथ है जो राजनीति, अर्थव्यवस्था, और सैन्य रणनीति पर है, जिसे चाणक्य, जिसे कौटिल्य या विष्णुगुप्त भी कहा जाता है, का श्रेय दिया जाता है।"
दिए गए प्रश्न का उत्तर हिंदी में दें:,अर्थशास्त्र कब रचा गया था?,अर्थशास्त्र का माना जाता है कि इसे मौर्य साम्राज्य के दौरान लगभग 4वीं सदी ईसा पूर्व रचा गया था।
दिए गए सवाल का जवाब हिंदी में लिखें:,अर्थशास्त्र में विचार किये गए मुख्य सिद्धांत क्या हैं?,"अर्थशास्त्र शासन, कर, राजनीतिक और गुप्तचर जैसे विभिन्न पहलुओं पर चर्चा करता है।"
दिए गए प्रश्न का समाधान हिंदी में प्रस्तुत करें:,अर्थशास्त्र हमारे प्राचीन भारतीय शासन के समझ में कैसे सहायक है?,"अर्थशास्त्र प्राचीन भारतीय राज्यों की प्रशासनिक संरचना और नीतियों के बारे में जानकारी प्रदान करता है, मूल्यवान ऐतिहासिक और राजनीतिक दृष्टिकोण प्रस्तुत करता है।"
पूछे गए प्रश्न का उत्तर हिंदी में प्रदान करें:,संस्कृत साहित्य क्या है?,"संस्कृत साहित्य संस्कृत भाषा में लिखी गई साहित्यिक रचनाओं का समूह है, जिसमें महाकाव्य, काव्य, नाटक, और दार्शनिक पाठों जैसे विभिन्न शैलियों का समावेश होता है।"
बताए गए सवाल का उत्तर हिंदी में दें।,कुछ प्रमुख संस्कृत कवि और लेखक कौन थे?,"प्रमुख संस्कृत कवि और लेखक में वाल्मीकि, व्यास, कालिदास, भारवि, और भास शामिल हैं, इनमें से कुछ हैं।"
Diye gaye prashn ka uttar Hindi mein dein:,कुछ प्रसिद्ध संस्कृत महाकाव्य कौन-कौन से हैं?,"प्रसिद्ध संस्कृत महाकाव्य में रामायण और महाभारत शामिल हैं, जो दोनों ही हिन्दू पौराणिक और दर्शनिक साहित्य में मौलिक पाठ हैं।"
Diye gaye sawaal ka jawab Hindi mein likhein:,संस्कृत साहित्य कैसे प्राचीन भारतीय सांस्कृतिक और धार्मिक विश्वासों को प्रतिबिम्बित करता है?,"संस्कृत साहित्य प्राचीन भारतीय संस्कृति के समृद्ध पट, नैतिकता, आध्यात्मिकता, वीरता, और अस्तित्व के चक्रीय स्वरूप जैसे विषयों को समाविष्ट करता है।"
Diye gaye prashn ka samadhan Hindi mein prastut karein:,प्राचीन भारतीय समाज में हिंदू मंदिरों का महत्व क्या है?,"हिंदू मंदिर पूजा, आध्यात्मिक विचारधारा, और समुदाय के एकत्रित होने के लिए पवित्र स्थान के रूप में कार्य करते थे, भक्ति, सौंदर्य, और ब्रह्मांडीय व्यवस्था के सिद्धांतों को अवतरित करते हैं।"
Pooche gaye prashn ka uttar Hindi mein pradaan karein:,हिंदू मंदिर वास्तुकला के कुछ विशेष लक्षण क्या हैं?,"हिंदू मंदिर वास्तुकला के विशेष लक्षण में जटिल नक्काशियाँ, ऊँची शिखर (शिखर), मण्डप (स्तंभित हॉल), और देवताओं और पौराणिक सीनों की विस्तृत मूर्तिकला शामिल हैं।"
Bataye gaye sawaal ka jawab Hindi mein dein:,क्या आप भारत में कुछ प्रसिद्ध हिंदू मंदिरों का नाम बता सकते हैं?,"भारत में प्रसिद्ध हिंदू मंदिरों में थंजावुर में बृहदीश्वरर मंदिर, कांचीपुरम में कैलासनाथर मंदिर, उत्तराखंड में बद्रीनाथ मंदिर, और मदुरै में मीनाक्षी मंदिर शामिल हैं, इनमें से कुछ हैं।"
Answer the given question in Hindi:,समय के साथ हिंदू मंदिर वास्तुकला कैसे विकसित हुई?,"हिंदू मंदिर वास्तुकला ने साधारण चट्टानों से लेकर विशेष क्षेत्रीय शैलियों के साथ जटिल संरचनात्मक मंदिरों तक का विकास किया, जो भूगोल, प्रायोजन, और धार्मिक प्रथाओं के कारकों के प्रभाव में था।"
Write your answer to the question in Hindi:,प्राचीन भारतीय गणितज्ञों का गणित क्षेत्र में क्या योगदान था?,"प्राचीन भारतीय गणितज्ञों ने शून्य का आविष्कार, दशमलव संख्या प्रणाली, बीजगणित, और त्रिकोणमिति जैसे विभिन्न गणितीय अवधारणाओं में महत्वपूर्ण योगदान किया।"
Provide a response to the given query in Hindi:,कुछ प्रमुख प्राचीन भारतीय गणितज्ञ कौन-कौन थे?,"प्रमुख प्राचीन भारतीय गणितज्ञों में आर्यभट, ब्रह्मगुप्त, भास्कर I और II, और संगमग्राम के माधव आदि शामिल हैं।"
Answer the question in Hindi language:,प्राचीन भारत से कुछ महत्वपूर्ण गणितीय ग्रंथ क्या हैं?,"प्राचीन भारत से कुछ महत्वपूर्ण गणितीय ग्रंथों में आर्यभटीय, ब्रह्मसिद्धांत, सिद्धांत शिरोमणि, और लीलावती शामिल हैं, जो अंकगणित और ज्यामिति से लेकर खगोलशास्त्र और कैलकुलस जैसे विषयों को कवर करते हैं।"
Reply to the asked question in Hindi:,प्राचीन भारतीय गणित किस प्रकार वैश्विक गणित विचार को प्रभावित किया?,"प्राचीन भारतीय गणितीय खोज, विशेष रूप से शून्य की अवधारणा और दशमलव संख्या प्रणाली, ने गणित के विकास पर वैश्विक असर डाला, जिससे खगोलशास्त्र, अर्थशास्त्र, और कंप्यूटर विज्ञान जैसे क्षेत्रों को आकार दिया।"
दिए गए प्रश्न का उत्तर हिंदी में दें:,प्राचीन भारतीय खगोलशास्त्रज्ञों के द्वारा खगोलशास्त्र क्षेत्र में मुख्य योगदान क्या था?,"प्राचीन भारतीय खगोलशास्त्रज्ञों ने खगोलीय घटनाओं की पूर्वानुमान करने के लिए गणितीय मॉडलों का विकास, सूर्य केंद्रीय सौरमंडल की अवधारणा, और ग्रहों की स्थिति को मापने के लिए सटीक विधियों के विकास जैसे महत्वपूर्ण योगदान किए।"
दिए गए सवाल का जवाब हिंदी में लिखें:,प्राचीन भारतीय लोग अपने दैनिक जीवन में खगोलशास्त्र का कैसे प्रयोग करते थे?,"प्राचीन भारतीय लोग अपने दैनिक जीवन में खगोलशास्त्र का विभिन्न उद्देश्यों के लिए प्रयोग करते थे, जैसे शुभ समयों का निर्धारण करना धार्मिक अनुष्ठानों के लिए, मौसम के पैटर्न का पूर्वानुमान करना, और समुद्री यात्राओं का नेविगेशन करना।"
दिए गए प्रश्न का समाधान हिंदी में प्रस्तुत करें:,भारतीय खगोलशास्त्र में सूर्य सिद्धांत का महत्व क्या है?,"सूर्य सिद्धांत एक प्राचीन भारतीय खगोलीय पाठ है जो आकाशीय शरीरों के गतिविधि, ग्रहणों की गणना, और समय की माप के बारे में विस्तृत ज्ञान प्रदान करता है। यह भारतीय खगोलशास्त्र में मौलिक पाठों में से एक माना जाता है।"
पूछे गए प्रश्न का उत्तर हिंदी में प्रदान करें:,प्राचीन भारतीय ज्योतिष समाज और संस्कृति को कैसे प्रभावित करता था?,"प्राचीन भारतीय ज्योतिष, या ज्योतिष, समाज और सांस्कृतिक प्रथाओं को आकार देने में महत्वपूर्ण भूमिका निभाता था, जो विवाह, प्रसव, कृषि, और शासन से संबंधित निर्णयों को प्रभावित करता था। यह धार्मिक अनुष्ठानों और दार्शनिक धारणाओं में भी एकीकृत किया गया था।"
बताए गए सवाल का उत्तर हिंदी में दें।,"आयुर्वेद क्या है, और इसके मौलिक सिद्धांत क्या हैं?","आयुर्वेद एक प्राचीन भारतीय चिकित्सा प्रणाली है जो एक संपूर्णता की दृष्टि से चिकित्सा करती है। इसके मौलिक सिद्धांत में तीन दोषों (वात, पित्त, और कफ) के संतुलन, स्वस्थ जीवनशैली की महत्वपूर्णता, और उपचार के लिए प्राकृतिक उपचारों का उपयोग शामिल है।"
Diye gaye prashn ka uttar Hindi mein dein:,आयुर्वेद में कुछ प्रमुख प्राचीन भारतीय चिकित्सक और विद्वान कौन-कौन थे?,"आयुर्वेद में कुछ प्रमुख प्राचीन भारतीय चिकित्सक और विद्वान चारक, सुश्रुत, और वाग्भटा शामिल हैं, जिन्होंने निदान, उपचार, और शल्यचिकित्सा के क्षेत्र में प्रभावशाली पाठ्यक्रम लिखे हैं।"
Diye gaye sawaal ka jawab Hindi mein likhein:,आयुर्वेद में कुछ सामान्य उपचार और चिकित्साएं क्या हैं?,"आयुर्वेदिक उपचार और चिकित्साओं में जड़ी बूटियों का उपयोग, आहार में परिवर्तन, शुद्धिकरण प्रक्रियाएँ (पंचकर्म), योग, ध्यान, और व्यक्तिगत शारीरिक प्रकृति और स्वास्थ्य स्थितियों के अनुकूल जीवनशैली की संशोधन शामिल हैं।"
Diye gaye prashn ka samadhan Hindi mein prastut karein:,आयुर्वेद में आधुनिक पश्चिमी चिकित्सा से कैसे भिन्न है?,"आयुर्वेद लक्षणों का केवल उपचार न करके रोग की रोकथाम और सम्पूर्ण कल्याण पर ध्यान केंद्रित करता है। यह मानता है कि मन, शरीर, और आत्मा के मध्य संबंध है, और व्यक्तिगत संरचना और पर्यावरणीय कारकों पर आधारित स्वास्थ्य सेवा के लिए व्यक्तिगत प्रयास करता है।"
Pooche gaye prashn ka uttar Hindi mein pradaan karein:,प्राचीन भारत में स्रमण आंदोलन क्या थे?,"स्रमण आंदोलन प्राचीन भारत में उत्तर-वैदिक तपस्वी आंदोलन थे जो ब्राह्मणवाद के साथ ही उत्पन्न हुए। इसमें जैन धर्म, बौद्ध धर्म, और अजीविका जैसी विभिन्न धार्मिक और दार्शनिक परंपराएं शामिल थीं, जो संन्यास, ध्यान, और नैतिक आचरण पर जोर देते थे।"
Bataye gaye sawaal ka jawab Hindi mein dein:,स्रमण आंदोलन से संबंधित मुख्य व्यक्तियों कौन-कौन थे?,"स्रमण आंदोलन से संबंधित मुख्य व्यक्तियों में महावीर, जैन धर्म के संस्थापक; सिद्धार्थ गौतम, बौद्ध धर्म के संस्थापक बुद्ध; और मक्खली गोसाल, अजीविका सम्प्रदाय के संस्थापक शामिल हैं।"
Answer the given question in Hindi:,जैन धर्म के मुख्य शिक्षाओं क्या थे?,"जैन धर्म में अहिंसा, सत्य, अपरिग्रह, और करुणा जैसे नैतिक तत्त्वों को महत्व दिया जाता है, साथ ही कर्म, पुनर्जन्म, और संसार से मुक्ति (मोक्ष) के विश्वास को भी बनाए रखा गया।"
Write your answer to the question in Hindi:,स्रमण आंदोलन ने भारतीय समाज और धार्मिक विचार को कैसे प्रभावित किया?,"स्रमण आंदोलन ने वैदिक रीति-रिवाज और वर्णव्यवस्था की प्राधान्यता को चुनौती दी, आध्यात्मिक मुक्ति और सामाजिक समानता के विकल्पिक मार्गों को बढ़ावा दिया। यह भारतीय दर्शन, नैतिकता, और धार्मिक विविधता के विकास में भी योगदान किया।"
Provide a response to the given query in Hindi:,आधुनिक कालों में भारतीय महासागर व्यापार का महत्व क्या था?,"भारतीय महासागर व्यापार प्राचीन रूप से पूरे पूर्व अफ्रीका, अरबी द्वीप, भारतीय उपमहाद्वीप, दक्षिणपूर्व एशिया, और पूर्व एशिया को जोड़ने वाली महत्वपूर्ण समुद्री मार्गों का एक महत्वपूर्ण नेटवर्क था। इसने विविध सभ्यताओं के बीच सामान, विचार, संस्कृतियों, और प्रौद्योगिकियों का विनिमय सुनिश्चित किया।"
Answer the question in Hindi language:,भारतीय महासागर व्यापार नेटवर्क में मुख्य वस्त्र व्यापार के वस्त्र क्या थे?,"भारतीय महासागर व्यापार नेटवर्क में मुख्य वस्त्र व्यापार के लिए मसाले (जैसे कि काली मिर्च, दालचीनी, और लौंग), वस्त्र (जैसे कि कपास और रेशम), प्रिय पत्थर, धातु (जैसे कि सोना और चांदी), हाथीदांत, और अजीब जानवर शामिल थे।"
Reply to the asked question in Hindi:,भारतीय महासागर व्यापार ने प्राचीन समाजों की अर्थव्यवस्थाओं पर कैसा प्रभाव डाला?,"भारतीय महासागर व्यापार ने अर्थव्यवस्था के विकास, नगरीकरण, और श्रम के विशेषीकरण को बढ़ावा दिया। यह वाणिज्यिक नेटवर्क, बैंकिंग प्रणालियों, और सांस्कृतिक आदान-प्रदान के विकास को प्रोत्साहित किया, जिससे भागीदार सभ्यताओं का समृद्धि में योगदान हुआ।"
दिए गए प्रश्न का उत्तर हिंदी में दें:,क्या आप भारतीय महासागर व्यापार नेटवर्क में कुछ महत्वपूर्ण पोर्ट शहरों का नाम बता सकते हैं?,"भारतीय महासागर व्यापार नेटवर्क में महत्वपूर्ण पोर्ट शहरों में इजिप्ट में अलेक्जेंड्रिया, यमन में एडेन, भारत में कोझिकोड और कोचीन, मलेशिया में मलाका, और चीन में गुआंगज़ौ शामिल हैं, इन"
दिए गए सवाल का जवाब हिंदी में लिखें:,"सिल्क रोड क्या था, और इस व्यापार नेटवर्क में प्राचीन भारत की क्या भूमिका थी?","सिल्क रोड एक अंधाधुंध हाथी व्यापारी नेटवर्क था जो मध्य एशिया के माध्यम से चीन को मेदितरेनियन क्षेत्र से जोड़ता था। प्राचीन भारत ने सिल्क रोड के दक्षिणी शाखा में महत्वपूर्ण लिंक के रूप में काम किया, पूर्वी एशिया, मध्य पूर्व, और यूरोप के बीच माल का आदान-प्रदान सुनिश्चित करते हुए।"
दिए गए प्रश्न का समाधान हिंदी में प्रस्तुत करें:,सिल्क रोड पर कुछ वस्त्र व्यापार किए गए कुछ वस्त्र थे?,"सिल्क रोड पर व्यापार किए गए माल में सिल्क, मसाले, चाय, पोर्सलेन, प्रेसियस मेटल्स, रत्न, वस्त्र, हाथीदांत, कांच के वस्त्र, और अजीब जानवर शामिल थे।"
पूछे गए प्रश्न का उत्तर हिंदी में प्रदान करें:,सिल्क रोड ने सांस्कृतिक आदान-प्रदान और विचारों के प्रसार में कैसे योगदान किया?,"सिल्क रोड ने केवल माल का ही नहीं, बल्कि विभिन्न सभ्यताओं के बीच विचार, धर्म, भाषाओं, प्रौद्योगिकियों, और कलात्मक शैलियों का आदान-प्रदान किया, सांस्कृतिक प्रसार और संक्रियात्मकता को बढ़ावा दिया।"
बताए गए सवाल का उत्तर हिंदी में दें।,प्राचीन भारत को अन्य क्षेत्रों से जोड़ने वाले प्रमुख भूमिकाओं में मुख्य भूमिकाएं क्या थीं?,"प्राचीन भारत को अन्य क्षेत्रों से जोड़ने वाले मुख्य भूमिकाएं में सिल्क रोड, ग्रैंड ट्रंक रोड, और हिन्दुकुश और पामीर पर्वत द्वारा रूट शामिल थे। समुद्री रूट में भारत को पूर्वी अफ्रीका, अरब, दक्षिणपूर्व एशिया, और चीन के साथ जोड़ने वाले भारतीय महासागर व्यापार रूट्स शामिल थे।"
Diye gaye prashn ka uttar Hindi mein dein:,प्राचीन भारत में सबसे पहले सिक्के कब निकाले गए थे?,"प्राचीन भारत में सबसे पहले सिक्के महाजनपद काल में लगभग 6वीं शताब्दी ईसा पूर्व में निकाले गए थे। इन सिक्कों का अधिकांश चांदी और तांबे का था और इसमें विभिन्न प्रतीक शामिल थे, जैसे कि जानवर, पौधे, और ज्यामिति डिज़ाइन।"
Diye gaye sawaal ka jawab Hindi mein likhein:,प्राचीन भारत में उपयोग किए जाने वाले मुख्य मुद्राओं के क्या प्रकार थे?,"प्राचीन भारत में उपयोग किए जाने वाले मुख्य मुद्राओं में पंच-मार्क्ड सिक्के, ढलवान सिक्के, और विभिन्न राज्यों और वंशों द्वारा जारी किए गए विभिन्न प्रकार की मुद्राएं शामिल थीं, जैसे कि मौर्य, गुप्त, और कुषाण साम्राज्य।"
Diye gaye prashn ka samadhan Hindi mein prastut karein:,सिक्कों के उपयोग ने प्राचीन भारत में व्यापार और वाणिज्य को कैसे प्रभावित किया?,"सिक्कों के प्रस्तावना से व्यापार लेन-देन को मानकीकृत किया गया, वाणिज्यिक विनिमय को सुगम बनाया और विभिन्न क्षेत्रों में आर्थिक एकीकरण को प्रोत्साहित किया। सिक्कों ने राजनीतिक प्राधिकरण और विधान की प्रोत्साहन में भी भूमिका निभाई।"
Pooche gaye prashn ka uttar Hindi mein pradaan karein:,क्या आप प्राचीन भारतीय सिक्कों के कुछ प्रसिद्ध उदाहरणों का नाम बता सकते हैं?,"प्राचीन भारतीय सिक्कों के प्रसिद्ध उदाहरणों में मगध और मौर्य साम्राज्य के पंच-मार्क्ड सिक्के, गुप्त वंश के सोने के सिक्के (दीनार), और इंडो-ग्रीक और कुषाण साम्राज्य के चांदी के सिक्के (ड्रैकमा) शामिल हैं।"
Bataye gaye sawaal ka jawab Hindi mein dein:,प्राचीन भारत में गुरुकुल शिक्षा प्रणाली क्या थी?,"गुरुकुल प्रणाली एक प्राचीन भारतीय शिक्षा प्रणाली थी जहां छात्र एक गुरु के साथ आश्रम में रहते थे और वेद, दर्शन, साहित्य, युद्ध, संगीत, और चिकित्सा जैसे विभिन्न विषयों में शिक्षा प्राप्त करते थे। यह एक घनिष्ठ शिक्षक-छात्र संबंध पर आधारित था और अनुभवात्मक शिक्षा और व्यक्तित्व विकास को महत्व देता था।"
Answer the given question in Hindi:,गुरुकुल प्रणाली कैसे काम करती थी?,"गुरुकुल प्रणाली में, छात्र (शिष्य) नगरीय केंद्रों से दूर गुरु के साथ उनके आश्रम में रहते थे। उनसे अपेक्षा की जाती थी कि वे अपने गुरु की सेवा करें, घरेलू काम करें, और अपनी शिक्षा के साथ-साथ गुरु की दैनिक गतिविधियों में सहायक हों। शिक्षा मौखिक परंपरा, चर्चा, बहस, और प्रायोगिक प्रदर्शन के माध्यम से प्रदान की जाती थी।"
Write your answer to the question in Hindi:,गुरुकुलों में प्रमुख विषय क्या थे?,"गुरुकुलों में प्रमुख विषयों में वेद (धार्मिक ग्रंथ), वेदांग (सहायक विद्याओं), धर्म (नैतिकता), अर्थ (अर्थशास्त्र), काम (सौंदर्यशास्त्र), और मोक्ष (मुक्ति) शामिल थे। कृषि, पशुपालन, और कारीगरी जैसे प्रायोगिक कौशल भी सिखाए जाते थे।"
Provide a response to the given query in Hindi:,गुरुकुल प्रणाली ने प्राचीन भारतीय समाज में कैसे योगदान किया?,"गुरुकुल प्रणाली ने ज्ञान, संस्कृति, और मूल्यों को एक पीढ़ी से दूसरी पीढ़ी तक संरक्षित और प्रसारित करने में महत्वपूर्ण भूमिका निभाई। यह बौद्धिक उत्साह, अनुशासन, विनम्रता, और परंपरा के प्रति आदर्श को बढ़ावा दिया, सामाजिक एकता और आध्यात्मिक विकास की नींव रखी।"
Answer the question in Hindi language:,प्राचीन भारत में कास्ट प्रणाली क्या है?,"कास्ट प्रणाली एक श्रेणीबद्ध सामाजिक संरचना है जो जन्म, व्यवसाय, और सामाजिक स्थिति के आधार पर व्यक्तियों को विभिन्न समूहों (जातियों) में विभाजित करती है। इसमें चार मुख्य वर्ण (वर्ग) शामिल हैं - ब्राह्मण (ब्राह्मण, यजमान), क्षत्रिय (योद्धा और शासक), वैश्य (व्यापारी और किसान), और शूद्र (श्रमिक और शिल्पकार), जिसमें दलित (पहले अनुछ्छेदी) कास्ट श्रेणी के बाहर होते हैं।"
Reply to the asked question in Hindi:,प्राचीन भारतीय समाज में कास्ट प्रणाली कैसे कार्य करती थी?,"कास्ट प्रणाली ने सामाजिक बातचीत, विवाह, व्यवसाय, और धार्मिक अनुष्ठानों को विनियमित किया, जिसमें प्रत्येक कास्ट को उसके निर्धारित कर्तव्य, प्राधिकार, और प्रतिबंध होते थे। कास्ट के बीच आरंभिक गतिशीलता सीमित थी, और व्यक्तियों से उनके जन्मानुसार निर्धारित भूमिकाओं का पालन करने की उम्मीद की जाती थी।"
दिए गए प्रश्न का उत्तर हिंदी में दें:,कास्ट प्रणाली के धार्मिक आवधान क्या थे?,"रिग्वेद और मनुस्मृति जैसे हिन्दू धार्मिक ग्रंथों के अनुसार, कास्ट प्रणाली को ब्रह्मांडीय क्रम (धर्म) और समाज के लिए समर्थन और ब्रह्मांडीय संतुलन को बनाए रखने के लिए विभिन्न वर्णों के बीच कार्य विभाजन से उत्पन्न माना जाता था। हर वर्ण को समाज के कार्यों के लिए आवश्यक माना गया था।"
दिए गए सवाल का जवाब हिंदी में लिखें:,प्राचीन भारत में कास्ट प्रणाली के खिलाफ आलोचना क्या थी?,"कास्ट प्रणाली को विभिन्न क्षेत्रों से, सामाजिक सुधारकों, दार्शनिकों, और धार्मिक आंदोलनों से आलोचना का सामना करना पड़ा, जो असमानता, भेदभाव, और सामाजिक अन्याय को बनाए रखने का आरोप लगाते थे। आलोचक लोग जन्म के आधार पर सभी मानवों की समानता और व्यक्तिगत प्रतिष्ठा और चरित्र की मान्यता की मांग करते थे।"
दिए गए प्रश्न का समाधान हिंदी में प्रस्तुत करें:,प्राचीन भारत में महिलाओं के कानूनी अधिकार और स्थिति क्या थी?,"प्राचीन भारत में महिलाओं के पास संपत्ति विरासत में हिस्सेदारी, व्यापार में शामिल होने, और धार्मिक कार्यक्रमों में भाग लेने के कानूनी अधिकार थे। हालांकि, उनके अधिकार और स्थिति जाति, वर्ग, क्षेत्र, और काल के कारकों पर निर्भर करते थे। मनुस्मृति और अन्य प्राचीन पाठों ने महिलाओं के लिए कुछ कर्तव्यों और प्रतिबंधों को निर्धारित किया था।"
पूछे गए प्रश्न का उत्तर हिंदी में प्रदान करें:,क्या आप कुछ प्राचीन भारतीय इतिहास की प्रभावशाली महिलाओं का नाम बता सकते हैं?,"प्राचीन भारतीय इतिहास से प्रभावशाली महिलाओं में मैत्रेयी और गार्गी, जो उपनिषदों में उल्लिखित प्रमुख दार्शनिक थीं; रानी अहिल्याबाई होलकर, जिन्होंने अपने प्रशासनिक सुधारों के लिए प्रसिद्ध मराठा शासक के रूप में जानी जाती हैं; और मीराबाई, जो भक्ति गानों की रचना करने वाली एक संत-कविनी थीं।"
बताए गए सवाल का उत्तर हिंदी में दें।,प्राचीन भारत में समाजीय दृष्टिकोण महिलाओं के प्रति समय के साथ कैसे बदले?,"प्राचीन भारत में महिलाओं के प्रति दृष्टिकोण समय के साथ बदले, जो सांस्कृतिक, धार्मिक, और राजनीतिक कारकों के प्रभाव में थे। हालांकि कुछ कालांतर में महिलाओं के"
Diye gaye prashn ka uttar Hindi mein dein:,प्राचीन भारत में Sati क्या था?,"Sati एक प्रथा थी जिसमें प्राचीन भारत में एक विधवा अपने पति के अंतिम संस्कार की चिता पर अपने आप को जला देती थी। यह एक महिला के पति के प्रति भक्ति और निष्ठा का प्रदर्शन माना जाता था, साथ ही परिवार की गरिमा को बनाए रखने का एक साधन भी था।"
Diye gaye sawaal ka jawab Hindi mein likhein:,Sati प्रथा के पीछे क्या कारण थे?,"Sati प्रथा को सांस्कृतिक मानदंडों, धार्मिक धारणाओं, और सामाजिक उम्मीदों के द्वारा प्रभावित किया गया था, जो महिलाओं की पवित्रता और निष्ठा को महत्वपूर्ण मानते थे। यह आर्थिक कारकों द्वारा भी प्रेरित था, क्योंकि विधवाएं अक्सर अपने परिवारों और समुदायों पर बोझ के रूप में देखी जाती थीं।"
Diye gaye prashn ka samadhan Hindi mein prastut karein:,प्राचीन भारतीय समाज में Sati को कैसे देखा गया था?,"Sati को प्रारंभ में कुछ सेक्शन्स में एक उदात्त कृत्य और पत्नी के प्रेम का प्रतीक के रूप में देखा गया था। हालांकि, समय के साथ, यह चर्चा और आलोचना का विषय बन गया, जिसमें सुधारक और बुद्धिजीवियों ने इसके नैतिक और धार्मिक परिणामों को प्रश्न किया।"
Pooche gaye prashn ka uttar Hindi mein pradaan karein:,Sati का विधवाओं और समाज पर क्या परिणाम थे?,"Sati ने विधवाओं, समाजिक और आर्थिक परिणामों को पूर्ण रूप से महसूस किया, उन्हें स्वतंत्रता, आत्मनिर्भरता, और दूसरे विवाह या स्वतंत्र जीवन के अवसरों से वंचित कर दिया। यह सामाजिक नारों को जारी रखता था और समाज में महिलाओं की अधीनता को मजबूत करता था।"
Bataye gaye sawaal ka jawab Hindi mein dein:,प्राचीन भारत की कला और मूर्तिकला में क्या प्रमुख विषय थे?,"प्राचीन भारत की कला और मूर्तिकला में धार्मिक पौराणिक कथाओं, देवताओं, आध्यात्मिक अवधारणाओं, प्रतिदिन के जीवन, प्रकृति, और राजसी समाज के विभिन्न विषयों का व्यापक चित्रण किया गया। वे विभिन्न कालों और क्षेत्रों की सांस्कृतिक, सामाजिक, और धार्मिक धारणाओं का प्रतिबिंब करते थे।"
Answer the given question in Hindi:,प्राचीन भारतीय मूर्तिकला में मुख्य सामग्री क्या थी?,"प्राचीन भारतीय मूर्तिकलाकारों ने मूर्तियों को बनाने के लिए पत्थर, कांस्य, टेराकोटा, और स्टको जैसे विभिन्न सामग्रियों का उपयोग किया। पत्थर, विशेषत: बालुआ और ग्रेनाइट, मंदिरों, स्तूपों, और देवी-देवताओं की प्रतिमाओं को मूर्तिकलाकारी के लिए सबसे आम माध्यम था।"
Write your answer to the question in Hindi:,क्या आप प्राचीन भारतीय मूर्तिकला के कुछ प्रसिद्ध उदाहरणों का नाम बता सकते हैं?,"प्राचीन भारतीय मूर्तिकला के प्रसिद्ध उदाहरणों में सांची का महास्तूप, अजंता और एलोरा की चट्टानों में कटे हुए गुफाएँ, खजुराहो और कोणार्क के मंदिर समूह, और नटराज की नृत्य करते हुए शिव की प्रतिमा और मौर्य काल के यक्षों और यक्षिणियों का समाविष्ट है।"
Provide a response to the given query in Hindi:,प्राचीन भारतीय मूर्तिकला कैसे विकसित हुई?,"प्राचीन भारतीय मूर्तिकला सिंपल और प्रतीकात्मक प्रतिष्ठानों से गुप्त और पोस्ट-गुप्त काल के अत्यंत विस्तृत और अभिव्यक्तिशील रूपों तक विकसित हुई। यह विभिन्न क्षेत्रों और संस्कृतियों से प्रभावों को समेटती थी, जिससे विविध शैलियों और प्रतिमालंकारी कीकोग्राफी उत्पन्न हुई।"
Answer the question in Hindi language:,"Bharatanatyam क्या है, और इसकी मुख्य विशेषताएँ क्या हैं?","भरतनाट्यम दक्षिण भारत के तमिलनाडु से उत्पन्न एक शास्त्रीय भारतीय नृत्य रूप है। इसकी जटिल पैर की काम, आकर्षक गतिविधियाँ, अभिव्यक्तिक इशारे (मुद्राएँ), और नृत्य, संगीत, और चेहरे की अभिव्यक्ति के माध्यम से कथा कहने की पहचान है।"
Reply to the asked question in Hindi:,"कथकाली क्या है, और इसे अन्य भारतीय नृत्य रूपों से कैसे पहचाना जाता है?","कथकाली केरल से एक शास्त्रीय नृत्य-नाटक रूप है, जिसमें विस्तृत पोशाक, रंगीन मेकअप (चुट्टी), अतिरंजित चेहरे के इशारे, और स्टाइलाइज्ड गतिविधियाँ हैं। यह हिंदू इतिहास और पौराणिक कथाओं से कहानियाँ चित्रित करने के लिए नृत्य, थियेटर, संगीत, और माइम के तत्वों को जोड़ता है।"
दिए गए प्रश्न का उत्तर हिंदी में दें:,शास्त्रीय भारतीय नृत्य रूप कैसे सांस्कृतिक विरासत को संरक्षित और प्रसारित करते हैं?,"भरतनाट्यम, कथकाली, ओडिसी, और कुछिपुड़ी जैसे शास्त्रीय भारतीय नृत्य रूप संगीत की रूपांतरण के माध्यम से प्राचीन कथाएँ, किस्से, और परंपराओं को संरक्षित रखने के रूप में कार्य करते हैं। ये भविष्य की पीढ़ियों को सांस्कृतिक मूल्यों, अंदाज, और आध्यात्मिक दृष्टिकोणों को संचारित करने में महत्वपूर्ण भूमिका निभाते हैं।"
दिए गए सवाल का जवाब हिंदी में लिखें:,शास्त्रीय भारतीय नृत्य संगीत में कुछ प्रमुख उपकरण कौन-कौन से होते हैं?,"शास्त्रीय भारतीय नृत्य संगीत में प्रयुक्त उपकरणों में तबला, मृदंगम, वीणा, बांसुरी, वायलिन, सितार, और झांझ का समावेश है। ये उपकरण नृत्यकारियों के लिए ताल, मेलोडी, और सहानुभूति प्रदान करते हैं, समग्र आकृतिक अनुभव को बढ़ाते हैं।"
दिए गए प्रश्न का समाधान हिंदी में प्रस्तुत करें:,प्राचीन भारतीय समाज में संगीत की क्या भूमिका थी?,"संगीत प्राचीन भारत में महत्वपूर्ण सांस्कृतिक, धार्मिक, और सामाजिक महत्व रखता था। यह धार्मिक रीतिरिवाजों, त्योहारों, और समारोहों का अभिन्न हिस्सा था, साथ ही मनोरंजन और कलात्मक अभिव्यक्ति का एक महत्वपूर्ण तत्व भी। भिन्न संगीत रूपों और उपकरणों का उपयोग भावनाओं को प्रेरित करने, कथाओं को संवहनी करने, और आध्यात्मिक स्थितियों को उत्पन्न करने के लिए किया जाता था।"
पूछे गए प्रश्न का उत्तर हिंदी में प्रदान करें:,प्राचीन भारत में मुख्य संगीत उपकरण क्या थे?,"प्राचीन भारतीय संगीत में विविध उपकरण शामिल थे जिसमें सारंगी, सितार, और तानपुरा जैसे तार उपकरण; तबला, मृदंग, और ढोलक जैसे आघात उपकरण; बांसुरी, शहनाई, और बाँसरी जैसे वायु उपकरण; और मंजिरा, घुंघरू, और करताल जैसे तालमय उपकरण शामिल थे।"
बताए गए सवाल का उत्तर हिंदी में दें।,क्या आप प्राचीन भारत के शास्त्रीय संगीत परंपराओं का वर्णन कर सकते हैं?,"प्राचीन भारत में शास्त्रीय संगीत परंपराएँ उत्तर में हिंदुस्तानी संगीत और दक्षिण में कर्णाटक संगीत में बाँटी जाती थी। इन परंपराओं ने विकसित की गई संगीतिक और तालमय संरचनाएँ, आकस्मिक तकनीकों, और प्राचीन पाठ्यक्रमों से प्रेरित संगीत के विविध संग्रह का उत्तराधिकारी बनाया।"
Diye gaye prashn ka uttar Hindi mein dein:,संगीत ने प्राचीन भारतीय संस्कृति के अन्य पहलुओं पर कैसा प्रभाव डाला?,"संगीत ने प्राचीन भारतीय संस्कृति के विभिन्न पहलुओं पर प्रभाव डाला, जिसमें साहित्य, नृत्य, थियेटर, और धार्मिक प्रथाओं शामिल थे। यह कथा कहानी, दार्शनिक चर्चा, और आध्यात्मिक अन्वेषण के लिए एक म"
Diye gaye sawaal ka jawab Hindi mein likhein:,प्राचीन भारतीय युद्ध की प्रमुख विशेषताएँ क्या थीं?,"प्राचीन भारतीय युद्ध की प्रमुख विशेषताओं में विभिन्न सैन्य तंत्र, रणनीतियाँ, और शस्त्रों का प्रयोग था जो विभिन्न भूमिका, परिस्थितियों, और प्रतिद्वंद्वियों के अनुसार अनुकूलित था। इसमें पैदल योद्धा, सवार, रथवाहक, हाथी, और गढ़ों, कवच-कुश्ती, और विशेषज्ञ इकाइयों के साथ संघर्ष शामिल था।"
Diye gaye prashn ka samadhan Hindi mein prastut karein:,प्राचीन भारतीय राज्यों ने अपनी सैन्य बल को कैसे संगठित किया था?,"प्राचीन भारतीय राज्यों ने अपनी सैन्य बल को विभिन्न इकाइयों जैसे पैदल योद्धा (पैदलसेना), घोड़े पर सवार योद्धा (कवलरी), रथवाहक, हाथी वाहकों के एक श्रेणी के आधार पर संगठित किया। उन्होंने कुशल धनुषधारियों, बलिसान इंजनियरों, और रणनीतिज्ञों का भी इस्तेमाल किया।"
Pooche gaye prashn ka uttar Hindi mein pradaan karein:,क्या आप प्राचीन भारतीय इतिहास से कुछ प्रसिद्ध युद्ध का विवरण दे सकते हैं?,"प्राचीन भारतीय इतिहास से कुछ प्रसिद्ध युद्ध शामिल हैं, जैसे कुरुक्षेत्र का युद्ध महाभारत से, अलेक्जेंडर द महान और राजा पोरस के बीच ह्यदस्पीस का युद्ध, और सम्राट अशोक के विभिन्न प्रकरण, इन युद्धों का असर प्राचीन भारत के राजनीतिक, सामाजिक, और सांस्कृतिक दृश्य को बदल देता है।"
Bataye gaye sawaal ka jawab Hindi mein dein:,प्राचीन भारतीय युद्ध शास्त्रों और पाठ्यक्रम क्या थे जो महत्वपूर्ण थे?,"भारतीय युद्ध शास्त्रों और पाठ्यक्रमों में चाणक्य के अर्थशास्त्र, महाभारत, रामायण, और विभिन्न धर्मशास्त्रों का उल्लेख है, जो प्राचीन भारतीय युद्ध, सैन्य संगठन, लॉजिस्टिक्स, जासूसी, और राजनीति पर मार्गदर्शन प्रदान करते थे। इससे शासकों और सेनापतियों को राजनीतिक और सैन्य रणनीतियों पर मार्गदर्शन प्राप्त होता था।"
Answer the given question in Hindi:,"अलेक्जेंडर महान कौन थे, और उन्होंने भारत में आक्रमण क्यों किया?","अलेक्जेंडर महान एक मैसेडोनियन राजा और सैन्य विजेता थे जिन्होंने एशिया में अपने साम्राज्य का विस्तार करने का इरादा रखा था। उन्होंने 326 ईसा पूर्व में भारत में आक्रमण किया, जिसकी प्रेरणा विजय, प्रतिष्ठा, और भारतीय उपमहाद्वीप के प्रसिद्ध समृद्धि के प्रति थी।"
Write your answer to the question in Hindi:,अलेक्जेंडर के भारत में आक्रमण के प्रमुख घटनाक्रम क्या थे?,"अलेक्जेंडर के भारत में आक्रमण में कई महत्वपूर्ण युद्ध और अभियान शामिल थे, जिसमें राजा पोरस के खिलाफ ह्यदस्पीस नदी का युद्ध, पंजाब क्षेत्र का विजय, और सिंधु घाटी में चले जाने की शामिल थी। उन्हें भारतीय शासकों से कड़ी विरोधाभासी प्रतिरोध का सामना करना पड़ा और उन्हें अपनी सेना को संभालने में लॉजिस्टिकल चुनौतियों का सामना करना पड़ा।"
Provide a response to the given query in Hindi:,अलेक्जेंडर के भारत में आक्रमण के परिणाम क्या थे?,"अलेक्जेंडर के आक्रमण के भारत के लिए मिश्रित परिणाम रहे। यद्यपि यह छोटी अवधि में विघटन और संघर्षों का कारण बना, तथापि यह सांस्कृतिक आदान-प्रदान, व्यापार संबंध, और क्षेत्र में हेलेनिस्टिक प्रभाव का प्रसार किया। अलेक्जेंडर का अभियान पूर्व-पश्चिम के बीच भविष्य के संवादों की नींव रखता है।"
Answer the question in Hindi language:,भारतीय शासकों और समाज ने अलेक्जेंडर के भारत में आक्रमण का कैसे प्रतिक्रिया दी?,"भारतीय शासकों जैसे राजा पोरस और नंद वंश ने अलेक्जेंडर के आगे संघर्ष किया, अपने क्षेत्रों की रक्षा में वीरता और ठान दिखाई। हालांकि, कुछ स्थानीय शासक अलेक्जेंडर के अधिकार में आ गए, जबकि अन्य नेताओं ने संधि के लिए प्रयास किया या राजनीतिक व्यवहार में शामिल होने का प्रयास किया।"
Reply to the asked question in Hindi:,"पारसी कौन थे, और प्राचीन भारत में उनके आक्रमण क्यों हुए?","पारसी एक शक्तिशाली साम्राज्य था जो आधुनिक ईरान में स्थित था। उनके प्राचीन भारत में आक्रमण को भूमिका भूमिका में आक्रमण, व्यापार रास्तों के नियंत्रण, और क्षेत्र में रणनीतिक प्रमुखता की इच्छा ने प्रेरित किया था। आचेमेनिड साम्राज्य, सीरस द महान और बाद में दारियुश पहले, प्राचीन भारत के सबसे पहले पारसी आक्रमण की कार्यवाही की।"
दिए गए प्रश्न का उत्तर हिंदी में दें:,भारत के प्रमुख पारसी आक्रमण क्या थे?,"भारत के प्रमुख पारसी आक्रमण में सीरस द महान की 6वीं सदी ईसा पूर्व में अभियान और दारियुश पहले के द्वारा किए गए विजयों को शामिल किया जाता है, जो आचेमेनिड साम्राज्य को भारतीय उपमहाद्वीप के उत्तर-पश्चिमी क्षेत्रों तक विस्तारित किया। प्राचीन पारसी शासकों ने उत्तर-पश्चिमी भारत के विभिन्न प्रांतों पर नियंत्रण बनाए रखा।"
दिए गए सवाल का जवाब हिंदी में लिखें:,पारसी आक्रमणों का प्राचीन भारतीय समाज पर क्या प्रभाव हुआ?,"पारसी आक्रमणों ने प्राचीन भारत में नई सांस्कृतिक, राजनीतिक, और आर्थिक प्रभावों को प्रस्तुत किया। इन्होंने पारसी और भारतीय सभ्यताओं के बीच संवाद को सुविधाजनक बनाया, जिससे विचारों, भाषाओं, प्रौद्योगिकियों, और व्यापारिक सामग्रियों का आदान-प्रदान हुआ। उत्तर-पश्चिमी भारत के क्षेत्रों को आचेमेनिड साम्राज्य में शामिल किया गया, जिससे स्थानीय शासन और प्रशासन पर प्रभाव पड़ा।"
दिए गए प्रश्न का समाधान हिंदी में प्रस्तुत करें:,भारतीय शासक पारसी आक्रमणों का कैसे प्रतिसाद दिया?,"भारतीय शासक पारसी आक्रमणों के खिलाफ विभिन्न स्तरों पर विरोध और समन्वय के साथ प्रतिक्रिया दी। कुछ राज्य पारसियों के साथ मित्रता की दीवार के बदले, जबकि अन्य विदेशी आक्रमणों के माध्यम से संघर्ष करने और रणनीतिक परामर्शों के माध्यम से विदेशी आक्रमणों का सामना किया। पारसियों का उत्तर-पश्चिमी भारत में मौजूदगी समर्पित संस्कृतियों और मिश्रित पहचानों के उदय में सहायक रहा।"
पूछे गए प्रश्न का उत्तर हिंदी में प्रदान करें:,"मौर्य-यूनानी संपर्क किसे कहते हैं, और प्राचीन भारत में इसके क्या पहलु थे?","मौर्य-यूनानी संपर्क से तात्कालिक भारत के मौर्य साम्राज्य और हेलेनिस्टिक विश्व के यूनानी राज्यों के बीच एक संघर्ष था, विशेषकर सेल्यूकसी साम्राज्य का। ये संपर्क 4वीं और 3वीं सदी ईसा में चंद्रगुप्त मौर्य और उनके उत्तराधिकारी बिंदुसार के शासनकाल में हुए।"
बताए गए सवाल का उत्तर हिंदी में दें।,मौर्य-यूनानी संपर्क में शामिल मुख्य व्यक्तियाँ कौन थे?,"मौर्य-यूनानी संपर्क में शामिल मुख्य व्यक्तियों में चंद्रगुप्त मौर्य, मौर्य साम्राज्य के संस्थापक; सेलेयुकस एक निकेटर, सेलेयुकस साम्राज्य के संस्थापक; और उनके दूत, मेगास्थेनीस, शामिल थे, जिन्होंने भारत में अपने अनुभवों का विस्तृत विवरण लिखा।"
Diye gaye prashn ka uttar Hindi mein dein:,मौर्य-यूनानी संपर्क के मुख्य पहलु क्या थे?,"मौर्य-यूनानी संपर्क ने राजनीतिक आदान-प्रदान, व्यापार समझौतों, सांस्कृतिक आदान-प्रदान, और सैन्य संधियों को समाहित किया। चंद्रगुप्त मौर्य ने सेलेयुकस के साथ संधि की, जिससे दो साम्राज्यों के बीच दूत, उपहार, और विवाह संबंधों का आदान-प्रदान हुआ।"
Diye gaye sawaal ka jawab Hindi mein likhein:,भारत में बौद्ध धर्म के पतन में कौन-कौन से कारक योगदान किए?,"भारत में बौद्ध धर्म के पतन को आंतरिक और बाह्य कारकों के संयोजन ने प्रभावित किया। इनमें राजकीय संरक्षण का पतन, गुप्त राजवंश के अधीन हिंदू धर्म की पुनरुत्थान, ब्राह्मणीय अर्थोडॉक्सी का प्रसार, इस्लामी आक्रमण का उदय, और सामाजिक-आर्थिक परिवर्तन शामिल हैं।"
Diye gaye prashn ka samadhan Hindi mein prastut karein:,राजकीय संरक्षण के पतन से बौद्ध धर्म को कैसे प्रभावित किया गया?,"राजकीय संरक्षण के पतन ने बौद्ध मठों और संस्थाओं को वित्तीय समर्थन से वंचित किया, जिससे उनकी प्रभावशीलता और प्रसार में कमी आई। अनेक मठ अप्रतिस्थ गतिमान हो गए, और बौद्ध संघ ने अपने धार्मिक और शैक्षिक गतिविधियों को बनाए रखने में कठिनाइयों का सामना किया।"
Pooche gaye prashn ka uttar Hindi mein pradaan karein:,हिंदू धर्म के पुनरुत्थान में बौद्ध धर्म का पतन में क्या भूमिका रही?,"गुप्त राजवंश के अधीन हिंदू धर्म के पुनरुत्थान ने ब्राह्मणीय अर्थोडॉक्सी की पुनरुत्थान और हिंदू मंदिरों, रीति-रिवाजों, और साहित्य का संरक्षण किया। इस सांस्कृतिक और धार्मिक पुनरुत्थान ने बौद्ध धर्म को अनुपातित किया, जिससे राजकीय समर्थन की हानि हुई और बौद्ध संस्थाओं का पतन हुआ।"
Bataye gaye sawaal ka jawab Hindi mein dein:,,"चोल, चेर, और पांड्य राजवंश वे प्राचीन दक्षिण भारतीय राज्य थे जो वर्तमान तमिलनाडु और केरल में फल प्राप्त हुए थे। चोल राजवंश तमिलनाडु के कुछ हिस्सों को नियंत्रित करता था और अपनी प्रभाव स्थान में दक्षिण पूर्व एशिया तक बढ़ाता था। चेर राजवंश केरल और तमिलनाडु के क्षेत्रों को नियंत्रित करता था, जबकि पांड्य राजवंश दक्षिणी तमिलनाडु पर शासन करता था।"
Answer the given question in Hindi:,चोल राजवंश के मुख्य उपलब्धियां क्या थीं?,"चोल राजवंश को कला, वास्तुकला, व्यापार, और प्रशासन में योगदान के लिए प्रसिद्ध है। राजराज चोल और राजेंद्र चोल जैसे शासकों के अधीन, चोल लोग थाञ्जावुर में बृहदीश्वरर मंदिर जैसे भव्य मंदिर बनवाया और उन्होंने दक्षिण पूर्व एशिया तक अपनी समुद्री व्यापार नेटवर्क का विस्तार किया।"
Write your answer to the question in Hindi:,चेर राजवंश ने दक्षिण भारत की सांस्कृतिक विरासत में कैसे योगदान दिया?,"चेर राजवंश ने प्राचीन दक्षिण भारत में व्यापार, साहित्य, और सांस्कृतिक आदान-प्रदान में महत्वपूर्ण भूमिका निभाई। उन्होंने रोमन साम्राज्य के साथ महत्वपूर्ण व्यापारिक संबंध स्थापित किए, मुजीरिस (वर्तमान कोडुंगल्लुर) जैसे मुख्य बंदरगाहों के विकास में योगदान किया, और तमिल साहित्य और साहित्य को संवर्धित किया।"
Provide a response to the given query in Hindi:,"गुप्त स्वर्ण युग एक कालांतर है जिसमें प्राचीन भारत में गुप्त साम्राज्य के अद्वितीय सांस्कृतिक, बौद्धिक, और आर्थिक उपलब्धियों का उल्लेखनीय काल है। यह लगभग 4वीं से 6वीं शताब्दी ईसा पूर्व तक चला और भारतीय इतिहास में एक महत्वपूर्ण अवधि के रूप में माना जाता है।","गुप्त साम्राज्य के दौरान स्वर्ण युग में, भारत ने कला, विज्ञान, गणित, साहित्य, और दर्शन के क्षेत्र में प्रगतियां देखी। चंद्रगुप्त द्वितीय और समुद्रगुप्त जैसे गुप्त शासकों ने विद्यार्थियों, धार्मिक सहिष्णुता, और आर्थिक समृद्धि का प्रचार किया, जिससे एक प्रसन्न बौद्धिक और सांस्कृतिक वातावरण का उत्थान हुआ।"
Answer the question in Hindi language:,गुप्त स्वर्ण युग ने भारतीय सभ्यता के विकास में कैसे सहायक हुआ?,"गुप्त स्वर्ण युग ने गणित (विशेषकर गणितज्ञों जैसे आर्यभट द्वारा दशमलव अंक प्रणाली और शून्य के आविष्कार के लिए उल्लेखनीय योगदान), साहित्य (उल्लेखनीय काव्यकार कालिदास के नाटक और संस्कृत काव्य में), चिकित्सा (आयुर्वेद के लिए योगदान), और कला (उल्लेखनीय उदाहरण शांतिप्रिय और एलोरा गुफा चित्रकला का) में उन्नतियां देखी।"
Reply to the asked question in Hindi:,गुप्त स्वर्ण युग में धार्मिक और दार्शनिक विकास कैसे हुआ?,तमिल संगम साहित्य संक्षिप्त रूप से 300 ईसा पूर्व से 300 ईसवी के बीच संगम काल के दौरान लिखे गए शास्त्रीय तमिल साहित्य का एक विशाल धारा को सूचित करता है। इसे दो प्रमुख संगमों (कवियों के समूह) में बाँटा गया है - पहला संगम और दूसरा संगम।
दिए गए प्रश्न का उत्तर हिंदी में दें:,तमिल संगम साहित्य के प्रमुख विषय और शैलियाँ क्या थीं?,"तमिल संगम साहित्य एक व्यापक विषय और शैलियों का विस्तार करता है जिसमें प्रेम और प्रकृति कविता (अहम और पुरम), वीर गाथाएँ (पट्टू), नैतिक शास्त्र (शिक्षाप्रद), और दार्शनिक रचनाएँ (आकाम और पुरम) शामिल हैं।"
दिए गए सवाल का जवाब हिंदी में लिखें:,तमिल संगम साहित्य से कुछ प्रमुख कवियों और लेखकों कौन थे?,"तमिल संगम साहित्य से जुड़े कुछ प्रमुख कवियों में अव्वैयार, तिरुवल्लुवर, कपिलर, परानार, और इलंगो आदिगल शामिल हैं। उनकी कृतियाँ भाषाई धरोहर, सौंदर्य और मानव भावनाओं और अनुभवों में गहराईयों के लिए मानी जाती हैं।"
दिए गए प्रश्न का समाधान हिंदी में प्रस्तुत करें:,हूण और कुषाण कौन थे और उनके आक्रमण का प्राचीन भारत पर क्या प्रभाव पड़ा?,"हूण एक ऐतिहासिक अध्यायन में एक यात्री मध्य एशियाई जनजाति थी जिनकी सेना का बल और स्थायित सभ्यताओं पर आक्रमण के लिए जाना जाता है। कुषाण एक मध्य एशियाई वंश था जिसने दक्षिण एशिया में साम्राज्य स्थापित किया, जिसकी राजधानी पेशावर में थी। हूण और कुषाण दोनों भारत में आक्रमण किया, मौजूदा राजनीतिक संरचनाओं को बिगाड़ दिया और मध्य एशिया और भारतीय उपमहाद्वीप के बीच सांस्कृतिक आदान-प्रदान को संभव बनाया।"
पूछे गए प्रश्न का उत्तर हिंदी में प्रदान करें:,हूण और कुषाण ने भारतीय राजनीति और समाज पर कैसा प्रभाव डाला?,"हूण और कुषाण के आक्रमण ने भारत में राजनीतिक शक्ति के विखण्डन का कारण बनाया, क्योंकि स्वदेशी शासकों को बेदखल किया गया या विदेशी शासकों की अधीनता को स्वीकार करने के लिए मजबूर किया गया। ये आक्रमण बौद्ध धर्म, कला, और वास्तुकला के प्रसार को भी संभव बनाया, कुषाण विशेष रूप से गांधारी कला के फलने में योगदान करते हुए।"
बताए गए सवाल का उत्तर हिंदी में दें।,हूण और कुषाण के कुछ प्रमुख शासक भारत में थे जो आक्रमण किया था?,"हूण के प्रमुख शासकों में मिहिरकुल, जिन्होंने 6वीं शताब्दी ईसा पूर्व में उत्तर भारत में आक्रमण किया था, और उनके पूर्वज तोरमाना शामिल हैं। कुषाण साम्राज्य का गठन कुजुल कादफिसेस द्वारा किया गया था, जिसमें कनिष्क, हुविश्क, और वासुदेव एक थे, जिन्होंने साम्राज्य के क्षेत्र का विस्तार किया और धार्मिक समान्वय को प्रोत्साहित किया।"
Diye gaye prashn ka uttar Hindi mein dein:,प्राचीन भारत को रोम और दक्षिण-पूर्व एशिया के साथ जोड़ने वाले प्रमुख व्यापारिक मार्ग क्या थे?,"प्राचीन भारत को रोम और दक्षिण-पूर्व एशिया के साथ समुद्रमार्ग और सड़कमार्ग के माध्यम से जोड़ा गया था। सड़कमार्ग से सिल्क रोड ने मध्य एशिया के माध्यम से भारत और रोमी राज्य के बीच व्यापार को सुगम बनाया, जबकि समुद्रमार्ग भारत को दक्षिण-पूर्व एशिया, चीन, और महासागर के साथ जोड़ता था।"
Diye gaye sawaal ka jawab Hindi mein likhein:,भारत और रोम के बीच व्यापार के मुख्य वस्त्र आदि क्या थे?,"भारत ने रोम को विभिन्न शृंगारिक सामग्रियां निर्यात की, जैसे मसाले (जैसे काली मिर्च, दालचीनी, और इलायची), प्रिय रत्न (जैसे हीरा और मोती), वस्त्र (जैसे रेशम और कपास), धातु (जैसे सोना और चांदी), हाथीदांत, और अनोखे पशु।"
Diye gaye prashn ka samadhan Hindi mein prastut karein:,रोम और दक्षिण-पूर्व एशिया के साथ व्यापार ने प्राचीन भारत की अर्थव्यवस्था में कैसे योगदान किया?,"रोम और दक्षिण-पूर्व एशिया के साथ व्यापार ने प्राचीन भारत की अर्थव्यवस्था में एक महत्वपूर्ण भूमिका निभाई, वाणिज्यिक गतिविधियों, नगरीकरण, और धन सृजन को प्रोत्साहित किया। भारतीय व्यापारियों ने सामग्रियों और वस्त्रों का आदान-प्रदान करके लाभ उठाया, जबकि विदेशी व्यापार मूल्यवान संसाधनों, प्रौद्योगिकियों, और सांस्कृतिक प्रभाव का पहुंच प्रदान किया।"
Pooche gaye prashn ka uttar Hindi mein pradaan karein:,प्राचीन भारत के रोम और दक्षिण-पूर्व एशिया के साथ व्यापार के सबूत क्या हैं?,"पुरातात्विक खुदाई, साहित्यिक स्रोत (जैसे ग्रीक और रोमी लेखन), प्रतिलेख, सिक्के, और अवशेषों से प्राचीन भारत के रोम और दक्षिण-पूर्व एशिया के साथ व्यापार के सबूत मिलते हैं। भारतीय बंदरगाहों पर रोमी सिक्के, मिट्टी के बर्तन, और रोमन एम्फोरा मिले हैं, जबकि दक्षिण-पूर्व एशिया में पुरातात्विक स्थलों पर भारतीय माल मिले हैं।"
Bataye gaye sawaal ka jawab Hindi mein dein:,"प्राचीन भारत में मुख्य सामाजिक वर्ग क्या थे, और उन्हें कैसे संगठित किया गया था?","प्राचीन भारतीय समाज को चार मुख्य वर्णों या सामाजिक वर्गों में विभाजित किया गया था: ब्राह्मण (पुरोहित और विद्वान), क्षत्रिय (सेनानी और शासक), वैश्य (व्यापारी और किसान), और शूद्र (श्रमिक और शिल्पकार)। इसके अलावा, वर्ण व्यवस्था के बाहर समूचे जमातियाँ भी थीं, जैसे कि डालित (पूर्व में अंगछूआ कहे जाते थे), जो अमल को अशुद्ध माने जाने वाले कार्य करते थे।"
Answer the given question in Hindi:,जाति व्यवस्था ने प्राचीन भारत में सामाजिक आचरण और व्यवसायों को कैसे प्रभावित किया?,"जाति व्यवस्था ने जीवन के विभिन्न पहलुओं को नियंत्रित किया, जैसे कि व्यवसाय, विवाह, और सामाजिक स्थिति, जो किसी के जन्म के आधार पर था। व्यक्तियों से अपने वर्ण को सौंपे गए कर्तव्यों (धर्म) का पालन करने की आशा की जाती थी और शुद्धता बनाए रखने और प्रदूषण से बचने के लिए सामाजिक नियमों का पालन किया जाता था।"
Write your answer to the question in Hindi:,प्राचीन भारतीय समाज में कुछ सामान्य रीति-रिवाज़ क्या थे?,"प्राचीन भारतीय समाज में धर्म, विवाह, त्योहार, और रीतिरिवाजों से संबंधित अनेक रीति-रिवाज़ थे। उदाहरणों में धार्मिक कार्यों का प्रदर्शन जैसे यज्ञ और पूजा, जन्म संस्कार (संस्कार) और विवाह अनुष्ठानों के पालन, और दीवाली, होली, और नवरात्रि जैसे त्योहारों का आयोजन शामिल है।"
Provide a response to the given query in Hindi:,हिन्दू दर्शन में कर्म का सिद्धांत क्या है?,"कर्म यह मानना है कि प्रत्येक क्रिया का परिणाम होता है, और व्यक्ति अपने कर्मों के प्रभाव को एकाधिक जन्मों तक एकत्रित करता है, चाहे वो अच्छे हों या बुरे। यह हिन्दू धर्म, बौद्ध धर्म, और जैन धर्म का मुख्य सिद्धांत है, जो मौर्यिक कारण का सिद्धांत और जीवन की अंतरात्मी जुड़ाव को जोर देता है।"
Answer the question in Hindi language:,कर्म का सिद्धांत नैतिक व्यवहार और आध्यात्मिक विकास पर कैसे प्रभाव डालता है?,"कर्म के सिद्धांत के अनुसार व्यक्ति को नैतिकता और जिम्मेदारी के साथ कार्रवाई करने की प्रोत्साहना मिलती है, क्योंकि उनके कर्म उनके भविष्य के अनुभवों और आध्यात्मिक प्रगति को निर्धारित करते हैं। यह व्यक्तिगत जिम्मेदारी, स्व-जागरूकता, और धार्मिक आचरण (धर्म) की प्राप्ति के लिए समर्थान करता है, जिससे आध्यात्मिक मुक्ति (मोक्ष) होती है।"
Reply to the asked question in Hindi:,हिन्दू दर्शन में धर्म का क्या महत्व है?,"धर्म एक का कर्त्तव्य, नैतिकता, धार्मिक व्यवस्था, या ब्रह्मांड का आदेश होता है जो विश्व को बनाए रखता है। यह व्यक्तिगत और सामाजिक जिम्मेदारियों, नैतिक सिद्धांतों, और सामाजिक नियमों को शामिल करता है, जो व्यवहार, संबंध, और समाजिक समन्वय पर नियंत्रित होते हैं।"
दिए गए प्रश्न का उत्तर हिंदी में दें:,हिन्दू विचार में कर्म और धर्म का कैसे मेल खाता है?,"हिन्दू दर्शन में कर्म और धर्म आपस में संबंधित सिद्धांत हैं, जिसमें कर्म धर्म के अनुसार की गई कार्रवाई के आधार पर व्यक्ति का भविष्य आकारित होता है। अपने धर्म का पालन करके, व्यक्तिगत कर्त्तव्यों और जिम्मेदारियों को समाज में पूरा करते हैं, सकारात्मक कर्म एकत्र करते हैं, और मुक्ति की दिशा में आध्यात्मिक रूप से आगे बढ़ते हैं।"
दिए गए सवाल का जवाब हिंदी में लिखें:,प्राचीन व्यापार और समुद्री इतिहास में भारतीय महासागर का महत्व क्या था?,"भारतीय महासागर प्राचीन समय से विविध सभ्यताओं, संस्कृतियों, और अर्थव्यवस्थाओं को जोड़ने वाला एक महत्वपूर्ण समुद्री मार्ग था। यह भारतीय उपमहाद्वीप, पूर्वी अफ्रीका, अरबी खाड़ी, दक्षिणपूर्व एशिया, और मध्यावर्त से माध्यम से माल, विचार, प्रौद्योगिकियों, और सांस्कृतिक प्रभावों का आदान-प्रदान करता था।"
दिए गए प्रश्न का समाधान हिंदी में प्रस्तुत करें:,भारतीय महासागर क्षेत्र में कुछ महत्वपूर्ण समुद्री मार्ग और बंदरगाह क्या थे?,"भारतीय महासागर क्षेत्र में मुख्य समुद्री मार्गों में शामिल थे: चीन को भारतीय महासागर के बंदरगाहों के माध्यम से मध्यस्थ करने वाले सिल्क रोड समुद्री मार्ग, मध्य एशिया और यूरोप से भारत को जोड़ने वाला मसाला मार्ग, और भारतीय उपमहाद्वीप, पूर्वी अफ्रीका, और अरबिया के बीच मौसमी व्यापार मार्ग।"
पूछे गए प्रश्न का उत्तर हिंदी में प्रदान करें:,प्राचीन भारतीय समुद्री गतिविधियों ने व्यापार और सांस्कृतिक आदान-प्रदान में कैसे योगदान दिया?,"प्राचीन भारतीय समुद्री गतिविधियाँ भारतीय महासागर क्षेत्र में व्यापार और सांस्कृतिक आदान-प्रदान में एक महत्वपूर्ण भूमिका निभाई। भारतीय व्यापारिक महासागरीय हवाओं का उपयोग नेविगेशन के लिए किया गया, जिससे व्यापारिक नेटवर्क और बंदरगाहों के शहरों की स्थापना हुई, जैसे कि लोथल, कावेरिपट्टिनम, और ममल्लपुरम।"
बताए गए सवाल का उत्तर हिंदी में दें।,प्राचीन भारतीय समुद्री इतिहास में कुछ प्रमुख उपलब्धियाँ और नवाचार क्या थे?,"प्राचीन भारतीयों ने प्रगतिशील जहाज निर्माण तकनीकों, नेविगेशन विधियों, और समुद्री ढाँचे जैसे बंदरगाहों, गोदामों, और नेविगेशनल सहायक उपकरणों का विकास किया। उन्होंने ""पेरीप्लस ऑफ द एरिथ्रीयन सी"" जैसी नेविगेशनल मैनुअल उत्पन्न किए और दूरस्थ देशों में व्यापार और ज्ञान के प्रसार में योगदान किया।"
Diye gaye prashn ka uttar Hindi mein dein:,"भारत-यूनानी राज्य क्या थे, और वे कब फलज़ किए?","भारत-यूनानी राज्य यूनानी भाषा बोलने वाले शासकों द्वारा भारतीय उपमहाद्वीप के उत्तर-पश्चिमी क्षेत्रों में स्थापित हेलेनिस्टिक राज्य थे। वे लगभग 2वीं शताब्दी ईसा पूर्व से 1वीं शताब्दी ईसा के आसपास फलज़ किए, जब अलेक्जेंडर द महान के अधिग्रहण और मौर्य साम्राज्य के अविघटन के बाद।"
Diye gaye sawaal ka jawab Hindi mein likhein:,"कुछ प्रमुख भारत-यूनानी शासक कौन थे, और उनका क्या योगदान था?","कुछ प्रमुख भारत-यूनानी शासक मेनांदर प्रथम (मिलिंद), डेमेट्रियस प्रथम (डेमेट्रियस ऑफ बैक्त्रिया), और यूक्राटिडीस प्रथम थे। ये शासक ग्रेको-बौद्धिक कला और संस्कृति को बढ़ावा देने में महत्वपूर्ण भूमिका निभाए, मध्यसागर से भारत तक व्यापार को सुनिश्चित किया, और भारतीय राजवंशों और समाजों के साथ संवाद किया।"
Diye gaye prashn ka samadhan Hindi mein prastut karein:,भारत-यूनानी राज्यों ने प्राचीन भारतीय सांस्कृतिक और कलात्मक परिदृश्य को कैसे प्रभावित किया?,"भारत-यूनानी राज्यों ने यूनानी और भारतीय विश्वों के बीच सांस्कृतिक आदान-प्रदान को सुनिश्चित किया, जिससे हेलेनिस्टिक और भारतीय कला शैलियों का मेल हुआ, जिसे ग्रेको-बौद्धिक कला कहा जाता है। इस युग में उत्कृष्ट मूर्तिकला, सिक्के, और स्थापत्य घटकों का उत्पादन हुआ, जो बौद्धिक विषयों और देवताओं को चित्रित करते थे।"
Pooche gaye prashn ka uttar Hindi mein pradaan karein:,"सातवाहन वंश कौन थे, और उनका शासन कब था?","सातवाहन वंश एक प्राचीन भारतीय वंश था जो प्राचीन भारतीय उपमहाद्वीप के प्रमुख हिस्सों पर शासन करता था, लगभग 1वीं शताब्दी ईसा पूर्व से 3वीं शताब्दी ईसा तक। उनका कला, वास्तुकला, व्यापार, और बौद्ध धर्म के प्रायोजन में योगदान के लिए विख्यात हैं।"
Bataye gaye sawaal ka jawab Hindi mein dein:,सातवाहन वंश की प्रमुख उपलब्धियाँ क्या थीं?,"सातवाहन वंश ने मौर्य और भारत-यूनानी साम्राज्यों के अवनति के बाद स्थानीय भारतीय शासन की पुनर्जीवन सुनिश्चित किया। उन्होंने एक विस्तृत व्यापार मार्गों का नेटवर्क स्थापित किया, समुद्री वाणिज्य को प्रोत्साहित किया, और बौद्ध स्तूप, मठ, और गुफा मंदिरों का प्रायोजन किया।"
Answer the given question in Hindi:,सातवाहन वंश ने प्राचीन भारत में बौद्ध धर्म के प्रसार में कैसे योगदान दिया?,"सातवाहन वंश बौद्ध धर्म के प्रायोजक थे और दक्षिण भारत में बौद्ध शिक्षा और मठ संस्थानों के प्रसार में महत्वपूर्ण भूमिका निभाई। उन्होंने अमरावती स्तूप और नागार्जुनाकोंडा समूह जैसे महत्वपूर्ण बौद्ध स्थलों का निर्माण संचालित किया, जो बौद्ध शिक्षा और तीर्थयात्रा के केंद्र के रूप में कार्य करते थे।"
Write your answer to the question in Hindi:,"पल्लव वंश कौन थे, और उनका शासन कब था?","पल्लव वंश एक प्राचीन भारतीय वंश था जो तकरीबन 3वीं सदी सीई से 9वीं सदी सीई तक, खासकर तमिल क्षेत्र, जैसे कि दक्षिण भारत के कुछ हिस्सों पर शासन करता था। उनकी चट्टानों से बनी मंदिरों और एकपथ प्रतिमाओं जैसे वास्तुकला के उपलब्धियों के लिए प्रसिद्ध है।"
Provide a response to the given query in Hindi:,पल्लव वंश की मुख्य योगदान क्या थे दक्षिण भारतीय संस्कृति और सभ्यता में?,"पल्लव लोग दक्षिण भारतीय वास्तुकला, कला, साहित्य, और समुद्री व्यापार में महत्वपूर्ण योगदान किया। उन्होंने विस्तृत चट्टानों से बनी मंदिरों, जैसे कि ममल्लापुरम के शोर मंदिर और महाबलीपुरम के मॉनोलिथिक रथ, जो यूनेस्को विश्व धरोहर स्थल हैं, का निर्माण किया।"
Answer the question in Hindi language:,पल्लव वंश ने द्रविड़ वास्तुकला के विकास में कैसे प्रभाव डाला?,"पल्लव वंश ने द्रविड़ वास्तुकला के विकास में महत्वपूर्ण भूमिका निभाई, मंदिर निर्माण में विमान (टावर) और मंडप (हॉल) जैसे नवाचारी वास्तुकला तत्वों को परिचय किया। उन्होंने हिंदू पौराणिक कथाओं और धार्मिक विषयों को चित्रित करने वाली उत्कृष्ट प्रतिमाएं और उपन्यासों के निर्माण का समर्थन किया।"
Reply to the asked question in Hindi:,"चोल वंश कौन थे, और उनका शासन कब था?","चोल वंश दक्षिण भारत के इतिहास में सबसे लंबे समय तक शासन करने वाले वंशों में से एक था। वे मुख्यतः 9वीं सदी सीई से 13वीं सदी सीई तक तमिल क्षेत्र में शासन करते थे, उनका साम्राज्य राजराज चोला प्रथम और उनके उत्तराधिकारियों के शासनकाल में अपने शिखर पर पहुँचा।"
दिए गए प्रश्न का उत्तर हिंदी में दें:,चोल वंश की मुख्य उपलब्धियाँ क्या थीं?,"चोल वंश को कला, वास्तुकला, साहित्य, व्यापार, और नौसेना शक्ति में उनके योगदान के लिए प्रसिद्धा किया जाता है। उन्होंने विशालकाय श्री बृहदीश्वरर मंदिर और दारासुरम में ऐरावतेस्वर मंदिर जैसे भव्य मंदिरों का निर्माण किया, जो यूनेस्को विश्व धरोहर स्थल हैं।"
दिए गए सवाल का जवाब हिंदी में लिखें:,चोल वंश ने दक्षिण भारतीय संस्कृति और समाज को कैसे प्रभावित किया?,"चोल वंश ने दक्षिण भारतीय संस्कृति और समाज को आकार देने में महत्वपूर्ण भूमिका निभाई। उन्होंने उत्कृष्ट कांस्य प्रतिमाओं का निर्माण प्रोत्साहित किया, तमिल भाषा और साहित्य के प्रसार को बढ़ावा दिया, और अपने अच्छे राजस्व संग्रहन और सिंचाई प्रबंधन के लिए जाने जाते थे।"
दिए गए प्रश्न का समाधान हिंदी में प्रस्तुत करें:,"राष्ट्रकूट वंश कौन थे, और उनका शासन कब था?",8वीं सदी सीई से 10वीं सदी सीई तक राष्ट्रकूट वंश दक्षिण और मध्य भारत में एक प्रमुख शासक वंश था। वे दक्षिणी भारत में एक प्रभावशाली बल बने और कर्नाटक के मान्यखेता (वर्तमान मालखेड) में अपनी राजधानी स्थापित की।
पूछे गए प्रश्न का उत्तर हिंदी में प्रदान करें:,राष्ट्रकूट वंश की प्रमुख उपलब्धियाँ क्या थीं?,"राष्ट्रकूट वंश अपने सैन्य विजयों, कला और साहित्य के प्रोत्साहन, और वास्तुकला के विकास के लिए प्रसिद्ध थे। उन्होंने कैलासनाथ मंदिर जैसे महत्वपूर्ण मंदिर बनाए, जो एलोरा में स्थित है, एक यूनेस्को विश्व धरोहर स्थल जिसे एकाचक्रित पत्थरों से निर्मित वास्तुकला के लिए प्रसिद्ध किया जाता है।"
बताए गए सवाल का उत्तर हिंदी में दें।,राष्ट्रकूट वंश ने भारतीय सांस्कृतिक और धार्मिक परिदृश्य में कैसे योगदान दिया?,"राष्ट्रकूट वंश ने हिन्दूधर्म, जैनधर्म, और बौद्धधर्म समेत विविध धार्मिक परंपराओं का प्रोत्साहन किया, जिससे एक सिंक्रेटिक सांस्कृतिक वातावरण का विकास हुआ। उन्होंने कन्नड़ और संस्कृत साहित्य के विकास को बढ़ावा दिया, जैसे कि कविराजमार्ग, एक कन्नड़ साहित्यिक काम।"
Diye gaye prashn ka uttar Hindi mein dein:,राष्ट्रकूट वंश के कुछ महत्वपूर्ण सैन्य अभियान और कूटनीतिक उपलब्धियाँ क्या थीं?,"राष्ट्रकूट वंश ने चालुक्यों, पल्लवों, और प्रतिहारों जैसे प्रतिद्वंद्वी वंशों के खिलाफ सफल सैन्य अभियान चलाए, अपनी क्षेत्रीय नियंत्रण को दक्षिण भारत और मध्य भारत के क्षेत्रों में फैलाया। उन्होंने विदेशी शक्तियों के साथ रिश्तों को भी बनाए रखा, जैसे कि अब्बासीय कलीफ़ात और चीन की तांग राजवंश।"
Diye gaye sawaal ka jawab Hindi mein likhein:,दक्षिण भारत में किस काल की उत्तरवाहिनी राज्यों और साम्राज्यों की उत्थान देखा गया?,"इसका प्रारंभिक मध्ययुग काल, लगभग 600 से 1200 ई. सी. तक, था।"
Diye gaye prashn ka samadhan Hindi mein prastut karein:, मध्ययुग काल में दक्षिण भारत में तीन प्रमुख स्थानीय राज्यों का नाम बताएं।,"चालुक्य, पल्लव और चोल थे प्रमुख स्थानीय राज्य।"
Pooche gaye prashn ka uttar Hindi mein pradaan karein:,"चालुक्य वंश के उत्कृष्ट शासक कौन थे, जिन्हें उनके शिखर के लिए जाना जाता है?", पुलकेशिन II को चालुक्य वंश के शिखर को छूने के लिए प्रसिद्ध माना जाता है।
Bataye gaye sawaal ka jawab Hindi mein dein:,मिश्रित वास्तुकला के दृष्टिकोण से पल्लवों के बारे में क्या जाना जाता है?,पल्लव अपने विशिष्ट मंदिर वास्तुकला के लिए जाने जाते थे।
Answer the given question in Hindi:,पल्लवों से संबंधित कौन-सा प्रसिद्ध मंदिर है?,ममल्लपुरम (महाबलीपुरम) में तट मंदिर पल्लवों से जुड़ा हुआ है।
Write your answer to the question in Hindi:,पल्लव राज्य का केंद्र कहां था?,पल्लव राज्य का केंद्र कांचीपुरम के चारों ओर था।
Provide a response to the given query in Hindi:, चोलों ने महत्वपूर्ण शक्ति के रूप में किस क्षेत्र में प्रकट होना शुरू किया?,चोलों ने तमिल क्षेत्र में महत्वपूर्ण शक्ति के रूप में प्रकट होना शुरू किया।
Answer the question in Hindi language:,"दक्षिण भारत के अलावा, चोलों का प्रभाव किस क्षेत्र तक फैला?",चोलों का प्रभाव श्रीलंका और दक्षिण-पूर्व एशिया तक फैला।
Reply to the asked question in Hindi:,सैन्य प्रयासों के दृष्टिकोण से चोलों का प्रसिद्ध होना क्या था?,चोलों को उनकी नौसेना की अभियानों के लिए प्रसिद्ध किया गया।
दिए गए प्रश्न का उत्तर हिंदी में दें:,चोलों से संबंधित एक प्रशासनिक नवाचार का नाम बताएं।,चोलों को उनके प्रशासनिक नवाचारों के लिए जाना जाता है।
दिए गए सवाल का जवाब हिंदी में लिखें:,चालुक्यों के कुछ प्रमुख उपलब्धियां क्या थीं?,चालुक्यों को कला और वास्तुकला के प्रोत्साहन के लिए जाना जाता था।
दिए गए प्रश्न का समाधान हिंदी में प्रस्तुत करें:,एलोरा में वास्तुकला के आश्चर्य किस शासक से जुड़े हैं?,एलोरा के वास्तुकला के आश्चर्य राष्ट्रकूट इम्पीर के साथ जुड़े हुए हैं।
पूछे गए प्रश्न का उत्तर हिंदी में प्रदान करें:,कैलासनाथ मंदिर के निर्माण के लिए कौनसा वंश जिम्मेदार था?, कैलासनाथ मंदिर के निर्माण के लिए राष्ट्रकूट वंश जिम्मेदार था।
बताए गए सवाल का उत्तर हिंदी में दें।,राष्ट्रकूट इम्पायर की 10वीं सदी में क्षीणता किसके कारण हुई?,आंतरिक संघर्ष और बाहरी दबावों ने राष्ट्रकूट इम्पायर की क्षीणता का कारण बना।
Diye gaye prashn ka uttar Hindi mein dein:,8वीं सदी में मुहम्मद बिन कासिम ने कौनसे क्षेत्र को जीता?,8वीं सदी में मुहम्मद बिन कासिम ने सिंध को जीता।
Diye gaye sawaal ka jawab Hindi mein likhein:,उत्तर भारत में मुस्लिम शासन की शुरुआत क्या की गई?,इस्लामी सल्तनतों की स्थापना ने उत्तर भारत में मुस्लिम शासन की शुरुआत की।
Diye gaye prashn ka samadhan Hindi mein prastut karein:,अरब अधिकारीयों को भारतीय उपमहाद्वीप में प्रेरित क्या किया?,"प्रारंभ में व्यापार से प्रेरित, अरब अधिकारीयों के बाद में वे आक्रमणों में बदल गए।"
Pooche gaye prashn ka uttar Hindi mein pradaan karein:,किसने 753 ईसा पूर्व में राष्ट्रकूट इम्पायर की स्थापना की?,डंटिदुर्गा ने 753 ईसा पूर्व में राष्ट्रकूट इम्पायर की स्थापना की।
Bataye gaye sawaal ka jawab Hindi mein dein:,पुलकेशिन II के शासनकाल में किस वंश ने अपनी शिखर पर पहुंचाई?,पुलकेशिन II के शासनकाल में चालुक्य वंश अपनी शिखर पर पहुंचा।
Answer the given question in Hindi:,पल्लवों की मंदिर वास्तुकला में क्या विशेषता थी?,पल्लव अपने विशिष्ट शैली की मंदिर वास्तुकला के लिए जाने जाते थे।
Write your answer to the question in Hindi:,चालुक्यों की राजधानी क्या थी?,चालुक्यों की राजधानी बदामी थी।
Provide a response to the given query in Hindi:,कौनसा राज्य कांचीपुरम शहर के चारों ओर केंद्रित था?,पल्लव साम्राज्य कांचीपुरम शहर के चारों ओर केंद्रित था।
Answer the question in Hindi language:,चोल साम्राज्य के भूगोलिक क्षेत्र क्या-क्या थे?,चोल साम्राज्य अपना प्रभाव श्रीलंका और दक्षिण-पूर्व एशिया तक फैलाता था।
Reply to the asked question in Hindi:,राष्ट्रकूट इम्पायर के प्रमुख शासक कौन थे?,"राष्ट्रकूट इम्पायर के प्रमुख शासकों में गोविंद III, ध्रुव धारावर्ष, और कृष्ण I शामिल थे।"
दिए गए प्रश्न का उत्तर हिंदी में दें:,चोल वंश का प्रमुख धर्म क्या था?, चोल वंश हिन्दू धर्म का पालन करता था।
दिए गए सवाल का जवाब हिंदी में लिखें:,किस चोल शासक को दक्षिण-पूर्व एशिया के लिए उनकी नौसेना की अभियानों के लिए प्रसिद्ध था?,राजराज चोल I को दक्षिण-पूर्व एशिया के लिए उनकी नौसेना की अभियानों के लिए प्रसिद्ध था।
दिए गए प्रश्न का समाधान हिंदी में प्रस्तुत करें:,चोल साम्राज्य का प्रमुख आर्थिक क्रियाकलाप क्या था?,"व्यापार, विशेष रूप से समुद्री व्यापार, चोल साम्राज्य का प्रमुख आर्थिक क्रियाकलाप था।"
पूछे गए प्रश्न का उत्तर हिंदी में प्रदान करें:,किस चोल शासक को बृहदीश्वरर मंदिर का निर्माण करने का श्रेय दिया जाता है?,राजराज चोल I को बृहदीश्वरर मंदिर का निर्माण करने का श्रेय दिया जाता है।
बताए गए सवाल का उत्तर हिंदी में दें।,पल्लव वंश की राजधानी क्या थी?,पल्लव वंश की राजधानी कांचीपुरम थी।
Diye gaye prashn ka uttar Hindi mein dein:,चोल वंश का संस्थापक कौन था?,चोल वंश का संस्थापक विजयालय चोला था।
Diye gaye sawaal ka jawab Hindi mein likhein:,राष्ट्रकूट इम्पायर का मुख्य शक्ति स्रोत क्या था?,राष्ट्रकूट इम्पायर अपनी शक्ति को सैन्य विजयों और व्यापार से प्राप्त करता था।
Diye gaye prashn ka samadhan Hindi mein prastut karein:,कौन सा वंश वर्तमान के कुछ हिस्सों पर शासन करता था जो कर्नाटक और आंध्र प्रदेश के हिस्सों में आता था?,चालुक्य वंश कर्नाटक और आंध्र प्रदेश के कुछ हिस्सों पर शासन करता था।
Pooche gaye prashn ka uttar Hindi mein pradaan karein:,किस चालुक्य शासक ने हर्षवर्धन को हराया था?,"पुलकेशिन II ने हर्षवर्धन को हराया था, कनौज के शासक को।"
Bataye gaye sawaal ka jawab Hindi mein dein:,पल्लवों का प्रमुख धर्म क्या था?,पल्लव हिन्दू धर्म का पालन करते थे।
Answer the given question in Hindi:,चालुक्य वंश का सबसे प्रसिद्ध शासक कौन था?,पुलकेशिन II को चालुक्य वंश का सबसे प्रसिद्ध शासक माना जाता है।
Write your answer to the question in Hindi:,महाबलीपुरम में शोर मंदिर की महत्वता क्या थी?, महाबलीपुरम में शोर मंदिर एक यूनेस्को विश्व धरोहर स्थल है और इसकी वास्तुकला की सुंदरता के लिए प्रसिद्ध है।
Provide a response to the given query in Hindi:,राष्ट्रकूट इम्पायर का मुख्य शक्ति स्रोत क्या था?,राष्ट्रकूट इम्पायर अपनी शक्ति को सैन्य विजयों और व्यापार से प्राप्त करता था।
Answer the question in Hindi language:,कौन सा वंश वर्तमान के कुछ हिस्सों पर शासन करता था जो कर्नाटक और आंध्र प्रदेश के हिस्सों में आता था?,चालुक्य वंश कर्नाटक और आंध्र प्रदेश के कुछ हिस्सों पर शासन करता था।
Reply to the asked question in Hindi:,किस चालुक्य शासक ने हर्षवर्धन को हराया था?," पुलकेशिन II ने हर्षवर्धन को हराया था, कनौज के शासक को।"
दिए गए प्रश्न का उत्तर हिंदी में दें:,पल्लवों का प्रमुख धर्म क्या था?,पल्लव हिन्दू धर्म का पालन करते थे।
दिए गए सवाल का जवाब हिंदी में लिखें:, चालुक्य वंश का सबसे प्रसिद्ध शासक कौन था?,पुलकेशिन II को चालुक्य वंश का सबसे प्रसिद्ध शासक माना जाता है।
दिए गए प्रश्न का समाधान हिंदी में प्रस्तुत करें:,महाबलीपुरम में शोर मंदिर की महत्वता क्या थी?,महाबलीपुरम में शोर मंदिर एक यूनेस्को विश्व धरोहर स्थल है और इसकी वास्तुकला की सुंदरता के लिए प्रसिद्ध है।
पूछे गए प्रश्न का उत्तर हिंदी में प्रदान करें:,कैलासनाथ मंदिर के निर्माण से कौन सा पल्लव शासक जुड़ा है?, कैलासनाथ मंदिर के निर्माण से राजसिम्ह पल्लव जुड़ा हुआ है।
बताए गए सवाल का उत्तर हिंदी में दें।,कौन सा चोल शासक दक्षिण-पूर्व एशिया के नौसेना अधिकारों के लिए जाना जाता है?,राजेन्द्र चोल I दक्षिण-पूर्व एशिया के नौसेना अधिकारों के लिए जाना जाता है।
Diye gaye prashn ka uttar Hindi mein dein:,चोल साम्राज्य द्वारा प्रमुख व्यापार मार्ग क्या थे?,चोल साम्राज्य अधिकतर समुद्री व्यापार मार्गों का उपयोग करता था।
Diye gaye sawaal ka jawab Hindi mein likhein:,पुलकेशिन II के रूप में चालुक्य वंश के शासक के रूप में कौन उत्तराधिकारी था?,विक्रमादित्य I पुलकेशिन II के रूप में चालुक्य वंश के शासक के रूप में उत्तराधिकारी था।
Diye gaye prashn ka samadhan Hindi mein prastut karein:,चालुक्यों का प्रमुख वास्तुकला शैली क्या था?,चालुक्यों को उनकी द्रविड़ीयवास्तुकला शैली के लिए जाना जाता था।
Pooche gaye prashn ka uttar Hindi mein pradaan karein:,चोल साम्राज्य द्वारा प्रमुख व्यापारिक माल क्या थे?,"चोल साम्राज्य खाद्य मसाले, कपड़े, रत्न, और अन्य विलासिता सामग्रियों में व्यापार करता था।"
Bataye gaye sawaal ka jawab Hindi mein dein:, पल्लव वंश का संस्थापक कौन था?,सिंहविष्णु पल्लव वंश का संस्थापक था।
Answer the given question in Hindi:,चोल साम्राज्य के प्रमुख प्रशासनिक इकाइयाँ क्या थीं?,"चोल साम्राज्य को ""मंडलम"" के रूप में विभाजित किया गया था, हर मंडलम को एक मंडलम शासक द्वारा प्रशासित किया जाता था।"
Write your answer to the question in Hindi:,चोल साम्राज्य के शासन में धर्म का क्या भूमिका था?," धर्म चोल साम्राज्य के शासन में महत्वपूर्ण भूमिका निभाता था, मंदिर प्रशासन और आर्थिक गतिविधि के केंद्र के रूप में।"
Provide a response to the given query in Hindi:,चोल वंश से कौनसे वास्तुकला नवाचार जुड़े हैं?,"चोल वंश को मंदिर निर्माण में ग्रेनाइट का उन्नत प्रयोग, साथ ही उनकी जटिल मूर्तिकला विवरण और कांस्य ढलाई तकनीकों के लिए प्रसिद्ध है।"
Answer the question in Hindi language:,पल्लव वंश की क्या कमी के कारण नीचे गिरावट हुई?,"पल्लव वंश की नीचे गिरावट में आंतरिक संघर्ष और बाहरी आक्रमण, विशेष रूप से चोलों के द्वारा, का प्रभाव था।"
Reply to the asked question in Hindi:,चोल साम्राज्य के शासक के रूप में राजराज चोल I के पश्चात कौन आया था?,चोल साम्राज्य के शासक के रूप में राजराज चोल I के पश्चात राजेंद्र चोल I आया था।
दिए गए प्रश्न का उत्तर हिंदी में दें:,राजेंद्र चोल I द्वारा निर्मित गंगैकोंड चोलपुरम मंदिर का महत्व क्या था?,गंगैकोंड चोलपुरम मंदिर राजेंद्र चोल I की विजयों और शक्ति का प्रतीक के रूप में सेवा करता था।
दिए गए सवाल का जवाब हिंदी में लिखें:,कौनसा चोल शासक श्रीलंका में चोल प्रतिष्ठा की स्थापना की?,राजराज चोल I ने सैन्य अभियानों के माध्यम से श्रीलंका में चोल प्रतिष्ठा की स्थापना की।
दिए गए प्रश्न का समाधान हिंदी में प्रस्तुत करें:,राष्ट्रकूट इम्पायर का प्रशासनिक संरचना क्या था?,"राष्ट्रकूट इम्पायर को ""राष्ट्र"" के नाम से प्रशासनिक इकाइयों में विभाजित किया गया था, हर राष्ट्र को एक उपनियुक्त या राज्याधिकारी द्वारा प्रशासित किया गया था जो राजा द्वारा नियुक्त किया गया था।"
पूछे गए प्रश्न का उत्तर हिंदी में प्रदान करें:, राष्ट्रकूट इम्पायर के साथ प्रसिद्ध दार्शनिक-संत कौन थे?,"दार्शनिक-संत बसवा, जिन्होंने लिंगायत धर्म को प्रोत्साहित किया, राष्ट्रकूट इम्पायर से जुड़े थे।"
बताए गए सवाल का उत्तर हिंदी में दें।,चोल शासनकाल में चोल नौसेना का महत्व क्या था?,"चोल नौसेना ने समुद्री व्यापार मार्गों की सुरक्षा, चोल प्रभाव को विदेशों में बढ़ाना और सैन्य अभियानों को आयोजित करने में महत्वपूर्ण भूमिका निभाई।"
Diye gaye prashn ka uttar Hindi mein dein:,चोल साम्राज्य को विशाल साम्राज्य पर नियंत्रण कैसे बनाया गया?,"चोल ने एक कुशल प्रशासनिक प्रणाली को लागू किया, स्थानीय प्रशासनिक संरचनाओं को स्थापित किया, और नियमित ब्यूरोक्रेसी पर भरोसा किया ताकि नियंत्रण बनाए रखा जा सके।"
Diye gaye sawaal ka jawab Hindi mein likhein:,चोल साम्राज्य के समुद्री व्यापार का आर्थिक प्रभाव क्या था?,"समुद्री व्यापार ने चोल साम्राज्य को बहुतायत धन लाया, आर्थिक समृद्धि, नगरीकरण, और सांस्कृतिक विनिमय को बढ़ावा दिया।"
Diye gaye prashn ka samadhan Hindi mein prastut karein:,चोल वंश से कौन-सी सांस्कृतिक उपलब्धियाँ जुड़ी हैं?,"चोल वंश ने साहित्य, कला, वास्तुकला, और नृत्य के क्षेत्र में महत्वपूर्ण सांस्कृतिक योगदान किया, जिससे एक समृद्ध सांस्कृतिक विरासत छोड़ी गई।"
Pooche gaye prashn ka uttar Hindi mein pradaan karein:,भारतीय उपमहाद्वीप में अरब-मुस्लिम हमले कब शुरू हुए?,अरब-मुस्लिम हमले 7वीं शताब्दी ईसा पूर्व में शुरू हुए।
Bataye gaye sawaal ka jawab Hindi mein dein:,प्रारंभिक अरब हमलों को उत्तेजित क्या किया?,प्रारंभिक अरब हमलों को व्यापार ने उत्तेजित किया।
Answer the given question in Hindi:,अरब बल कैसे भारतीय उपमहाद्वीप में प्रवेश किया?,"अरब बल विभिन्न मार्गों के माध्यम से प्रवेश किया, जिसमें पश्चिमोत्तर सम्मुख भी शामिल है।"
Write your answer to the question in Hindi:,उत्तर भारत में मुस्लिम शासन का आरंभ क्या किया?,उत्तर भारत में मुस्लिम शासन का आरंभ इस्लामी सल्तनतों की स्थापना के साथ हुआ।
Provide a response to the given query in Hindi:, 8वीं शताब्दी में सिंध के अधिकरण के लिए प्रसिद्ध अरब सेनापति कौन थे?, मुहम्मद बिन कासिम 8वीं शताब्दी में सिंध के अधिकरण के लिए प्रसिद्ध थे।
Answer the question in Hindi language:,मुहम्मद बिन कासिम ने किस शताब्दी में सिंध को जीता था?,मुहम्मद बिन कासिम ने 8वीं शताब्दी में सिंध को जीता था।
Reply to the asked question in Hindi:, मुहम्मद बिन कासिम ने भारतीय उपमहाद्वीप के किस क्षेत्र को विजय किया था?, मुहम्मद बिन कासिम ने सिंध क्षेत्र को विजय किया था।
दिए गए प्रश्न का उत्तर हिंदी में दें:, विजयी क्षेत्रों में अरब नियंत्रण कैसे प्रकट हुआ?,अरब नियंत्रण प्रशासनिक संरचनाओं और गैरिसनों की स्थापना के माध्यम से स्थापित किया गया।
दिए गए सवाल का जवाब हिंदी में लिखें:,भारतीय उपमहाद्वीप में अरब आक्रमणों के प्रमुख उद्देश्य क्या थे?,प्रारंभ में व्यापार और बाद में इस्लामी क्षेत्रों के विस्तार के लिए अरब आक्रमणों के प्रमुख उद्देश्य थे।
दिए गए प्रश्न का समाधान हिंदी में प्रस्तुत करें:,कौन सी शताब्दी में भारतीय उपमहाद्वीप में अरब-मुस्लिम आक्रमणों का शीर्ष बिंदु था?,अरब-मुस्लिम आक्रमणों का शीर्ष बिंदु 8वीं शताब्दी ईसा पूर्व में था।
पूछे गए प्रश्न का उत्तर हिंदी में प्रदान करें:,भूगोल ने अरब आक्रमण को सुविधाजनक कैसे बनाया?,"भूगोल, जिसमें अरबी उपनिषद की निकटता और व्यापार मार्ग शामिल है, भारतीय उपमहाद्वीप में अरब आक्रमण को सुविधाजनक बनाया।"
बताए गए सवाल का उत्तर हिंदी में दें।,कुछ प्रमुख क्षेत्रों का अरब आक्रमणों द्वारा लक्ष्यित होना क्या था?,"कुछ प्रमुख क्षेत्रों में शामिल थे सिंध, मुल्तान, और वर्तमान पाकिस्तान के कुछ हिस्से।"
Diye gaye prashn ka uttar Hindi mein dein:,भारतीय उपमहाद्वीप के सामाजिक संरचना पर अरब आक्रमणों का क्या प्रभाव पड़ा?,"अरब आक्रमणों से सांस्कृतिक और धार्मिक अदलाबदल हुआ, साथ ही इस्लाम का प्रसार भी हुआ।"
Diye gaye sawaal ka jawab Hindi mein likhein:,मुहम्मद बिन कासिम द्वारा सिंध का विजय अनुसार भविष्य के अरब विस्तार पर कैसा प्रभाव पड़ा?,सिंध का विजय भविष्य में भारतीय उपमहाद्वीप में अरब विस्तार के लिए एक मजबूत आधार प्रदान करता।
Diye gaye prashn ka samadhan Hindi mein prastut karein:,आक्रमणों के दौरान अरब बलों द्वारा कुछ रणनीतियाँ क्या थीं?,"रणनीतियों में राजनीति, सैन्य विजय, और स्थानीय शासकों के साथ साझेदारी शामिल थी।"
Pooche gaye prashn ka uttar Hindi mein pradaan karein:,भारतीय उपमहाद्वीप के आक्रमणों में शामिल कुछ प्रमुख अरब सेनापति कौन थे?,"मुहम्मद बिन कासिम, अल-हज्जाज इब्न यूसुफ, और गजनी के महमूद नामक कुछ प्रमुख अरब सेनापति थे जो भारतीय उपमहाद्वीप के आक्रमणों में शामिल थे।"
Bataye gaye sawaal ka jawab Hindi mein dein:,भारतीय उपमहाद्वीप में इस्लाम के प्रसार में अरब आक्रमण कैसे सहायक रहे?,"अरब आक्रमणों ने इस्लाम को क्षेत्र में प्रस्तुत किया, जिससे समय के साथ स्थानीय जनसंख्या का धर्मान्तरण हुआ।"
Answer the given question in Hindi:,अरब आक्रमणों के कुछ आर्थिक परिणाम क्या थे?,आर्थिक परिणामों में भारतीय महासागर व्यापार मार्गों की एकीकरण और नई कृषि तकनीकों का प्रस्तावन शामिल था।
Write your answer to the question in Hindi:,सिंध के अधिकरण का अधिग्रहण भारतीय उपमहाद्वीप के राजनीतिक परिदृश्य को कैसे प्रभावित किया?,सिंध के अधिग्रहण ने अरब नियंत्रित क्षेत्रों की स्थापना और क्षेत्र में प्राचीन शासकों की पतन का कारण बना।
Provide a response to the given query in Hindi:,उनकी आक्रमणों के दौरान अरब बलों ने किस प्रकार की प्रतिरोध का सामना किया?,"अरब बलों को स्थानीय शासकों और जनसंख्या के साथ सामरिक स्पर्धा का सामना करना पड़ा, साथ ही क्षेत्र में प्रतिस्पर्धी साम्राज्यों से भी।"
Answer the question in Hindi language:,अरब आक्रमणों के दौरान राजस्थान की लड़ाई का क्या महत्व था?,राजस्थान की लड़ाई एक महत्वपूर्ण सैन्य भिड़ंत थी जिसमें अरब बलों और हिंदू राजपूत संघ के बीच हुई।
Reply to the asked question in Hindi:,आक्रमणों के दौरान धर्म का क्या भूमिका थी जो अरब बलों को प्रेरित करती थी?,"धर्म एक प्रेरणादायक कारक के रूप में काम किया, जिसमें इस्लाम का प्रसार अरब आक्रमणों का प्रमुख उद्देश्य था।"
दिए गए प्रश्न का उत्तर हिंदी में दें:,राजस्थान की लड़ाई का महत्व क्या था अरब आक्रमणों के दौरान?,राजस्थान की लड़ाई एक महत्वपूर्ण सैन्य भिड़ंत थी जिसमें अरब बलों और हिंदू राजपूत संघ के बीच हुई।
दिए गए सवाल का जवाब हिंदी में लिखें:,आक्रमणों के दौरान धर्म का क्या भूमिका थी जो अरब बलों को प्रेरित करती थी?,"धर्म एक प्रेरणादायक कारक के रूप में काम किया, जिसमें इस्लाम का प्रसार अरब आक्रमणों का प्रमुख उद्देश्य था।"
दिए गए प्रश्न का समाधान हिंदी में प्रस्तुत करें:,अरब आक्रमणों के परिणामस्वरूप कौन-कौन सी सांस्कृतिक आदान-प्रदान हुईं?,"अरब आक्रमणों ने कला, वास्तुकला, भाषा, और भारतीय और अरब संस्कृतियों के बीच आदान-प्रदान को सुविधाजनक बनाया।"
पूछे गए प्रश्न का उत्तर हिंदी में प्रदान करें:,भारतीय उपमहाद्वीप के व्यापार नेटवर्कों पर अरब आक्रमणों का क्या प्रभाव हुआ?,अरब आक्रमण ने मौजूदा व्यापार नेटवर्कों को व्यावसायिक रूप से प्रभावित किया जबकि भारतीय महासागर और अरबी खाड़ी के बीच नए संबंध स्थापित किए गए।
बताए गए सवाल का उत्तर हिंदी में दें।,भारतीय उपमहाद्वीप में अरब आक्रमणों के स्थायी विरासत कुछ क्या थीं?,"इस्लाम का प्रसार, वास्तुकला के प्रभाव, और भारतीय और अरब सांस्कृतिक तत्वों का एकीकरण जैसे विरासत स्थायी थीं।"
Diye gaye prashn ka uttar Hindi mein dein:,अरब बलों ने अपने आक्रमणों के दौरान कौन-कौन सी प्रमुख मार्गों का उपयोग किया?,"अरब बलों ने समुद्री और स्थलीय मार्गों का उपयोग किया, जिसमें अरबी सागर और हिंदू कुश पास शामिल थे।"
Diye gaye sawaal ka jawab Hindi mein likhein:,मुल्तान का विजय अरब विस्तार में भारतीय उपमहाद्वीप में कैसे योगदान किया?, मुल्तान का विजय व्यापार मार्गों की रणनीतिक पहुंच प्रदान करता है और भारतीय उपमहाद्वीप में अगले अरब आक्रमणों को सुविधा प्रदान करता है।
Diye gaye prashn ka samadhan Hindi mein prastut karein:,आक्रमणों के दौरान अरब बलों ने स्थानीय शासकों के साथ कौन-कौन सी साझेदारियाँ की?,अरब बलों ने कुछ स्थानीय शासकों के साथ साझेदारियाँ की जिन्होंने सामान्य दुश्मनों के खिलाफ उनके साथ सहयोग करने में रणनीतिक लाभ देखा।
Pooche gaye prashn ka uttar Hindi mein pradaan karein:,भारतीय उपमहाद्वीप पर अरब आक्रमणों का धार्मिक धरोहर पर क्या प्रभाव पड़ा?, अरब आक्रमणों ने भारतीय उपमहाद्वीप में स्थानीय धर्मों के पतन का मार्ग खोला और स्थानीय जनसंख्या के बीच इस्लाम के धीरे-धीरे प्रसार का कारण बनाया।
Bataye gaye sawaal ka jawab Hindi mein dein:,बलानजर की लड़ाई का महत्व क्या था अरब आक्रमणों के दौरान?,बलानजर की लड़ाई अरब बलों और टर्किक खजार खगानेट के बीच एक महत्वपूर्ण सैन्य घटना थी।
Answer the given question in Hindi:,सिंध के विजय ने भारतीय उपमहाद्वीप में उत्तर के इस्लामी शासन पर कैसा प्रभाव डाला?,सिंध के विजय ने भारतीय उपमहाद्वीप में इस्लामी सल्तनतों और राजवंशों की नींव रखी जिन्होंने क्षेत्र के कुछ हिस्सों का शासन किया।
Write your answer to the question in Hindi:,अरब आक्रमणों को नियंत्रित करने में उमय्यद खिलाफत की क्या भूमिका थी?,उमय्यद खिलाफत ने भारतीय उपमहाद्वीप में अरब आक्रमणों के लिए राजनीतिक और सैन्य समर्थन प्रदान किया।
Provide a response to the given query in Hindi:,भारतीय उपमहाद्वीप में अरब आक्रमणों के प्रमुख प्रेरणात्मक कारण क्या थे?,"प्रमुख प्रेरणात्मक कारण में आर्थिक हित, धार्मिक विस्तार, और भौगोलिक स्वप्रयास शामिल थे।"
Answer the question in Hindi language:, कैसे अरब बल जीते हुए क्षेत्रों पर नियंत्रण स्थापित करते थे?,"अरब बल ने सेना के कब्जे, इस्लामी कानून का अधिष्ठापन, और स्थानीय प्रशासकों की नियुक्ति के माध्यम से नियंत्रण स्थापित किया।"
Reply to the asked question in Hindi:,भारतीय उपमहाद्वीप में अरब आक्रमणों के परिणाम क्या थे स्थानीय संस्कृतियों के लिए?,"परिणामों में स्थानीय धर्मों का पतन, अरबी लिपि का अपनान, और अरब सांस्कृतिक तत्वों का समावेश शामिल था।"
दिए गए प्रश्न का उत्तर हिंदी में दें:,अरब आक्रमणों के खिलाफ कौन-कौन सी प्रतिरोध आंदोलन उभरे?," प्रतिरोध आंदोलन स्थानीय शासकों द्वारा नेतृत्व किए गए थे, जैसे सिंध के राजा दाहिर, और अरब कब्जे के खिलाफ स्थानीय जनसंख्या की।"
दिए गए सवाल का जवाब हिंदी में लिखें:,भारतीय उपमहाद्वीप के नगरीय केंद्रों पर अरब आक्रमण का क्या प्रभाव हुआ?,अरब आक्रमण से कुछ नगरीय केंद्रों का पतन हुआ।
दिए गए प्रश्न का समाधान हिंदी में प्रस्तुत करें:,भारतीय उपमहाद्वीप के अरब आक्रमणों के दौरान कुछ प्रमुख लड़ाइयाँ कौन-कौन सी लड़ी गईं?,"कुछ प्रमुख लड़ाइयों में रसील की लड़ाई, राजस्थान की लड़ाई, और बालानजर की लड़ाई शामिल हैं।"
पूछे गए प्रश्न का उत्तर हिंदी में प्रदान करें:,सिंध के अरब विजय का भारतीय महासागर क्षेत्र में व्यापार मार्गों पर क्या प्रभाव हुआ?,"सिंध के अरब विजय ने मुख्य व्यापार मार्गों पर अरब नियंत्रण को सुविधाजनक बनाया, जिससे भारतीय महासागर क्षेत्र में उनकी प्रमुखता मजबूत हुई।"
बताए गए सवाल का उत्तर हिंदी में दें।,अरब बलों ने अपने आक्रमणों के दौरान कौन-कौन सी महत्त्वपूर्ण सैन्य युक्तियाँ अपनाईं?," अरब बलों ने अपने आक्रमणों के दौरान अपने सैनिक उद्देश्यों को हासिल करने के लिए घुड़सवारी, क़िला युद्ध, और नौसेना शक्ति का उपयोग किया।"
Diye gaye prashn ka uttar Hindi mein dein:,"कुछ प्रमुख हिंदू शासक जो अरब आक्रमणों का सामना किए, उनमें कौन-कौन थे?",सिंध के राजा दाहिर और उत्तरी भारत के प्रतिहार शासक अरब आक्रमणों का सामना करने वाले कुछ प्रमुख हिंदू शासकों में शामिल थे।
Diye gaye sawaal ka jawab Hindi mein likhein:,अरब विजयों का भारतीय उपमहाद्वीप के राजनीतिक परिदृश्य पर क्या प्रभाव हुआ?,अरब विजयों ने इस्लामी सल्तनतों की स्थापना की और कुछ क्षेत्रों में स्थानीय राजवंशों की पतन को देखा।
Diye gaye prashn ka samadhan Hindi mein prastut karein:, अरब आक्रमणों के दौरान अरबी समुद्री ट्रेड और भारतीय उपमहाद्वीप के बीच प्रमुख व्यापारिक सामग्री क्या थीं?,"व्यापारिक सामग्री में मसाले, वस्त्र, मौल्यवान धातु, और रत्न शामिल थे।"
Pooche gaye prashn ka uttar Hindi mein pradaan karein:,मुल्तान के अरब विजय का क्या महत्व था?,"मुल्तान का विजय अरबों को भारतीय उपमहाद्वीप में रणनीतिक मजबूती प्रदान करता है, जिससे वह और अधिक सैन्य प्रस्थानों को सुविधाजनक बनाता है।"
Bataye gaye sawaal ka jawab Hindi mein dein:,अरब आक्रमणों ने भारतीय उपमहाद्वीप में अरबी भाषा और संस्कृति के प्रसार में कैसे योगदान दिया?,"अरब आक्रमणों ने कुछ क्षेत्रों में अरबी भाषा, लिपि, और सांस्कृतिक प्रथाओं को प्रस्तुत किया।"
Answer the given question in Hindi:,अरब विजयों का स्थानीय धार्मिक संस्थानों और अभ्यासों पर प्रभाव क्या था?, अरब विजयों ने स्थानीय धार्मिक संस्थानों की कमजोरी का कारण बनाया और कुछ क्षेत्रों में इस्लाम को प्रमुख धर्म बनाया।
Write your answer to the question in Hindi:,अल-हज्जाज इब्न यूसुफ कौन थे और अरब आक्रमणों में उनकी क्या भूमिका थी?,अल-हज्जाज इब्न यूसुफ एक अरब गवर्नर थे जो भारतीय उपमहाद्वीप में सैन्य प्रणालियों को संगठित करने और नेतृत्व करने में महत्वपूर्ण भूमिका निभाते थे।
Provide a response to the given query in Hindi:,अरब आक्रमणों का विकास पर इस्लामी सभ्यता का क्या प्रभाव था भारतीय उपमहाद्वीप में?,"अरब आक्रमणों ने इस्लामी सभ्यता के विकास की नींव रखी, जिसमें इस्लामी शासन, कानून, और सांस्कृतिक संस्थानों की स्थापना शामिल थी।"
Answer the question in Hindi language:,अरब विजयों ने भारतीय उपमहाद्वीप की सामाजिक संरचना पर कैसा प्रभाव डाला?,"अरब विजयों ने धार्मिक पहचान के आधार पर नई सामाजिक वर्गों का उदय किया, जिसमें मुस्लिम अक्सर सत्ता और प्रभाव के पदों पर आसीन रहते थे।"
Reply to the asked question in Hindi:,अरब और भारतीयों के बीच कुछ प्रमुख सांस्कृतिक आदान-प्रदान क्या थे अरब आक्रमणों के काल में?," सांस्कृतिक आदान-प्रदान में अरबी लिपि के अभिग्रहण, वास्तुकला के शैली, रसोईघर की प्रथाएं, और संगीत शैलियों जैसी चीजें शामिल थीं।"
दिए गए प्रश्न का उत्तर हिंदी में दें:,अरब विजयों ने भारतीय उपमहाद्वीप में महिलाओं के स्थिति पर कैसा प्रभाव डाला?,"अरब विजयों ने महिलाओं के अधिकारों और भूमिकाओं पर इस्लामी कानूनी नियमों को प्रस्तुत किया, जो कई बार पूर्व मौजूदा सांस्कृतिक अभ्यासों से अलग थे।"
दिए गए सवाल का जवाब हिंदी में लिखें:,काबुल के अरब विजय का महत्व और इसका अरब विस्तार के लिए क्या अर्थ था?,"काबुल का विजय अरबों को मध्य एशिया के लाभकारी व्यापार मार्गों तक पहुंच प्रदान करता है, जो उनकी भारतीय उपमहाद्वीप के परे की विस्तार में मदद करता है।"
दिए गए प्रश्न का समाधान हिंदी में प्रस्तुत करें:,अरब विजयों ने भारतीय उपमहाद्वीप में ज्ञान और विद्यालय के प्रसार में कैसे योगदान किया?,"अरब विजयों ने विचारों के आदान-प्रदान को सुविधाजनक बनाया, जिससे अरबी पाठों का भारतीय भाषाओं में अनुवाद किया गया और उम्र का पाठ बढ़ाया गया, जो बौद्धिक विकास को बढ़ावा दिया।"
पूछे गए प्रश्न का उत्तर हिंदी में प्रदान करें:,ग़ज़नवी ने कौन थे और अरब विस्तार में उनकी क्या भूमिका थी?,"ग़ज़नवी एक पार्सी सांस्कृतिक वंश था जो भारतीय उपमहाद्वीप के कुछ हिस्सों में अरबों के पीछे आया, इस्लामी विस्तार की प्रक्रिया को जारी रखते हुए।"
बताए गए सवाल का उत्तर हिंदी में दें।,अरब विजयों का भारतीय उपमहाद्वीप के वास्तुकला संरचन के विरासत पर क्या प्रभाव था?," अरब विजयों ने नई वास्तुकला शैलियों और तकनीकों को प्रस्तुत किया, जो मौजूदा स्थानीय परंपराओं के साथ मिश्रित होकर अद्वितीय मिश्रित रूपों को उत्पन्न किया।"
Diye gaye prashn ka uttar Hindi mein dein:,अरब नियंत्रण की व्याप्ति क्या थी जब उनका विस्तार अधिकतम था?,"अरब नियंत्रण पश्चिम में सिंध से पूर्व में बंगाल तक फैला हुआ था, जो वर्तमान में पाकिस्तान, भारत, और बांग्लादेश के बड़े हिस्सों को समावित करता था।"
Diye gaye sawaal ka jawab Hindi mein likhein:,अरब विजयों ने भारतीय उपमहाद्वीप में राजनीतिक गठबंधनों और विरोधों पर कैसा प्रभाव डाला?,"अरब विजयों ने राजनीतिक गठबंधनों को पुनर्विचार किया, स्थानीय शासकों और अरब सरदारों के बीच नए गठबंधनों की स्थापना की, साथ ही विरोधी दलों के बीच टकराव भी बढ़ाया।"
Diye gaye prashn ka samadhan Hindi mein prastut karein:,भारतीय उपमहाद्वीप में अरब शासकों द्वारा कुछ प्रशासनिक नवाचार क्या थे?,"प्रशासनिक नवाचार में केंद्रीयकृत प्रशासन, कर व्यवस्था, और इस्लामी कानून पर आधारित कानूनी संस्थानों की स्थापना शामिल थी।"
Pooche gaye prashn ka uttar Hindi mein pradaan karein:,भारतीय महासागर व्यापार नेटवर्क ने किस प्रकार अरब विस्तार को भारतीय उपमहाद्वीप में सुविधाजनक बनाया?," भारतीय महासागर व्यापार नेटवर्क ने जलमार्गों का पहुंच प्रदान किया, जिससे उन्हें क्षेत्र में वाणिज्यिक और सैन्य सर्वोपाधि स्थापित करने की सुविधा मिली।"
Bataye gaye sawaal ka jawab Hindi mein dein:,अरब आक्रमणों ने भारतीय उपमहाद्वीप के भाषात्मक परिदृश्य पर कैसा प्रभाव डाला?,अरब आक्रमणों ने भारतीय भाषाओं में अरबी ऋणशब्दों को प्रस्तुत किया और नए भाषात्मक पंजियों और साहित्यिक शैलियों के विकास पर प्रभाव डाला।
Answer the given question in Hindi:,"अशोक कौन थे, और उनका भारतीय इतिहास में क्या महत्व था?","अशोक, मौर्य वंश के प्राचीन भारतीय सम्राट थे, जिनके बौद्ध धर्म में धर्मांतरण और अहिंसा के प्रचार के लिए जाना जाता है, जो भारतीय इतिहास का एक महत्वपूर्ण काल का निर्देशक है।"
Write your answer to the question in Hindi:,इंडस घाटी सभ्यता का भारतीय इतिहास में क्या महत्व था?,"इंडस घाटी सभ्यता, विश्व की पहली शहरी सभ्यताओं में से एक थी, जो लगभग 2600–1900 ईसा पूर्व में भारतीय उपमहाद्वीप में प्रदर्शित हो रही थी, जिसमें उन्नत नगर नियोजन, व्यापार नेटवर्क, और सांस्कृतिक उपलब्धियों का प्रदर्शन किया गया।"
Provide a response to the given query in Hindi:,"मुग़ल कौन थे, और उनका भारतीय इतिहास पर क्या प्रभाव था?","मुग़ल एक मुस्लिम वंश था जो 16वीं से 19वीं सदी तक भारतीय उपमहाद्वीप पर शासन करता था, जिन्होंने वास्तुकला, कला, साहित्य, और प्रशासनिक नवाचारों की धरोहर को पिछले।"
Answer the question in Hindi language:,गुप्त साम्राज्य का भारतीय इतिहास में क्या महत्व था?,"गुप्त साम्राज्य (ईसा के लगभग 320–550 तक) को भारतीय इतिहास की स्वर्णिम आयु माना जाता है, जिसमें कला, विज्ञान, गणित, और साहित्य में प्रगति, साथ ही व्यापार और सांस्कृतिक आदान-प्रदान की खूबसूरती थी।"
Reply to the asked question in Hindi:,"महात्मा गांधी कौन थे, और उनकी भारत की स्वतंत्रता संघर्ष में क्या भूमिका थी?","महात्मा गांधी भारत के स्वतंत्रता आंदोलन के प्रमुख नेता थे, जो ब्रिटिश शासन के खिलाफ अहिंसात्मक प्रतिरोध और नागरिक अवज्ञा का समर्थन करते थे, जिससे 1947 में भारत की अंततः स्वतंत्रता हुई।"
दिए गए प्रश्न का उत्तर हिंदी में दें:,ब्रिटिश पूर्वी इंडिया कंपनी का भारतीय इतिहास पर क्या प्रभाव था?,"ब्रिटिश पूर्वी इंडिया कंपनी ने भारत के औपनिवेशिकरण में महत्वपूर्ण भूमिका निभाई, व्यापार प्रमुखता स्थापित की, संसाधनों का शोषण किया, और भारतीय उपमहाद्वीप पर ब्रिटिश शासन की नींव रखी।"
दिए गए सवाल का जवाब हिंदी में लिखें:,"रानी लक्ष्मीबाई कौन थीं, और उनका भारतीय इतिहास में क्या योगदान था?","रानी लक्ष्मीबाई, झांसी की रानी, 1857 के भारतीय विद्रोह में प्रमुख व्यक्ति थीं, जो ब्रिटिश शासन के खिलाफ संघर्ष और बलिदान की भावना का प्रतीक थीं।"
दिए गए प्रश्न का समाधान हिंदी में प्रस्तुत करें:,प्रागैतिहासिक भारतीय इतिहास को समझने में हरप्पन मुहरों का महत्व क्या है?," हरप्पन मुहरे, इंडस घाटी सभ्यता के खंडहरों में पाए जाने वाले, प्राचीन भारतीय व्यापार, धर्म, सामाजिक संरचना, और लेखन प्रणाली के बारे में मूल्यवान जानकारी प्रदान करते हैं।"
पूछे गए प्रश्न का उत्तर हिंदी में प्रदान करें:,"शिवाजी महाराज कौन थे, और उनकी भारतीय इतिहास में क्या भूमिका थी?","शिवाजी महाराज एक मराठा योद्धा राजा थे जिन्होंने 17वीं सदी में मराठा साम्राज्य की स्थापना की, उनकी सैन्य कुशलता, प्रशासनिक सुधार, और मुघल और उपनिवेशवादी शक्तियों के खिलाफ प्रतिरोध के लिए प्रसिद्ध हैं।"
बताए गए सवाल का उत्तर हिंदी में दें।,1947 में भारत के विभाजन का भारतीय इतिहास पर क्या प्रभाव हुआ?,"1947 में भारत के विभाजन से भारत और पाकिस्तान के स्वतंत्र राष्ट्रों का गठन हुआ, जो व्यापक हिंसा, जनसंख्या के स्थानांतरण, और सामाजिक-राजनीतिक उपद्रव के साथ साथ भारतीय इतिहास के प्रवाह को आकार दिया।"
Diye gaye prashn ka uttar Hindi mein dein:,"चंद्रगुप्त मौर्य कौन थे, और उनकी भारतीय इतिहास में क्या महत्व था?","चंद्रगुप्त मौर्य एक मौर्य साम्राज्य के संस्थापक थे, जो प्राचीन भारत में केंद्रीकृत साम्राज्य शासन की शुरुआत का प्रतीक माना जाता है और उसके बाद के वंशों के लिए आधार रखा।"
Diye gaye sawaal ka jawab Hindi mein likhein:,भारतीय इतिहास में भक्ति आंदोलन का महत्व क्या था?,"भक्ति आंदोलन, जो लगभग 8वीं शताब्दी ईसा पूर्व में उत्पन्न हुआ, एक व्यक्तिगत देवता के प्रति भक्ति को जोर देता था और धार्मिक सहिष्णुता, सामाजिक समावेशीता, और सांस्कृतिक सम्मिलन को बढ़ावा देता था, भारतीय आध्यात्मिकता और समाज को आकार देने के लिए महत्वपूर्ण था।"
Diye gaye prashn ka samadhan Hindi mein prastut karein:,"आर्य लोग कौन थे, और उनका भारतीय इतिहास पर क्या प्रभाव था?"," आर्य लोग भारतीय उपमहाद्वीप में लगभग 1500 ईसा पूर्व को बसने वाले इंडो-यूरोपीय प्रवासी थे, जो वेद सभ्यता, संस्कृत साहित्य, और प्रारंभिक हिंदू संस्कृति के निर्माण में योगदान किया।"
Pooche gaye prashn ka uttar Hindi mein pradaan karein:,भारतीय इतिहास में टिपू सुल्तान की क्या भूमिका थी?," टिपू सुल्तान, मैसूर के साम्राज्य के शासक, ब्रिटिश विस्तारवाद के विरोध में, आधुनिकीकरण प्रयासों, और कला, विज्ञान, और प्रौद्योगिकी का प्रायोजन, भारतीय इतिहास में एक दीर्घकालिक विरासत छोड़कर गए।"
Bataye gaye sawaal ka jawab Hindi mein dein:,मौर्य साम्राज्य का भारतीय इतिहास में क्या महत्व था?,"मौर्य साम्राज्य, चंद्रगुप्त मौर्य और अशोक जैसे शासकों के अधीन, प्राचीन भारत में पहला एकीकृत और केंद्रीकृत साम्राज्य स्थापित किया, क्षेत्र में राजनीतिक, सांस्कृतिक, और आर्थिक विकास में योगदान किया।"
Answer the given question in Hindi:,गुप्त साम्राज्य का भारतीय कला और वास्तुकला पर क्या प्रभाव था?,"गुप्त साम्राज्य में कला और वास्तुकला का विकास हुआ, जिसमें प्रसिद्ध मंदिरों, स्तूपों, और मूर्तियों के निर्माण का अनुभविक उत्कृष्टता और धार्मिक प्रोत्साहन शामिल था।"
Write your answer to the question in Hindi:,"बाबर कौन थे, और उनकी भारतीय इतिहास में क्या भूमिका थी?","बाबर भारत में मुग़ल साम्राज्य के संस्थापक थे, जिन्होंने अपने सैन्य अभियानों, मुग़ल शासन की स्थापना, और पारसीन प्रस्तुतिकरण की परिचिति के लिए जाने जाते हैं, जो भारतीय इतिहास में एक महत्वपूर्ण युग की निर्माण करते हैं।"
Provide a response to the given query in Hindi:,बक्सर की लड़ाई का भारतीय इतिहास में क्या महत्व था?,"1764 में बक्सर की लड़ाई ने भारतीय इतिहास में ब्रिटिश साम्राज्य के विस्तार की प्रारंभिक प्रक्रिया को प्रारंभ किया, जो ब्रिटिश साम्राज्य की पूरी नियंत्रणक्षमता के लिए महत्वपूर्ण था और भारतीय समाज और अर्थव्यवस्था में गहरे परिवर्तनों को प्रेरित किया।"
Answer the question in Hindi language:,"डॉ। बी.आर. अम्बेडकर कौन थे, और उनका भारतीय इतिहास में क्या योगदान था?","डॉ। बी.आर. अम्बेडकर एक प्रमुख सामाजिक सुधारक, न्यायवादी, और भारतीय संविधान के मुख्य वास्तुकार थे, जो सामाजिक न्याय, समानता, और वंचित समुदायों के अधिकारों की प्रोत्साहना करते थे, जिससे आधुनिक भारतीय लोकतंत्र को आकार दिया गया।"
Reply to the asked question in Hindi:,हरित क्रांति का भारतीय कृषि और अर्थव्यवस्था पर क्या प्रभाव था?,"1960 के दशक में शुरू हुई हरित क्रांति ने उच्च उत्पादकता वाली फसल जातियों, आधुनिक कृषि प्रथाओं, और सिंचाई प्रौद्योगिकियों को प्रस्तुत किया, जिससे भारतीय कृषि उत्पादकता, खाद्य सुरक्षा, और आर्थिक विकास में महत्वपूर्ण वृद्धि हुई।"
दिए गए प्रश्न का उत्तर हिंदी में दें:,"सुभाष चंद्र बोस कौन थे, और उनकी भारत की स्वतंत्रता की लड़ाई में क्या भूमिका थी?","सुभाष चंद्र बोस एक क्रांतिकारी नेता और स्वतंत्रता सेनानी थे जो भारत की स्वतंत्रता की लड़ाई में महत्वपूर्ण भूमिका निभाई, जो ब्रिटिश उपनिवेशवाद के खिलाफ भारतीय राष्ट्रीय सेना (आईएनए) का नेतृत्व करते हुए नेतृत्व किया।"
दिए गए सवाल का जवाब हिंदी में लिखें:,क्या भारतीय स्वतंत्रता संघर्ष में दांडी मार्च का महत्व था?,"1930 में महात्मा गांधी द्वारा नेतृत्वित दांडी मार्च एक ब्रिटिश नमक कर टैक्स के खिलाफ एक अहिंसात्मक प्रदर्शन था, जो भारत की स्वतंत्रता संघर्ष के लिए अहिंसात्मक आंदोलनों को प्रेरित किया और भारत के स्वतंत्रता संघर्ष के लिए समर्थन उत्तेजित किया।"
दिए गए प्रश्न का समाधान हिंदी में प्रस्तुत करें:,"अकबर महान कौन थे, और उनका भारतीय इतिहास में क्या विरासत रही?","अकबर महान एक मुग़ल सम्राट थे जिन्हें धार्मिक सहिष्णुता, प्रशासनिक सुधार, सांस्कृतिक प्रोत्साहन, और कला, वास्तुकला, और साहित्य का प्रमोट करने के लिए जाना जाता है, जो भारत में राजनीतिक स्थिरता और सांस्कृतिक पुनरावलोकन का एक काल था।"
पूछे गए प्रश्न का उत्तर हिंदी में प्रदान करें:,भारतीय राष्ट्रीय कांग्रेस का भारतीय स्वतंत्रता संघर्ष में क्या प्रभाव था?,"1885 में स्थापित भारतीय राष्ट्रीय कांग्रेस भारतीय स्वतंत्रता संघर्ष में महत्वपूर्ण भूमिका निभाई, जिसने जन संचालन किया, स्वाधीनता के लिए आंदोलनों को संगठित किया, और ब्रिटिश प्राधिकरणों के साथ संवैधानिक सुधारों के लिए वार्ता की, अंततः 1947 में भारत की स्वतंत्रता की दिशा में महत्वपूर्ण योगदान किया।"
बताए गए सवाल का उत्तर हिंदी में दें।,मुस्लिम अरबों की भारतीय उपमहाद्वीप में आक्रमण कब शुरू हुआ था?,मुस्लिम अरबों के आक्रमण इस्लाम के आगमन के साथ 7वीं सदी में शुरू हुए थे।
Diye gaye prashn ka uttar Hindi mein dein:,भारतीय उपमहाद्वीप के अरब आक्रमणों के प्रमुख प्रेरणात्मक क्या थे?, प्रारंभ में व्यापार और बाद में इस्लामिक शासन के क्षेत्र के विस्तार के लिए मुख्य प्रेरणात्मक थे।
Diye gaye sawaal ka jawab Hindi mein likhein:,अरब सेनाओं ने भारतीय उपमहाद्वीप में किस रास्ते से प्रवेश किया?,अरब सेनाएँ उत्तर-पश्चिम समेत विभिन्न रास्तों से घुसपैठ की।
Diye gaye prashn ka samadhan Hindi mein prastut karein:,अरब आक्रमणों के परिणामस्वरूप उत्तर भारत में शासन में क्या परिणाम हुआ?,"इस आक्रमण से उत्तर भारत में इस्लामिक सल्तनतों की स्थापना हुई, जो क्षेत्र में मुस्लिम शासन की शुरुआत को दर्शाती है।"
Pooche gaye prashn ka uttar Hindi mein pradaan karein:, 8वीं सदी में सिंध के विजय के लिए प्रसिद्ध अरब सेनाध्यक्ष कौन थे?, 8वीं सदी में सिंध के विजय के लिए मुहम्मद बिन कासिम प्रसिद्ध थे।
Bataye gaye sawaal ka jawab Hindi mein dein:,मुहम्मद बिन कासिम के सिंध के विजय का क्या महत्व था?,मुहम्मद बिन कासिम की विजय ने क्षेत्र में अरब नियंत्रण स्थापित किया और भारतीय उपमहाद्वीप में आगे के मुस्लिम विस्तार की नींव रखी।
Answer the given question in Hindi:, अरब आक्रमणों ने भारतीय उपमहाद्वीप के सामाजिक-सांस्कृतिक परिदृश्य को कैसे प्रभावित किया?,"आक्रमण ने सांस्कृतिक विनिमय को सुगम बनाया, इस्लाम के प्रसार को बढ़ावा दिया, और नए प्रशासनिक और वास्तुकला प्रथाओं का परिचय किया।"
Write your answer to the question in Hindi:,आक्रमण के दौरान अरब सेनाओं के लिए धर्म की क्या भूमिका थी?,"धर्म अरब आक्रमणों के लिए प्रेरणात्मक कारक था, जिसमें इस्लाम का प्रसार प्रमुख उद्देश्य था।"
Provide a response to the given query in Hindi:,आक्रमण के दौरान अरब सेनाओं द्वारा अपनाई गई कुछ प्रमुख सैन्य रणनीतियाँ क्या थीं?,"सैन्य रणनीतियों में राजनीति, किला युद्ध, और स्थानीय शासकों के साथ संधि करने जैसी रणनीतियाँ शामिल थीं।"
Answer the question in Hindi language:,सिंध के विजय के महत्व क्या था संदर्भ में व्यापार मार्गों का?, सिंध का विजय अरबों को महत्वपूर्ण व्यापार मार्गों की पहुंच प्रदान करता है और भारतीय महासागर में जलयान व्यापार को सुविधाजनक बनाता है।
Reply to the asked question in Hindi:,अरब आक्रमण कैसे भारतीय उपमहाद्वीप में इस्लाम के प्रसार में योगदान किया?," अरब आक्रमणों ने इस्लाम को क्षेत्र में प्रस्तुत किया, जिससे समय के साथ स्थानीय जनसंख्या का प्रेरित होना हुआ।"
दिए गए प्रश्न का उत्तर हिंदी में दें:,भारतीय उपमहाद्वीप के आक्रमणों में शामिल कुछ प्रमुख अरब सेनाध्यक्ष कौन कौन थे?,"मुहम्मद बिन कासिम के अलावा, अल-हज्जाज इब्न यूसुफ और गजनी के महमूद उल्गजनी कुछ प्रमुख अरब सेनाध्यक्ष थे।"
दिए गए सवाल का जवाब हिंदी में लिखें:,अरब आक्रमणों के दौरान राजस्थान के युद्ध का क्या महत्व था?,राजस्थान का युद्ध अरब सेनाओं और हिन्दू राजपूत संघ के बीच एक महत्वपूर्ण सैन्य संघर्ष था।
दिए गए प्रश्न का समाधान हिंदी में प्रस्तुत करें:,अरब आक्रमणों के लिए भारतीय उपमहाद्वीप में राजनीतिक गठबंधनों और प्रतिस्पर्धाओं पर क्या प्रभाव हुआ?," यह आक्रमण राजनीतिक गठबंधनों को पुनर्परिभाषित किया, स्थानीय शासकों और अरब सम्राटों के बीच नए गठबंधनों का उत्थान किया, साथ ही द्विपक्षीय विरोधिताओं को भी बढ़ावा दिया।"
पूछे गए प्रश्न का उत्तर हिंदी में प्रदान करें:,भारतीय उपमहाद्वीप में अरब आक्रमणों के परिणाम क्या थे भारतीय संस्कृतियों के लिए?,"परिणाम में स्थानीय धर्मों की कमी, अरबी लिपि के अनुवाद, और अरब सांस्कृतिक तत्वों का अनुकूलन शामिल था।"
बताए गए सवाल का उत्तर हिंदी में दें।,आक्रमण के दौरान प्रमुख व्यापार का क्या था व्यापार वस्त्रों?," व्यापार वस्त्रों में मसाले, वस्त्र, रत्न, और अन्य शौकीन सामग्री शामिल थी।"
Diye gaye prashn ka uttar Hindi mein dein:,भारतीय उपमहाद्वीप के आक्रमणों में शामिल कुछ प्रमुख अरब सेनाध्यक्ष कौन कौन थे?,"मुहम्मद बिन कासिम के अलावा, अल-हज्जाज इब्न यूसुफ और गजनी के महमूद उल्गजनी कुछ प्रमुख अरब सेनाध्यक्ष थे।"
Diye gaye sawaal ka jawab Hindi mein likhein:,अरब आक्रमणों के दौरान राजस्थान के युद्ध का क्या महत्व था?, राजस्थान का युद्ध अरब सेनाओं और हिन्दू राजपूत संघ के बीच एक महत्वपूर्ण सैन्य संघर्ष था।
Diye gaye prashn ka samadhan Hindi mein prastut karein:,अरब आक्रमणों के लिए भारतीय उपमहाद्वीप में राजनीतिक गठबंधनों और प्रतिस्पर्धाओं पर क्या प्रभाव हुआ?,"यह आक्रमण राजनीतिक गठबंधनों को पुनर्परिभाषित किया, स्थानीय शासकों और अरब सम्राटों के बीच नए गठबंधनों का उत्थान किया, साथ ही द्विपक्षीय विरोधिताओं को भी बढ़ावा दिया।"
Pooche gaye prashn ka uttar Hindi mein pradaan karein:,भारतीय उपमहाद्वीप में अरब आक्रमणों के परिणाम क्या थे भारतीय संस्कृतियों के लिए?," परिणाम में स्थानीय धर्मों की कमी, अरबी लिपि के अनुवाद, और अरब सांस्कृतिक तत्वों का अनुकूलन शामिल था।"
Bataye gaye sawaal ka jawab Hindi mein dein:,आक्रमण के दौरान प्रमुख व्यापार का क्या था व्यापार वस्त्रों?,"व्यापार वस्त्रों में मसाले, वस्त्र, रत्न, और अन्य शौकीन सामग्री शामिल थी।"
Answer the given question in Hindi:,मुल्तान के विजय से अरब का भारतीय उपमहाद्वीप में विस्तार में कैसे सहायक रहा?,मुल्तान के विजय ने व्यापार मार्गों तक पहुँच प्रदान की और भारतीय उपमहाद्वीप में अधिक अरब आक्रमणों को सुविधा प्रदान की।
Write your answer to the question in Hindi:,अरब आक्रमणों के भारतीय धार्मिक संस्थानों और अभ्यासों पर क्या प्रभाव हुआ?,अरब आक्रमणों से भारतीय धार्मिक संस्थानों की अवनति हुई और कुछ क्षेत्रों में इस्लाम का प्रसिद्ध धर्म बन गया।
Provide a response to the given query in Hindi:,उत्तरी भारत में स्थापित अरब सल्तनतों के मुख्य प्रशासनिक इकाइयाँ क्या थीं?,"अरब सल्तनतों के मुख्य प्रशासनिक इकाइयाँ नियुक्त अधिकारियों द्वारा प्रशासित थीं, अक्सर महत्वपूर्ण शहरों में केन्द्रीकृत प्राधिकरण के साथ।"
Answer the question in Hindi language:,आरब नियंत्रण किस प्रकार जीता आक्रमित क्षेत्रों में?,"आरब नियंत्रण इस्लामिक कानून के ज़रिए स्थापित किया गया, स्थानीय प्रशासकों का नियुक्त किया गया, और आक्रमित क्षेत्रों को व्यापक इस्लामिक खिलाफत में समाहित किया गया।"
Reply to the asked question in Hindi:,आरब फोर्सेज़ ने आक्रमण के दौरान किस प्रकार की प्रतिरोध किया?,"आरब फोर्सेज़ ने स्थानीय शासकों और जनसंख्या के प्रतिरोध का सामना किया, साथ ही क्षेत्रीय शासकों से भी।"
दिए गए प्रश्न का उत्तर हिंदी में दें:,भारतीय उपमहाद्वीप के शहरी केंद्रों पर अरब आक्रमणों का क्या प्रभाव था?,"अरब आक्रमणों से कुछ शहरी केंद्रों की पतन हुई, जबकि कुछ नए शहरी बसेरे और व्यापारी केंद्रों के विकास में भी योगदान था।"
दिए गए सवाल का जवाब हिंदी में लिखें:,आक्रमण के दौरान अरब फोर्सेज़ ने स्थानीय शासकों के साथ कौन-कौन से गठबंधन किए?,अरब फोर्सेज़ ने उन कुछ स्थानीय शासकों के साथ गठबंधन किए जो उन्हें सामान्य शत्रुओं के खिलाफ सहयोग में स्ट्रैटेजिक लाभ देखते थे।
दिए गए प्रश्न का समाधान हिंदी में प्रस्तुत करें:,भारतीय उपमहाद्वीप में अरब आक्रमणों के कुछ शाश्वत प्रभाव क्या थे?,"उनमें इस्लाम का प्रसार, वास्तुशिल्पीय प्रभाव और भारतीय और अरब सांस्कृतिक तत्वों का एकीकरण शामिल हैं।"
पूछे गए प्रश्न का उत्तर हिंदी में प्रदान करें:,अरब आक्रमणों का भारतीय उपमहाद्वीप में भाषाई परिदृश्य पर कैसा प्रभाव पड़ा?,अरब आक्रमणों ने भारतीय भाषाओं में अरबी ऋणशब्द प्रस्तुत किए और नई भाषात्मक पंजीकाओं और साहित्यिक शैलियों के विकास पर प्रभाव डाला।
बताए गए सवाल का उत्तर हिंदी में दें।, दिल्ली सल्तनत कब स्थापित की गई थी?,दिल्ली सल्तनत को 1206 ईसा पूर्व को कुतब-उद-दीन ऐबक ने तराइन के युद्ध के बाद स्थापित किया।
Diye gaye prashn ka uttar Hindi mein dein:,गुलाम वंश के संस्थापक कौन थे?,कुतब-उद-दीन ऐबक ने दिल्ली के पहले सुल्तान बनकर 1206 ईसा पूर्व में गुलाम वंश की स्थापना की।
Diye gaye sawaal ka jawab Hindi mein likhein:,गुलाम वंश कितनी देर तक शासन करता रहा?,गुलाम वंश ने 1206 ईसा पूर्व से 1290 ईसा पूर्व तक शासन किया।
Diye gaye prashn ka samadhan Hindi mein prastut karein:,खलजी वंश की स्थापना किसने की थी?, जलाल-उद-दीन खलजी ने गुलाम वंश के अंतिम शासक को पराजित करके खलजी वंश की स्थापना की।
Pooche gaye prashn ka uttar Hindi mein pradaan karein:, तुग़लक वंश की प्रमुख उपलब्धियाँ क्या थीं?,ग़ियास-उद-दीन तुग़लक के अधीन तुग़लक वंश को उसके प्रशासनिक सुधार और दिल्ली से दौलताबाद के राजधानी को बदलने के लिए जाना जाता है।
Bataye gaye sawaal ka jawab Hindi mein dein:,तुग़लक वंश कितनी देर तक चला?, तुग़लक वंश ने 1320 ईसा पूर्व से 1414 ईसा पूर्व तक शासन किया।
Answer the given question in Hindi:,सैय्यद वंश की स्थापना किसने की थी?,तुग़लक वंश के पतन के बाद 1414 ईसा पूर्व में ख़िज़्र ख़ान ने सैय्यद वंश की स्थापना की।
Write your answer to the question in Hindi:,लोदी वंश की स्थापना करने वाला कौन था?,1451 ईसा में बहलुल लोदी ने लोदी वंश की स्थापना की।
Provide a response to the given query in Hindi:,लोदी वंश कब समाप्त हुआ?,लोदी वंश का समापन 1526 ईसा में मुग़लों के आगमन के साथ हुआ।
Answer the question in Hindi language:,दिल्ली सल्तनत का भारतीय इतिहास पर क्या प्रभाव था?,"दिल्ली सल्तनत ने मध्यकालीन काल में भारतीय समाज, संस्कृति, और प्रशासन को आकार देने में महत्वपूर्ण भूमिका निभाई।"
Reply to the asked question in Hindi:,दिल्ली सल्तनत कब स्थापित की गई थी?,दिल्ली सल्तनत को 1206 ईस्वी में ताराईन के युद्ध के बाद स्थापित किया गया था।
दिए गए प्रश्न का उत्तर हिंदी में दें:,दिल्ली सल्तनत का संस्थापक कौन था?,कुतब-उद-दीन ऐबक को दिल्ली सल्तनत का संस्थापक माना जाता है।
दिए गए सवाल का जवाब हिंदी में लिखें:,कौन सा वंश कुतब-उद-दीन ऐबक ने स्थापित किया था?,कुतब-उद-दीन ऐबक ने गुलाम वंश का स्थापन किया था।
दिए गए प्रश्न का समाधान हिंदी में प्रस्तुत करें:,किस घटना ने दिल्ली सल्तनत की स्थापना की थी?,1192 ईस्वी में ताराईन के युद्ध में कुतब-उद-दीन ऐबक की विजय के बाद दिल्ली सल्तनत की स्थापना हुई थी।
पूछे गए प्रश्न का उत्तर हिंदी में प्रदान करें:,गुलाम वंश के शासक के रूप में कौन कुतब-उद-दीन ऐबक के बाद आया?,गुलाम वंश के शासक के रूप में इल्तुतमिश कुतब-उद-दीन ऐबक के बाद आया।
बताए गए सवाल का उत्तर हिंदी में दें।,दिल्ली सल्तनत में गुलाम वंश के बाद कौन सा वंश आया?,गुलाम वंश के बाद दिल्ली सल्तनत में खिलजी वंश आया।
Diye gaye prashn ka uttar Hindi mein dein:,खिलजी वंश का पहला शासक कौन था?,खिलजी वंश का पहला शासक जलाल-उद-दीन खिलजी था।
Diye gaye sawaal ka jawab Hindi mein likhein:,खिलजी वंश ने कितनी देर तक शासन किया?,खिलजी वंश ने 1290 ईस्वी से 1320 ईस्वी तक शासन किया।
Diye gaye prashn ka samadhan Hindi mein prastut karein:,अलाउद्दीन खिलजी के शासन का प्रमुख उपलब्धि क्या था?,अलाउद्दीन खिलजी की प्रमुख उपलब्धि दिल्ली सल्तनत की मंगोल आक्रमणों के खिलाफ सफल रक्षा थी।
Pooche gaye prashn ka uttar Hindi mein pradaan karein:,तुग़लक वंश का संस्थापक कौन था?,तुग़लक वंश का संस्थापक ग़ियास-उद-दीन तुग़लक था।
Bataye gaye sawaal ka jawab Hindi mein dein:,ग़ियास-उद-दीन तुग़लक ने दिल्ली सल्तनत की राजधानी को कहाँ स्थानांतरित किया?,ग़ियास-उद-दीन तुग़लक ने दिल्ली सल्तनत की राजधानी को दौलताबाद में स्थानांतरित किया।
Answer the given question in Hindi:,तुग़लक वंश का सबसे प्रमुख शासक कौन था जिन्हें प्रशासनिक सुधारों के लिए प्रसिद्ध किया गया?,मुहम्मद बिन तुग़लक उन्हें प्रशासनिक सुधारों के लिए सबसे प्रमुख शासक माना जाता है।
Write your answer to the question in Hindi:,तुग़लक वंश के बाद कौन सा वंश आया?,तुग़लक वंश के बाद सैय्यद वंश आया।
Provide a response to the given query in Hindi:,सैय्यद वंश का संस्थापक कौन था?,सैय्यद वंश का संस्थापक ख़िज़्र ख़ान था।
Answer the question in Hindi language:,सैय्यद वंश ने कितनी देर तक शासन किया?,सैय्यद वंश ने 1414 से 1451 ईस्वी तक शासन किया।
Reply to the asked question in Hindi:,लोदी वंश का संस्थापक कौन था?,लोदी वंश का संस्थापक बहलुल लोदी था।
दिए गए प्रश्न का उत्तर हिंदी में दें:,लोदी वंश की राजधानी क्या थी?,लोदी वंश की राजधानी दिल्ली थी।
दिए गए सवाल का जवाब हिंदी में लिखें:,लोदी वंश कब समाप्त हुआ?,लोदी वंश 1526 ईस्वी में पानीपत की पहली लड़ाई में इब्राहीम लोदी की शिकस्त के साथ समाप्त हो गया।
दिए गए प्रश्न का समाधान हिंदी में प्रस्तुत करें:,भारतीय इतिहास में दिल्ली सल्तनत का महत्व क्या था?,"दिल्ली सल्तनत ने मध्यकालीन भारतीय समाज, संस्कृति, और प्रशासन को आकार देने में महत्वपूर्ण भूमिका निभाई।"
पूछे गए प्रश्न का उत्तर हिंदी में प्रदान करें:,दिल्ली सल्तनत का अंतिम शासक कौन था?,दिल्ली सल्तनत का अंतिम शासक इब्राहीम लोदी था।
बताए गए सवाल का उत्तर हिंदी में दें।,दिल्ली सल्तनत के पतन के मुख्य कारण क्या थे?,"दिल्ली सल्तनत के पतन के मुख्य कारण आंतरिक विवाद, बाहरी आक्रमण, और प्रशासनिक कमजोरियाँ थीं।"
Diye gaye prashn ka uttar Hindi mein dein:,रज़िया सुल्ताना कौन थीं?,रज़िया सुल्ताना इल्तुत्मिश की बेटी और दिल्ली की पहली महिला शासक थीं।
Diye gaye sawaal ka jawab Hindi mein likhein:,रज़िया सुल्ताना के शासन में क्या विशेष था?,रज़िया सुल्ताना दिल्ली की गद्दी पर बैठने वाली पहली और एकमात्र महिला शासक थीं।
Diye gaye prashn ka samadhan Hindi mein prastut karein:,बलबन कौन थे?,बलबन दिल्ली सल्तनत के एक प्रभावशाली शासक थे जिन्हें उनकी कठोर शासन पद्धति और केंद्रीय प्राधिकरण की मजबूती के लिए जाना जाता है।
Pooche gaye prashn ka uttar Hindi mein pradaan karein:,बलबन द्वारा 'चाहलगानी' प्रणाली क्या थी?,"'चाहलगानी' बलबन द्वारा नियुक्त किए गए चालाक चालाक विश्वासी महान नवाबों का एक समूह था, जो कानून और व्यवस्था को बनाए रखने और उनके नियम को मजबूत करने के लिए बनाया गया था।"
Bataye gaye sawaal ka jawab Hindi mein dein:,मुहम्मद बिन तुग़लक कौन थे?,मुहम्मद बिन तुग़लक तुग़लक वंश के एक शासक थे जिन्हें उनकी उम्मीदवार लेकिन अंततः असफल नीतियों के लिए जाना जाता है।
Answer the given question in Hindi:,मुहम्मद बिन तुग़लक की मानें गई धनराशि के बारे में विफल प्रयोग क्या था?,"मुहम्मद बिन तुग़लक ने पीतल और तांबे के टोकन मुद्रा को प्रस्तुत करने का प्रयास किया, जो भयानक रूप से असफल रहा।"
Write your answer to the question in Hindi:,फिरोज शाह तुग़लक का दिल्ली सल्तनत में योगदान क्या था?,"फिरोज शाह तुग़लक को उनके सार्वजनिक कल्याण के उपायों के लिए जाना जाता है, जिसमें नहरों और रेस्ट हाउसेज का निर्माण शामिल था।"
Provide a response to the given query in Hindi:,अलाउद्दीन खिलजी का सबसे विश्वासपात्र जनरल कौन था?,मलिक काफ़ूर अलाउद्दीन खिलजी का सबसे विश्वासपात्र जनरल और सैन्य अधिकारी था।
Answer the question in Hindi language:,अलाउद्दीन खिलजी के बाजार नियामक नीतियों का महत्व क्या था?,अलाउद्दीन खिलजी के बाजार नियामक नीतियों का उद्देश्य मूल्य स्थिरता को सुनिश्चित करना और जनता के लिए पर्याप्त खाद्य आपूर्ति सुनिश्चित करना था।
Reply to the asked question in Hindi:,कुतुब मीनार के वास्तुकार कौन था?,"कुतुब मीनार के निर्माण का प्रारंभिक आरंभ कुतुब-उद-दीन ऐबक ने किया, हालांकि इसे उनके उत्तराधिकारियों ने पूरा किया।"
दिए गए प्रश्न का उत्तर हिंदी में दें:,कुतुब मीनार का वास्तुकला शैली क्या है?,"कुतुब मीनार का निर्माण भारतीय-इस्लामी वास्तुकला शैली में किया गया है, जिसमें जटिल उकेराव और ख़त्त की कला शामिल है।"
दिए गए सवाल का जवाब हिंदी में लिखें:,दिल्ली में सिरी किले का निर्माण किस शासक ने करवाया था?,दिल्ली में सिरी किले का निर्माण अलाउद्दीन खिलजी ने करवाया था।
दिए गए प्रश्न का समाधान हिंदी में प्रस्तुत करें:,सिरी किले का निर्माण का उद्देश्य क्या था?,"सिरी किला दिल्ली को संभालने के लिए एक सैन्य आधार के रूप में निर्मित किया गया था, जिसका उद्देश्य दिल्ली को पूतल आक्रमणों से रक्षा करना था।"
पूछे गए प्रश्न का उत्तर हिंदी में प्रदान करें:,निजामुद्दीन औलिया कौन थे?,निजामुद्दीन औलिया एक सूफी संत और विद्वान थे जो दिल्ली सल्तनत काल के दौरान जीते थे।
बताए गए सवाल का उत्तर हिंदी में दें।,दिल्ली सल्तनत युग में सूफ़ियत की क्या भूमिका थी?,दिल्ली सल्तनत काल में सूफ़ियत ने इस्लाम को फैलाने और विभिन्न समुदायों के बीच शांति और समरसता को प्रोत्साहित करने में महत्वपूर्ण भूमिका निभाई।
Diye gaye prashn ka uttar Hindi mein dein:,अमीर खुसरो कौन थे?,"अमीर खुसरो एक उत्कृष्ट कवि, संगीतकार, और विद्वान थे जो कई दिल्ली सल्तनतों के दरबारों में सेवा करते थे।"
Diye gaye sawaal ka jawab Hindi mein likhein:,अमीर खुसरो के योगदान का महत्व क्या था भारतीय साहित्य और संस्कृति में?,"अमीर खुसरो के काम ने भारतीय साहित्य और संस्कृति को समृद्ध किया, विशेष रूप से कविता, संगीत, और भाषा के क्षेत्रों में।"
Diye gaye prashn ka samadhan Hindi mein prastut karein:,दिल्ली सल्तनत के लिए प्रमुख आय का स्रोत क्या था?,भूमि कर दिल्ली सल्तनत के लिए प्रमुख आय का स्रोत था।
Pooche gaye prashn ka uttar Hindi mein pradaan karein:,दिल्ली सल्तनत का प्रशासनिक संरचना क्या था?,"दिल्ली सल्तनत को 'इक्ता' के रूप में प्रांतों में बांटा गया था, प्रत्येक कोई नायब नामित शासक द्वारा प्रबंधित किया जाता था।"
Bataye gaye sawaal ka jawab Hindi mein dein:,दिल्ली सल्तनत काल के दौरान प्रमुख प्रशासक कौन थे?,"कुछ प्रमुख प्रशासकों में वज़ीर (मुख्य मंत्री), दीवान (राजस्व मंत्री), और कोतवाल (पुलिस मुखिया) शामिल थे।"
Answer the given question in Hindi:,दिल्ली सल्तनत के दौरान 'जिज़्या' कर का महत्व क्या था?,"'जिज़्या' कर को गैर-मुस्लिमों पर सुरक्षा शुल्क के रूप में लगाया गया था, जिसके बदले में सेना सेवा से मुक्ति मिलती थी।"
Write your answer to the question in Hindi:,दिल्ली सल्तनत कैसे व्यापार और वाणिज्य को प्रभावित किया?,"दिल्ली सल्तनत ने बाजारों, कारवां सराइयों, और व्यापार मार्गों की स्थापना के माध्यम से व्यापार को सुविधाजनक बनाया, जिससे आर्थिक समृद्धि में योगदान किया।"
Provide a response to the given query in Hindi:,इब्न बटूता कौन थे?,इब्न बटूता मोरक्को के एक विद्वान और यात्री थे जो मुहम्मद बिन तुग़लक के शासनकाल में भारत आये और अपने अनुभवों के बारे में विस्तृत रूप में लिखते थे।
Answer the question in Hindi language:,इब्न बटूता अपनी रचनाओं में किस प्रकार के दिल्ली सल्तनत के बारे में जानकारी प्रदान करते हैं?,"इब्न बटूता की रचनाएँ 14वीं सदी के दौरान दिल्ली सल्तनत के समाज, संस्कृति, और शासन के बारे में मूल्यवान जानकारी प्रदान करती हैं।"
Reply to the asked question in Hindi:,दिल्ली सल्तनत के दौरान 'ममलूक' प्रणाली का क्या महत्व था?,"'Mamluk' प्रणाली में गुलाम सैनिकों की भर्ती होती थी, जो अंततः सेना और प्रशासन में प्रमुख पदों तक पहुंच गए।"
दिए गए प्रश्न का उत्तर हिंदी में दें:,दिल्ली सल्तनत की अनुपातित हिरार्किय में 'अमीर' कौन थे?,"'अमीर' नायब और सैन्य कमांडर थे, जो दिल्ली सल्तनत में महत्वपूर्ण सत्ता और प्रभाव रखते थे।"
दिए गए सवाल का जवाब हिंदी में लिखें:,दिल्ली सल्तनत समाज में सूफियों की क्या भूमिका थी?,"सूफी समाज में आत्मिक मार्गदर्शक और गुरु के रूप में काम करते थे, जो इस्लामी मूल्यों को शांति, सहिष्णुता, और सामाजिक न्याय को बढ़ावा देते थे।"
दिए गए प्रश्न का समाधान हिंदी में प्रस्तुत करें:,दिल्ली सल्तनत ने भारतीय उपमहाद्वीप में इस्लाम के प्रसार में कैसे योगदान दिया?,"दिल्ली सल्तनत ने व्यापार, सूफी धर्मान्तरण गतिविधियों, और मस्जिदों और शैक्षिक संस्थानों के प्रायोजन के माध्यम से इस्लाम को प्रोत्साहित किया।"
पूछे गए प्रश्न का उत्तर हिंदी में प्रदान करें:,फिरोज़ शाह तुग़लक कौन थे और दिल्ली सल्तनत में उनका क्या योगदान था?,"फिरोज़ शाह तुग़लक तुग़लक वंश के शासक थे जिन्हें उनके निर्वाचनों, जैसे कि नहरों, मस्जिदों, और अस्पतालों के निर्माण जैसे सार्वजनिक कार्यों के लिए जाना जाता है।"
बताए गए सवाल का उत्तर हिंदी में दें।,दिल्ली सल्तनत के भवनों की वास्तुकला शैली क्या थी?,"दिल्ली सल्तनत के भवनों में भारतीय-इस्लामी वास्तुकला का मिश्रण था, जिसमें गुंबद, कमान, और जटिल शृंगारण शामिल होता था।"
Diye gaye prashn ka uttar Hindi mein dein:,भारतीय सांस्कृतिक परिदृश्य पर दिल्ली सल्तनत का क्या प्रभाव था?,"दिल्ली सल्तनत ने पर्शियन, तुर्की, और मध्य एशियाई प्रभावों को कला, वास्तुकला, भाषा, और भोजन में शामिल करके भारतीय संस्कृति को समृद्ध किया।"
Diye gaye sawaal ka jawab Hindi mein likhein:,अलाउद्दीन खिलजी के प्रसिद्ध सामन्य जनरल कौन थे जिन्हें उनके दक्षिण भारत में सेना अभियानों के लिए जाना जाता था?,"मलिक काफ़ूर अलाउद्दीन खिलजी के जनरल थे जो उनके दक्षिण भारत में सफल सेना अभियानों के नेता थे, जिसमें यादव राज्य का अधिग्रहण शामिल था।"
Diye gaye prashn ka samadhan Hindi mein prastut karein:,अलाउद्दीन खिलजी के सेना अभियानों के उपलब्धियाँ क्या थीं?,अलाउद्दीन खिलजी के सेना अभियानों ने दिल्ली सल्तनत की क्षेत्रीय सीमाओं को विस्तारित किया और उनकी शक्ति को भारतीय उपमहाद्वीप में समेटा।
Pooche gaye prashn ka uttar Hindi mein pradaan karein:,दिल्ली सल्तनत ने अपने क्षेत्रों में विद्रोहों और बगावतों का सामना कैसे किया?,"दिल्ली सल्तनत ने अपने क्षेत्रों में विद्रोहों और बगावतों को दमन करने और अपने शासन को बनाए रखने के लिए सैन्य शक्ति, कूटनीति, और प्रशासनिक उपायों का मिश्रण किया।"
Bataye gaye sawaal ka jawab Hindi mein dein:,'चिश्ती' सूफियों कौन थे और दिल्ली सल्तनत काल में उनकी क्या भूमिका थी?,"'चिश्ती' सूफियों एक प्रमुख सूफी आदेश था जिन्हें प्रेम, भक्ति, और आध्यात्मिक शुद्धि पर जोर था, जिससे उनका भारत में इस्लाम के प्रसार में योगदान हुआ।"
Answer the given question in Hindi:,दिल्ली सल्तनत का भारतीय सामाजिक संरचना पर क्या प्रभाव हुआ?,"दिल्ली सल्तनत ने धर्म, जाति, और व्यापार के आधार पर नई सामाजिक वर्गीकरण लाया, जिससे विभिन्न समुदायों और पहचानों का निर्माण हुआ।"
Write your answer to the question in Hindi:,नसीरुद्दीन महमूद कौन थे और दिल्ली सल्तनत में उनका क्या योगदान था?,"नसीरुद्दीन महमूद खलजी वंश के शासक थे, जिन्हें उनके दक्षिण भारत में सेना अभियानों और कला और संस्कृति के प्रायोजन के लिए जाना जाता है।"
Provide a response to the given query in Hindi:,दिल्ली सल्तनत समाज में महिलाओं की क्या भूमिका थी?,"दिल्ली सल्तनत समाज में महिलाओं ने शासक, प्रशासक, विद्वान, कवि, और शिल्पकार के रूप में विभिन्न भूमिकाओं को निभाया, हालांकि पितृवत संस्कृतियों के मापदंडों के अंतर्गत।"
Answer the question in Hindi language:,सुल्तान ग़ियासुद्दीन बलबन कौन थे और उनके महत्वपूर्ण नीतियाँ क्या थीं?,"सुल्तान ग़ियासुद्दीन बलबन को उनकी कड़ी कानून और अनुशासन नीतियों, शक्ति का केंद्रीकरण, और सामंतीय विद्रोहों को रोकने के प्रयासों के लिए जाना जाता था।"
Reply to the asked question in Hindi:,दिल्ली सल्तनत का भारतीय अर्थव्यवस्था पर क्या प्रभाव हुआ?,"दिल्ली सल्तनत ने व्यापार, वाणिज्य, और नगरीकरण को प्रोत्साहित किया, जिससे आर्थिक वृद्धि और समृद्ध शहरों और बाजारों का उदय हुआ।"
दिए गए प्रश्न का उत्तर हिंदी में दें:,सुल्तान मुहम्मद बिन तुग़लक कौन थे और उनके महत्वपूर्ण परियोजनाएँ क्या थीं?,"सुल्तान मुहम्मद बिन तुग़लक को उनकी महत्वपूर्ण परियोजनाओं के लिए जाना जाता था, जिसमें दिल्ली से दौलताबाद को राजधानी बनाना और टोकन मुद्रा का प्रस्तावित करना शामिल था।"
दिए गए सवाल का जवाब हिंदी में लिखें:,मुहम्मद बिन तुग़लक के फैसले ने दौलताबाद को राजधानी बनाने का क्या परिणाम था?,"मुहम्मद बिन तुग़लक के फैसले ने दौलताबाद को राजधानी बनाने के परिणामस्वरूप प्रशासनिक अराजकता, यातायात संबंधी चुनौतियों, और जनसंख्या के बीच व्याप्त असंतोष का निर्माण किया।"
दिए गए प्रश्न का समाधान हिंदी में प्रस्तुत करें:,सुल्तान जलालुद्दीन खिलजी कौन थे और उनकी प्रमुख उपलब्धियाँ क्या थीं?,"सुल्तान जलालुद्दीन खिलजी को उनकी सैन्य शक्ति, कूटनीतिक कुशलता, और दिल्ली और उसके आस-पास क्षेत्रों में खिलजी वंश के नियम को संजोने के प्रयास के लिए जाना जाता था।"
पूछे गए प्रश्न का उत्तर हिंदी में प्रदान करें:,दिल्ली सल्तनत की वास्तुकला की विरासत का महत्व क्या था?,"दिल्ली सल्तनत की वास्तुकला की विरासत में क्यूटब मीनार, जामा मस्जिद, और लाल किला जैसे प्रसिद्ध संरचनाएँ शामिल हैं, जो भारतीय-इस्लामी वास्तुकला की महानता और विवेकपूर्णता को प्रदर्शित करती हैं।"
बताए गए सवाल का उत्तर हिंदी में दें।,'उलेमा' कौन थे और उनकी दिल्ली सल्तनत प्रशासन में क्या भूमिका थी?,"'उलेमा' इस्लामी विद्वान और विधिवेत्ता थे जो दिल्ली सल्तनत के शासकों और प्रशासकों को धार्मिक मार्गदर्शन, कानूनी परामर्श, और धार्मिक सहिष्णुता और बहुमतवाद का समर्थन प्रदान करते थे।"
Diye gaye prashn ka uttar Hindi mein dein:,दिल्ली सल्तनत और पड़ोसी क्षेत्रों के बीच सांस्कृतिक आदान-प्रदान क्या था?,"दिल्ली सल्तनत ने पड़ोसी क्षेत्रों के साथ सांस्कृतिक आदान-प्रदान को सुविधाजनक बनाया, जिसमें मध्य एशिया, पारस, और मध्य पूर्व शामिल था, जिससे कला, साहित्य, और भोजन की परम्पराएं समृद्ध हुईं।"
Diye gaye sawaal ka jawab Hindi mein likhein:,सुल्तान मुहम्मद शाह तुग़लक कौन थे और उनका दिल्ली सल्तनत में क्या योगदान था?,"सुल्तान मुहम्मद शाह तुग़लक को उनके प्रशासनिक सुधार, विद्वानों और कलाकारों का प्रायोजन, और धार्मिक सहिष्णुता और बहुमतवाद को प्रोत्साहित करने के प्रयासों के लिए जाना जाता है।"
Diye gaye prashn ka samadhan Hindi mein prastut karein:,सुल्तान सिकंदर लोदी कौन थे और उनके शासनकाल में उनकी उपलब्धियाँ क्या थीं?,"सुल्तान सिकंदर लोदी को लोदी वंश की भूमि की सीमाओं का विस्तार करने और कला, साहित्य, और वास्तुकला के प्रति अपने संरक्षण के प्रयासों के लिए जाना जाता था।"
Pooche gaye prashn ka uttar Hindi mein pradaan karein:,अमीर तीमुर कौन थे और उनका दिल्ली सल्तनत पर क्या प्रभाव था?,"अमीर तीमुर, जिसे तमरलेन भी कहा जाता है, एक मध्य एशियाई विजेता थे जो 1398 ईसा पूर्व में दिल्ली में आक्रमण किया, जिससे व्यापक विनाश हुआ और दिल्ली सल्तनत की प्राधिकरण कमजोर हुआ।"
Bataye gaye sawaal ka jawab Hindi mein dein:,दिल्ली सल्तनत काल में महत्वपूर्ण साहित्यिक योगदान क्या था?,"दिल्ली सल्तनत काल में फारसी और अरबी साहित्य का फलित विकास हुआ, जिसमें कविता, ऐतिहासिक क्रोनिकल, और दार्शनिक रचनाएँ शामिल थीं।"
Answer the given question in Hindi:,दिल्ली सल्तनत के इतिहास में ताराईन की लड़ाई का क्या महत्व था?,1192 ईसवी में ताराईन की लड़ाई उत्तर भारत में मुस्लिम शासन की शुरुआत को चिह्नित करती थी और कुतब-उद-दीन ऐबक द्वारा दिल्ली सल्तनत की स्थापना की गई।
Write your answer to the question in Hindi:,दिल्ली सल्तनत ने उर्दू भाषा के विकास पर कैसा प्रभाव डाला?,"दिल्ली सल्तनत ने उर्दू भाषा के विकास में महत्वपूर्ण भूमिका निभाई जब वह पर्सियन, अरबी, और भारतीय लोक बोलियों के संघटन को बढ़ावा देकर, आधुनिक उर्दू की नींव रखी।"
Provide a response to the given query in Hindi:,सुल्तान महमूद ऑफ़ गज़नी कौन थे और उनका दिल्ली सल्तनत से क्या संबंध था?,"सुल्तान महमूद ऑफ़ गज़नी एक प्रभावशाली शासक थे जिन्होंने उत्तर भारत में कई हमले किए, जिससे पश्चिमी और दक्षिणी भारत में आगामी मुस्लिम आक्रमणों की तैयारी की और दिल्ली सल्तनत की स्थापना हुई।"
Answer the question in Hindi language:,दिल्ली सल्तनत का भारतीय परंपराओं और रीति-रिवाजों पर क्या प्रभाव था?,"दिल्ली सल्तनत काल ने भारतीय परंपराओं, रीति-रिवाजों, और कलात्मक शैलियों का समावेश और अनुकरण देखा, जो एक धारावाहिक इस्लामी सांस्कृतिक संरचना में समृद्ध सांस्कृतिक समन्वय का परिणाम था।"
Reply to the asked question in Hindi:,सुल्तान नासिरुद्दीन महमूद शाह कौन थे और उनका लोदी वंश को क्या योगदान था?,सुल्तान नासिरुद्दीन महमूद शाह एक लोदी वंश के शासक थे जिन्होंने विशेष रूप से दिल्ली और उसके आस-पास क्षेत्र में मस्जिदों और किलों का निर्माण करने का संरक्षण किया।
दिए गए प्रश्न का उत्तर हिंदी में दें:,दिल्ली सल्तनत के सैन्य संगठन और वार्ता का महत्व क्या था?,"दिल्ली सल्तनत ने अपनी सीमाओं का विस्तार और सुरक्षा के लिए कैवलरी, पैदल सैनिकों, और तोपखानों की इकाई सहित एक अच्छी संगठनित सैन्य संरचना का उपयोग किया, साथ ही सैन्य नगरों के लिए रणनीतिक गढ़बढ़ी और गढ़बढ़ाहट भी किया।"
दिए गए सवाल का जवाब हिंदी में लिखें:,दिल्ली सल्तनत ने अन्य इस्लामी सभ्यताओं के साथ सांस्कृतिक आदान-प्रदान कैसे प्रोत्साहित किया?,"दिल्ली सल्तनत एक सांस्कृतिक केंद्र के रूप में कार्य करती थी, जो अन्य इस्लामी सभ्यताओं से विद्वानों, शिल्पकारों, और व्यापारियों को आकर्षित करती थी, जिससे बुद्धिजीवी आदान-प्रदान, कलात्मक नवाचार, और वाणिज्यिक नेटवर्क को बढ़ावा मिलता था।"
दिए गए प्रश्न का समाधान हिंदी में प्रस्तुत करें:,सुल्तान कुतुबुद्दीन मुबारक शाह कौन थे और उनकी दिल्ली सल्तनत की पतन में क्या भूमिका थी?,"सुल्तान कुतुबुद्दीन मुबारक शाह एक कुतुबी वंश के शासक थे, जिन्हें उनके कमजोर नेतृत्व, आंतरिक विवाद, और बाहरी खतरों के सामने सामर्थ्य नहीं दिखाई दी, जिससे दिल्ली सल्तनत का पतन हुआ।"
पूछे गए प्रश्न का उत्तर हिंदी में प्रदान करें:,दिल्ली सल्तनत की कर नीतियों का कृषि अर्थव्यवस्था पर क्या प्रभाव था?,"दिल्ली सल्तनत की कर नीतियाँ, जिसमें भूमि कर निर्धारण और कृषि उत्पादों पर उधारण किया गया, कृषि उत्पादकता, भूमि के स्वामित्व के पैटर्न, और ग्रामीण जीवन पर प्रभाव डाले।"
बताए गए सवाल का उत्तर हिंदी में दें।,दिल्ली सल्तनत और पड़ोसी साम्राज्यों के बीच राजनैतिक संबंध क्या थे?,"दिल्ली सल्तनत ने मंगोल, तिमुरियों, और ममलूक जैसे पड़ोसी साम्राज्यों के साथ संबंध स्थापित किए, जो गठबंधनों, संधियों, और राजनयिक मिशनों के माध्यम से बने थे।"
Diye gaye prashn ka uttar Hindi mein dein:,दिल्ली सल्तनत ने इस्लामी शिक्षा और विद्या के प्रसार में कैसे सहायता की?,"दिल्ली सल्तनत ने मदरसों, पुस्तकालयों, और शिक्षा केंद्रों की स्थापना की, जिसमें विद्वानों, धार्मिक, और अनुवादकों को प्रोत्साहित किया गया था, ताकि इस्लामी शिक्षा, न्यायशास्त्र, और बौद्धिक चर्चा को आगे बढ़ाया जा सके।"
Diye gaye sawaal ka jawab Hindi mein likhein:,दिल्ली सल्तनत के दरबारों से जुड़े प्रमुख कवियों और विद्वान कौन थे?,"दिल्ली सल्तनत के दरबारों ने अमीर खुसरो, इब्न बटूता, और अल-बीरुनी जैसे प्रसिद्ध कवियों और विद्वानों को आकर्षित किया, जो साहित्य, इतिहास, और विज्ञान में महत्वपूर्ण योगदान किए।"
Diye gaye prashn ka samadhan Hindi mein prastut karein:,दिल्ली सल्तनत के सामाजिक-आर्थिक गतिविधियों में नगरीकरण और व्यापार की क्या भूमिका थी?,"दिल्ली सल्तनत काल में नगरीकरण और व्यापार फलतः विकसित हुआ, जिससे शहरों, बाजारों, और वाणिज्यिक नेटवर्क का विकास हुआ, सांस्कृतिक आदान-प्रदान और आर्थिक समृद्धि को सुविधा प्रदान की गई।"
Pooche gaye prashn ka uttar Hindi mein pradaan karein:,दिल्ली सल्तनत के सामाजिक-आर्थिक गतिविधियों में नगरीकरण और व्यापार की क्या भूमिका थी?,"दिल्ली सल्तनत काल में नगरीकरण और व्यापार फलतः विकसित हुआ, जिससे शहरों, बाजारों, और वाणिज्यिक नेटवर्क का विकास हुआ, सांस्कृतिक आदान-प्रदान और आर्थिक समृद्धि को सुविधा प्रदान की गई।"
Bataye gaye sawaal ka jawab Hindi mein dein:,अला-उद-दीन मसूद शाह कौन थे और उनका लोदी वंश पर क्या प्रभाव था?,"सुल्तान अला-उद-दीन मसूद शाह लोदी वंश के एक शासक थे जिन्हें उनकी सैन्य अभियानों, प्रशासनिक सुधारों, और राज्य के केंद्रीय प्राधिकरण को मजबूत करने के प्रयासों के लिए जाना जाता है।"
Answer the given question in Hindi:,दिल्ली सल्तनत के सिक्के प्रणाली का महत्व व्यापार और वाणिज्य में सहायक कैसे रहा?,"दिल्ली सल्तनत की सिक्के प्रणाली, जिसमें जटिल डिज़ाइन और नकशे के साथ सोने, चांदी, और तांबे के सिक्के शामिल थे, आर्थिक लेन-देन, व्यापारिक संबंधों, और मुद्रा स्थिरता को सुविधाजनक बनाया।"
Write your answer to the question in Hindi:,दिल्ली सल्तनत ने विभिन्न समुदायों के बीच धार्मिक बहुलता और सहजीवन को कैसे बढ़ावा दिया?,"दिल्ली सल्तनत ने धार्मिक स्वतंत्रता को प्रदान करके, धार्मिक संस्थानों को प्रोत्साहित करके, और विभिन्न धर्मों के अधिकारियों को प्रशासनिक पदों पर नियुक्त करके धार्मिक बहुलता और सहजीवन को प्रोत्साहित किया।"
Provide a response to the given query in Hindi:,'अमीर-ए-शिकार' कौन थे और उनका दिल्ली सल्तनत के प्रशासन में क्या भूमिका था?,"'अमीर-ए-शिकार' वे अधिकारी थे जो शिकार अभियानों, वन्यजीव संरक्षण, और शाही उद्यानों और बागों के रख-रखाव की जिम्मेदारी थे, जो सुल्तान की शौकिया गतिविधियों और पर्यावरणीय नीतियों को दर्शाते थे।"
Answer the question in Hindi language:,"दिल्ली सल्तनत के किले, महल, और किलों का वास्तुकला संबंधी महत्त्व क्या था?","दिल्ली सल्तनत के किले, महल, और किले शक्ति, प्रतिष्ठा, और रक्षा के प्रतीक के रूप में कार्य किया, जो नवाचारी वास्तुकला डिज़ाइन, सैन्य इंजीनियरिंग, और कलात्मक सजावट का प्रदर्शन करते थे।"
Reply to the asked question in Hindi:,सुल्तान इब्राहीम लोदी कौन थे और पानीपत के पहले युद्ध में उनके पतन का क्या कारण था?,"सुल्तान इब्राहीम लोदी लोदी वंश के आखिरी शासक थे, जिनकी 1526 ईस्वी में पानीपत के पहले युद्ध में हार ने दिल्ली सल्तनत का अंत किया और भारत में मुगल शासन की शुरुआत की।"
दिए गए प्रश्न का उत्तर हिंदी में दें:,दिल्ली सल्तनत का कानूनी और न्यायिक प्रणाली का क्या विरासत था?,"दिल्ली सल्तनत की कानूनी और न्यायिक प्रणालियाँ, इस्लामी कानून (शरीयत), क़ादी (न्यायाधीश), और कानूनी नियमों (फ़तवा-ए-आलमगीरी) पर आधारित थीं, जो भारतीय उपमहाद्वीप में आगामी कानूनी सुधारों और प्रशासनिक अभ्यासों को प्रभावित करती थीं।"
दिए गए सवाल का जवाब हिंदी में लिखें:,"दिल्ली सल्तनत की कला, साहित्य, और वास्तुकला के प्रायोजन से सामाजिक और सांस्कृतिक प्रभाव क्या थे?","दिल्ली सल्तनत की कला, साहित्य, और वास्तुकला का प्रायोजन सांस्कृतिक आदान-प्रदान, कलात्मक नवाचार, और विभिन्न सांस्कृतिक परंपराओं का समन्वय करने में मदद किया, जो मध्यकालीन भारत के सामाजिक-सांस्कृतिक वातावरण को समृद्ध किया।"
दिए गए प्रश्न का समाधान हिंदी में प्रस्तुत करें:,मजलिस-ए-खलवत कौन थे और दिल्ली सल्तनत के प्रशासन में उनकी क्या भूमिका थी?,"मजलिस-ए-खलवत विद्वानों और सलाहकारों की परिषदें थीं जो सुल्तान को शासन, कानून, और धार्मिक मामलों में सलाह प्रदान करती थीं, जिससे राज्य के बौद्धिक और आध्यात्मिक मार्गदर्शन में सहायक होते थे।"
पूछे गए प्रश्न का उत्तर हिंदी में प्रदान करें:,दिल्ली सल्तनत के सिंचाई परियोजनाओं और जल प्रबंधन प्रणालियों का महत्व क्या था?,"दिल्ली सल्तनत की सिंचाई परियोजनाएँ, जैसे कि नहरें, जलाशय, और पानी की बावड़ीयाँ, खेती की उत्पादकता, ग्रामीण विकास, और पर्यावरणीय धारात्मकता को सुविधाजनक बनाती थीं, जो कृषि अर्थव्यवस्था और जनसंख्या के आजीविका का समर्थन करती थी।"
बताए गए सवाल का उत्तर हिंदी में दें।,'वक़्फ़' प्रशासक कौन थे और दिल्ली सल्तनत के सामाजिक-आर्थिक प्रणाली में उनकी क्या भूमिका थी?,"'वक़्फ़' प्रशासकों का कार्य धार्मिक सेवाओं, धर्मिक शिक्षा, और सामाजिक कल्याण सेवाओं, जैसे कि मस्जिदें, स्कूल, अस्पताल, और अनाथालयों जैसे धर्मार्थी धरोहरों (वक़्फ़) का प्रबंधन और निगरानी करना था।"
Diye gaye prashn ka uttar Hindi mein dein:,"दिल्ली सल्तनत का भारतीय संगीत, नृत्य, और प्रदर्शन कलाओं के विकास पर क्या प्रभाव था?","दिल्ली सल्तनत ने पर्सियन, मध्य एशियाई, और स्थानीय भारतीय प्रभावों को समाहित करके भारतीय संगीत, नृत्य, और प्रदर्शन कलाओं का संश्लेषण और विविधता में योगदान किया, जिससे विशिष्ट क्षेत्रीय शैलियों और परंपराओं का उदय हुआ।"
Diye gaye sawaal ka jawab Hindi mein likhein:,'Sar-i-Nau' कमांडर्स कौन थे और दिल्ली सल्तनत के सैन्य संगठन में उनकी क्या भूमिका थी?,"'Sar-i-Nau' कमांडर्स उन्नत सैन्य अधिकारी थे जो अभियानी बलों का नेतृत्व करने, समुद्री परियोजनाओं का कार्यक्रम चलाने, और तटीय क्षेत्रों की रक्षा के लिए जिम्मेदार थे, जो दिल्ली सल्तनत की समुद्री आकांक्षाओं और सामरिक हितों को दर्शाते थे।"
Diye gaye prashn ka samadhan Hindi mein prastut karein:,"भारतीय उपमहाद्वीप के सामाजिक-सांस्कृतिक, राजनीतिक, और आर्थिक परिदृश्य को आकार देने में दिल्ली सल्तनत के दीर्घकालिक विरासत क्या थे?","दिल्ली सल्तनत की स्थायी विरासत में संवेदनशील राज्य प्राधिकरण की स्थापना, इस्लामी सभ्यता और भारतीय-इस्लामी सांस्कृतिक समाघान का प्रोत्साहन, विविध धार्मिक और जातीय समुदायों की एकीकरण, और भारतीय उपमहाद्वीप में आगामी मुस्लिम साम्राज्यों और राजवंशों के लिए आधार रखना शामिल है।"
Pooche gaye prashn ka uttar Hindi mein pradaan karein:,दिल्ली सल्तनत की स्थापना किसने की?,दिल्ली सल्तनत की स्थापना कोटब-उद-दीन ऐबक ने 1192 में तराइन के युद्ध के बाद की। कुतब-उद-दीन ऐबक: दिल्ली के प्रथम सुल्तान
Bataye gaye sawaal ka jawab Hindi mein dein:,दिल्ली के प्रथम सुल्तान कौन थे?,कुतब-उद-दीन ऐबक दिल्ली के प्रथम सुल्तान थे। तराइन का युद्ध (1192 ईसा पूर्व)
Answer the given question in Hindi:,कौन सामग्री ने दिल्ली सल्तनत की स्थापना की?,1192 ईसा पूर्व में तराइन का युद्ध ने दिल्ली सल्तनत की स्थापना की। गुलाम वंश: दिल्ली सल्तनत की नींव
Write your answer to the question in Hindi:,कौन ने गुलाम वंश की स्थापना की?,कुतब-उद-दीन ऐबक ने गुलाम वंश की स्थापना की। खिलजी वंश: जलाल-उद-दीन खिलजी के तहत उच्चारण के लिए
Provide a response to the given query in Hindi:,किसने खिलजी वंश की स्थापना की?,अंतिम गुलाम वंश के शासक को पलटाकर जलाल-उद-दीन खिलजी ने खिलजी वंश की स्थापना की।
Answer the question in Hindi language:,Tughlaq वंश की स्थापना किसने की?,गियास-उद-दीन तुग़लक ने Tughlaq वंश की स्थापना की। गियास-उद-दीन तुग़लक: Tughlaq वंश के संस्थापक
Reply to the asked question in Hindi:,Tughlaq वंश के संस्थापक कौन थे?,गियास-उद-दीन तुग़लक Tughlaq वंश के संस्थापक थे। दौलताबाद: Tughlaq वंश की नई राजधानी
दिए गए प्रश्न का उत्तर हिंदी में दें:, कौन साम्राज्यिक ने दिल्ली से दौलताबाद को राजधानी में स्थानांतरित किया?,गियास-उद-दीन तुग़लक ने दिल्ली से दौलताबाद को राजधानी में स्थानांतरित किया। सैय्यद वंश: Tughlaq वंश के पतन के बाद उत्तराधिकार का उच्चारण
दिए गए सवाल का जवाब हिंदी में लिखें:,कौन सैय्यद वंश की स्थापना की?,गियास-उद-दीन तुग़लक के पतन के बाद खिजर खान ने सैय्यद वंश की स्थापना की। खिजर खान: सैय्यद वंश के संस्थापक
दिए गए प्रश्न का समाधान हिंदी में प्रस्तुत करें:, सैय्यद वंश के संस्थापक कौन थे?,खिजर खान सैय्यद वंश के संस्थापक थे।
पूछे गए प्रश्न का उत्तर हिंदी में प्रदान करें:,Lodi वंश की स्थापना किसने की?,बहलुल लोदी ने Lodi वंश की स्थापना की। बहलुल लोदी: Lodi वंश के संस्थापक
बताए गए सवाल का उत्तर हिंदी में दें।,Lodi वंश के संस्थापक कौन थे?,बहलुल लोदी Lodi वंश के संस्थापक थे। मुघल आक्रमण के साथ Lodi वंश का अंत
Diye gaye prashn ka uttar Hindi mein dein:,Lodi वंश का अंत किस घटना के द्वारा चिह्नित हुआ?,मुघल आक्रमण ने Lodi वंश का अंत किया। मध्य एशियाई तुर्को-मंगोल संस्कृति का प्रभाव
Diye gaye sawaal ka jawab Hindi mein likhein:,कौन सी सांस्कृतिक प्रभाव दिल्ली सल्तनत को आकार दिया?,मध्य एशियाई तुर्को-मंगोल संस्कृति ने दिल्ली सल्तनत को प्रभावित किया। भारतीय समाज पर इस्लामी शासन का प्रभाव
Diye gaye prashn ka samadhan Hindi mein prastut karein:,दिल्ली सल्तनत के दौरान इस्लामी शासन ने भारतीय समाज पर कैसा प्रभाव डाला?,इस्लामी शासन ने दिल्ली सल्तनत के दौरान भारतीय समाज के विभिन्न पहलुओं को आकार दिया। दिल्ली सल्तनत की आर्थिक नीतियाँ
Pooche gaye prashn ka uttar Hindi mein pradaan karein:,दिल्ली सल्तनत की आर्थिक नीतियाँ क्या थीं?,दिल्ली सल्तनत ने अपनी अर्थव्यवस्था का प्रबंधन करने के लिए विभिन्न आर्थिक नीतियाँ कार्यान्वित की थीं।
Bataye gaye sawaal ka jawab Hindi mein dein:,दिल्ली सल्तनत की प्रशासनिक संरचना क्या थी?, दिल्ली सल्तनत में एक प्रामाणिक प्रशासनिक संरचना थी। दिल्ली सल्तनत की सैन्य संगठन और वार्ता
Answer the given question in Hindi:,दिल्ली सल्तनत में सैन्य कैसे संगठित था?,दिल्ली सल्तनत में विभिन्न युक्तियों के साथ एक अच्छी तरह संगठित सैन्य था। धार्मिक नीतियाँ और हिंदू धर्म के साथ संवाद
Write your answer to the question in Hindi:,दिल्ली सल्तनत ने हिंदू धर्म के साथ कैसे संवाद किया?,दिल्ली सल्तनत के पास हिंदू धर्म के संदर्भ में विविध धार्मिक नीतियाँ थीं। दिल्ली सल्तनत के अधीन सांस्कृतिक आदान-प्रदान और समन्वय
Provide a response to the given query in Hindi:,दिल्ली सल्तनत के दौरान किस प्रकार का सांस्कृतिक आदान-प्रदान हुआ?,दिल्ली सल्तनत ने सांस्कृतिक आदान-प्रदान और समन्वय को सुविधा प्रदान किया। सूफ़ियत और सूफ़ी संतों की भूमिका
Answer the question in Hindi language:,दिल्ली सल्तनत के दौरान सूफ़ियत की क्या भूमिका थी?,दिल्ली सल्तनत के दौरान सूफ़ियत ने महत्वपूर्ण भूमिका निभाई।
Reply to the asked question in Hindi:,दिल्ली सल्तनत किसने स्थापित की?,दिल्ली सल्तनत को 1192 में ताराइन के युद्ध के बाद कुतब-उद-दीन ऐबक ने स्थापित किया। कुतब-उद-दीन ऐबक: दिल्ली के पहले सुल्तान
दिए गए प्रश्न का उत्तर हिंदी में दें:,दिल्ली का पहला सुल्तान कौन था?,कुतब-उद-दीन ऐबक दिल्ली का पहला सुल्तान था। ताराइन का युद्ध (1192 ई)
दिए गए सवाल का जवाब हिंदी में लिखें:,किस घटना ने दिल्ली सल्तनत की स्थापना की?,1192 ई में ताराइन का युद्ध ने दिल्ली सल्तनत की स्थापना की। गुलाम वंश: दिल्ली सल्तनत की नींव
दिए गए प्रश्न का समाधान हिंदी में प्रस्तुत करें:,कौन ने गुलाम वंश की स्थापना की?,कुतब-उद-दीन ऐबक ने गुलाम वंश की स्थापना की।खलजी वंश: जलाल-उद-दीन खलजी के तहत शक्ति का उदय
पूछे गए प्रश्न का उत्तर हिंदी में प्रदान करें:,खलजी वंश का निर्माण किसने किया?, गुलाम वंश के अंतिम शासक को पराजित करके जलाल-उद-दीन खलजी ने खलजी वंश की स्थापना की।
बताए गए सवाल का उत्तर हिंदी में दें।,तुग़लक वंश की स्थापना किसने की?,गियास-उद-दीन तुग़लक ने तुग़लक वंश की स्थापना की। गियास-उद-दीन तुग़लक: तुग़लक वंश के संस्थापक
Diye gaye prashn ka uttar Hindi mein dein:, तुग़लक वंश के संस्थापक कौन थे?,गियास-उद-दीन तुग़लक तुग़लक वंश के संस्थापक थे। दौलताबाद: तुग़लक वंश की नई राजधानी
Diye gaye sawaal ka jawab Hindi mein likhein:,कौन साम्राज्यकाल में राजधानी को दिल्ली से दौलताबाद में स्थानांतरित किया?,गियास-उद-दीन तुग़लक ने दिल्ली से दौलताबाद में राजधानी का स्थानांतरण किया। सैय्यिद वंश: तुग़लकों के पतन के बाद उत्तराधिकार का क्रम
Diye gaye prashn ka samadhan Hindi mein prastut karein:,सैय्यिद वंश की स्थापना किसने की?,तुग़लकों के पतन के बाद खिज़र खान ने सैय्यिद वंश की स्थापना की। खिज़र खान: सैय्यिद वंश के संस्थापक
Pooche gaye prashn ka uttar Hindi mein pradaan karein:,सैय्यिद वंश के संस्थापक कौन थे?,खिज़र खान सैय्यिद वंश के संस्थापक थे।
Bataye gaye sawaal ka jawab Hindi mein dein:,दिल्ली सल्तनत में सैन्य कैसे संगठित था?, दिल्ली सल्तनत में विभिन्न युद्ध योजनाओं के साथ एक संगठित सैन्य था। धार्मिक नीतियाँ और हिंदू धर्म के साथ संवाद
Answer the given question in Hindi:,दिल्ली सल्तनत ने हिंदू धर्म के साथ कैसे संवाद किया?,दिल्ली सल्तनत के पास हिंदू धर्म के संदर्भ में विविध धार्मिक नीतियाँ थीं। सांस्कृतिक आदान-प्रदान और समन्वय दिल्ली सल्तनत के तहत
Write your answer to the question in Hindi:,दिल्ली सल्तनत के दौरान किस प्रकार का सांस्कृतिक आदान-प्रदान हुआ?,दिल्ली सल्तनत के दौरान सूफ़ियत ने महत्वपूर्ण भूमिका निभाई।फारसी भाषा और संस्कृति का प्रभाव
Provide a response to the given query in Hindi:,दिल्ली सल्तनत को कैसे फारसी भाषा और संस्कृति का प्रभाव हुआ?,फारसी भाषा और संस्कृति ने दिल्ली सल्तनत पर प्रभाव डाला। मिर्चकार महल: कुतुब मीनार और अन्य स्मारक
Answer the question in Hindi language:,दिल्ली सल्तनत के कुछ वास्तुकला के अद्वितीय काम क्या हैं?,कुतुब मीनार दिल्ली सल्तनत के वास्तुकला के अद्वितीय कामों में से एक है।
Reply to the asked question in Hindi:,दिल्ली सल्तनत के दौरान कृषि अर्थव्यवस्था कैसी थी?,दिल्ली सल्तनत के पास विभिन्न भूमि राजस्व प्रणालियाँ थीं। मंगोल आक्रमण का दिल्ली सल्तनत पर प्रभाव
दिए गए प्रश्न का उत्तर हिंदी में दें:,मंगोल आक्रमण ने दिल्ली सल्तनत को कैसे प्रभावित किया?,मंगोल आक्रमण ने दिल्ली सल्तनत पर व्यापक प्रभाव डाला। व्यापार मार्ग और वाणिज्यिक गतिविधियाँ
दिए गए सवाल का जवाब हिंदी में लिखें:,दिल्ली सल्तनत के व्यापार मार्ग क्या थे?,दिल्ली सल्तनत के पास व्यापक व्यापार मार्ग और वाणिज्यिक गतिविधियाँ थीं। दिल्ली सल्तनत समाज में महिलाओं की भूमिका
दिए गए प्रश्न का समाधान हिंदी में प्रस्तुत करें:,दिल्ली सल्तनत समाज में महिलाओं की भूमिका क्या थी?,महिलाएं दिल्ली सल्तनत समाज में विभिन्न भूमिकाओं को निभाती थीं। विद्रोह और बगावत: प्राधिकार पर चुनौतियाँ
पूछे गए प्रश्न का उत्तर हिंदी में प्रदान करें:,दिल्ली सल्तनत के प्राधिकार पर कुछ चुनौतियाँ क्या थीं?,विद्रोह और बगावत दिल्ली सल्तनत के लिए सामान्य चुनौतियाँ थीं। बौद्धिक और विद्वान प्रयास
बताए गए सवाल का उत्तर हिंदी में दें।,विजयनगर साम्राज्य कब स्थापित हुआ था?,विजयनगर साम्राज्य को 1336 ईस्वी में हरिहर I और उनके भाई बुक्का राय I ने स्थापित किया था।
Diye gaye prashn ka uttar Hindi mein dein:,विजयनगर साम्राज्य की स्थापना किसने की थी?,विजयनगर साम्राज्य की स्थापना हरिहर I और उनके भाई बुक्का राय I ने की थी।
Diye gaye sawaal ka jawab Hindi mein likhein:,कौन समय को विजयनगर साम्राज्य की स्वर्ण युग के रूप में मानता है?,विजयनगर साम्राज्य का स्वर्ण युग 1509 से 1529 ईस्वी के दौरान कृष्णदेवराय के शासन के दौरान हुआ।
Diye gaye prashn ka samadhan Hindi mein prastut karein:, विजयनगर साम्राज्य के स्वर्ण युग में कौन-कौन से प्रमुख उपलब्धियां थीं?,"विजयनगर साम्राज्य अपने स्वर्ण युग के दौरान कृष्णदेवराय के शासन के अधीन सांस्कृतिक, आर्थिक, और सैन्य सफलता हासिल कर चुका था।"
Pooche gaye prashn ka uttar Hindi mein pradaan karein:, विजयनगर साम्राज्य के लिए कौन-सा वास्तुकला शैली प्रसिद्ध है?,विजयनगर साम्राज्य अपनी द्रविड़ शैली की वास्तुकला के लिए प्रसिद्ध है।
Bataye gaye sawaal ka jawab Hindi mein dein:,विजयनगर साम्राज्य के दौरान निर्मित दो प्रसिद्ध मंदिरों का नाम बताएं।,विजयनगर साम्राज्य के दौरान निर्मित दो प्रसिद्ध मंदिर हैं हंपी में विरूपाक्ष मंदिर और विट्ठल मंदिर।
Answer the given question in Hindi:,विजयनगर साम्राज्य द्वारा प्रोत्साहित किए गए कुछ प्रमुख विद्वान कौन थे?,"विजयनगर साम्राज्य ने व्यासतीर्थ, पुरंदर दास, और कनकदास जैसे विद्वानों का प्रोत्साहन किया।"
Write your answer to the question in Hindi:,किस भाषा ने विजयनगर साम्राज्य के द्वारा महत्वपूर्ण साहित्यिक योगदान दिया?, कन्नड़ साहित्य ने विजयनगर साम्राज्य के द्वारा महत्वपूर्ण योगदान दिया।
Provide a response to the given query in Hindi:,व्यासतीर्थ का विजयनगर साम्राज्य के दौरान साहित्य में क्या योगदान था?,व्यासतीर्थ विजयनगर साम्राज्य द्वारा प्रोत्साहित एक विद्वान था जिन्होंने कन्नड़ साहित्य में महत्वपूर्ण योगदान किया।
Answer the question in Hindi language:,पुरंदर दास ने विजयनगर साम्राज्य के सांस्कृतिक विकास में क्या भूमिका निभाई?," पुरंदर दास, एक विजयनगर साम्राज्य द्वारा प्रोत्साहित विद्वान, कन्नड़ साहित्य और संगीत दोनों में योगदान किया।"
Reply to the asked question in Hindi:,हंपी में कौन सा मंदिर अपने संगीतीय स्तंभों के लिए प्रसिद्ध है?,हंपी में विट्ठल मंदिर अपने संगीतीय स्तंभों के लिए प्रसिद्ध है।
दिए गए प्रश्न का उत्तर हिंदी में दें:,विजयनगर साम्राज्य में विरूपाक्ष मंदिर का महत्व क्या है?,"विरूपाक्ष मंदिर हम्पी में एक प्रमुख मंदिर है, जो विजयनगर साम्राज्य की वास्तुकला की शानदारता को दर्शाता है।"
दिए गए सवाल का जवाब हिंदी में लिखें:,कृष्णदेवराय कौन थे और विजयनगर साम्राज्य में उनका क्या योगदान था?,"कृष्णदेवराय विजयनगर साम्राज्य के स्वर्ण युग के दौरान एक प्रमुख शासक थे, जिन्हें उनकी महत्वपूर्ण सांस्कृतिक, आर्थिक, और सैन्य उपलब्धियों के लिए जाना जाता है।"
दिए गए प्रश्न का समाधान हिंदी में प्रस्तुत करें:,कृष्णदेवराय ने विजयनगर साम्राज्य पर कितनी देर राज्य किया?,कृष्णदेवराय ने 1509 से 1529 ईस्वी तक विजयनगर साम्राज्य पर राज्य किया।
पूछे गए प्रश्न का उत्तर हिंदी में प्रदान करें:,विजयनगर साम्राज्य में द्रविड़ वास्तुकला शैली का महत्व क्या है?,विजयनगर साम्राज्य में द्रविड़ वास्तुकला शैली का महत्व इसलिए है क्योंकि यह काल की सांस्कृतिक और कलात्मक उपलब्धियों को प्रतिबिंबित करता है।
बताए गए सवाल का उत्तर हिंदी में दें।,हरिहर I के बाद विजयनगर साम्राज्य के शासक कौन बना?,हरिहर I के बाद विजयनगर साम्राज्य का शासक बुक्का राय I बना।
Diye gaye prashn ka uttar Hindi mein dein:, विजयनगर साम्राज्य के दौरान मुख्य आर्थिक गतिविधियाँ क्या थीं?,"विजयनगर साम्राज्य के दौरान मुख्य आर्थिक गतिविधियाँ कृषि, व्यापार, और कारिगरी थीं।"
Diye gaye sawaal ka jawab Hindi mein likhein:,विजयनगर साम्राज्य का पतन किसके कारण हुआ?,"विजयनगर साम्राज्य के पतन में कई कारक योगदान किए, जिसमें दक्षिण द्वीपीय सल्तनतों द्वारा आक्रमण, आंतरिक संघर्ष, और आर्थिक अस्थिरता शामिल हैं।"
Diye gaye prashn ka samadhan Hindi mein prastut karein:,विजयनगर साम्राज्य के पतन के समय मुख्य दुश्मन कौन थे?,विजयनगर साम्राज्य के पतन के समय मुख्य दुश्मन दक्षिण द्वीपीय सल्तनतें थीं।
Pooche gaye prashn ka uttar Hindi mein pradaan karein:,भारत की सांस्कृतिक विरासत में विजयनगर साम्राज्य का क्या योगदान था?,"विजयनगर साम्राज्य ने अपनी वास्तुकला, साहित्य, और संगीत के माध्यम से भारतीय सांस्कृतिक विरासत में महत्वपूर्ण योगदान किया।"
Bataye gaye sawaal ka jawab Hindi mein dein:,विजयनगर साम्राज्य में धर्म किस भूमिका निभाता था?,"विजयनगर साम्राज्य में धर्म का महत्वपूर्ण भूमिका था, जिसमें मंदिरों, विद्वानों, और धार्मिक संस्थाओं के प्रोत्साहन शामिल था।"
Answer the given question in Hindi:,हंपी में विरूपाक्ष मंदिर का संस्थापक कौन था?,"हंपी में विरूपाक्ष मंदिर का संस्थापक विजयनगर साम्राज्य के द्वारा किया गया, लेकिन इसका सटीक संस्थापक स्पष्ट रूप से नहीं दर्ज किया गया है।"
Write your answer to the question in Hindi:,विजयनगर साम्राज्य पड़ोसी क्षेत्रों पर कैसे प्रभाव डाला?," विजयनगर साम्राज्य ने व्यापार, सांस्कृतिक विनिमय, और सैन्य संघर्ष के माध्यम से पड़ोसी क्षेत्रों पर प्रभाव डाला।"
Provide a response to the given query in Hindi:,विजयनगर साम्राज्य का राजनीतिक संरचना क्या था?,"विजयनगर साम्राज्य में एक केंद्रीय राजनीतिक संरचना थी, जिसमें राजा प्रमुख थे, जिन्हें विभिन्न प्रशासनिक अधिकारी और स्थानीय गाँव के मुखियों का समर्थन मिलता था।"
Answer the question in Hindi language:, हंपी का महत्व विजयनगर साम्राज्य में क्या था?,"हंपी विजयनगर साम्राज्य की राजधानी थी और यह राजनीतिक, आर्थिक, और सांस्कृतिक गतिविधियों का केंद्र था।"
Reply to the asked question in Hindi:,विजयनगर साम्राज्य ने अपने क्षेत्रीय अखंडता को कैसे बनाए रखा?,"विजयनगर साम्राज्य ने अपनी क्षेत्रीय अखंडता को सैन्य कुशलता, रणनीतिक साझेदारियाँ, और प्रशासनिक नियंत्रण के संयोजन के माध्यम से बनाए रखा।"
दिए गए प्रश्न का उत्तर हिंदी में दें:,विजयनगर साम्राज्य में महिलाओं की भूमिका क्या थी?,"विजयनगर साम्राज्य में महिलाओं ने धार्मिक अनुष्ठान, प्रशासन, और घरेलू प्रबंधन जैसे विभिन्न भूमिकाओं का निर्वहन किया।"
दिए गए सवाल का जवाब हिंदी में लिखें:,विजयनगर साम्राज्य का अंतिम शासक कौन था?,विजयनगर साम्राज्य का अंतिम शासक तिरुमला देव राया था।
दिए गए प्रश्न का समाधान हिंदी में प्रस्तुत करें:,विजयनगर साम्राज्य के प्रमुख व्यापार मार्ग क्या थे?,"विजयनगर साम्राज्य के प्रमुख व्यापार मार्ग उसे विभिन्न क्षेत्रों से जोड़ते थे, जिसमें अरब सागर का किनारा, दक्षिण देक्कन का पठार, और भारत की पूर्वी किनारी शामिल थी।"
पूछे गए प्रश्न का उत्तर हिंदी में प्रदान करें:,विजयनगर साम्राज्य के इतिहास में तालिकोटा की लड़ाई का महत्व क्या था?,"तालिकोटा की लड़ाई ने विजयनगर साम्राज्य के लिए एक महत्वपूर्ण हानि लाई, जिससे उसका अंत समीप आया।"
बताए गए सवाल का उत्तर हिंदी में दें।,विजयनगर साम्राज्य ने धार्मिक समरसता को कैसे बढ़ावा दिया?,विजयनगर साम्राज्य ने विभिन्न धर्मों के मंदिरों और धार्मिक संस्थाओं का प्रोत्साहन करके धार्मिक समरसता को बढ़ावा दिया।
Diye gaye prashn ka uttar Hindi mein dein:,विजयनगर साम्राज्य का दक्षिण भारतीय संस्कृति पर क्या प्रभाव था?,"विजयनगर साम्राज्य ने दक्षिण भारतीय संस्कृति पर गहरा प्रभाव डाला, कला, वास्तुकला, साहित्य, और संगीत में प्रभाव डालकर।"
Diye gaye sawaal ka jawab Hindi mein likhein:,विजयनगर साम्राज्य का पहला सम्राट कौन था?,विजयनगर साम्राज्य का पहला सम्राट हरिहर I था।
Diye gaye prashn ka samadhan Hindi mein prastut karein:,विजयनगर साम्राज्य का प्रशासनिक संरचना क्या था?,"विजयनगर साम्राज्य का एक अच्छी तरह से परिभाषित प्रशासनिक संरचना था, जिसमें केंद्रीय, प्रांतीय, और स्थानीय स्तर शामिल था।"
Pooche gaye prashn ka uttar Hindi mein pradaan karein:,विजयनगर साम्राज्य के कुछ महत्वपूर्ण सैन्य उपलब्धियां क्या थीं?," विजयनगर साम्राज्य की कुछ महत्वपूर्ण सैन्य उपलब्धियों में, प्रतिद्वंद्वी राज्यों के खिलाफ सफल अभियान और आक्रमणों को प्रतिरोध देना शामिल था।"
Bataye gaye sawaal ka jawab Hindi mein dein:,हंपी में कृष्णा मंदिर का क्या महत्व था?,हंपी में कृष्णा मंदिर एक प्रमुख धार्मिक केंद्र था और विजयनगर साम्राज्य की वास्तुकला की महानता का प्रमाण था।
Answer the given question in Hindi:,विजयनगर साम्राज्य के प्रमुख साथी कौन थे?,"विजयनगर साम्राज्य के मुख्य साथी विभिन्न स्थानीय राज्यों के साथ संधि थी, जिसमें उड़ीसा के गजपतियों और तमिलनाडु के नायकों शामिल थे।"
Write your answer to the question in Hindi:,विजयनगर साम्राज्य ने भारतीय शास्त्रीय संगीत के विकास में कैसे योगदान दिया?,विजयनगर साम्राज्य ने संगीतकारों और संगीतकारों का प्रोत्साहन करके भारतीय शास्त्रीय संगीत के विकास में योगदान किया।
Provide a response to the given query in Hindi:,विजयनगर साम्राज्य की अर्थव्यवस्था में सिंचाई की क्या भूमिका थी?,"सिंचाई ने विजयनगर साम्राज्य की अर्थव्यवस्था में महत्वपूर्ण भूमिका निभाई, जो कृषि उत्पादकता और व्यापार को सहायक बनाती थी।"
Answer the question in Hindi language:, विजयनगर साम्राज्य ने अपने क्षेत्र में सांस्कृतिक विविधता को कैसे संभाला?,"विजयनगर साम्राज्य ने सांस्कृतिक विविधता को स्वीकार किया, विभिन्न धार्मिक और नृवींजन समूहों के बीच सहनशीलता और सहजवाद को प्रोत्साहित किया।"
Reply to the asked question in Hindi:,विजयनगर साम्राज्य से जुड़े कुछ प्रमुख कवियों कौन-कौन थे?,विजयनगर साम्राज्य से जुड़े कुछ प्रमुख कवियों में सर्वज्ञ और तेनाली रामकृष्ण शामिल थे।
दिए गए प्रश्न का उत्तर हिंदी में दें:,विजयनगर साम्राज्य में राज्याभिषेक समारोह का क्या महत्व था?,विजयनगर साम्राज्य में राज्याभिषेक समारोह शासक की अधिकार की वैधता और वंशवाद के संचालन की स्थिरता को प्रतिष्ठात करता था।
दिए गए सवाल का जवाब हिंदी में लिखें:,विजयनगर साम्राज्य की सेना में हाथी की क्या भूमिका थी?,"विजयनगर साम्राज्य की सेना में हाथी महत्वपूर्ण संपत्ति थे, जिन्हें उनकी शक्ति और भयानकता के कारण युद्धों में उपयोग किया जाता था।"
दिए गए प्रश्न का समाधान हिंदी में प्रस्तुत करें:, विजयनगर साम्राज्य ने क्षेत्रीय भाषाओं के विकास पर कैसा प्रभाव डाला?,विजयनगर साम्राज्य ने साहित्य का प्रोत्साहन करके और भाषाई विविधता को बढ़ावा देकर क्षेत्रीय भाषाओं के विकास में योगदान किया।
पूछे गए प्रश्न का उत्तर हिंदी में प्रदान करें:,विजयनगर साम्राज्य के पतन का पड़ोसी राज्यों पर क्या प्रभाव हुआ?,विजयनगर साम्राज्य के पतन से पड़ोसी राज्यों में शक्ति की उत्तेजना हुई और नए क्षेत्रीय शक्तियों का उदय हुआ।
बताए गए सवाल का उत्तर हिंदी में दें।,विट्टला मंदिर के डिजाइन के लिए प्रमुख स्थापत्यकार कौन था?, विट्टला मंदिर के डिजाइन के लिए प्रमुख स्थापत्यकार का इतिहासिक स्रोतों में स्पष्ट रूप से उल्लेख नहीं है।
Diye gaye prashn ka uttar Hindi mein dein:,हंपी में वीरभद्र मंदिर का क्या महत्व था?,हंपी में वीरभद्र मंदिर देवता वीरभद्र को समर्पित था और धार्मिक पूजा के एक केंद्र के रूप में कार्य करता था।
Diye gaye sawaal ka jawab Hindi mein likhein:,विजयनगर साम्राज्य ने व्यापार और व्यवसाय को कैसे प्रोत्साहित किया?,"विजयनगर साम्राज्य ने बाजारों, व्यापार संघों, और समुद्री व्यापार मार्गों की स्थापना करके व्यापार और व्यवसाय को प्रोत्साहित किया।"
Diye gaye prashn ka samadhan Hindi mein prastut karein:,विजयनगर साम्राज्य की अर्थव्यवस्था में संघों की भूमिका क्या थी?,"संघों की भूमिका विजयनगर साम्राज्य की अर्थव्यवस्था में महत्वपूर्ण थी, जो व्यापार, शिल्प उत्पादन, और वाणिज्य को नियंत्रित करते थे।"
Pooche gaye prashn ka uttar Hindi mein pradaan karein:,विजयनगर साम्राज्य की समुद्री व्यापार पर क्या दृष्टि थी?,"विजयनगर साम्राज्य सक्रिय रूप से समुद्री व्यापार में शामिल था, भारतीय महासागर के किनारे पर्याप्त बंदरगाहों और व्यापारिक नेटवर्क स्थापित करते हुए।"
Bataye gaye sawaal ka jawab Hindi mein dein:,विजयनगर साम्राज्य ने पड़ोसी राज्यों के साथ कूटनीतिक संबंधों को कैसे संभाला?,"विजयनगर साम्राज्य ने पड़ोसी राज्यों के साथ संधि, संधि, और विवाहों के माध्यम से कूटनीतिक संबंधों को बनाए रखा।"
Answer the given question in Hindi:,विजयनगर समाज के समाजिक-आर्थिक जीवन में मंदिरों की भूमिका क्या थी?,"मंदिर विजयनगर समाज में धार्मिक पूजा, शिक्षा, और आर्थिक गतिविधियों के केंद्र के रूप में कार्य करते थे, जो इसके समाज-आर्थिक संरचना में योगदान करते थे।"
Write your answer to the question in Hindi:, हंपी में हजारा राम मंदिर के स्थापत्यकार कौन थे?,हंपी में हजारा राम मंदिर के स्थापत्यकार का विशेष रूप से इतिहासिक स्रोतों में उल्लेख नहीं है।
Provide a response to the given query in Hindi:,हंपी में लोटस महल का क्या महत्व था?, हंपी में लोटस महल एक अनूठी वास्तुकला संरचना थी जो राजघराने के लिए आनंद का पविलियन के रूप में उपयोग किया जाता था।
Answer the question in Hindi language:,विजयनगर नगरों के शहरी नियोजन में जल प्रबंधन की क्या भूमिका थी?,"विजयनगर नगरों के शहरी नियोजन में जल प्रबंधन एक महत्वपूर्ण भूमिका निभाता था, जिसमें टैंक, जलाशय, और नहरों की विस्तृत प्रणालियाँ शामिल थीं।"
Reply to the asked question in Hindi:,विजयनगर साम्राज्य के मुख्य व्यापारिक साथियों कौन थे?,"विजयनगर साम्राज्य के मुख्य व्यापारिक साथियों में अरबी खाड़ी, दक्षिणपूर्व एशिया, और पूर्व अफ्रीका के व्यापारियों शामिल थे।"
दिए गए प्रश्न का उत्तर हिंदी में दें:,विजयनगर साम्राज्य ने आंतरिक विरोध और विद्रोह का कैसे निपटारा?,"विजयनगर साम्राज्य ने आंतरिक विरोध और विद्रोह को सेना शक्ति, कूटनीति, और प्रशासनिक सुधारों के संयुक्त उपयोग से निपटाया।"
दिए गए सवाल का जवाब हिंदी में लिखें:,विजयनगर साम्राज्य में तुंगभद्रा नदी का क्या महत्व था?,"तुंगभद्रा नदी विजयनगर साम्राज्य के लिए जीवन रेखा थी, जो खेती, परिवहन, और शहरी बसेरों के लिए पानी प्रदान करती थी।"
दिए गए प्रश्न का समाधान हिंदी में प्रस्तुत करें:,विरुपाक्ष मंदिर में कौन सा मुख्य देवता पूजित था?,विरुपाक्ष मंदिर में प्रमुख रूप से भगवान शिव की पूजा की जाती थी।
पूछे गए प्रश्न का उत्तर हिंदी में प्रदान करें:,विजयनगर साम्राज्य ने हिंदू दर्शन के विकास में कैसे योगदान दिया?,विजयनगर साम्राज्य ने विद्वानों और दार्शनिकों का प्रोत्साहन करके हिंदू दर्शन और धर्मशास्त्र के विकास में योगदान किया।
बताए गए सवाल का उत्तर हिंदी में दें।,विजयनगर साम्राज्य में धार्मिक अधिष्ठानों में महिलाओं की भूमिका क्या थी?,"विजयनगर साम्राज्य में महिलाएं धार्मिक कार्यक्रमों, अनुष्ठान, और त्योहारों में सक्रिय भाग लेती थीं, जो उनके धार्मिक जीवन में महत्वपूर्ण भूमिका को दर्शाता है।"
Diye gaye prashn ka uttar Hindi mein dein:,"नायक कौन थे, और उन्होंने विजयनगर काल के बाद क्या भूमिका निभाई?","नायक विजयनगर साम्राज्य द्वारा प्रांतों को प्रशासित करने के लिए नियुक्त किए गए क्षेत्रीय गवर्नर थे। साम्राज्य के पतन के बाद, उन्होंने स्वतंत्र राज्यों की स्थापना की।"
Diye gaye sawaal ka jawab Hindi mein likhein:,विजयनगर समाज में हंपी बाज़ार का क्या महत्व था?,"हंपी बाज़ार विजयनगर समाज में एक जीवंत बाजार के रूप में कार्य करता था, जो व्यापार, व्यापार, और सामाजिक आयोगरणों को सुविधाजनक बनाता था।"
Diye gaye prashn ka samadhan Hindi mein prastut karein:,विजयनगर साम्राज्य ने क्षेत्रीय कला रूपों के विकास में कैसे प्रभाव डाला?," विजयनगर साम्राज्य ने कलाकारों और शिल्पकारों का प्रोत्साहन किया और स्थानीय कला रूपों जैसे मूर्तिकला, चित्रकला, और मिट्टीकला के विकास में योगदान किया।"
Pooche gaye prashn ka uttar Hindi mein pradaan karein:,विजयनगर साम्राज्य में संगीत और नृत्य की सांस्कृतिक जीवन में क्या भूमिका थी?,"संगीत और नृत्य विजयनगर साम्राज्य के सांस्कृतिक जीवन के अभिन्न अंग थे, जिन्हें धार्मिक उत्सवों, राजकीय उत्सवों, और दरबारी सभाओं में आयोजित किया जाता था।"
Bataye gaye sawaal ka jawab Hindi mein dein:,विजयनगर साम्राज्य में कला और वास्तुकला के प्रमुख प्रायोजक कौन थे?,"विजयनगर के राजा, उच्च वर्ग, और समृद्ध व्यापारी कला और वास्तुकला के प्रमुख प्रायोजक थे, जो मंदिरों, महलों, और सार्वजनिक स्मारकों का निर्माण समर्थन करते थे।"
Answer the given question in Hindi:,विजयनगर साम्राज्य ने गद्दी का उत्तराधिकार कैसे संभाला?,"विजयनगर साम्राज्य में गद्दी का उत्तराधिकार एक वंशजत तंत्र के अनुसार होता था, जिसमें किसी"
Write your answer to the question in Hindi:,विजयनगर साम्राज्य ने गद्दी का उत्तराधिकार कैसे संभाला?,"विजयनगर साम्राज्य में गद्दी का उत्तराधिकार एक वंशजत तंत्र के अनुसार होता था, जिसमें विभिन्न राजा के उत्तराधिकार का पुत्र या चुने गए उत्तराधिकारी को अगले शासक के रूप में नियुक्त किया जाता था।"
Provide a response to the given query in Hindi:, विजयनगर साम्राज्य के दौरान मुख्य कृषि फसल कौन-कौन सी थीं?,"विजयनगर साम्राज्य के दौरान मुख्य कृषि फसलों में चावल, गेहूं, दालें, गन्ना, कपास, और मसालों जैसे गोलमिर्च और इलायची शामिल थीं।"
Answer the question in Hindi language:,विजयनगर साम्राज्य के दक्षिण भारत में मुख्य प्रतिद्वंद्वी कौन-कौन थे?,"विजयनगर साम्राज्य के दक्षिण भारत में मुख्य प्रतिद्वंद्वी में बहमानी सल्तनत, उड़ीसा के गजपतियों, और तमिलनाडु के नायक शामिल थे।"
Reply to the asked question in Hindi:,विजयनगर काल में हंपी उत्सव का क्या महत्व था?,"विजयनगर काल में हंपी उत्सव एक महान उत्सव था जो हर साल हंपी में आयोजित किया जाता था, जिसमें संगीत, नृत्य, और पारंपरिक प्रस्तुतियों के माध्यम से विजयनगर साम्राज्य की सांस्कृतिक विरासत और विरासत का जश्न मनाया जाता था।"
दिए गए प्रश्न का उत्तर हिंदी में दें:,विजयनगर साम्राज्य ने बुद्धिजीवन और विद्या को कैसे बढ़ावा दिया?,"विजयनगर साम्राज्य ने विद्वानों का प्रोत्साहन करके, शैक्षिक संस्थानों की स्थापना करके, और साहित्यिक और दार्शनिक कार्यों का प्रायोजन करके बुद्धिजीवन और विद्या को बढ़ावा दिया।"
दिए गए सवाल का जवाब हिंदी में लिखें:,विजयनगर साम्राज्य की रक्षा रणनीति में किलों की क्या भूमिका थी?,"किले विजयनगर साम्राज्य की रक्षा रणनीति में एक महत्वपूर्ण भूमिका निभाते थे, सैन्य गारिसनों और आक्रमणों के खिलाफ रक्षा के लिए रणनीतिक स्थल प्रदान करते थे।"
दिए गए प्रश्न का समाधान हिंदी में प्रस्तुत करें:,रायचूर का युद्ध विजयनगर साम्राज्य के इतिहास में कितना महत्वपूर्ण था?,"रायचूर का युद्ध विजयनगर साम्राज्य और बहमानी सल्तनत के बीच एक महत्वपूर्ण संघर्ष था, जिससे विजयनगर बलों की एक निर्णायक जीत हुई और उनका कंट्रोल दक्षिण क्षेत्र पर स्थिर हो गया।"
पूछे गए प्रश्न का उत्तर हिंदी में प्रदान करें:,विजयनगर साम्राज्य ने अपने अधिकारियों के कल्याण को कैसे बढ़ावा दिया?,"विजयनगर साम्राज्य ने अपने अधिकारियों के कल्याण को बढ़ावा देने के लिए नीतियों को संशोधित करने की बजाय कृषि उत्पादकता में सुधार के लक्ष्य को ध्यान में रखा, सिंचाई बुनियादी संरचना प्रदान करके, और कानून और क्रम को बनाए रखने की दिशा में कदम उठाया।"
बताए गए सवाल का उत्तर हिंदी में दें।,हंपी मंदिरों के निर्माण में जिम्मेदार मुख्य वास्तुकार कौन थे?,"हंपी के मंदिरों के निर्माण के लिए मुख्य वास्तुकार व्यक्तिगत रूप से दर्ज नहीं हैं, लेकिन संभवतः एक समूह के कुशल शिल्पकार, पत्थर कारीगर और वास्तुकार राजकीय इंजीनियरों के पर्यवेक्षण में कार्य कर रहे थे।"
Diye gaye prashn ka uttar Hindi mein dein:,तालिकोटा की लड़ाई का राजनीतिक दृश्य को कैसे आकार दिया?,"तालिकोटा की लड़ाई ने दक्षिण भारत के राजनीतिक परिदृश्य को प्रभावित किया, जिससे दक्षिण भारत में नई क्षेत्रीय शक्तियों की उत्पत्ति हुई और विजयनगर साम्राज्य का बिखराव हुआ।"
Diye gaye sawaal ka jawab Hindi mein likhein:,विजयनगर साम्राज्य ने अपने क्षेत्रों के भीतर व्यापार और वाणिज्य को कैसे नियंत्रित किया?,"विजयनगर साम्राज्य ने अपने क्षेत्रों के भीतर व्यापार और वाणिज्य को स्थानीय प्रशासकों की निगरानी में टैक्स, टैरिफ़, और बाजारों की स्थापना के माध्यम से नियंत्रित किया।"
Diye gaye prashn ka samadhan Hindi mein prastut karein:,विजयनगर साम्राज्य में रानियों और राजमहिलाओं की शासन में क्या भूमिका थी?,"विजयनगर साम्राज्य में रानियों और राजमहिलाओं की महत्वपूर्ण भूमिका थी, वे दरबारी राजनीति, कूटनीति, और प्रशासन में बहुमुखी प्रभाव डालती थीं, अक्सर निर्णय लेने और नीति मामलों में प्रभाव डालती थीं।"
Pooche gaye prashn ka uttar Hindi mein pradaan karein:,विजयनगर साम्राज्य में वार्षिक राजाधिराज उत्सव का क्या महत्व था?,"राजाधिराज उत्सव विजयनगर साम्राज्य में एक महत्वपूर्ण राजकीय उत्सव था, जो प्रतिवर्ष आयोजित किया जाता था, जिसमें राजा के राज्याभिषेक का जश्न मनाया जाता था और राजकीय प्राधिकार की पुनः पुष्टि की जाती थी।"
Bataye gaye sawaal ka jawab Hindi mein dein:,विजयनगर साम्राज्य ने समुद्री व्यापार और नौसेना शक्ति को कैसे बढ़ावा दिया?,"विजयनगर साम्राज्य ने समुद्री व्यापार और नौसेना शक्ति को बढ़ावा देकर पोर्ट्स स्थापित किए, जहाजनिर्माण का समर्थन किया, और समुद्री व्यापार मार्गों और समुद्री हितों की सुरक्षा के लिए नौसेना को बनाए रखा।"
Answer the given question in Hindi:,विजयनगर के राजाओं के मुख्य मंत्री और सलाहकार कौन थे?,"विजयनगर के राजाओं के मुख्य मंत्री और सलाहकार उन्हें श्रेष्ठ शासनकार, दरबारी, और विश्वसनीय अधिकारियों में शामिल थे, जिन्हें प्रधान मंत्री, खजानेदार, और मुख अधिकारी जैसे महत्वपूर्ण प्रशासनिक पदों पर नियुक्त किया गया था।"
Write your answer to the question in Hindi:,विरभद्र मंदिर का धार्मिक परिदृश्य में क्या महत्व था विजयनगर साम्राज्य में?,"विरभद्र मंदिर विरभद्र देवता को समर्पित एक प्रमुख धार्मिक केंद्र था, जो विजयनगर साम्राज्य में शैवता और शिव की पूजा के महत्व को प्रकट करता था।"
Provide a response to the given query in Hindi:,विजयनगर साम्राज्य ने विदेशी शक्तियों के साथ सांस्कृतिक आदान-प्रदान और अंतरक्रिया को कैसे प्रोत्साहित किया?,"विजयनगर साम्राज्य ने विदेशी शक्तियों के साथ सांस्कृतिक आदान-प्रदान और अंतरक्रिया को राजनैतिक मिशनों, व्यापार दलों, और राजदूतों, विद्वानों, और कारीगरों के आदान-प्रदान के माध्यम से प्रोत्साहित किया।"
Answer the question in Hindi language:, विजयनगर साम्राज्य में धार्मिक अनुष्ठानों और समारोहों में संगीत और नृत्य की क्या भूमिका थी?,"विजयनगर साम्राज्य में धार्मिक अनुष्ठानों और समारोहों में संगीत और नृत्य की महत्वपूर्ण भूमिका थी, जो भक्ति, मनोरंजन, और आध्यात्मिक अभिव्यक्ति के रूप में कार्य किया।"
Reply to the asked question in Hindi:,विजयनगर साम्राज्य ने दक्षिण भारत में मंदिर वास्तुकला के विकास में कैसे योगदान दिया?,"विजयनगर साम्राज्य ने दक्षिण भारत में मंदिर वास्तुकला में महत्वपूर्ण योगदान किया, नए शैलियों और तकनीकों का आविष्कार किया जो बाद में वास्तुकला के रुझानों और परंपराओं को प्रभावित करते थे।"
दिए गए प्रश्न का उत्तर हिंदी में दें:,विजयनगर साम्राज्य में ब्राह्मी लिपि का क्या महत्व था?,"विजयनगर साम्राज्य में ब्राह्मी लिपि का उपयोग शासनादेशों, धार्मिक दान-धर्मों, और इतिहासी घटनाओं को संरक्षित करने के लिए किया गया, जो बाद में इतिहास के लिए अत्यधिक महत्वपूर्ण होता था।"
दिए गए सवाल का जवाब हिंदी में लिखें:, विजयनगर साम्राज्य ने अपने वासल राज्यों के बीच विवादों और संघर्षों को कैसे संभाला?,"विजयनगर साम्राज्य ने अपने वासल राज्यों के बीच विवादों और संघर्षों को समाधान, मध्यस्थता, और यदि आवश्यक हो, स्थिरता और मुख्य अधिकारी के प्रति वफादारी के लिए सैन्य हस्तक्षेप के माध्यम से संभाला।"
दिए गए प्रश्न का समाधान हिंदी में प्रस्तुत करें:,विजयनगर साम्राज्य में ज्योतिष और शुभ समय की भूमिका सरकार और निर्णय निर्माण में क्या थी?,"विजयनगर साम्राज्य में ज्योतिष और शुभ समय का महत्वपूर्ण भूमिका था, जो राजकीय अदालतों, सैन्य अभियानों, और प्रशासनिक नीतियों जैसे मुद्दों पर प्रभाव डालता था।"
पूछे गए प्रश्न का उत्तर हिंदी में प्रदान करें:, विजयनगर साम्राज्य में भूमि दान और धर्मार्थों के मुख्य लाभार्थी कौन थे?,"विजयनगर साम्राज्य में भूमि दान और धर्मार्थों के मुख्य लाभार्थी मंदिर, धार्मिक संस्थान, ब्राह्मण, श्रेष्ठ और राजकीय पसंदीदा शामिल थे, जो पुरस्कार या संरक्षा के रूप में भूमि और राजस्व के अधिकार प्राप्त करते थे।"
बताए गए सवाल का उत्तर हिंदी में दें।, कृष्ण देव राय के शासन का विजयनगर साम्राज्य में क्या महत्व था?,"कृष्ण देव राय के शासन का विजयनगर साम्राज्य में अभूतपूर्व समृद्धि, सांस्कृतिक फूलन और सैन्य विस्तार का एक महत्वपूर्ण अवधि के रूप में माना जाता है, जो अक्सर इसके शिखर के रूप में विचारा जाता है।"
Diye gaye prashn ka uttar Hindi mein dein:,विजयनगर साम्राज्य ने अपने विशाल सामरिक धरोहर का प्रबंध कैसे किया?,"विजयनगर साम्राज्य ने अपने विशाल सामरिक धरोहर का प्रबंध एक तंत्रिका शासन प्रणाली के माध्यम से किया, जिसमें नियुक्त प्रांतों का प्रबंध करने वाले प्रांतपाल, स्थानीय राजाओं के जिलों का प्रबंध करने वाले स्थानीय चिफ्टेन्स, और राजकीय अधिकारियों की राजस्व वसूली और कानूनी कार्रवाई का प्रबंधन करते थे।"
Diye gaye sawaal ka jawab Hindi mein likhein:,विजयनगर के सैन्य संगठन की मुख्य विशेषताएँ क्या थीं?,"विजयनगर का सैन्य संगठन पैदल, घुड़सवार, अर्धधारी, और नौसेना विभागों से बना था, जिसे राजधानी के अधिकृत जनरल के अधीन में केन्द्रीकृत निर्देश दिया जाता था।"
Diye gaye prashn ka samadhan Hindi mein prastut karein:,विजयनगर की विदेशी शक्तियों के साथ व्यापार संबंधों का आर्थिक प्रभाव क्या था?,"विजयनगर के विदेशी शक्तियों के साथ व्यापार संबंधों का आर्थिक प्रभाव आर्थिक वृद्धि, सांस्कृतिक आदान-प्रदान, और साम्राज्य के वाणिज्यिक हितों के विविधता में बढ़ावा करता था, जिससे मुख्य व्यापारिक केंद्रों में वृद्धि और नगरीकरण हुआ।"
Pooche gaye prashn ka uttar Hindi mein pradaan karein:,विजयनगर साम्राज्य की पतन कैसे दक्षिण भारतीय क्षेत्रीय राजनीतिक भूमिका को प्रभावित किया?,"विजयनगर साम्राज्य की पतन ने प्राधान्य रिक्तियों, क्षेत्रीय विवादों, और उत्तरवाले राज्यों के बीच भूमिका के पुनः संयोजन में योगदान किया, जो नए क्षेत्रीय शक्तियों के उदय और दक्षिण भारत में संधि की व्यवस्था के पुनर्निर्माण को बढ़ावा दिया।"
Bataye gaye sawaal ka jawab Hindi mein dein:, विजयनगर साम्राज्य के अधीन सांस्कृतिक पुनर्जागरण के मुख्य कारक क्या थे?," विजयनगर साम्राज्य के अधीन सांस्कृतिक पुनर्जागरण को शाही संरक्षण, फूलते व्यापार नेटवर्क, बौद्धिक विनिमय, और विभिन्न कलात्मक परंपराओं का मेल बनाने में दानशीलता, नवाचार, और कलात्मक उत्कृष्टता के रूप में फुटने दिया।"
Answer the given question in Hindi:,विजयनगर साम्राज्य ने क्षेत्रीय भाषाओं और साहित्य के विकास में कैसे प्रभाव डाला?,"विजयनगर साम्राज्य ने कवियों, विद्वानों, और साहित्यिक कार्यों को स्पोंसर करके क्षेत्रीय भाषाओं और साहित्य के विकास में महत्वपूर्ण भूमिका निभाई, भाषाई विविधता को बढ़ावा दिया, और भाषांतरीय अभिव्यक्ति को प्रोत्साहित किया।"
Write your answer to the question in Hindi:,भारतीय सांस्कृतिक और ऐतिहासिक परिदृश्य को आकार देने में विजयनगर साम्राज्य का विरासत क्या था?," विजयनगर साम्राज्य की विरासत भारत के सांस्कृतिक, वास्तुकला, और ऐतिहासिक धरोहर में प्रभावशाली रही है, जिसे प्रसिद्ध स्मारक, साहित्यिक उत्कृष्टताओं, कलात्मक परंपराओं, और सफल प्रभावों के रूप में देखा जाता है, जो आगामी पीढ़ियों को प्रेरित करते हैं और उनसे संबंधित होते हैं।"
Provide a response to the given query in Hindi:,मुग़ल साम्राज्य का निर्माण किसने किया?,1526 ईसा पश्चात पानीपत के युद्ध के बाद बाबर ने मुग़ल साम्राज्य की स्थापना की।
Answer the question in Hindi language:,अकबर के शासन की विशेषताएँ क्या थीं?,"अकबर के शासन की विशेषताएँ धार्मिक सहिष्णुता, प्रशासनिक सुधार, और सांस्कृतिक उन्नति थी।"
Reply to the asked question in Hindi:,अकबर के शासन के दौरान किन महत्वपूर्ण व्यवस्थाओं का स्थापना किया गया था?,"अकबर के शासन के दौरान, दीन-ए-इलाही, इबादत खाना, और मंसबदारी प्रणाली की स्थापना की गई।"
दिए गए प्रश्न का उत्तर हिंदी में दें:,जहाँगीर के शासन के दौरान वह किसके लिए प्रसिद्ध थे?,जहाँगीर कला के प्रोत्साहन और नूर जहाँ के राजनीति में महत्वपूर्ण प्रभाव के लिए प्रसिद्ध थे।
दिए गए सवाल का जवाब हिंदी में लिखें:,शाहजहाँ के शासन से कौन-कौन से वास्तुकला चमत्कार जुड़े हैं?,"शाहजहाँ के शासन से ताजमहल, लाल किला, और जामा मस्जिद जैसे वास्तुकला चमत्कार जुड़े हैं।"
दिए गए प्रश्न का समाधान हिंदी में प्रस्तुत करें:,औरंगज़ेब के शासन की विशेषताएँ क्या थीं?,"औरंगज़ेब के शासन की विशेषताएँ कठोर नीतियों, साम्राज्य के विस्तार, और धार्मिक असहिष्णुता के चरम पर कन्ट्रोवर्सियां थीं।"
पूछे गए प्रश्न का उत्तर हिंदी में प्रदान करें:,मुग़ल साम्राज्य की पतन कब शुरू हुई?,मुग़ल साम्राज्य की पतन औरंगज़ेब की मौत के बाद शुरू हुई।
बताए गए सवाल का उत्तर हिंदी में दें।,मुग़ल साम्राज्य के अपने पतन के दौरान क्या-क्या चुनौतियाँ आईं?,"अपने पतन के दौरान, मुग़ल साम्राज्य को मराठा, सिख, और ब्रिटिश उपनिवेशीय विस्तार से चुनौतियों का सामना करना पड़ा।"
Diye gaye prashn ka uttar Hindi mein dein:,मुग़ल साम्राज्य के अपने पतन के दौरान मुख्य प्रतिद्वंद्वी कौन थे?,"मुग़ल साम्राज्य के अपने पतन के दौरान मुख्य प्रतिद्वंद्वी मराठा, सिख, और ब्रिटिश उपनिवेशीय बलों थे।"
Diye gaye sawaal ka jawab Hindi mein likhein:,मुग़ल साम्राज्य के अपने पतन के बावजूद कुछ उपलब्धियाँ क्या थीं?," अपने पतन के बावजूद, मुग़ल साम्राज्य ने वास्तुकला के आश्चर्यजनक निर्माण, सांस्कृतिक उपलब्धियाँ, और प्रशासनिक नवाचारों की विरासत छोड़ी।"
Diye gaye prashn ka samadhan Hindi mein prastut karein:,बाबर ने मुग़ल साम्राज्य की स्थापना कैसे की?,बाबर ने 1526 ईसवी में पानीपत के युद्ध में इब्राहीम लोदी को हराकर मुग़ल साम्राज्य की स्थापना की।
Pooche gaye prashn ka uttar Hindi mein pradaan karein:,अकबर द्वारा कुछ प्रशासनिक सुधार क्या थे?,"अकबर ने प्रशासनिक सुधार के रूप में प्राधिकरण का केंद्रीकरण, एक समान तराजू और माप का प्रणाली का परिचय, और एक कुशल राजस्व प्रणाली की स्थापना की।"
Bataye gaye sawaal ka jawab Hindi mein dein:,अकबर द्वारा क्या स्थापित किया गया था दीन-ए-इलाही?,"दीन-ए-इलाही एक संक्रान्तिक धर्म था जिसे अकबर ने आरंभ किया था जो इस्लाम, हिंदूधर्म, ईसाईयत, और ज़रोएस्ट्रियनिज़्म के तत्वों को मिलाने का प्रयास करता था।"
Answer the given question in Hindi:,नूर जहाँ कौन थीं और जहाँगीर के शासन के दौरान उनकी क्या भूमिका थी?,"नूर जहाँ जहाँगीर की पत्नी थीं और राजनीति में महत्वपूर्ण प्रभाव रखती थीं, अक्सर सम्राट के पक्ष से निर्णय लेती थीं।"
Write your answer to the question in Hindi:,शाहजहाँ के शासन के दौरान बनाए गए ताजमहल का महत्व क्या था?,"ताजमहल प्रेम और समर्पण का प्रतीक है, जो शाहजहाँ ने अपनी पत्नी मुमताज़ महल की याद में बनवाया था।"
Provide a response to the given query in Hindi:,औरंगज़ेब ने अपने शासन के दौरान मुग़ल साम्राज्य का कैसे विस्तार किया?,औरंगज़ेब ने सैन्य जीत के माध्यम से मुग़ल साम्राज्य का सबसे बड़ा क्षेत्रफल तक विस्तार किया।
Answer the question in Hindi language:,औरंगज़ेब की मौत के बाद मुग़ल साम्राज्य के पतन के कारण क्या थे?,"औरंगज़ेब की मौत के बाद, मुग़ल साम्राज्य को आंतरिक विवाद, कमजोर नेतृत्व, और प्रतिद्वंद्वी शक्तियों से बाहरी खतरे का सामना करना पड़ा।"
Reply to the asked question in Hindi:,मराठा लोगों ने मुग़ल साम्राज्य को चुनौती देने में क्या भूमिका निभाई?,"मराठे भारत में एक प्रभावशाली बल बने, मुग़ल सत्ता को चुनौती देते हुए और अंत में अपने खुद के साम्राज्य की स्थापना करते हुए।"
दिए गए प्रश्न का उत्तर हिंदी में दें:,ब्रिटिश उपनिवेशीय विस्तार ने मुग़ल साम्राज्य के पतन पर कैसा प्रभाव डाला?,"ब्रिटिश उपनिवेशीय विस्तार ने मुग़ल साम्राज्य को और भी कमजोर किया, क्योंकि ब्रिटिश पूर्वी भारत कंपनी ने भारतीय क्षेत्रों पर नियंत्रण प्राप्त किया और मुग़ल सत्ता को कमजोर किया।"
दिए गए सवाल का जवाब हिंदी में लिखें:,मुग़ल साम्राज्य ने अपने शिखर काल में कौन-कौन सी सांस्कृतिक योगदानें की थीं?,"मुग़ल साम्राज्य ने कला, वास्तुकला, साहित्य, और संगीत के क्षेत्र में महत्वपूर्ण योगदान किए, जो राजकीय प्रोत्साहन के तहत फलित हुए।"
दिए गए प्रश्न का समाधान हिंदी में प्रस्तुत करें:,मुग़ल साम्राज्य के प्रशासन में मुख्य व्यक्तियों कौन थे?," मुग़ल साम्राज्य के प्रशासन में डिवान (प्रधान मंत्री), वज़ीर (मुख्य मंत्री), और मंसबदार (सैन्य कमांडर) जैसे व्यक्तियों द्वारा नेतृत्व किया गया।"
पूछे गए प्रश्न का उत्तर हिंदी में प्रदान करें:,शाहजहाँ के शासन के दौरान निर्मित लाल किले का महत्व क्या था?, लाल किला दिल्ली में मुग़ल सम्राटों का प्रमुख निवास स्थान था और उनकी शक्ति और वैभव का प्रतीक था।
बताए गए सवाल का उत्तर हिंदी में दें।,औरंगजेब के धर्मिक नीतियों में अनमुस्लिमों के प्रति उनकी नीतियों में उनके पूर्वजों से क्या अंतर था?,"औरंगजेब ने गैर मुसलमानों के प्रति कठोर नीतियों की अमल में अपने पूर्वजों से अंतर किया, जिसमें जिज्या कर का लागू होना और हिंदू मंदिरों के नष्ट किए जाने जैसे कदम शामिल थे।"
Diye gaye prashn ka uttar Hindi mein dein:,मुग़ल साम्राज्य के पतन में कुछ आर्थिक कारक क्या थे?," मुग़ल साम्राज्य के पतन में असंगठित राजस्व संग्रह, मुद्रास्फीति, और युद्धों के कारण धन की निकासी जैसे आर्थिक कारक शामिल थे।"
Diye gaye sawaal ka jawab Hindi mein likhein:,साहित्य और कविता के क्षेत्र में मुग़ल साम्राज्य की मुख्य उपलब्धियाँ क्या थीं?,"मुग़ल साम्राज्य ने पारसी और उर्दू कविता, ऐतिहासिक ग्रंथों, और दार्शनिक कृतियों में महत्वपूर्ण योगदान किया, जो राजकीय प्रोत्साहन के तहत फलित हुए।"
Diye gaye prashn ka samadhan Hindi mein prastut karein:,अकबर के शासन के दौरान मंसबदारी प्रणाली कैसे कार्य करती थी?,"अकबर के शासन के दौरान, मंसबदारी प्रणाली एक शैलीकारी सैन्य पदों और प्रशासनिक पदों की व्यवस्था थी, जहाँ अधिकारी (मंसबदार) सैन्य सेवा के बदले में भूमि राजस्व के कार्य को सौंपा जाता था।"
Pooche gaye prashn ka uttar Hindi mein pradaan karein:,मुग़ल साम्राज्य का व्यापार और वाणिज्यिक क्षेत्र के प्रसिद्धि में क्या भूमिका थी?," मुग़ल साम्राज्य में व्यापार और वाणिज्यिक क्षेत्र में ग्रांड ट्रंक रोड और समुद्री सिल्क रोड के माध्यम से व्यापार फलती, जिससे वृद्धि और सांस्कृतिक आदान-प्रदान होता था।"
Bataye gaye sawaal ka jawab Hindi mein dein:,मुग़ल साम्राज्य के पतन के बाद भारतीय क्षेत्रीय शक्तियों पर क्या प्रभाव पड़ा?,"मुग़ल साम्राज्य के पतन के बाद, मराठा, सिख, और राजपूतों जैसी भारतीय क्षेत्रीय शक्तियों का उत्थान हुआ, जिन्होंने अपने स्वतंत्र राज्य स्थापित किए।"
Answer the given question in Hindi:,शाहजहाँ के शासन के दौरान जामा मस्जिद के निर्माण पर किस प्रकार का वास्तुकला शैली का प्रभाव था?,"जामा मस्जिद एक मिश्रण है फारसी, इस्लामी, और भारतीय वास्तुकला शैलियों का, जिसमें इसके महान गुंबदों, मीनारों, और लाल पत्थर की भव्यता शामिल है।"
Write your answer to the question in Hindi:,व्यापार और वाणिज्यिक क्षेत्र में व्यापारिक योजनाओं का क्या महत्व था मुग़ल साम्राज्य के उत्कृष्ट समय में?,"मुग़ल साम्राज्य के उत्कृष्ट समय में व्यापार और वाणिज्यिक क्षेत्र में व्यापारिक योजनाओं का महत्वपूर्ण योगदान था, जो विस्तार और संस्कृतिक अद्यायन को बढ़ावा देता था।"
Provide a response to the given query in Hindi:,मुग़ल साम्राज्य के प्रशासन में मुख्य व्यक्तियों कौन थे?,"मुग़ल साम्राज्य के प्रशासन को डिवान (प्रधान मंत्री), वज़ीर (मुख्य मंत्री), और मंसबदार (सैन्य कमांडर) जैसे व्यक्तियों ने नेतृत्व किया।"
Answer the question in Hindi language:,शाहजहाँ के शासन के दौरान निर्मित लाल किले का महत्व क्या था?, लाल किला दिल्ली में मुग़ल सम्राटों का मुख्य निवास स्थान था और उनकी शक्ति और वैभव का प्रतीक था।
Reply to the asked question in Hindi:,औरंगजेब के धर्मिक नीतियों में अनमुस्लिमों के प्रति उनकी नीतियों में उनके पूर्वजों से क्या अंतर था?,"औरंगजेब ने गैर मुसलमानों के प्रति कड़ी नीतियों की अमल में अपने पूर्वजों से अंतर किया, जिसमें जिज्या कर का लागू होना और हिंदू मंदिरों के नष्ट किए जाने जैसे कदम शामिल थे।"
दिए गए प्रश्न का उत्तर हिंदी में दें:,मुग़ल साम्राज्य के पतन में कुछ आर्थिक कारक क्या थे?,"मुग़ल साम्राज्य के पतन में असंगठित राजस्व संग्रह, मुद्रास्फीति, और युद्धों के कारण धन की निकासी जैसे आर्थिक कारक शामिल थे।"
दिए गए सवाल का जवाब हिंदी में लिखें:,साहित्य और कविता के क्षेत्र में मुग़ल साम्राज्य की मुख्य उपलब्धियाँ क्या थीं?,"मुग़ल साम्राज्य ने पारसी और उर्दू कविता, ऐतिहासिक ग्रंथों, और दार्शनिक कृतियों में महत्वपूर्ण योगदान किया, जो राजकीय प्रोत्साहन के तहत फलित हुए।"
दिए गए प्रश्न का समाधान हिंदी में प्रस्तुत करें:,अकबर के शासन के दौरान मंसबदारी प्रणाली कैसे कार्य करती थी?," अकबर के शासन के दौरान, मंसबदारी प्रणाली एक सैन्य संगठन थी, जिसमें अधिकारी (मंसबदार) सैन्य सेवा के बदले में भूमि राजस्व के कार्य को सौंपा जाता था।"
पूछे गए प्रश्न का उत्तर हिंदी में प्रदान करें:,मुग़ल साम्राज्य का भारतीय खानपान पर क्या प्रभाव था?," मुग़ल साम्राज्य ने भारतीय खानपान पर अपने तकनीकों का प्रवेश करके भारतीय खानपान को प्रभावित किया, जिसमें मुग़लाई पकवानों को शामिल किया गया, जो फारसी और मध्य एशियाई स्वाद और सामग्रियों को जोड़ता था।"
बताए गए सवाल का उत्तर हिंदी में दें।,मुग़ल साम्राज्य के पतन से भारतीय क्षेत्रीय शक्तियों पर क्या प,"मुग़ल साम्राज्य के पतन के बाद, भारतीय क्षेत्रीय शक्तियों जैसे मराठा, सिख, और राजपूत आदि का उदय हुआ, जिन्होंने अपने स्वतंत्र राज्य स्थापित किए।"
Diye gaye prashn ka uttar Hindi mein dein:, मुग़ल साम्राज्य कब स्थापित हुआ था?, मुग़ल साम्राज्य 1526 ई. में बाबर की पानीपत की जीत के बाद स्थापित हुआ था।
Diye gaye sawaal ka jawab Hindi mein likhein:,मुग़ल साम्राज्य के संस्थापक कौन थे?," मुग़ल साम्राज्य के संस्थापक बाबर थे, जो तायमुर और जेंगिस खान के वंशज थे।"
Diye gaye prashn ka samadhan Hindi mein prastut karein:,कौन सा महत्वपूर्ण घटना मुग़ल साम्राज्य की स्थापना के लिए जिम्मेदार था?,"1526 ई. में पानीपत की लड़ाई, जहाँ बाबर ने इब्राहीम लोधी को पराजित किया, मुग़ल साम्राज्य की स्थापना का प्रमुख घटना था।"
Pooche gaye prashn ka uttar Hindi mein pradaan karein:,बाबर के रूप में मुग़ल साम्राज्य के संस्थापक कुछ महत्वपूर्ण उपलब्धियाँ क्या थीं?,बाबर ने मुग़ल साम्राज्य की नींव रखी और मजबूत केंद्रीय प्रशासन स्थापित किया और सैन्य नवाचारों को कार्यान्वित किया।
Bataye gaye sawaal ka jawab Hindi mein dein:,मुग़ल साम्राज्य के राजा के रूप में बाबर के पश्चात कौन आया?,बाबर के पुत्र हुमायूँ ने मुग़ल साम्राज्य के राजा के रूप में आया।
Answer the given question in Hindi:,हुमायूँ के शासन के दौरान उन्हें किस प्रकार के चुनौतियों का सामना करना पड़ा?, हुमायूँ को अफगान सरदारों द्वारा विद्रोह और शेर शाह सूरी को क्षेत्रों की हानि जैसी कई चुनौतियों का सामना करना पड़ा।
Write your answer to the question in Hindi:,हुमायूँ अपने निर्वासन के बाद शक्ति कैसे पुन: प्राप्त किया?,हुमायूँ ने सफ़वीद शासक शाह तमास्प की सहायता से शक्ति पुन: प्राप्त की और 1555 ई. में दिल्ली को पुनः जीत लिया।
Provide a response to the given query in Hindi:,अकबर कौन थे और मुग़ल साम्राज्य में उनका क्या रोल था?,"हुमायूँ के पुत्र अकबर मुग़ल साम्राज्य के सबसे महान शासकों में से एक थे, जिन्हें उनकी सैन्य विजय, प्रशासनिक सुधार, और धर्मिक सहिष्णुता के लिए जाना जाता है।"
Answer the question in Hindi language:,अकबर के शासन की क्या विशेषताएँ थीं?,"अकबर के शासन की धर्मिक सहिष्णुता, प्रशासनिक केंद्रीकरण, और सांस्कृतिक फूलने की विशेषताएँ थीं।"
Reply to the asked question in Hindi:,अकबर ने अपने शासन काल में क्या महत्वपूर्ण सुधार किए?,"अकबर ने कई प्रशासनिक सुधार किए, जिसमें मंसबदारी प्रणाली, गैर-मुस्लिमों पर जिज्या कर की समाप्ति, और केंद्रीकृत राजस्व प्रणाली की स्थापना शामिल थी।"
दिए गए प्रश्न का उत्तर हिंदी में दें:,अकबर द्वारा क्या मंसबदारी प्रणाली लागू की गई थी?," मंसबदारी प्रणाली एक शासकीय और सैन्य रैंकों की विभाजन प्रणाली थी, जो अकबर द्वारा प्रस्तुत की गई थी, जहां अधिकारी (मंसबदार) सैन्य सेवा के बदले भूमि राजस्व के कार्यों को निर्धारित किया गया।"
दिए गए सवाल का जवाब हिंदी में लिखें:,अकबर ने मुग़ल साम्राज्य में धार्मिक सहिष्णुता को कैसे बढ़ावा दिया?,अकबर ने विभिन्न धर्मों के तत्वों को एकत्रित करने की कोशिश करने वाली नीतियों जैसे दीन-ए-इलाही के माध्यम से धार्मिक सहिष्णुता को बढ़ावा दिया और गैर-मुस्लिमों पर भेदभावपूर्ण करों को समाप्त किया।
दिए गए प्रश्न का समाधान हिंदी में प्रस्तुत करें:,अकबर के बाद मुग़ल साम्राज्य के राजा कौन बने?,अकबर के पुत्र जहाँगीर ने मुग़ल साम्राज्य के राजा के रूप में काम किया।
पूछे गए प्रश्न का उत्तर हिंदी में प्रदान करें:,जहाँगीर के शासन की कुछ उपलब्धियाँ क्या थीं?, जहाँगीर के शासन की विशेषता कला की प्रोत्साहन और उसकी पत्नी नूर जहाँ की राजनीति में बढ़ती प्रभावशीलता के रूप में थी।
बताए गए सवाल का उत्तर हिंदी में दें।,शाहजहाँ ने मुग़ल साम्राज्य के सांस्कृतिक विरासत में कैसे योगदान दिया?,"शाहजहाँ के शासन के समय के वास्तुकला उत्कृष्टताओं में ताजमहल, लाल किला, और जामा मस्जिद के निर्माण सम्मिलित हैं।"
Diye gaye prashn ka uttar Hindi mein dein:,शाहजहाँ के शासनकाल में निर्मित ताजमहल का क्या महत्व था?,शाहजहाँ द्वारा उनकी पत्नी मुमताज महल की स्मृति में बनाई गई ताजमहल को विश्व की सर्वोत्तम वास्तुकला अद्भुतों में एक माना जाता है और प्रेम का प्रतीक है।
Diye gaye sawaal ka jawab Hindi mein likhein:,शाहजहाँ के बाद मुग़ल साम्राज्य के राजा कौन बना?,शाहजहाँ के पुत्र औरंगजेब ने मुग़ल साम्राज्य के राजा के रूप में काम किया।
Diye gaye prashn ka samadhan Hindi mein prastut karein:,औरंगजेब के शासन की क्या विशेषताएँ थीं?,"औरंगजेब के शासन की विशेषताएँ उसके इस्लामिक कानून के प्रति कड़ा अनुसरण, विस्तारवादी नीतियों, और विभिन्न क्षेत्रीय शक्तियों के साथ संघर्षों से थी।"
Pooche gaye prashn ka uttar Hindi mein pradaan karein:,औरंगजेब ने अपने शासनकाल में मुग़ल साम्राज्य को कैसे विस्तारित किया?,"औरंगजेब ने सैन्य विजयों के माध्यम से मुग़ल साम्राज्य का विस्तार किया, जिसमें डेकन और दक्षिण भारत के कुछ हिस्सों का सम्मिलन शामिल था।"
Bataye gaye sawaal ka jawab Hindi mein dein:,औरंगजेब की गैर-मुस्लिमों के प्रति नीतियों के चारों ओर विवाद क्या था?,"औरंगजेब की गैर-मुस्लिमों के प्रति नीतियों, जैसे जिजया कर का लागू होना और हिन्दू मंदिरों के नष्ट होने, विवादों का कारण बने और समाज के कुछ वर्गों में नाराज़गी का कारण बने।"
Answer the given question in Hindi:,मुग़ल साम्राज्य के पतन में कुछ कारक क्या थे?,"मुग़ल साम्राज्य के पतन के कारकों में कमजोर नेतृत्व, उत्तराधिकारी विवाद, आर्थिक अस्थिरता, और बाहरी आक्रमण जैसे कारक शामिल थे।"
Write your answer to the question in Hindi:,मुग़ल साम्राज्य के पतन का भारतीय क्षेत्रीय शक्तियों पर क्या प्रभाव पड़ा?,"मुग़ल साम्राज्य के पतन ने मराठों, सिखों, और ब्रिटिश पूर्व भारत कंपनी जैसी क्षेत्रीय शक्तियों के उदय का मार्ग प्रशस्त किया, जो भारतीय क्षेत्रों पर नियंत्रण के लिए प्रतिस्पर्धा करते थे।"
Provide a response to the given query in Hindi:, मराठे मुग़ल साम्राज्य को चुनौती देने में किस प्रकार भूमिका निभाई?,"मराठे भारत में एक महत्वपूर्ण क्षेत्रीय शक्ति के रूप में सामने आए, मुग़ल सत्ता को चुनौती देते हुए और आखिरकार भारतीय उपमहाद्वीप के कुछ हिस्सों में अपना स्वतंत्र साम्राज्य स्थापित किया।"
Answer the question in Hindi language:,ब्रिटिश उपनिवेशीय विस्तार मुग़ल साम्राज्य के पतन में कैसे सहायक हुआ?,"भारत में ब्रिटिश उपनिवेशीय विस्तार ने मुग़ल साम्राज्य को क्षीण किया जब इसने धीरे-धीरे उसके क्षेत्रों को जोड़ा, व्यापार प्रतिबंध लगाए, और विभाजन और शासन की नीतियों के माध्यम से उसकी प्राधिकारिकता को कमजोर किया।"
Reply to the asked question in Hindi:,मुग़ल साम्राज्य के पतन के बावजूद उसकी स्थायी विरासत क्या थी?,"मुग़ल साम्राज्य के पतन के बावजूद, वह कला, वास्तुकला, साहित्य, और प्रशासन के क्षेत्रों में स्थायी विरासत छोड़ गया, जो भारतीय उपमहाद्वीप के सांस्कृतिक परिदृश्य को शताब्दियों तक प्रभावित किया।"
दिए गए प्रश्न का उत्तर हिंदी में दें:,मुग़ल साम्राज्य के सर्वोत्तम समय पर कुछ प्रमुख सैन्य अभियान क्या थे?," मुग़ल साम्राज्य ने अपने क्षेत्रों का विस्तार करने के लिए सैन्य अभियान आयोजित किए, जिसमें डेकन, मध्य एशिया, और अफगानिस्तान के कुछ हिस्सों में अभियान शामिल थे।"
दिए गए सवाल का जवाब हिंदी में लिखें:,मुग़ल साम्राज्य ने भारत में कला और वास्तुकला के विकास में कैसे योगदान दिया?,"मुग़ल साम्राज्य ने कला का प्रायोजन किया, जिससे अलगाववादी वास्तुकला के विकास का मार्ग प्रशस्त हुआ, जिसमें शानदार संरचनाएँ और जटिल सजावटों से सजीव अर्थशास्त्र था।"
दिए गए प्रश्न का समाधान हिंदी में प्रस्तुत करें:,मुग़ल काल में कुछ प्रमुख कवियों और लेखकों कौन-कौन थे?," मुग़ल काल में मिर्ज़ा ग़ालिब, अब्दुल रहीम ख़ान-ए-खाना, और अब्दुल कदीर बेदिल जैसे प्रसिद्ध कवियों और लेखकों का उदय हुआ, जो उर्दू और पर्सियन साहित्य में महत्वपूर्ण योगदान किया।"
पूछे गए प्रश्न का उत्तर हिंदी में प्रदान करें:, मुग़ल दरबार की महत्वता क्या थी सांस्कृतिक और बौद्धिक आदान-प्रदान को पोषण देने में?,"मुग़ल दरबार सांस्कृतिक और बौद्धिक आदान-प्रदान का केंद्र बनी, जो विभिन्न क्षेत्रों से विद्वानों, कवियों, कलाकारों, और बौद्धिकों को आकर्षित करता था, जिससे विचारों और दृष्टिकोणों का एक जीवंत आदान-प्रदान होता था।"
बताए गए सवाल का उत्तर हिंदी में दें।, मुग़ल साम्राज्य ने भारतीय शैलियों को कैसे प्रभावित किया?,"मुग़ल साम्राज्य ने भारतीय रसोई को धनी और स्वादिष्ट व्यंजनों से परिचित किया, जिसमें बिरयानी, कबाब, और करी जैसे व्यंजन शामिल हैं, जो आज के भारत में लोकप्रिय रसोई आदान-प्रदान हैं।"
Diye gaye prashn ka uttar Hindi mein dein:,मुग़ल साम्राज्य के प्रशासनिक विभाजन क्या थे?,"मुग़ल साम्राज्य को प्रांतों में विभाजित किया गया था जिन्हें सुबह के रूप में जाना जाता था, प्रत्येक को एक प्रांतीय गवर्नर या सुबेदार द्वारा प्रशासित किया जाता था जो सम्राट द्वारा नियुक्त किया गया था।"
Diye gaye sawaal ka jawab Hindi mein likhein:,मुग़ल सम्राटों ने अपने विशाल साम्राज्य पर नियंत्रण कैसे बनाया?,"मुग़ल सम्राटों ने अपने साम्राज्य पर नियंत्रण को केंद्रीकृत प्रशासन, सैन्य बल, कूटनीति, और सांस्कृतिक अनुकूलन के संयोजन से बनाए रखा।"
Diye gaye prashn ka samadhan Hindi mein prastut karein:,मुग़ल साम्राज्य का व्यापार और वाणिज्य पर क्या प्रभाव हुआ?,"मुग़ल साम्राज्य ने व्यापार और वाणिज्य को बढ़ावा देकर करीबी कर अर्थव्यवस्था के प्रणालियों की स्थापना की, व्यापार मार्गों को बनाए रखकर, और वाणिज्य के लिए एक अनुकूल वातावरण को बढ़ावा दिया।"
Pooche gaye prashn ka uttar Hindi mein pradaan karein:,मुग़ल काल में कुछ प्रमुख सांस्कृतिक और धार्मिक विकास क्या थे?,"मुग़ल काल में विभिन्न सांस्कृतिक और धार्मिक परंपराओं का संघटन देखा गया, जिससे अनूठे कला रूप, वास्तुकला के शैलियों, और सूफीवादी जैसे धार्मिक आंदोलनों का उदय हुआ।"
Bataye gaye sawaal ka jawab Hindi mein dein:,मुग़ल साम्राज्य की पतन कैसे भारत के विखंडन में योगदान किया?," मुग़ल साम्राज्य की पतन से राजनैतिक विखंडन और क्षेत्रीय शक्तियों का उदय हुआ, जिससे केंद्रीय प्राधिकरण का विघटन हुआ और भारत का अंततः विभाजन हो गया।"
Answer the given question in Hindi:,मुग़ल दरबार और समाज में महिलाओं की क्या भूमिका थी?,"मुग़ल दरबार में महिलाएँ अक्सर महत्वपूर्ण प्रभाव डालती थीं, खासकर सम्राटों की पत्नियों के रूप में या राजनीति और सांस्कृतिक प्रायोजन में प्रभावशाली व्यक्तियों के रूप में।"
Write your answer to the question in Hindi:,मुग़ल द्वारा प्रस्तुत कुछ प्रमुख वास्तुकला अविष्कार क्या थे?," मुग़ल द्वारा दोहरी गुंबद, फूलदार गुंबद, और जटिल संगमरमर नक्काशी जैसे वास्तुकला के अविष्कार किए गए, जो मुग़ल वास्तुकला के लक्षण बन गए।"
Provide a response to the given query in Hindi:,मुग़ल साम्राज्य ने भारत में बाग़बानी के विकास में कैसे योगदान किया?," मुग़ल साम्राज्य ने पर्सियन, मध्य एशियाई, और भारतीय बाग़ डिज़ाइन के तत्वों को मिश्रित कर उत्तम योजनाओं वाले हरित और सूक्ष्मता से भरे बाग़, जिन्हें चारबाग़ कहा जाता है, बनाए।"
Answer the question in Hindi language:,मुग़ल संस्कृति में संगीत और नृत्य की क्या भूमिका थी?,"संगीत और नृत्य मुग़ल संस्कृति के अभिन्न हिस्से थे, जिसमें दरबारी संगीतकारों और नृत्यकारों ने महाराजाओं को मनोरंजन किया और मुग़ल कला की महानता में योगदान किया।"
Reply to the asked question in Hindi:,मुग़ल साम्राज्य ने भारत की भाषाओं और साहित्य को कैसे प्रभावित किया?,"मुग़ल साम्राज्य ने पर्सियन और उर्दू साहित्य का समर्थन किया, जिससे इन भाषाओं में कविता, ऐतिहासिक वृत्तांत, और साहित्यिक काम का विकास हुआ।"
दिए गए प्रश्न का उत्तर हिंदी में दें:,मुग़ल काल में कुछ प्रमुख तकनीकी उन्नतियाँ क्या थीं?,"मुग़ल काल में धातुशास्त्र, वास्तुकला, वस्त्र उत्पादन, और कृषि तकनीकों में उन्नतियाँ देखी गईं, जो साम्राज्य की समृद्धि में योगदान की।"
दिए गए सवाल का जवाब हिंदी में लिखें:,मुग़ल साम्राज्य ने भारत के सामाजिक संरचना पर कैसा प्रभाव डाला?,"मुग़ल साम्राज्य ने सैन्य सेवा, प्रशासनिक करियर्स, और कला के प्रायोजन में सामाजिक चलन को बढ़ावा दिया, जिससे सामाजिक आर्थिक स्थिति में सुधार हुआ।"
दिए गए प्रश्न का समाधान हिंदी में प्रस्तुत करें:, मुग़ल पेंटिंग परंपरा का महत्व क्या था?,"मुग़ल पेंटिंग, जिसमें सूक्ष्म विवरण, जीवंत रंग, और प्राकृतिक चित्रण का वर्णन होता है, भारत में सबसे प्रमुख कलात्मक परंपराओं में से एक बन गई।"
पूछे गए प्रश्न का उत्तर हिंदी में प्रदान करें:,मुग़ल साम्राज्य ने दक्षिण एशिया में इस्लामी कला और संस्कृति के प्रसार में कैसा योगदान दिया?,"मुग़ल साम्राज्य ने वास्तुकला स्मारकों, ख़त्ताती, और विद्वानों और कलाकारों के प्रायोजन में इस्लामी कला और संस्कृति के प्रसार को सहारा दिया।"
बताए गए सवाल का उत्तर हिंदी में दें।,जहाँगीर द्वारा कुछ प्रमुख प्रशासनिक सुधार क्या किए गए थे?,"जहाँगीर ने प्रशासन को सुधारने, राजस्व प्रशासन को संवारने, और न्याय प्रणाली को सुधारने के लक्ष्य के साथ प्रशासनिक सुधार किए गए थे, जो साम्राज्य की स्थिरता में योगदान किया।"
Diye gaye prashn ka uttar Hindi mein dein:,मुग़ल साम्राज्य ने अपने क्षेत्रों में व्यापार और वाणिज्य का कैसे नियंत्रण किया?,"मुग़ल साम्राज्य ने बाजार, व्यापारिक संघ, और कर और टैरिफ के प्रणालियों की स्थापना के माध्यम से व्यापार और वाणिज्य को नियंत्रित किया।"
Diye gaye sawaal ka jawab Hindi mein likhein:,मुग़ल सड़क नेटवर्क का महत्व क्या था?,"मुग़ल सड़क नेटवर्क, जिसमें मुग़ल राजमार्ग और अन्य व्यापार मार्ग शामिल थे, संचार, वाणिज्य, और सांस्कृतिक आदान-प्रदान को सुखद और संवादी बनाते थे।"
Diye gaye prashn ka samadhan Hindi mein prastut karein:,मुग़ल साम्राज्य ने भारतीय भोजन के विकास पर कैसा प्रभाव डाला?," मुग़ल साम्राज्य ने भारतीय भोजन में पर्सियन और मध्य एशियाई रसोई विधियों और उपकरणों को परिचित कराया, जिससे नए व्यंजनों और रसोई की परंपराओं का निर्माण हुआ।"
Pooche gaye prashn ka uttar Hindi mein pradaan karein:,मुग़ल समाज और आध्यात्मिकता में सूफ़ीज़्म की क्या भूमिका थी?,"मुग़ल समाज में सूफ़ीज़्म एक महत्वपूर्ण भूमिका निभाता था, जो धार्मिक अभ्यास, कविता, संगीत, और साम्राज्य की आध्यात्मिक आधारशिला को प्रभावित करता था।"
Bataye gaye sawaal ka jawab Hindi mein dein:,मुग़ल साम्राज्य ने ज्ञान और शिक्षा के प्रसार में कैसे योगदान दिया?,"मुग़ल साम्राज्य ने शैक्षिक संस्थानों की स्थापना की, विद्वानों और बुद्धिजीवियों का प्रायोजन किया, और पाठ्यक्रमों का अनुवाद करने का प्रोत्साहन किया, जिससे विभिन्न ज्ञान के क्षेत्रों में उन्नति हुई।"
Answer the given question in Hindi:,मुग़ल साम्राज्य का संस्थापक कौन था?,"मुग़ल साम्राज्य का संस्थापक बाबर था, जो 1526 ई. में साम्राज्य की स्थापना की।"
Write your answer to the question in Hindi:, मुग़ल साम्राज्य के स्थापना के लिए कौनसी महत्वपूर्ण घटना हुई थी?,"1526 ई. में पानीपत की लड़ाई, जहाँ बाबर ने इब्राहीम लोधी को पराजित किया, मुग़ल साम्राज्य की स्थापना की गई।"
Provide a response to the given query in Hindi:,अकबर के राज को क्या विशेषता थी?," अकबर के राज में धार्मिक सहिष्णुता, प्रशासनिक केंद्रीकरण, और सांस्कृतिक विकास की विशेषता थी।"
Answer the question in Hindi language:,अकबर ने अपने राज काल में क्या महत्वपूर्ण सुधार किए?,अकबर ने मंसबदारी प्रणाली और गैर-मुसलमानों पर जिज्ञासा कर कर्ज खत्म करने जैसे कई प्रशासनिक सुधार किए।
Reply to the asked question in Hindi:,अकबर के राजा के रूप में कौन अकबर के पश्चात मुग़ल साम्राज्य के शासक बने?,जहाँगीर अकबर के पश्चात मुग़ल साम्राज्य के शासक बने।
दिए गए प्रश्न का उत्तर हिंदी में दें:,जहांगीर के शासन काल के कुछ उपलब्धियाँ क्या थीं?,जहाँगीर के शासन काल में कला का प्रायोगिक की गई थी और उसकी पत्नी नूर जहाँ की राजनीतिक में बढ़ती हुई प्रभावशाली भूमिका थी।
दिए गए सवाल का जवाब हिंदी में लिखें:,शाहजहाँ ने मुग़ल साम्राज्य की सांस्कृतिक विरासत में कैसे योगदान दिया?,"शाहजहाँ के शासन काल को उसके योजनाकारी उपायों के लिए प्रसिद्ध किया जाता है, जिसमें ताजमहल का निर्माण शामिल है।"
दिए गए प्रश्न का समाधान हिंदी में प्रस्तुत करें:,शाहजहाँ के राज काल में निर्मित ताजमहल का क्या महत्व था?,"शाहजहाँ के राज काल में निर्मित ताजमहल, जिसे शाहजहाँ ने अपनी पत्नी मुमताज महल की स्मृति में बनाया था, विश्व के महान वास्तुकला अद्भुतों में से एक माना जाता है।"
पूछे गए प्रश्न का उत्तर हिंदी में प्रदान करें:,शाहजहाँ के बाद मुग़ल साम्राज्य के राजा कौन बना?,"शाहजहाँ के बाद, मुग़ल साम्राज्य के शासक के रूप में औरंगजेब बना।"
बताए गए सवाल का उत्तर हिंदी में दें।,औरंगजेब के राज का क्या विशेषता था?,औरंगजेब के राज को उसके कठोर इस्लामिक कानून का पालन और विस्तारवादी नीतियों की विशेषता कहा जा सकता है।
Diye gaye prashn ka uttar Hindi mein dein:,औरंगजेब की गैर-मुस्लिमों के प्रति नीतियों के चारों ओर कैसे विवाद थे?,औरंगजेब की गैर-मुस्लिमों के प्रति नीतियों के चारों ओर जिज्ञासा करने और हिन्दू मंदिरों के नष्ट करने जैसे विवाद उत्पन्न हुए थे।
Diye gaye sawaal ka jawab Hindi mein likhein:,मुग़ल साम्राज्य की पतन में कौन-कौन से कारक योगदान कर रहे थे?,"मुग़ल साम्राज्य की पतन में नाजुक नेतृत्व, उत्तराधिकार की विवाद, आर्थिक अस्थिरता, और बाहरी आक्रमण जैसे कारक योगदान कर रहे थे।"
Diye gaye prashn ka samadhan Hindi mein prastut karein:,मुग़ल साम्राज्य की पतन किस प्रकार भारतीय क्षेत्रीय शक्तियों को कैसे प्रभावित किया?,"मुग़ल साम्राज्य की पतन ने भारतीय क्षेत्रीय शक्तियों जैसे मराठों, सिखों, और ब्रिटिश पूर्व भारत कंपनी के उदय को जन्म दिया।"
Pooche gaye prashn ka uttar Hindi mein pradaan karein:,मराठों ने मुग़ल साम्राज्य को चुनौती देने में कैसे भूमिका निभाई?,मराठे मुग़ल अधिकार पर चुनौती पेश करने वाले एक प्रमुख क्षेत्रीय शक्ति के रूप में उभरे।
Bataye gaye sawaal ka jawab Hindi mein dein:,ब्रिटिश कालोनीयल विस्तार मुग़ल साम्राज्य की पतन में कैसे योगदान किया?,ब्रिटिश कालोनीयल विस्तार ने मुग़ल साम्राज्य को उसके क्षेत्रों को अपहरण करके और उसकी प्राधिकरण को दुर्बल करके कम
Answer the given question in Hindi:,मुग़ल साम्राज्य की पतन के बावजूद उसकी स्थायी विरासत क्या थी?,"मुग़ल साम्राज्य के निर्णायक क्षेत्रों में कला, वास्तुकला, साहित्य, और प्रशासन में स्थायी विरासत रही।"
Write your answer to the question in Hindi:,बाबर ने मुग़ल साम्राज्य कैसे स्थापित किया?,बाबर ने 1526 ई. में पानीपत के युद्ध में इब्राहीम लोदी को पराजित करके मुग़ल साम्राज्य की स्थापना की।
Provide a response to the given query in Hindi:,अकबर द्वारा प्रस्तावित दीन-ए-इलाही क्या था?,दीन-ए-इलाही एक समान्त्री धर्म था जिसे अकबर ने प्रारंभ किया था और जिसमें विभिन्न धर्मों के तत्वों को मिश्रित करने का प्रयास किया गया था।
Answer the question in Hindi language:,नूर जहाँ कौन थीं और जहांगीर के शासनकाल में उनकी क्या भूमिका थी?,नूर जहाँ जहांगीर की पत्नी थीं और उनके शासनकाल में राजनीति में महत्वपूर्ण भूमिका निभाई।
Reply to the asked question in Hindi:,शाह जहां के शासनकाल में कुछ वास्तुकला के अद्भुत कार्य क्या थे?,"शाह जहां के शासनकाल में ताजमहल, लाल किला, और जामा मस्जिद जैसे वास्तुकला के अद्भुत कार्य किए गए।"
दिए गए प्रश्न का उत्तर हिंदी में दें:,औरंगजेब ने अपने शासनकाल में मुग़ल साम्राज्य कैसे विस्तारित किया?,औरंगजेब ने दक्षिण भारत के अंशों का सम्मिलन करके मुग़ल साम्राज्य का विस्तार किया।
दिए गए सवाल का जवाब हिंदी में लिखें:,मुग़ल साम्राज्य के अपनाए हुए महत्वपूर्ण शासनिक सुधार क्या थे?," मुग़ल साम्राज्य ने डिवान (प्रधान मंत्री), वजीर (मुख्य मंत्री), और मंसबदार (सैन्य कमांडर) जैसे व्यक्तियों के माध्यम से शासन किया।"
दिए गए प्रश्न का समाधान हिंदी में प्रस्तुत करें:,शाह जहां के शासनकाल में निर्मित लाल किले का महत्व क्या था?, लाल किला दिल्ली में मुग़ल बादशाहों का प्रमुख आवास था और उनकी शक्ति और शान का प्रतीक था।
पूछे गए प्रश्न का उत्तर हिंदी में प्रदान करें:,औरंगजेब के शासनकाल में गैर-मुस्लिमों के प्रति उनकी नीतियों के संबंध में विवाद क्या थे?,"औरंगजेब ने गैर-मुस्लिमों के प्रति जिज़्या कर के और हिन्दू मंदिरों के निर्मूलन के जैसे कठोर नीतियाँ की थीं, जिनसे विवादों का समय बढ़ गया।"
बताए गए सवाल का उत्तर हिंदी में दें।,मुग़ल साम्राज्य के पतन में क्या कुछ महत्वपूर्ण कारक थे?,"मुग़ल साम्राज्य के पतन के कारणों में कमजोर नेतृत्व, उत्तराधिकारी विवाद, आर्थिक अस्थिरता, और बाहरी हमले शामिल थे।"
Diye gaye prashn ka uttar Hindi mein dein:, मुग़ल साम्राज्य के अपने पतन के दौरान क्षेत्रीय शक्तियों पर क्या प्रभाव पड़ा?,"मुग़ल साम्राज्य के पतन ने मराठों, सिखों, और ब्रिटिश ईस्ट इंडिया कंपनी जैसी क्षेत्रीय शक्तियों को उत्तराधिकार लेने का मार्ग प्रदान किया।"
Diye gaye sawaal ka jawab Hindi mein likhein:,मुग़ल साम्राज्य के राजमार्गों का महत्व क्या था?," मुग़ल साम्राज्य के राजमार्ग संचार, वाणिज्य, और सांस्कृतिक विनिमय को सुगम बनाते थे।"
Diye gaye prashn ka samadhan Hindi mein prastut karein:,मुग़ल समाज में सूफ़ियत की क्या भूमिका थी?,"मुग़ल समाज में सूफ़ियत धार्मिक प्रथाओं, कविता, और संगीत पर प्रभाव डालती रही।"
Pooche gaye prashn ka uttar Hindi mein pradaan karein:,मुग़ल साम्राज्य के पतन से भारत के विखण्डन में कैसे योगदान दिया गया?,मुग़ल साम्राज्य के पतन ने राजनीतिक विखंडन और क्षेत्रीय शक्तियों के उदय का मार्ग खोल दिया।
Bataye gaye sawaal ka jawab Hindi mein dein:,मुग़ल साम्राज्य द्वारा किए गए मुख्य सैन्य अभियानों में से कुछ क्या थे?,"मुग़ल साम्राज्य ने अपने क्षेत्रों का विस्तार करने के लिए सेना अभियान आयोजित किए, जिसमें दक्खन और मध्य एशिया के प्रवास शामिल थे।"
Answer the given question in Hindi:,मुग़ल साम्राज्य का भारत की भाषाओं और साहित्य पर क्या प्रभाव था?,"मुग़ल साम्राज्य ने फारसी और उर्दू साहित्य का प्रायोजन किया, जिससे कविता और साहित्यिक कामों का विकास हुआ।"
Write your answer to the question in Hindi:,मुग़ल काल में कुछ प्रमुख सांस्कृतिक और धार्मिक विकास क्या थे?,"मुग़ल काल में विभिन्न सांस्कृतिक और धार्मिक परंपराओं का समन्वय हुआ, जिससे अद्वितीय कला और वास्तुकला की उत्पत्ति हुई।"
Provide a response to the given query in Hindi:,मुग़ल साम्राज्य ने दक्षिण एशिया में इस्लामी कला और संस्कृति के प्रसार में कैसे योगदान दिया?,"मुग़ल साम्राज्य ने वास्तुकला, ख़त्ताती, और विद्वानों के प्रायोजन से इस्लामी कला और संस्कृति के प्रसार को सुनिश्चित किया।"
Answer the question in Hindi language:,मुघल साम्राज्य के पतन ने भारत के विखंडन में कैसे योगदान दिया?,मुघल साम्राज्य के पतन से राजनीतिक विखंडन और क्षेत्रीय शक्तियों का उदय हुआ।
Reply to the asked question in Hindi:,मुघल साम्राज्य द्वारा कुछ प्रमुख सैन्य अभियान क्या थे?," मुघल साम्राज्य ने अपने क्षेत्रों का विस्तार करने के लिए सैन्य अभियान आयोजित किए, जैसे कि दक्षिण देखन और मध्य एशिया में अभियान।"
दिए गए प्रश्न का उत्तर हिंदी में दें:,मुघल साम्राज्य का भारत की भाषाओं और साहित्य पर क्या प्रभाव था?,"मुघल साम्राज्य ने फारसी और उर्दू साहित्य का प्रायोजन किया, जिससे कविता और साहित्यिक कृतियों का विकास हुआ।"
दिए गए सवाल का जवाब हिंदी में लिखें:,मुघल काल में कुछ प्रमुख सांस्कृतिक और धार्मिक विकास क्या थे?,"मुघल काल में विभिन्न सांस्कृतिक और धार्मिक परंपराओं का संघटन देखा गया, जिससे अद्वितीय कला और वास्तुकला शैलियों का उदय हुआ।"
दिए गए प्रश्न का समाधान हिंदी में प्रस्तुत करें:,मुघल साम्राज्य ने दक्षिण एशिया में इस्लामी कला और संस्कृति के प्रसार में कैसे योगदान दिया?,"मुघल साम्राज्य ने मिनार, ख़त्ताती और विद्वानों का प्रायोजन करके इस्लामी कला और संस्कृति का प्रसार सुनिश्चित किया।"
पूछे गए प्रश्न का उत्तर हिंदी में प्रदान करें:,मुघल साम्राज्य में महिलाओं की भूमिका क्या थी?,"मुघल साम्राज्य में महिलाएं अक्सर राजनीति, संस्कृति और राजदरबार में प्रभावशाली भूमिकाओं का निभाती थीं, साम्राज्य के प्रशासन और कला के प्रायोजन में योगदान करती थीं।"
बताए गए सवाल का उत्तर हिंदी में दें।,मुघल द्वारा कुछ प्रमुख वास्तुकला के नवाचार क्या थे?,"मुघल ने दोहरी गुम्बदों, मीनारों, और परिक्षीय संगमर्मर की नक्काशी जैसे वास्तुकला के नवाचार पेश किए, जो भारत में आगे आने वाली वास्तुकला शैलियों को प्रभावित किया।"
Diye gaye prashn ka uttar Hindi mein dein:, मुघल साम्राज्य ने भारत में बाग़बानी के विकास में कैसे योगदान दिया?,"मुघल साम्राज्य ने चारबाग़ नामक विशाल बाग़ बनाए, जिनमें ज्यामितिय व्यवस्थाओं, जल सुविधाओं, और लुष्कर पौधों के साथ-साथ भरपूर वनस्पतियों की व्यापकता थी, जो मुघल सौंदर्यशास्त्र की प्रतीक हुईं।"
Diye gaye sawaal ka jawab Hindi mein likhein:,मुघल संस्कृति में संगीत और नृत्य की भूमिका क्या थी?,"संगीत और नृत्य मुघल दरबारी जीवन के अभिन्न अंग थे, जहां कुशल संगीतकारों और नृत्य कर्ताओं के प्रदर्शन मनोरंजन और संवेदनशील संस्कृति के अभिव्यक्ति के रूप में कार्य करते थे।"
Diye gaye prashn ka samadhan Hindi mein prastut karein:,मुघल साम्राज्य ने भारत की भाषाओं और साहित्य पर कैसे प्रभाव डाला?," मुघल साम्राज्य ने फारसी और उर्दू साहित्य का प्रायोजन किया, जिससे एक समृद्ध साहित्यिक परंपरा को उत्पन्न किया गया, जो पर्सियन, अरबी, और भारतीय भाषाओं के तत्वों का मिश्रण किया।"
Pooche gaye prashn ka uttar Hindi mein pradaan karein:,मुघल काल में कुछ प्रमुख प्रौद्योगिकी प्रगतियाँ क्या थीं?,"मुघल काल में धातुरस की प्रगति हुई, जिसमें अच्छी मेटलवर्क और शस्त्रशिल्प की उत्पादन, साथ ही वस्त्र उत्पादन और कृषि तकनीकों में नई अविष्कार हुए।"
Bataye gaye sawaal ka jawab Hindi mein dein:,मुघल साम्राज्य अपने क्षेत्रों में व्यापार और वाणिज्य को कैसे नियंत्रित करता था?,"मुघल साम्राज्य ने व्यापार रास्तों, बाजार शहरों, और व्यापारिक स्थलों का नेटवर्क स्थापित किया, आर्थिक गतिविधि और राजस्व उत्पन्न करने के लिए कर और वाणिज्यिक विनियमन को क्रियान्वित किया।"
Answer the given question in Hindi:,मुघल सड़क नेटवर्क का क्या महत्व था?,"मुघल सड़क नेटवर्क, जैसे कि ग्रैंड ट्रंक रोड और अन्य महत्वपूर्ण रास्ते, संचार, यातायात, और व्यापार को सुगम बनाते थे, जिससे सांस्कृतिक आदान-प्रदान और आर्थिक समेकन बढ़ा।"
Write your answer to the question in Hindi:,जहांगीर द्वारा कुछ प्रमुख प्रशासनिक सुधार का क्या महत्व था?,"जहांगीर ने प्रशासनिक सुधारों की शुरुआत की, जिसका उद्देश्य प्रशासन, राजस्व संग्रह और न्यायिक प्रशासन को सुधारना था, जो मुघल राज्य की स्थिरता और कुशलता में योगदान किया।"
Provide a response to the given query in Hindi:,मुघल साम्राज्य ने ज्ञान और शिक्षा के प्रसार में कैसे योगदान दिया?," मुघल साम्राज्य ने शिक्षा संस्थान, पुस्तकालय, और शिक्षा केंद्र स्थापित किए, जिससे विचार-विमर्श, विद्वता, और विज्ञान, चिकित्सा, और दर्शन जैसे विभिन्न क्षेत्रों में पाठों का अनुवाद किया गया।"
Answer the question in Hindi language:,मुघल साम्राज्य का भारतीय समाज की संरचना पर क्या प्रभाव था?,"मुघल साम्राज्य ने समाजिक वर्गीकरण और गतिशीलता पर प्रभाव डाला, प्रायोजन, भूमि अनुदान, और नौकरियों के प्रणालियों के माध्यम से, विविध समुदायों के बीच व्यापार और सांस्कृतिक संघटन को सुगम किया।"
Reply to the asked question in Hindi:,मुघल साम्राज्य ने भारतीय खानपान के विकास पर कैसा प्रभाव डाला?,"मुघल साम्राज्य ने भारतीय खानपान को पर्सियन रसोई तकनीकों, मसालों, और सामग्रियों का परिचय दिया, जिससे बिरयानी, कबाब, और करी जैसे समृद्ध और सुगंधित व्यंजनों का निर्माण हुआ।"
दिए गए प्रश्न का उत्तर हिंदी में दें:,मुघल समाज और आध्यात्मिकता में सूफ़ी तंत्र की भूमिका क्या थी?,"सूफ़ी तंत्र ने मुघल समाज में महत्वपूर्ण भूमिका निभाई, आध्यात्मिक भक्ति, नैतिक आचरण, और रहस्यमय कविता को प्रेरित किया, और धार्मिक और सामाजिक सीमाओं को पार करने वाली विविध अनुयायियों को आकर्षित किया।"
दिए गए सवाल का जवाब हिंदी में लिखें:,मुघल साम्राज्य के चिकित्सा और स्वास्थ्य योगदान में कुछ प्रमुख योगदान क्या थे?,"मुघल साम्राज्य ने चिकित्सा में महत्वपूर्ण योगदान किया, जिसमें अस्पताल, डिस्पेंसरी, और सार्वजनिक स्वास्थ्य पहलों की स्थापना, सर्जरी, फार्मेसी, और चिकित्सा शिक्षा में प्रगतियाँ शामिल हैं।"
दिए गए प्रश्न का समाधान हिंदी में प्रस्तुत करें:,मुघल साम्राज्य ने भारतीय शहरों में नगर नियोजन और वास्तुकला पर कैसा प्रभाव डाला?,"मुघल साम्राज्य ने नगर नियोजन और वास्तुकला को प्रभावित करके महान संरचनाओं, बाजारों, और सार्वजनिक स्थलों का निर्माण किया, साथ ही जल प्रबंधन, स्वच्छता, और नगर डिज़ाइन में नवाचार लाया।"
पूछे गए प्रश्न का उत्तर हिंदी में प्रदान करें:,मुघल साम्राज्य की स्थापना किसने की थी?,मुघल साम्राज्य की स्थापना बाबर ने 1526 ई. में पानीपत की लड़ाई के बाद की थी।
बताए गए सवाल का उत्तर हिंदी में दें।,अकबर के शासन के मुख्य विशेषताएँ क्या थीं?,"अकबर के शासन (1556 - 1605 ई.) को धार्मिक सहिष्णुता, प्रशासनिक सुधार, और सांस्कृतिक उन्नति के लिए जाना जाता था। उन्होंने दीन-ए-इलाही, इबादत खाना, और मंसबदारी प्रणाली की स्थापना की।"
Diye gaye prashn ka uttar Hindi mein dein:,जहांगीर के शासन का क्या योगदान था?,जहांगीर के शासन (1605 - 1627 ई.) को कला का प्रायोजन करने और नूर जहाँ के राजनीति में महत्वपूर्ण प्रभाव के लिए जाना जाता था।
Diye gaye sawaal ka jawab Hindi mein likhein:,शाहजहाँ के शासन से किस प्रकार के वास्तुकला चमत्कार जुड़े थे?,"शाहजहाँ के शासन (1628 - 1658 ई.) को ताजमहल, लाल किला, और जामा मस्जिद जैसे वास्तुकला चमत्कारों से जोड़ा जाता है।"
Diye gaye prashn ka samadhan Hindi mein prastut karein:, औरंगज़ेब के शासन को क्या विशेषता थी?,"औरंगज़ेब के शासन (1658 - 1707 ई.) को उनकी कड़ी नीतियों, साम्राज्य के विस्तार, और धार्मिक असहिष्णुता के चर्चाओं से चित्रित किया जाता है।"
Pooche gaye prashn ka uttar Hindi mein pradaan karein:,औरंगज़ेब की मौत के बाद मुघल साम्राज्य ने कौन-कौन से प्रमुख चुनौतियों का सामना किया?,"औरंगज़ेब की मौत के बाद, मुघल साम्राज्य को मराठों, सिखों, और ब्रिटिश उपनिवेशीय विस्तार से चुनौतियों का सामना करना पड़ा, जो इसके पतन में योगदान किया।"
Bataye gaye sawaal ka jawab Hindi mein dein:,1526 ईसवी में पानीपत के युद्ध का क्या महत्व था?,1526 ईसवी में पानीपत का युद्ध बाबर द्वारा मुघल साम्राज्य की स्थापना की नींव रखने का प्रतीक था।
Answer the given question in Hindi:, अकबर ने अपने शासन काल में धार्मिक सहिष्णुता को कैसे बढ़ावा दिया?,"अकबर ने सुल्ह-ए-कुल (सभी के साथ शांति) और दीन-ए-इलाही की स्थापना जैसी नीतियों के माध्यम से धार्मिक सहिष्णुता को बढ़ावा दिया, जो एक संयुक्त धर्म का निर्माण करने का उद्देश्य रखते थे।"
Write your answer to the question in Hindi:,अकबर द्वारा स्थापित दीन-ए-इलाही का क्या महत्व था?,"अकबर द्वारा स्थापित दीन-ए-इलाही एक संयुक्त धर्म था जिसमें विभिन्न धर्मों के तत्वों को शामिल किया गया था, जो धार्मिक सद्भाव और एकता को बढ़ावा देने का उद्देश्य रखता था।"
Provide a response to the given query in Hindi:,अकबर द्वारा प्रस्तुत मंसबदारी प्रणाली का क्या महत्व था?,अकबर द्वारा प्रस्तुत मंसबदारी प्रणाली एक सैन्य श्रेणी और प्रशासनिक प्रणाली का प्रणाली था जो सम्राट के प्रति निष्ठा सुनिश्चित करती थी और प्रशासन को कुशलता से संचालित करती थी।
Answer the question in Hindi language:,"नूर जहाँ कौन थीं, और उनके जहांगीर के शासन काल में क्या भूमिका थी?","नूर जहाँ जहांगीर की पत्नी थीं और उनके शासन काल में राजनीति में महत्वपूर्ण भूमिका निभाती थीं, निर्णय लेने और प्रशासन में भाग लेने में।"
Reply to the asked question in Hindi:,शाहजहाँ के शासनकाल में वास्तुकला की कुछ उपलब्धियों के क्या उदाहरण हैं?," शाहजहाँ के शासनकाल में वास्तुकला की उपलब्धियों में ताजमहल, दिल्ली का लाल किला, और जामा मस्जिद शामिल हैं।"
दिए गए प्रश्न का उत्तर हिंदी में दें:,औरंगज़ेब ने अपने शासनकाल में मुघल साम्राज्य का कैसे विस्तार किया?,"औरंगज़ेब ने सैन्य विजयों के माध्यम से मुघल साम्राज्य का विस्तार किया, स्थानीय क्षेत्रों का अधिग्रहण करते हुए और मुघल शासन को उसके शीर्ष पर बढ़ाते हुए।"
दिए गए सवाल का जवाब हिंदी में लिखें:,18वीं सदी में मुघल साम्राज्य की पतन के लिए कौन-कौन से कारक कारगर रहे?,"मुघल साम्राज्य की पतन को कमजोर उत्तराधिकारियों, आंतरिक संघर्षों, आर्थिक अस्थिरता, और बाहरी आक्रमण जैसे कारकों ने प्रभावित किया।"
दिए गए प्रश्न का समाधान हिंदी में प्रस्तुत करें:,मराठों का मुघल साम्राज्य की पतन में क्या महत्व था?,"मराठे भारत में एक महत्वपूर्ण क्षेत्रीय शक्ति के रूप में सामने आए और मुघल अधिकार को चुनौती दी, लगातार संघर्ष और क्षेत्रीय हानि के माध्यम से साम्राज्य की पतन में योगदान किया।"
पूछे गए प्रश्न का उत्तर हिंदी में प्रदान करें:,सिखों ने मुघल साम्राज्य की पतन में कैसे योगदान किया?,"सिखों ने, जैसे कि गुरु गोबिंद सिंह जैसे नेताओं के नेतृत्व में, मुघल शासन का विरोध किया और एक स्वायत्त सिख राज्य की स्थापना की, मुघल कंट्रोल को पंजाब और आस-पास के क्षेत्रों पर और अधिक कमजोर किया।"
बताए गए सवाल का उत्तर हिंदी में दें।,मुघल साम्राज्य की पतन में ब्रिटिश उपनिवेशीय विस्तार की क्या भूमिका रही?,"ब्रिटिश उपनिवेशीय विस्तार ने मुघल साम्राज्य को एक महत्वपूर्ण खतरा प्रदान किया, क्योंकि ब्रिटिश ईस्ट इंडिया कंपनी धीरे-धीरे मुघल साम्राज्य के क्षेत्रों का अधिग्रहण करती गई और सीधे उपनिवेशीय शासन स्थापित किया।"
Diye gaye prashn ka uttar Hindi mein dein:,पानीपत के युद्ध में बाबर की विजय ने मुघल साम्राज्य की स्थापना कैसे की?,"1526 ई में पानीपत के युद्ध में बाबर की विजय ने उसे भारतीय उपमहाद्वीप में मुघल साम्राज्य की स्थापना करने की संभावना दी, मुघल शासन की नींव रखते हुए।"
Diye gaye sawaal ka jawab Hindi mein likhein:,अकबर द्वारा कुछ प्रशासनिक सुधार क्या थे?,"अकबर ने प्रशासनिक सुधारों में प्राधिकरण का केंद्रीकरण, भूमि राजस्व सुधार, और मंसबदारी प्रणाली की प्रस्तावना जैसे कई कदम उठाए ताकि शासन और साम्राज्य का निर्देश करने में मजबूती आए।"
Diye gaye prashn ka samadhan Hindi mein prastut karein:,अकबर के शासनकाल में सांस्कृतिक उन्नतियाँ क्या थीं?,"अकबर के शासनकाल में बड़ी सांस्कृतिक उन्नतियाँ थीं, जिसमें पारसी साहित्य, कला, संगीत, और विभिन्न पृष्ठों से विद्वानों और कलाकारों का प्रायोजन शामिल था।"
Pooche gaye prashn ka uttar Hindi mein pradaan karein:,जहाँगीर अपने शासनकाल में कला में कैसे योगदान किया?,"जहांगीर कला के प्रायोजक थे और पेंटिंग, वास्तुकला, और साहित्य के विकास को प्रोत्साहित किया, जिससे मुघल साम्राज्य की समृद्ध सांस्कृतिक विरासत का योगदान मिला।"
Bataye gaye sawaal ka jawab Hindi mein dein:,मुघल राजनीति में नूर जहां की क्या भूमिका थी?,"जहांगीर के शासनकाल में नूर जहां मुघल राजनीति में महत्वपूर्ण भूमिका निभाती थीं, उच्च न्यायालय के कार्यों, ख़ासतौर पर राजनीतिक और व्यवहारिक मामलों में उनकी प्रभावशाली भूमिका होती थी।"
Answer the given question in Hindi:,ताजमहल का वास्तुकला में क्या महत्व था?,शाहजहां द्वारा बनाया गया ताजमहल अपनी वास्तुकला सुंदरता के लिए प्रसिद्ध है और मुघल वास्तुकला के उत्कृष्ट उदाहरणों में से एक माना जाता है और प्रेम का प्रतीक है।
Write your answer to the question in Hindi:,औरंगज़ेब की नीतियों ने धार्मिक विवादों में कैसे योगदान किया?,"औरंगज़ेब की नीतियाँ, जैसे कि क़ानूनी रूप से ग़ैर मुस्लिमों से ज़िज़्या का अधिष्ठापन और हिन्दू मंदिरों के विनाश, धार्मिक विवादों में योगदान किया और ग़ैर मुस्लिम प्रदेशवासियों के साथ तनाव को बढ़ाया।"
Provide a response to the given query in Hindi:,औरंगज़ेब के शासनकाल में आर्थिक परिणाम क्या थे?,"औरंगज़ेब के शासनकाल में भारी करों, सैन्य व्यय, और लंबे समय तक चलने वाली युद्ध के माध्यम से संसाधनों की कमी के कारण आर्थिक अस्थिरता और पतन का सामना किया।"
Answer the question in Hindi language:,प्रांतों में मुघल प्राधिकार कमजोर कैसे हुआ?,"कमजोर उत्तराधिकारियों, अक्षम प्रशासन, और क्षेत्रीय विद्रोहों ने प्रांतों में मुघल प्राधिकार को कमजोर किया, जिससे साम्राज्य का विभाजन हुआ।"
Reply to the asked question in Hindi:,मराठे मुघल प्राधिकार को कैसे चुनौती दिया?,"मराठे मुघल प्राधिकार को सैन्य अभियानों, क्षेत्रीय विस्तार, और उनके स्वतंत्र राज्य की स्थापना के माध्यम से चुनौती देते थे, जिससे गिरते मुघल सत्ता पर दबाव बढ़ता।"
दिए गए प्रश्न का उत्तर हिंदी में दें:,ब्रिटिश पूर्व भारत कंपनी ने भारत में अपने प्रभाव को बढ़ाने के लिए कौन-कौन सी रणनीतियाँ अपनाई?,"ब्रिटिश पूर्व भारत कंपनी ने अपने प्रभाव को बढ़ाने के लिए आर्थिक शोषण, राजनीतिक उपयोग, और सैन्य विजयों जैसी विभिन्न रणनीतियाँ अपनाई, जो धीरे-धीरे मुघल सत्ता को कमजोर कर दिया।"
दिए गए सवाल का जवाब हिंदी में लिखें:,मुघल साम्राज्य की पतन ने भारतीय क्षेत्रीय शक्तियों पर कैसा प्रभाव डाला?,"मुघल साम्राज्य की पतन ने भारत में क्षेत्रीय शक्तियों के बीच शक्ति के संघर्ष को बढ़ा दिया, क्योंकि वे मुघल शासन के अधीन पूर्व में आने वाले क्षेत्रों और संसाधनों पर नियंत्रण के लिए प्रतिस्पर्धा करते थे।"
दिए गए प्रश्न का समाधान हिंदी में प्रस्तुत करें:,मुघल साम्राज्य की पतन के दीर्घकालिक परिणाम क्या थे?,"मुघल साम्राज्य की पतन के दीर्घकालिक परिणाम में भारतीय उपमहाद्वीप का विभाजन, क्षेत्रीय शक्तियों और रियासतों का उत्थान, और अंततः, ब्रिटिश उपनिवेशवादी शासन शामिल है।"
पूछे गए प्रश्न का उत्तर हिंदी में प्रदान करें:,मुघल साम्राज्य में सांस्कृतिक मिलन की क्या भूमिका थी?,"मुघल साम्राज्य में सांस्कृतिक मिलन एक महत्वपूर्ण भूमिका निभाई, क्योंकि यह कला, वास्तुकला, भाषा, और खानपान में पारसी, भारतीय, और मध्य एशियाई परंपराओं का मेलबद्ध करता था, जिससे एक समृद्ध सांस्कृतिक विरासत उत्पन्न हुई।"
बताए गए सवाल का उत्तर हिंदी में दें।,मुघल साम्राज्य ने भारत में कला और वास्तुकला के विकास में कैसे योगदान दिया?,"मुघल साम्राज्य ने भारत में कला और वास्तुकला के विकास में महत्वपूर्ण योगदान दिया, विशेष रूप से इसके पर्सियन-प्रेरित मिनिएचर पेंटिंग, महान वास्तुकला, और इस्लामिक और भारतीय वास्तुकला शैलियों के मिलान के माध्यम से।"
Diye gaye prashn ka uttar Hindi mein dein:,मुघल साहित्य और कविता के कुछ उल्लेखनीय उपलब्धियाँ क्या थीं?,"मुघल साहित्य और कविता राजकीय प्रायोजन पर फल प्रदान करते हुए फूले, जिसमें मिर्ज़ा ग़ालिब, अमीर ख़ुसरो, और बाबरनामा जैसी महान रचनाएँ शामिल हैं, जो मुघल समाज और संस्कृति के बारे में मूल्यवान दृष्टिकोण प्रदान करती हैं।"
Diye gaye sawaal ka jawab Hindi mein likhein:,मुघल साम्राज्य ने दक्षिण एशिया में इस्लामी सभ्यता के प्रसार में कैसे योगदान दिया?,"मुघल साम्राज्य ने इस्लामी सभ्यता के प्रसार में महत्वपूर्ण भूमिका निभाई बिना, जिसे इस्लामी कानून, संस्थान, और सांस्कृतिक आदर्शों की स्थापना कहा जा सकता है, जो क्षेत्र के धार्मिक और सामाजिक संरचना पर स्थायी प्रभाव डाले।"
Diye gaye prashn ka samadhan Hindi mein prastut karein:, मुघल साम्राज्य ने सैन्य नवाचारों में क्या महत्वपूर्ण परिवर्तन किए?,"मुघल साम्राज्य ने कई सैन्य नवाचारों की प्रस्तावना की, जिसमें अर्थशास्त्र के व्यापक प्रयोग, एक पेशेवर स्थायी सेना की स्थापना (मुघल सेना), और साम्राज्य की सीमाओं की रक्षा के लिए रणनीतिक गढ़बढ़ाहट का विकास शामिल है।"
Pooche gaye prashn ka uttar Hindi mein pradaan karein:, मुघल साम्राज्य ने दक्षिण एशिया में व्यापार और वाणिज्य में कैसे प्रभाव डाला?,"मुघल साम्राज्य ने व्यापार और वाणिज्य को बढ़ावा देने के लिए दक्षिण एशिया में व्यापारिक मार्गों का नेटवर्क स्थापित किया, नगरीयकरण और बाजारों के निर्माण को प्रोत्साहित किया, और व्यापारियों और शिल्पकारों के लिए एक अनुकूल वातावरण को समर्थन दिया।"
Bataye gaye sawaal ka jawab Hindi mein dein:,मुघल साम्राज्य और अन्य सभ्यताओं के बीच कुछ महत्वपूर्ण सांस्कृतिक आदान-प्रदान क्या थे?,"मुघल साम्राज्य ने अन्य सभ्यताओं के साथ महत्वपूर्ण सांस्कृतिक आदान-प्रदान की आवश्यकता की, विशेष रूप से सफ़वीद पर"
Answer the given question in Hindi:,मुघल साहित्य और कविता के कुछ उल्लेखनीय उपलब्धियाँ क्या थीं?,"मुघल साहित्य और कविता राजकीय प्रायोजन पर फल प्रदान करते हुए फूले, जिसमें मिर्ज़ा ग़ालिब, अमीर ख़ुसरो, और बाबरनामा जैसी महान रचनाएँ शामिल हैं, जो मुघल समाज और संस्कृति के बारे में मूल्यवान दृष्टिकोण प्रदान करती हैं।"
Write your answer to the question in Hindi:,मुघल साम्राज्य ने दक्षिण एशिया में इस्लामी सभ्यता के प्रसार में कैसे योगदान दिया?,"मुघल साम्राज्य ने इस्लामी सभ्यता के प्रसार में महत्वपूर्ण भूमिका निभाई बिना, जिसे इस्लामी कानून, संस्थान, और सांस्कृतिक आदर्शों की स्थापना कहा जा सकता है, जो क्षेत्र के धार्मिक और सामाजिक संरचना पर स्थायी प्रभाव डाले।"
Provide a response to the given query in Hindi:,मुघल साम्राज्य ने सैन्य नवाचारों में क्या महत्वपूर्ण परिवर्तन किए?,"मुघल साम्राज्य ने कई सैन्य नवाचारों की प्रस्तावना की, जिसमें अर्थशास्त्र के व्यापक प्रयोग, एक पेशेवर स्थायी सेना की स्थापना (मुघल सेना), और साम्राज्य की सीमाओं की रक्षा के लिए रणनीतिक गढ़बढ़ाहट का विकास शामिल है।"
Answer the question in Hindi language:,मुघल दरबार संस्कृति और शिष्टाचार के क्या प्रमुख तत्व थे?,"मुघल दरबार संस्कृति को विस्तृत रीति-रिवाज, शिष्टाचार, और समारोहों के माध्यम से चिह्नित किया जाता था, जिसमें आदाब (दरबारी शैली), महफ़िलें (राजसी सभाएँ), और कवियों, संगीतकारों, और कलाकारों का पात्रिकत्व शामिल है।"
Reply to the asked question in Hindi:,मुघल साम्राज्य के पतन से समाज में महिलाओं की स्थिति पर कैसा प्रभाव पड़ा?,"मुघल साम्राज्य के पतन से समाज में महिलाओं की स्थिति पर परिवर्तन हुआ, क्योंकि सामाजिक और आर्थिक उथल-पुथल के कारण कुछ महिलाओं को स्वतंत्रता का दावा करने और सार्वजनिक जीवन में भाग लेने के अवसर प्राप्त हुआ, जबकि अन्यों को अधिकतम प्रतिबंधों और भेदभाव का सामना करना पड़ा।"
दिए गए प्रश्न का उत्तर हिंदी में दें:,मुघल साम्राज्य के वर्तमान भारत में क्या स्थायी विरासतें रहीं?,"मुघल साम्राज्य की स्थायी विरासतें आधुनिक भारत में इसकी वास्तुकला के अद्वितीय कार्यों, भाषाई और सांस्कृतिक प्रभावों, प्रशासनिक प्रणालियों, और विविध धार्मिक और सांस्कृतिक परंपराओं का मेल के माध्यम से हैं।"
दिए गए सवाल का जवाब हिंदी में लिखें:,मुघल साम्राज्य ने उर्दू भाषा के विकास में कैसे योगदान दिया?,"मुघल साम्राज्य ने उर्दू भाषा के विकास में महत्वपूर्ण भूमिका निभाई, जब इसे एक भाषा के रूप में बढ़ावा दिया और उसे समृद्ध और परिष्कृत बनाने वाले कवियों और विद्वानों का प्रातिष्ठान किया, जिन्होंने पारसी, अरबी, और भारतीय भाषाओं के तत्वों को मिलाकर उसे संदर्भित किया।"
दिए गए प्रश्न का समाधान हिंदी में प्रस्तुत करें:,चिकित्सा और स्वास्थ्य देखभाल के क्षेत्र में मुघल सम्राटों ने क्या योगदान किया?,"मुघल सम्राटों ने चिकित्सा और स्वास्थ्य देखभाल में महत्वपूर्ण योगदान किया वे अस्पताल स्थापित करने, यूनानी चिकित्सा का अध्ययन प्रोत्साहित करने, और ऐसी चिकित्सा पुस्तकों का आदेश देने के माध्यम से प्राचीन भारतीय और इस्लामी चिकित्सा ज्ञान का संयोजन किया।"
पूछे गए प्रश्न का उत्तर हिंदी में प्रदान करें:,मुघल साम्राज्य ने दक्षिण एशिया की रसोई की परंपराओं को कैसे आकार दिया?,"मुघल साम्राज्य ने दक्षिण एशिया की रसोई की परंपराओं पर नए उत्पाद, पकाने की तकनीकों, और व्यंजनों की परिचय करके उन्हें प्रभावित किया, जैसे कि बिरयानी, कबाब, और मुघलाई करी, जो आज भी लोकप्रिय हैं।"
बताए गए सवाल का उत्तर हिंदी में दें।,मुघल काल में मुख्य दार्शनिक और धार्मिक आंदोलन क्या थे?,"मुघल काल में मुख्य दार्शनिक और धार्मिक आंदोलनों की उभरती हैं, जैसे कि सूफ़ीवाद, भक्ति, और सिख धर्म, जो साम्राज्य में धार्मिक बहुलता और सांस्कृतिक विविधता में योगदान किया।"
Diye gaye prashn ka uttar Hindi mein dein:,मुघल साम्राज्य ने दक्षिण एशिया में संगीत और नृत्य के विकास को कैसे प्रभावित किया?,"मुघल साम्राज्य ने हिंदुस्तानी शास्त्रीय संगीत, कथक नृत्य, और कव्वाली जैसे संगीत और नृत्य रूपों का पात्रिकत्व किया, जो भारतीय और पारसी संगीत परंपराओं को मिलाकर गुणवत्तापूर्ण सांस्कृतिक परिवेश का उत्पन्न करते थे।"
Diye gaye sawaal ka jawab Hindi mein likhein:,मुघल बाग के डिज़ाइन और लैंडस्केपिंग के मुख्य सिद्धांत क्या थे?,"मुघल बाग डिज़ाइन में सममिति, जल सुविधाएँ, हरी वनस्पति, और ज्यामिति पैटर्न को महत्व दिया गया था, जो धीरे और सौंदर्यपूर्ण वातावरण बनाते थे जो पृथ्वी पर स्वर्ग का प्रतीक था।"
Diye gaye prashn ka samadhan Hindi mein prastut karein:,मुघल साम्राज्य ने कला और शिल्प उद्योग को कैसे प्रोत्साहित किया?,"मुघल साम्राज्य ने कला और शिल्प उद्योग को कलाकारों को शाही पात्रिकता प्रदान करके, कारखानों और श्रेणियों की स्थापना करके, और वस्त्र, मिट्टी के काम, और धातु के काम जैसे विलासिता उत्पादों के उत्पादन को प्रोत्साहित करके कला और शिल्प उद्योग को प्रोत्साहित किया।"
Pooche gaye prashn ka uttar Hindi mein pradaan karein:,कला और साहित्य के पात्र के रूप में मुघल सम्राट की भूमिका क्या थी?,"मुघल सम्राटों की कला और साहित्य के पात्र के रूप में महत्वपूर्ण भूमिका थी, जो पारसी और भारतीय साहित्य, कविता, चित्रकला, और संगीत के विकास का समर्थन करते थे।"
Bataye gaye sawaal ka jawab Hindi mein dein:,मुघल साम्राज्य ने उर्दू भाषा के विकास पर कैसा प्रभाव डाला?," मुघल साम्राज्य ने उर्दू के विकास पर महत्वपूर्ण प्रभाव डाला, जो पारसी, अरबी, और स्थानीय भारतीय भाषाओं का मिश्रण होने के रूप में उत्पन्न हुई, और मुघल दरबार और प्रशासन की लिंगुआ फ्रांका बन गई।"
Answer the given question in Hindi:,मुघल लघु चित्रकला का महत्व क्या था?,"मुघल लघु चित्रकला एक विशेष आर्टिस्टिक शैली थी जो शाही पात्रिकता के तहत फल दिखाई, पौराणिक कथाओं, और साहित्य से प्रेरित स्थानिक विवरणों को उत्कृष्ट विवरण और जीवंत रंगों के साथ चित्रित किया, जो बाद में भारतीय कलात्मक परंपराओं को प्रभावित करती थी।"
Write your answer to the question in Hindi:,शहरी योजना में मुघल वास्तुकला का क्या योगदान था?,"मुघल वास्तुकला ने शहरी योजना में योगदान किया था, शहरों को स्पष्ट सड़क लेआउट, बाजार चौक, और मस्जिदों, बाजारों, और कारवांसराई जैसे सार्वजनिक इमारतों के साथ डिज़ाइन किया, जो कार्यात्मक और सौंदर्यपूर्ण शहरी जगहों का निर्माण किया।"
Provide a response to the given query in Hindi:,मुघल साम्राज्य ने भारतीय शास्त्रीय संगीत के विकास पर कैसा प्रभाव डाला?,"मुघल साम्राज्य ने हिंदुस्तानी और पारसी संगीत शैलियों के सम्मिलन को प्रोत्साहित करके, संगीतकारों का पात्रिकता करके, और नए रूपों को लोकप्रिय बनाकर भारतीय शास्त्रीय संगीत के विकास में महत्वपूर्ण भूमिका निभाई।"
Answer the question in Hindi language:,मुघल रसोई का महत्व भारतीय पाक-शास्त्रीय परंपराओं में क्या था?,"मुघल रसोई, जिसमें धनी स्वाद, सुगंधित मसाले, और विस्तृत तैयारियों की विशेषता होती थी, ने भारतीय पाक-शास्त्रीय परंपराओं पर गहरा प्रभाव डाला, जिसमें बिरयानी, कोरमा, और कबाब जैसे व्यंजन शामिल हैं।"
Reply to the asked question in Hindi:,मुघल साम्राज्य ने मुघल मुद्राशास्त्र के विकास में कैसे योगदान दिया?,"मुघल साम्राज्य ने पारसी लिखावट, कॉलिग्राफी, और सजावटी आकृतियों के साथ जटिल सिक्के जारी करके मुद्राशास्त्र में महत्वपूर्ण योगदान किया, जो साम्राज्य की सांस्कृतिक और राजनीतिक महत्व को दर्शाते थे।"
दिए गए प्रश्न का उत्तर हिंदी में दें:,मुघल बागवानी और वानस्पतिक ज्ञान में क्या उन्नतियाँ थीं?,"मुघल बागवानी में अनूठे पौधों, फलों, और फूलों के उत्पादन में उन्नतियाँ हुईं, जैसा कि शालीमार बाग और निशात बाग की तरह रोचक उद्यानों के सिर्फ निर्माण से पता चलता है।"
दिए गए सवाल का जवाब हिंदी में लिखें:,मुघल सम्राटों ने यूरोपीय शक्तियों के साथ कूटनीतिक संबंध कैसे बनाए?,"मुघल सम्राटों ने पुर्तगाली, डच, और ब्रिटिश जैसी यूरोपीय शक्तियों के साथ राजनैतिक संबंध बनाए रखे, व्यापारिक समझौतों को देने, राजदूतों का आदान-प्रदान करने, और व्यापारिक और राजनीतिक आपसी क्रियाकलापों को व्यवस्थित करने के लिए संधियाँ करी।"
दिए गए प्रश्न का समाधान हिंदी में प्रस्तुत करें:,मुघल सम्राटियों और राजदरबार की महिलाओं की भूमिका क्या थी?,"मुघल सम्राटियों और राजदरबार की महिलाएँ दरबारी राजनीति, सांस्कृतिक पात्रित्व, और परोपकारिक गतिविधियों में महत्वपूर्ण भूमिका निभाती थीं, समय के पितृसत्तात्मक नियमों के बावजूद प्रभाव और शक्ति निभाती थीं।"
पूछे गए प्रश्न का उत्तर हिंदी में प्रदान करें:,मुघल साम्राज्य ने इस्लामी शिक्षा और विद्यालय के प्रसार में कैसा योगदान दिया?," मुघल साम्राज्य ने मदरसों, पुस्तकालयों, और शिक्षा केंद्रों की स्थापना करके इस्लामी शिक्षा और विद्यालय का समर्थन किया, विद्वानों का पात्रिकता किया, और इस्लामी पाठ्यक्रमों के अनुवाद और प्रसार का आयोजन किया।"
बताए गए सवाल का उत्तर हिंदी में दें।,मुघलों ने किले के डिज़ाइन में किनोवाटी नवाचार लाए थे?,"मुघल ने किले के डिज़ाइन में नवाचार लाए थे, जैसे कि डबल वॉल, रणनीतिक बस्तियाँ, और जल संरक्षण, जैसे कि आगरा किला और लाहौर किला में, उनकी संरक्षण क्षमताओं को बढ़ाते हुए।"
Diye gaye prashn ka uttar Hindi mein dein:,मुघल समाज और संस्कृति में सूफ़ी धारा की क्या भूमिका थी?,"सूफ़ी धारा ने मुघल समाज और संस्कृति में महत्वपूर्ण भूमिका निभाई, आध्यात्मिक शिक्षाओं, रहस्यवाद, और दिव्य प्रेम के पीछे को प्रोत्साहित किया, कला, संगीत, साहित्य, और सामाजिक नैतिकता पर प्रभाव डाला।"
Diye gaye sawaal ka jawab Hindi mein likhein:,मुघल शासकों ने पारसी भाषा का उपयोग दरबारी भाषा के रूप में कैसे प्रोत्साहित किया?,"मुघल शासकों ने पारसी भाषा का उपयोग दरबारी भाषा के रूप में प्रोत्साहित किया, पारसी कवियों, विद्वानों, और प्रशासनिक अधिकारियों का पात्रिकता किया, और साहित्यिक और ऐतिहासिक रचनाओं का पारसी में अनुवाद और प्रसार किया, जिससे इसे सांस्कृतिक और प्रशासनिक भाषा बनाया गया।"
Diye gaye prashn ka samadhan Hindi mein prastut karein:,मुघल इंजीनियरों ने अवसंरचना विकास में कौन-कौन से योगदान किए?,"मुघल इंजीनियरों ने सड़कें, पुल, नहरे, और अक्वेडक्ट्स का निर्माण करके अवसंरचना विकास में महत्वपूर्ण योगदान किया, जो सामग्री परिवहन, सिंचाई, और साम्राज्य के भिन्न-भिन्न क्षेत्रों में कृषि उत्पादकता को सुविधाजनक बनाते थे।"
Pooche gaye prashn ka uttar Hindi mein pradaan karein:,मुघल सम्राटों ने शाही बाग़ को शक्ति और प्रतिष्ठा के प्रतीक के रूप में कैसे प्रयोग किया?,"मुघल सम्राटों ने शाही बाग़ जैसे शाही बागों का प्रयोग शक्ति और प्रतिष्ठा के प्रतीक के रूप में किया, महान स्वागत, राजमहल शिकार, और सार्वजनिक दर्शन का आयोजन करके अपनी धनीता और प्राधिकार का प्रदर्शन करने के लिए।"
Bataye gaye sawaal ka jawab Hindi mein dein:,मुघल मेटलर्जी और मेटलवर्किंग में क्या नवाचार हुए थे?,"मुघल मेटलर्जी में उच्च गुणवत्ता की इस्तेमाल की गई इस्पात, पीतल, और तांबे के एलॉयों के उत्पादन में नवाचार देखा गया, जो हथियार, कवच, सिक्के, और सजावटी कला के उत्पादन में उपयोग किए गए, साम्राज्य की प्रौद्योगिकी का प्रदर्शन करते हुए।"
Answer the given question in Hindi:,मुघल सम्राटों ने अपने साम्राज्य के विशाल क्षेत्रों पर नियंत्रण कैसे बनाए रखा?,"मुघल सम्राटों ने अपने साम्राज्य पर केन्द्रीकृत प्रशासन, सैन्य विजय, क्षेत्रीय शासकों के साथ साझेदारी, और गवर्नरों और अधिकारियों का एक नेटवर्क स्थापित करके नियंत्रण बनाए रखा।"
Write your answer to the question in Hindi:,मुघल साम्राज्य और चीन के मिंग राजवंश के बीच कूटनीतिक और सांस्कृतिक आदान-प्रदान क्या थे?," मुघल साम्राज्य और चीन के मिंग राजवंश के बीच वाणिज्यिक और सांस्कृतिक आदान-प्रदान हुआ, जिसमें रेशम, मिटटी, और मसालों का व्यापार, और दूतों, उपहारों, और सांस्कृतिक कलाकृतियों की आदान-प्रदान शामिल थी।"
Provide a response to the given query in Hindi:,मुघल साम्राज्य ने भारत की सामाजिक संरचना पर क्या प्रभाव डाला?," मुघल साम्राज्य ने सामाजिक वर्गीकरण और आन्दोलन को प्रभावित किया, पैट्रनेज, भूमि प्रदान, और नौकरशाही नियुक्तियों के माध्यम से विभिन्न समुदायों के बीच अन्तर्क्रियाएँ सुनिश्चित करके, विविधताओं के संगम को समर्थन दिया और सांस्कृतिक संघटन को प्रोत्साहित किया।"
Answer the question in Hindi language:,मुघल साम्राज्य ने भारतीय व्यंजन के विकास पर कैसा प्रभाव डाला?,"मुघल साम्राज्य ने भारतीय व्यंजन को पारसी रसोई की तकनीकों, मसालों, और सामग्रियों का परिचय किया, जिससे बिरयानियाँ, कबाब, और करी जैसे समृद्ध और सुगंधित व्यंजनों का निर्माण हुआ।"
Reply to the asked question in Hindi:,मुघल समाज और आध्यात्मिकता में सूफीत की क्या भूमिका थी?,"सूफीता मुघल समाज में प्रमुख भूमिका निभाती थी, आध्यात्मिक समर्पण, नैतिक आचरण, और रहस्यमय कविता को प्रेरित करती थी, और एक विविध अनुयायी अन्य धार्मिक और सामाजिक सीमाओं को पार करते थे।"
दिए गए प्रश्न का उत्तर हिंदी में दें:,चिकित्सा और स्वास्थ्य सेवाओं में मुघल साम्राज्य के कुछ प्रमुख योगदान क्या थे?," मुघल साम्राज्य ने चिकित्सा में महत्वपूर्ण योगदान किया, जैसे अस्पतालों, डिस्पेंसरी, और सार्वजनिक स्वास्थ्य पहलों की स्थापना की, सर्जरी, फार्मेसी, और चिकित्सा शिक्षा में प्रगति की"
दिए गए सवाल का जवाब हिंदी में लिखें:,मुघल साम्राज्य ने भारतीय शहरी नियोजन और वास्तुकला पर कैसा प्रभाव डाला?,"मुघल साम्राज्य ने भारतीय शहरी नियोजन और वास्तुकला को प्रभावित किया था, भव्य संरचनाओं, बाजारों, और सार्वजनिक स्थलों के निर्माण के माध्यम से, साथ ही जल प्रबंधन और स्वच्छता विधियों में नई नई तकनीकों का प्रयोग किया, जिससे शहरों की सुविधाओं में सुधार हुआ और वे और आकर्षक बने। वास्तुकला में, मुघल वास्तुकला की प्रमुख विशेषता उनकी अत्यंत भव्य और लवंगी की भव्यता थी, जिसमें पत्थरों, मकरानों, और कांस्यिक संरचनाओं का उपयोग किया गया था, जो उनकी संरचनाओं को अद्वितीय और आकर्षक बनाते थे।"
दिए गए प्रश्न का समाधान हिंदी में प्रस्तुत करें:,भक्ति आंदोलन क्या था?,भक्ति आंदोलन भारत में 12वीं और 17वीं शताब्दी के बीच उत्पन्न हुआ एक दार्शनिक और धार्मिक आंदोलन था।
पूछे गए प्रश्न का उत्तर हिंदी में प्रदान करें:,भक्ति आंदोलन के उद्भव के मुख्य कारण क्या थे?,"भक्ति आंदोलन का उद्भव जाति व्यवस्था की कठोरता, हिंदू धर्म में रूढ़िवादी रीति-रिवाजों, और इस्लाम के फैलाव का प्रतिसाद के रूप में हुआ।"
बताए गए सवाल का उत्तर हिंदी में दें।,भक्ति आंदोलन के कुछ प्रमुख व्यक्तित्व कौन थे?,"भक्ति आंदोलन के प्रमुख व्यक्तित्व में कबीर, गुरु नानक, मीराबाई, तुलसीदास, और चैतन्य महाप्रभु शामिल हैं।"
Diye gaye prashn ka uttar Hindi mein dein:,भक्ति आंदोलन के प्रमुख व्यक्तित्व क्या प्रचार करते थे?,भक्ति आंदोलन के प्रमुख व्यक्तित्व एक व्यक्तिगत ईश्वर के प्रति भक्ति (भक्ति) का प्रचार करते थे।
Diye gaye sawaal ka jawab Hindi mein likhein:,भक्ति आंदोलन का साहित्य पर क्या प्रभाव हुआ?,भक्ति आंदोलन ने क्षेत्रीय भाषाओं और साहित्य के विकास में योगदान दिया।
Diye gaye prashn ka samadhan Hindi mein prastut karein:,भक्ति आंदोलन ने संगीत में कैसे योगदान किया?,भक्ति आंदोलन ने भक्ति गानों और संयोजनों के माध्यम से संगीत के विकास में योगदान किया।
Pooche gaye prashn ka uttar Hindi mein pradaan karein:,भक्ति आंदोलन का सामाजिक प्रभाव क्या था?,भक्ति आंदोलन ने जाति विभाजनों के स्थान पर एक व्यक्तिगत ईश्वर के प्रति भक्ति को महत्व देने के माध्यम से सामाजिक समानता को बढ़ावा दिया।
Bataye gaye sawaal ka jawab Hindi mein dein:,भक्ति आंदोलन ने धार्मिक सामंजस्य को कैसे बढ़ाया?,भक्ति आंदोलन ने भक्ति की सार्वभौमिकता को जोर दिया और सम्प्रदायिक अंतरों को कमजोर किया होने के माध्यम से धार्मिक सामंजस्य को बढ़ावा दिया।
Answer the given question in Hindi:,भारत का कौन-सा क्षेत्र भक्ति आंदोलन से विशेष प्रभावित हुआ था?,"महाराष्ट्र, बंगाल, पंजाब, और उत्तर प्रदेश जैसे क्षेत्रों में भक्ति आंदोलन का प्रभाव था।"
Write your answer to the question in Hindi:,"कबीर, भक्ति आंदोलन के प्रमुख व्यक्तित्वों में से एक, के मौलिक शिक्षण क्या थे?","कबीर ने भगवान की एकता को जोर दिया, मूर्ति पूजा को अस्वीकार किया, और परमात्मा के साथ सीधे और वहर्ष की अनुभूति को प्रमोट किया। उन्होंने सामाजिक बाधाओं के खिलाफ खड़े होकर एक आध्यात्मिक समाज की प्रतिष्ठा को बढ़ावा दिया, जिसमें सभी मनुष्यों के बराबरी का समर्थन किया। उनके द्वारा गाए गए दोहे और भजन आज भी लोकप्रिय हैं और उनके दर्शनिक तत्त्वों को समझाने में सहायक साबित होते हैं।"
Provide a response to the given query in Hindi:,भक्ति आंदोलन किस ऐतिहासिक काल में आता है?,भक्ति आंदोलन 12वीं से 17वीं शताब्दी ईसा पूर्व तक फैला था।
Answer the question in Hindi language:,भक्ति आंदोलन क्यों उत्पन्न हुआ?,"यह जाति व्यवस्था की कठोरता और हिंदू धर्म में रूढ़िवादी रीति-रिवाजों, साथ ही इस्लाम के फैलाव का प्रतिसाद के रूप में उत्पन्न हुआ।"
Reply to the asked question in Hindi:,भक्ति आंदोलन के कुछ प्रमुख व्यक्तित्व कौन थे?,"प्रमुख व्यक्तित्व में कबीर, गुरु नानक, मीराबाई, तुलसीदास, और चैतन्य महाप्रभु शामिल हैं।"
दिए गए प्रश्न का उत्तर हिंदी में दें:, भक्ति आंदोलन के प्रमुख व्यक्तित्वों ने क्या प्रचार किया?, उन्होंने व्यक्तिगत ईश्वर के प्रति भक्ति (भक्ति) को प्रचार किया।
दिए गए सवाल का जवाब हिंदी में लिखें:,भक्ति आंदोलन का संस्कृति पर क्या प्रभाव हुआ?,"यह क्षेत्रीय भाषाओं, साहित्य, और संगीत के विकास में योगदान किया।"
दिए गए प्रश्न का समाधान हिंदी में प्रस्तुत करें:,"सांस्कृतिक विकास के अलावा, भक्ति आंदोलन ने क्या और प्रमोट किया?",यह सामाजिक समानता और धार्मिक सामंजस्य को प्रमोट किया।
पूछे गए प्रश्न का उत्तर हिंदी में प्रदान करें:,भक्ति आंदोलन ने किस धार्मिक और दार्शनिक आंदोलन का प्रतिसाद दिया?,"यह हिंदू धर्म में जाति व्यवस्था की कठोरता और रूढ़िवादी रीति-रिवाजों, साथ ही इस्लाम के फैलाव का प्रतिसाद दिया।"
बताए गए सवाल का उत्तर हिंदी में दें।,भक्ति आंदोलन ने कैसे क्षेत्रीय भाषाओं के विकास में योगदान किया?," यह कवियों और लेखकों को स्थानीय भाषाओं में भक्ति साहित्य रचने के लिए प्रेरित किया, जिससे स्थानीय भाषाएं समृद्ध हुईं।"
Diye gaye prashn ka uttar Hindi mein dein:,भक्ति आंदोलन में कबीर का क्या योगदान था?,कबीर एक प्रमुख व्यक्ति थे जो धार्मिक सीमाओं को तार देने वाली भक्ति पूजा का प्रचार करते थे।
Diye gaye sawaal ka jawab Hindi mein likhein:,गुरु नानक का भक्ति आंदोलन में क्या योगदान था?,"गुरु नानक ने परमात्मा के साथ व्यक्तिगत संबंध की महत्वता और जाति व्यवस्था को अस्वीकार करने का जोर दिया, जिससे भक्ति आंदोलन के नैतिकता में योगदान हुआ।"
Diye gaye prashn ka samadhan Hindi mein prastut karein:,भक्ति आंदोलन ने समाजिक नियमों पर कैसा प्रभाव डाला?,"यह प्रभाव डाला कि परमेश्वर की दृष्टि में सभी व्यक्तियों का समानता, जिससे सामाजिक व्यवस्थाओं और नियमों को चुनौती मिली।"
Pooche gaye prashn ka uttar Hindi mein pradaan karein:,भक्ति आंदोलन ने भारतीय समाज पर कैसा प्रभाव डाला?,भक्ति आंदोलन ने विविध पृष्ठभूमियों से लोगों के बीच धार्मिक सहिष्णुता और एकता की भावना को प्रोत्साहित किया।
Bataye gaye sawaal ka jawab Hindi mein dein:,भक्ति आंदोलन का प्राथमिक उद्देश्य क्या था?, मुख्य उद्देश्य भक्त और दिव्य के बीच सीधा और व्यक्तिगत संबंध स्थापित करना था।
Answer the given question in Hindi:,भारत के कौन-से क्षेत्र में भक्ति आंदोलन का सबसे अधिक फैलाव हुआ था?,"महाराष्ट्र, बंगाल, और पंजाब जैसे क्षेत्रों में भक्ति आंदोलन को व्यापक गति मिली।"
Write your answer to the question in Hindi:,भक्ति संत अपने शिष्यों को अपने उपदेश कैसे संचारित करते थे?,"वे सांस्कृतिक भाषाओं के बजाय लोकभाषाओं का उपयोग करते थे, जिससे उनका उपदेश एक व्यापक दर्शक के लिए सुलभ होता था।"
Provide a response to the given query in Hindi:,कबीर ने धार्मिक विभाजनों पर क्या दृष्टिकोण रखा?,"कबीर ने सभी धर्मों की एकता का समर्थन किया, संप्रदायिक विभाजनों को अस्वीकार किया और आध्यात्मिकता की सार्वभौमिक प्रकृति को जोर दिया।"
Answer the question in Hindi language:,भक्ति आंदोलन ने ब्राह्मण पुरोहितों की प्राधिकरण पर कैसे चुनौती दी?,"यह जोड़ा कि भगवान के प्रति भक्ति जाति-आधारित रीतिरिवाजों के पालन से अधिक महत्वपूर्ण है, इससे ब्राह्मणों के धार्मिक प्राधिकरण पर सवाल उठाया गया।"
Reply to the asked question in Hindi:,भक्ति आंदोलन में महिलाओं की क्या भूमिका थी?,"मीराबाई जैसी महिलाएं सक्रिय रूप से आंदोलन में भाग ली, कविता और गाने का उपयोग करके अपनी भक्ति व्यक्त करती थीं और सामाजिक नियमों को चुनौती देती थीं।"
दिए गए प्रश्न का उत्तर हिंदी में दें:,भक्ति आंदोलन को इस काल के अन्य धार्मिक आंदोलनों से क्या अलग करता है?,"अन्य आंदोलनों की तुलना में, भक्ति आंदोलन ने कठोर धार्मिक सिद्धांतों के बजाय भावनात्मक भक्ति और व्यक्तिगत अनुभव को जोर दिया।"
दिए गए सवाल का जवाब हिंदी में लिखें:,भक्ति आंदोलन ने आध्यात्मिकता की लोकतंत्रीकरण में कैसे योगदान किया?,"यह सभी वर्गों के व्यक्तियों को सीधे रूप से परमात्मा से जोड़ने की शक्ति दी, उनके सामाजिक स्थिति या पृष्ठभूमि के बिना।"
दिए गए प्रश्न का समाधान हिंदी में प्रस्तुत करें:,भक्ति आंदोलन ने कला पर क्या प्रभाव डाला?,"भक्ति आंदोलन ने एक समृद्ध परंपरा की प्रेरणा दी, जिसमें भक्तिपूर्ण साहित्य, संगीत, और दृश्य कला का विकास हुआ, जो भारतीय सांस्कृतिक परिदृश्य को शापित करता है।"
पूछे गए प्रश्न का उत्तर हिंदी में प्रदान करें:," तुलसीदास की ""रामचरितमानस"" भक्ति आंदोलन में कैसे योगदान किया?","तुलसीदास की महाकाव्य ""रामचरितमानस"" ने भगवान राम के प्रति भक्ति को प्रसिद्ध किया और लाखों भक्तों के लिए आध्यात्मिक प्रेरणा का स्रोत बना।"
बताए गए सवाल का उत्तर हिंदी में दें।,भक्ति संतों ने अपने उपदेशों में कौन-कौन से दार्शनिक विषयों को अन्वेषण किया?,"भक्ति संतों ने अक्सर प्रेम की प्रकृति, लोकिक संलग्नता की अस्थायिता, और दिव्य इच्छा में समर्पण की महत्वता जैसे विषयों को अन्वेषित किया।"
Diye gaye prashn ka uttar Hindi mein dein:,गुरु नानक की समाज के लिए क्या दृष्टिकोण था?," गुरु नानक ने समाज को समानता, दया, और निःस्वार्थ सेवा पर आधारित दृष्टिकोण का सपना देखा, जो जाति और धर्म के पार की सीमाओं को तर करता था।"
Diye gaye sawaal ka jawab Hindi mein likhein:,भक्ति आंदोलन ने भारतीय शास्त्रीय संगीत के विकास में कैसे योगदान किया?," इसने शास्त्रीय संगीत में भक्ति संगीत को मिलाकर नई संगीत शैलियों और संगीतकर्मों का निर्माण किया, जो आध्यात्मिक विषयों को प्रतिबिंबित करते थे।"
Diye gaye prashn ka samadhan Hindi mein prastut karein:,भक्ति संत अपने संदेश को संवहन करने के लिए किस प्रकार के साहित्यिक रूपों का उपयोग करते थे?,"उन्होंने अपने उपदेशों को साधारण और सुलभ तरीके से संवहन करने के लिए कविता, गीत (भजन), और सूत्र (दोहे) जैसे विभिन्न साहित्यिक रूपों का उपयोग किया।"
Pooche gaye prashn ka uttar Hindi mein pradaan karein:,भक्ति आंदोलन का भारतीय सामाजिक संरचना पर क्या प्रभाव हुआ?,"यह जाति, धर्म, और लिंग के बाधाओं को पार करके सामाजिक एकता और समरसता का एक भाव बढ़ावा देने लगा।"
Bataye gaye sawaal ka jawab Hindi mein dein:,भक्ति संतों ने सामाजिक अन्यायों का किस प्रकार का आलोचनात्मक विश्लेषण किया?,"उन्होंने दरिद्रता और अत्याचार के खिलाफ लड़ा और बदलाव के लिए उत्साहित किया, और समानता और दया के सिद्धांतों का प्रमोट किया।"
Answer the given question in Hindi:,भक्ति संतों के जीवन में भक्ति की क्या महत्वता थी?,"भक्ति उनके आध्यात्मिक अभ्यास का मूल था, जो उनके क्रियाओं, विचारों, और परमात्मा के साथ संबंधों को मार्गदर्शित करती थी।"
Write your answer to the question in Hindi:,भक्ति आंदोलन ने आने वाली शताब्दियों की भक्ति कविता पर क्या प्रभाव डाला?," यह एक प्रफुल्लित भक्ति कविता की एक जीवंत परंपरा का आधार रखा, जो कवियों को उनकी आत्मीय भावनाओं और दिव्य प्रेम के अनुभव को व्यक्त करने के लिए प्रेरित किया।"
Provide a response to the given query in Hindi:,भक्ति आंदोलन में तीर्थयात्रा की क्या महत्वता थी?,"तीर्थयात्रा भक्तों के लिए उनकी भक्ति का अभिव्यक्ति का एक साधन थी, और भक्ति आंदोलन के संबंधित महापुरुषों और पवित्र स्थलों से आशीर्वाद प्राप्त करने के लिए एक अवसर भी था।"
Answer the question in Hindi language:,भक्ति आंदोलन ने भारतीय दर्शन के विकास में कैसे योगदान किया?,"इसने व्यक्तिगत अनुभव और भावनात्मक भक्ति के महत्व को जोर दिया, जिससे फिलॉसोफिकल स्कूलों के विकास पर प्रभाव पड़ा जो व्यक्ति के परमात्मा के संबंध पर ध्यान केंद्रित करते थे।"
Reply to the asked question in Hindi:,भक्ति आंदोलन के प्रसारण में संगीत का क्या योगदान रहा?,संगीत आंदोलन के अनुयायियों के बीच आध्यात्मिक संदेश को संवहन करने के लिए एक शक्तिशाली माध्यम के रूप में काम किया और सामुदायिक भक्ति की भावना को प्रोत्साहित किया।
दिए गए प्रश्न का उत्तर हिंदी में दें:,भक्ति आंदोलन ने पारंपरिक धार्मिक प्राधिकरण के प्रति कैसे सवाल उठाया?,इसने धर्मिक संरचनाओं के विशेषाधिकार पर विवाद किया जोर देकर कि व्यक्तिगत भक्ति और परमात्मा के संबंध का अनुष्ठान हार्चिकल धार्मिक संरचनाओं से अधिक महत्वपूर्ण है।
दिए गए सवाल का जवाब हिंदी में लिखें:,भक्ति आंदोलन ने योग के अभ्यास पर कैसा प्रभाव डाला?, यह भक्ति योग (भक्ति योग) के रूपों को प्रसिद्ध किया जो दिव्य प्रेम और भक्ति को परमात्मा की ओर स्त्रीय उत्सर्ग के रूप में ध्यानित करते थे।
दिए गए प्रश्न का समाधान हिंदी में प्रस्तुत करें:,भक्ति आंदोलन और भारतीय प्राकृतिक साहित्य के बीच क्या संबंध था?,"भक्ति आंदोलन ने स्थानीय भाषाओं में भक्ति साहित्य की विशाल संग्रह की सृष्टि की, जिससे भारतीय साहित्य की सांस्कृतिक परंपरा को समृद्ध किया।"
पूछे गए प्रश्न का उत्तर हिंदी में प्रदान करें:,सूफ़ीज़्म क्या है?,सूफ़ीज़्म एक इस्लाम का रहस्यमय और आध्यात्मिक आयाम है जो परमेश्वर के साथ एक सीधे व्यक्तिगत अनुभव की खोज पर केंद्रित है।
बताए गए सवाल का उत्तर हिंदी में दें।,सूफ़ीज़्म कब उत्पन्न हुआ?,"सूफ़ीज़्म इस्लाम के प्रारंभिक शताब्दियों में उत्पन्न हुआ, जिसका प्रमुखता लगभग 9वीं और 10वीं शताब्दी में हुआ।"
Diye gaye prashn ka uttar Hindi mein dein:,सूफ़ीज़्म का लक्ष्य क्या है?,"सूफ़ीज़्म का लक्ष्य आध्यात्मिक जागरूकता और परमेश्वर के साथ एकीकरण को प्राप्त करना है (जिसे इस्लाम में ""ख़ुदा"" या ""अल्लाह"" कहा जाता है)।"
Diye gaye sawaal ka jawab Hindi mein likhein:,सूफ़ीज़्म के प्रयोगकर्ता क्या कहलाते हैं?,सूफ़ीज़्म के प्रयोगकर्ता सूफ़ी या दरवेश कहलाते हैं।
Diye gaye prashn ka samadhan Hindi mein prastut karein:,सूफ़ीज़्म में कौन-कौन से अभ्यास महत्वपूर्ण हैं?,"सूफ़ीज़्म के महत्वपूर्ण अभ्यासों में धिक्र (परमेश्वर की स्मृति), ध्यान, गुंगुनाहट, और एक गुरु (शेख या मुर्शिद) से आध्यात्मिक मार्गदर्शन की खोज शामिल हैं।"
Pooche gaye prashn ka uttar Hindi mein pradaan karein:,सूफ़ीज़्म में धिक्र का क्या महत्व है?,"धिक्र, यानी परमेश्वर के नामों और गुणों की आवृत्तिक स्मरण, सूफ़ीज़्म के अभ्यास का मूल है जिसे आध्यात्मिकता के साथ निकटता प्राप्त करने का एक साधन माना जाता है।"
Bataye gaye sawaal ka jawab Hindi mein dein:,सूफ़ीज़्म का संस्थापक कौन माना जाता है?,"सूफ़ीज़्म का कोई एक संस्थापक नहीं है, लेकिन यह प्रारंभिक इस्लामी मिस्टिक्स और तपस्वियों के शिक्षण और अभ्यास के माध्यम से विकसित हुआ।"
Answer the given question in Hindi:,सूफ़ीज़्म कैसे कुरान की व्याख्या करता है?,"सूफ़ीज़्म कुरान की व्याख्या को केवल शाब्दिक ही नहीं, बल्कि प्रतीकात्मक और रूपकात्मक भी मानता है, जिसमें आध्यात्मिक अर्थों को जोर दिया जाता है।"
Write your answer to the question in Hindi:,"सूफ़ीज़्म में ""तौहीद"" की क्या अर्थ है?","तौहीद ईस्लामी धारणा है जो परमेश्वर की एकता को ध्यान में रखता है, जो सूफ़ी विश्वास और अभ्यास के लिए महत्वपूर्ण है।"
Provide a response to the given query in Hindi:,सूफ़ीज़्म में क्या हैं सूफ़ी समूह (तारिकाएं)?,"सूफ़ी समूह, जिन्हें तारिकाएं भी कहा जाता है, सूफ़ीज़्म के भीतर आध्यात्मिक परंपराओं या भाईचारों के रूप में होते हैं, प्रत्येक के अपने विशिष्ट शिक्षण, अभ्यास, और आध्यात्मिक प्रसार की श्रृंखला होती है।"
Answer the question in Hindi language:,सूफ़ीज़्म में सूफ़ियों का प्रेम कैसे है?,"सूफ़ियों का मानना है कि प्रेम विश्व में सबसे शक्तिशाली बल है, अक्सर आत्मा की इच्छा का प्रतीक बनता है जो परमात्मा के साथ एकीकरण की लालसा को दर्शाता है।"
Reply to the asked question in Hindi:,सूफ़ी शेख या गुरु की क्या भूमिका है?,"सूफ़ी शेख आध्यात्मिक मार्गदर्शक और प्रेरक के रूप में कार्य करते हैं, छात्रों को आध्यात्मिक साक्षात्कार की ओर गाइड करते हैं, उन्हें निर्देशन, शिक्षा, और समर्थन प्रदान करते हैं।"
दिए गए प्रश्न का उत्तर हिंदी में दें:,सूफ़ियों कैसे पीड़ा और कठिनाइयों को देखते हैं?,"सूफ़ियों का मानना है कि पीड़ा और कठिनाइयाँ आध्यात्मिक विकास और शोध के लिए अवसर प्रदान करती हैं, जो गहरी समझ और परमेश्वर के साथ निकटता के लिए उन्नति के द्वार खोलती हैं।"
दिए गए सवाल का जवाब हिंदी में लिखें:,सूफ़ी अभ्यास में संगीत और नृत्य का क्या महत्व है?," संगीत और नृत्य, जैसे कि दरवेशों का सूफ़ी घूमना, आध्यात्मिक उत्कृष्टता और परमात्मा के साथ एकीकरण के लिए उपकरण के रूप में उपयोग किए जाते हैं।"
दिए गए प्रश्न का समाधान हिंदी में प्रस्तुत करें:,सूफ़ी धारणा और संस्कृति पर कैसा प्रभाव पड़ता है?," सूफ़ीज़्म ने इस्लामी कला और संस्कृति को गहराई से प्रभावित किया है, मिस्टिकल कविता, संगीत, कैलिग्राफी, वास्तुकला, और साहित्य को प्रेरित किया है।"
पूछे गए प्रश्न का उत्तर हिंदी में प्रदान करें:,"सूफ़ीज़्म में ""फ़ना"" की क्या अर्थ है?","फ़ना परमेश्वर के सामने आत्मा या आत्मा की संहार है, जो आध्यात्मिक जागरूकता की ओर सूफ़ी यात्रा में एक केंद्रीय चरण माना जाता है।"
बताए गए सवाल का उत्तर हिंदी में दें।,सूफ़ियों कैसे मेहमाननवाजी (सुहबत) का अभ्यास करते हैं?," सूफ़ियों मेहमाननवाजी को परमेश्वरीय उदारता और करुणा का प्रतिबिम्ब मानते हैं, मेहमानों का स्वागत करते हैं और उन्हें दयालुता और सम्मान से व्यवहार करते हैं।"
Diye gaye prashn ka uttar Hindi mein dein:,सूफ़ियत और शरिया (इस्लामी कानून) के बीच क्या संबंध है?,"सूफ़ियत शरिया (इस्लामी कानून) के सिद्धांतों को बनाए रखती है, लेकिन धार्मिक अभ्यास और आध्यात्मिक अनुभव की आंतरिक आयाम को जोर देती है।"
Diye gaye sawaal ka jawab Hindi mein likhein:,"सूफ़ियों कैसे ""शरिया"" अवधारित करते हैं?","सूफ़ियों का मानना है कि वे शरिया को केवल बाहरी कानूनी निर्देशों के रूप में ही नहीं, बल्कि आंतरिक आध्यात्मिक शुद्धिकरण और दिव्य मार्ग के रूप में भी समझते हैं।"
Diye gaye prashn ka samadhan Hindi mein prastut karein:,सूफ़ी साहित्य में कविता का क्या भूमिका है?,"कविता सूफ़ी साहित्य के लिए महत्वपूर्ण है, जो रहस्यमय अनुभवों, दिव्य प्रेम, और परमेश्वर के साथ एकता की आकांक्षा को व्यक्त करने के लिए एक वाहक के रूप में कार्य करती है।"
Pooche gaye prashn ka uttar Hindi mein pradaan karein:, सूफ़ी आंदोलन कब उत्पन्न हुआ था?,सूफ़ी आंदोलन इस्लामी रहस्यवाद के अंदर 8वीं सदी में उत्पन्न हुआ था।
Bataye gaye sawaal ka jawab Hindi mein dein:, सूफ़ी आंदोलन को क्या विशेष बनाता है?,"सूफ़ी आंदोलन में प्रेम, भक्ति, और परमेश्वर के साथ एक सीधा व्यक्तिगत अनुभव की खोज को जोरदारी से बढ़ावा दिया जाता है।"
Answer the given question in Hindi:,सूफ़ी आंदोलन में कुछ प्रमुख व्यक्तियाँ कौन थीं?,"प्रमुख सूफ़ी संतों में रूमी, शम्स तब्रीजी, इब्न अरबी, और अल-ग़ज़ाली शामिल हैं।"
Write your answer to the question in Hindi:,सूफ़ी आंदोलन में रूमी का क्या योगदान था?,रूमी की कविता और शिक्षाओं ने सूफ़ीज़्म का संदेश फैलाने और आध्यात्मिक जागरूकता के रास्ते के रूप में प्रेम को प्रोत्साहित किया।
Provide a response to the given query in Hindi:,शम्स तब्रीजी ने सूफ़ी आंदोलन पर कैसा प्रभाव डाला?,"शम्स तब्रीजी रूमी के मेंत्री थे और उनके आध्यात्मिक परिवर्तन में एक महत्वपूर्ण भूमिका निभाई, सूफ़ीज़्म के विकास और प्रसार में योगदान किया।"
Answer the question in Hindi language:,इब्न अरबी ने सूफ़ी आंदोलन में कौन-कौन सी दार्शनिक योगदान किया?,"इब्न अरबी के लेखन ने वहदत अल-वुजूद (अस्तित्व की एकता) की अवधारणा और अन्य मिस्टिकल सिद्धांतों को अन्वेषित किया, जो सूफ़ी विचार को शताब्दियों तक आकार दिया।"
Reply to the asked question in Hindi:,सूफ़ी आंदोलन पर अल-ग़ज़ाली का क्या प्रभाव था?,"अल-ग़ज़ाली के ग्रंथों ने सूफ़ी रहस्यवाद को परंपरागत इस्लामी थियोलॉजी के साथ मिलाया, जिससे व्यापक इस्लामी परंपरा में सूफ़ियत को मान्यता मिली।"
दिए गए प्रश्न का उत्तर हिंदी में दें:, सूफ़ी आंदोलन ने भारतीय उपमहाद्वीप में इस्लाम के प्रसार में कैसे योगदान दिया?,सूफ़ी संतों ने अपने प्रचारक कार्य और आध्यात्मिक शिक्षाओं के माध्यम से भारतीय उपमहाद्वीप में इस्लाम के प्रसार में महत्वपूर्ण भूमिका निभाई।
दिए गए सवाल का जवाब हिंदी में लिखें:, सूफ़ी आंदोलन ने किस मूल्यों को प्रोत्साहित किया?,"सूफ़ी आंदोलन ने सहिष्णुता, करुणा, और सांस्कृतिक और धार्मिक सीमाओं के पार आत्मीय एकता के मूल्यों को प्रोत्साहित किया।"
दिए गए प्रश्न का समाधान हिंदी में प्रस्तुत करें:,सूफ़ीता ने सम्मिलन को कैसे बढ़ावा दिया?,"सूफ़ीता ने स्थानीय संस्कृतियों और परंपराओं के तत्वों को स्वीकार किया और एक संग्रहात्मक दृष्टिकोण को बढ़ावा दिया, जिससे सहज रूप से अस्तित्व हो सके और परस्पर समृद्धि हो सके।"
पूछे गए प्रश्न का उत्तर हिंदी में प्रदान करें:,आत्मीय जागरूकता प्राप्त करने के लिए सूफ़ी कौन-कौन से अभ्यासों में लगे रहते हैं?,"सूफ़ी संत आत्मीय जागरूकता प्राप्त करने के लिए धिक्र (भगवान की स्मृति), ध्यान, और आत्मीय वास्तविकता की ओर गतिमानता के लिए आध्यात्मिक अनुष्ठानों में लगे रहते हैं।"
बताए गए सवाल का उत्तर हिंदी में दें।,सूफ़ी आंदोलन ने इस्लामी कला और साहित्य पर कैसा प्रभाव डाला?,"सूफ़ी आंदोलन ने मिस्टिकल कविता, संगीत, कैलिग्राफी, और वास्तुकला की एक समृद्ध परंपरा को प्रेरित किया, जो परमात्मा के प्रेम और एकता की सुंदरता को प्रतिबिम्बित करती है।"
Diye gaye prashn ka uttar Hindi mein dein:,सूफ़ी आंदोलन में संगीत का क्या भूमिका था?,"संगीत, विशेष रूप से सूफ़ी संगीत और ध्वनि, आत्मीय स्थितियों को उत्पन्न करने और दिव्य उपस्थिति का सूफ़ी आंदोलन के साधनों के रूप में एक शक्तिशाली उपकरण के रूप में काम किया।"
Diye gaye sawaal ka jawab Hindi mein likhein:,सूफ़ी आंदोलन ने सामाजिक नैतिकताओं और मूल्यों पर कैसा प्रभाव डाला?,"सूफ़ी आंदोलन ने विनम्रता, करुणा, और दूसरों की सेवा के मूल्यों को प्रोत्साहित किया, सामाजिक नैतिकताओं पर प्रभाव डाला और उदारता और दयालुता की संस्कृति को बढ़ावा दिया।"
Diye gaye prashn ka samadhan Hindi mein prastut karein:,सूफ़ीता और शासकीय अधिकारियों के बीच क्या संबंध था?,"सूफ़ी संत अक्सर शासकीय अधिकारियों से समर्थन प्राप्त करते थे, जो उनके आशीर्वाद और आध्यात्मिक मार्गदर्शन की खोज करते थे, जो राजनीतिक संरचनाओं में सूफ़ियत को शामिल करते थे।"
Pooche gaye prashn ka uttar Hindi mein pradaan karein:,सूफ़ी आंदोलन ने इस्लामी विद्या के विकास में कैसे योगदान दिया?,"सूफ़ी विद्वानों ने इस्लामी दर्शन, थियोलॉजी, और रहस्यमयता में महत्वपूर्ण योगदान किया, जिससे इस्लामी विश्व के बौद्धिक परिदृश्य को समृद्ध किया गया।"
Bataye gaye sawaal ka jawab Hindi mein dein:,सूफ़ी आंदोलन में सूफ़ी हॉस्पिस (खानकाह) का क्या भूमिका था?,"सूफ़ी हॉस्पिस आध्यात्मिक अभ्यास, शिक्षा, और परोपकार की केंद्रें थे, जो सूफ़ी अभ्यासियों के बीच सामूहिक भावना को बढ़ावा देते थे।"
Answer the given question in Hindi:,सूफ़ी आंदोलन ने धार्मिक विविधता के साथ कैसे प्रतिक्रिया दी?,"सूफ़ी आंदोलन ने धार्मिक विविधता को ग्रहण किया और आध्यात्मिक सत्यों की सार्वत्रिकता को जोर दिया, विभिन्न धर्म परंपराओं के बीच संवाद और समझौते को प्रोत्साहित किया।"
Write your answer to the question in Hindi:,सूफ़ी कविता में कुछ सामान्य विषय क्या थे?,"सूफ़ी कविता में प्रेम, विचार, दिव्य एकता, और आत्मा के परमेश्वर की ओर यात्रा जैसे सामान्य विषय थे।"
Provide a response to the given query in Hindi:,सूफ़ी आंदोलन ने इस्लामी वास्तुकला के विकास में कैसे योगदान दिया?,"सूफ़ी वास्तुकला, जिसमें उसकी जटिल सजावट और आध्यात्मिक प्रतीकताओं की विशेषता है, ने इस्लामी विश्व के मस्जिदों, मकबरों, और सूफ़ी लॉजेज के डिज़ाइन को प्रभावित किया।"
Answer the question in Hindi language:,समा (घूमने) समारोह जैसे सूफ़ी अनुष्ठानों का क्या महत्व है?,"समा समारोह जैसे सूफ़ी अनुष्ठान आध्यात्मिक उन्नति के साधन के रूप में कार्य करते हैं, जो संगीत और नृत्य के माध्यम से प्रतिभागियों को परमात्मा के साथ एकता की भावना का अनुभव करने की संभावना प्रदान करते हैं।"
Reply to the asked question in Hindi:, सूफ़ी आंदोलन ने स्थानीय सांस्कृतिक परिप्रेक्ष्य के अनुसार कैसे अनुकूलित किया?,"सूफ़ी संतों ने अक्सर अपने उपदेशों में स्थानीय रीति-रिवाज, भाषाएँ, और प्रतीकों को शामिल किया, जिससे सूफ़ियत विभिन्न समुदायों के लिए पहुँचनीय और प्रासंगिक बन गई।"
दिए गए प्रश्न का उत्तर हिंदी में दें:,सूफ़ी आंदोलन में महिलाओं की क्या भूमिका थी?,"महिलाएँ सूफ़ी भक्त, विद्वान, और कवियों के रूप में महत्वपूर्ण भूमिका निभाई, जो लिंग निरपेक्षता को चुनौती देती थीं और सूफ़ियत के प्रसार में योगदान किया।"
दिए गए सवाल का जवाब हिंदी में लिखें:, सूफ़ी आंदोलन ने लोकप्रिय इस्लामी भक्तिप्रवृत्तियों में कैसे योगदान किया?,"सूफ़ी आंदोलन ने श्रद्धालुओं के लिए तीर्थयात्राओं का प्रसार, आराधना के उपनिषदों का पाठ, और संतों को याद करने के लिए सार्वजनिक सभाओं (मजलिस) में भाग लेने जैसी भक्तिप्रवृत्तियों को प्रसिद्ध किया।"
दिए गए प्रश्न का समाधान हिंदी में प्रस्तुत करें:,"सूफ़िज़्म में ""वली"" की क्या अर्थ है?","सूफ़िज़्म में, वली एक परमेश्वर का मित्र होता है जिसने उच्च स्तर की आध्यात्मिक उपलब्धि प्राप्त की है और दिव्य कृपा और मार्गदर्शन का साधन होता है।"
पूछे गए प्रश्न का उत्तर हिंदी में प्रदान करें:,सूफ़ी संत कैसे सामाजिक न्याय के प्रचारक बने?,"सूफ़ी संत अत्याचार के खिलाफ बोलकर, क़ाले की समर्थन करके और समानता और दया के सिद्धांतों को बढ़ावा देकर सामाजिक न्याय का प्रचार किया।"
बताए गए सवाल का उत्तर हिंदी में दें।,सूफ़ी उपदेशों में कहानी कहानी का क्या भूमिका थी?,सूफ़ी शिक्षक अक्सर कहानियों और उपमाओं का उपयोग करते थे (जैसे कि मुल्ला नसरुद्दीन की कहानियों में मिलता है) गहरे आध्यात्मिक सत्यों को सरल और आकर्षक ढंग से प्रस्तुत करने के लिए।
Diye gaye prashn ka uttar Hindi mein dein:,सूफ़ी आंदोलन ने अरब दुनिया के बाहर इस्लामी भ्रमण को कैसे प्रभावित किया?,"सूफ़ी आंदोलन ने इस्लामी भ्रमण को अरब दुनिया के बाहर, जैसे पर्सिया, मध्य एशिया, दक्षिण एशिया, और अफ्रीका जैसे क्षेत्रों में फैलाया।"
Diye gaye sawaal ka jawab Hindi mein likhein:,सूफ़िज़्म और इस्लामी फिक्ह के बीच क्या संबंध था?,"सूफ़िज़्म और इस्लामी फिक्ह (फिका) इस्लामी अभ्यास के पूरकांश हैं, जहां सूफ़िज़्म धार्मिक अभ्यास के आंतरिक पहलु पर ध्यान केंद्रित करता है।"
Diye gaye prashn ka samadhan Hindi mein prastut karein:,सूफ़िज़्म में तीर्थयात्रा का क्या महत्व है?,"सूफ़िज़्म के संबंधित पवित्र स्थलों पर तीर्थयात्रा को आशीर्वाद, आध्यात्मिक शुद्धि, और दिव्य समीपता की खोज का एक साधन माना जाता है।"
Pooche gaye prashn ka uttar Hindi mein pradaan karein:,सूफ़ी आंदोलन ने इस्लामी भ्रमण के विकास में कैसे योगदान दिया?,"सूफ़ी आंदोलन ने आध्यात्मिक सिद्धांतों, प्रथाओं, और आध्यात्मिक अनुभवों पर विस्तार से विचार किया, जिससे इस्लामी भ्रमण का विकास हुआ।"
Bataye gaye sawaal ka jawab Hindi mein dein:,सूफ़ी आंदोलन में सूफ़ी लॉज (टेक्के) की क्या भूमिका थी?,"सूफ़ी लॉज सूफ़ी अभ्यासियों के लिए सामुदायिक स्थान के रूप में कार्य करता था, जहां वे आध्यात्मिक प्रयासों में संलग्न होते थे, अपने शेख से निर्देश लेते थे, और भाईचारा बढ़ाते थे।"
Answer the given question in Hindi:,सूफ़ी आंदोलन अन्य आध्यात्मिक परंपराओं के साथ कैसे बातचीत किया?,"सूफ़ी आंदोलन ने अन्य आध्यात्मिक परंपराओं जैसे हिंदूधर्म, बौद्धधर्म, और ईसाई आध्यात्मिकता के साथ संवाद और विनिमय किया, जिससे सांस्कृतिक प्रभाव और सिंक्रेटिज़म हुआ।"
Write your answer to the question in Hindi:,"सूफ़िज़्म में ""मकाम"" की क्या महत्वता है?","मकाम सूफ़ी मार्ग पर आत्मचिंतन और उपलब्धि के स्तरों के रूप में है, जो आंतरिक परिवर्तन और उपलब्धि की चरणों का प्रतिनिधित्व करता है।"
Provide a response to the given query in Hindi:,सूफ़ी आंदोलन ने इस्लामी कैलिग्राफी के विकास में कैसे योगदान दिया?,"सूफ़ी गुरुओं ने इस्लामी कैलिग्राफी के विकास में महत्वपूर्ण भूमिका निभाई, जिसे वे आध्यात्मिक सत्यों को व्यक्त करने और पवित्र पाठों को सुंदर बनाने के रूप में उपयोग किया।"
Answer the question in Hindi language:,सूफ़ी आंदोलन ने इस्लामी शिक्षा और विद्यालय को कैसे प्रभावित किया?,"सूफ़ी लॉज इस्लामी शिक्षा और विद्यालय के केंद्र के रूप में कार्य करते थे, जहां धार्मिकता, दर्शन, और आध्यात्मिकता जैसे क्षेत्रों में महत्वपूर्ण योगदान देने वाले विद्वानों का पालन किया जाता था।"
Reply to the asked question in Hindi:,सूफ़ी प्रथा में सपनों का क्या महत्व है?,"सूफ़ी प्रथा में सपने धार्मिक मार्गदर्शन और अंतरदृष्टि प्राप्ति का एक साधन माने जाते हैं, जिसे अक्सर दिव्य क्षेत्र से संदेश के रूप में व्याख्या किया जाता है।"
दिए गए प्रश्न का उत्तर हिंदी में दें:,सूफ़ी आंदोलन ने बदलते राजनीतिक और सामाजिक स्थितियों का कैसे सामंजस्य किया?,"सूफ़ी क्रमों ने बदलते राजनीतिक और सामाजिक परिदृश्यों के संदर्भ में अपने विधान और रणनीतियों को सम्मिलित किया, जिससे स्थायी शक्ति गतिविधियों के बीच अपने आध्यात्मिक मिशन को बनाए रख सके।"
दिए गए सवाल का जवाब हिंदी में लिखें:, सूफ़ी आंदोलन ने इस्लामी ज्ञान के संरक्षण और प्रसार में कैसे योगदान दिया?,"सूफ़ी गुरुओं ने मौखिक परंपराओं, आध्यात्मिक वंशवादों, और लिखित कामों के माध्यम से इस्लामी ज्ञान को संरक्षित और प्रसारित करने में महत्वपूर्ण भूमिका निभाई।"
दिए गए प्रश्न का समाधान हिंदी में प्रस्तुत करें:," सूफ़ीता में ""इहसान"" की अर्थात्मकता क्या है?","इहसान, जिसे अक्सर ""उत्कृष्टता"" या ""आध्यात्मिक गुण"" के रूप में अनुवादित किया जाता है, सूफ़ीता में आत्मनिष्ठा, भक्ति, और नैतिक अखंडता के साथ सूफ़ी प्राप्ति के सर्वोच्च स्तर का प्रतिनिधित्व करता है।"
पूछे गए प्रश्न का उत्तर हिंदी में प्रदान करें:,सूफ़ी आंदोलन ने पार्सीया में इस्लामी भ्रांति के विकास को कैसे प्रभावित किया?,"पार्स में सूफ़ी गुरुओं, जैसे कि रूमी और अत्तार, अपनी कविता, शिक्षाओं, और आध्यात्मिक अभ्यासों के माध्यम से इस्लामी भ्रांति के विकास में मुख्य भूमिका निभाई।"
बताए गए सवाल का उत्तर हिंदी में दें।,सूफ़ी आंदोलन में सूफ़ी कविता की क्या भूमिका थी?,"सूफ़ी कविता एक माध्यम के रूप में काम की, जिससे गहरे आध्यात्मिक अनुभवों, आध्यात्मिक दृष्टिकोणों, और दिव्य में संयुक्त होने की इच्छा को अभिव्यक्त किया जा सकता था, जो सूफ़ी मार्ग पर आगे बढ़ने वाली पीढ़ियों को प्रेरित करती थी।"
Diye gaye prashn ka uttar Hindi mein dein:,सूफ़ी आंदोलन ने इस्लामी सभ्यता के प्रसार में कैसे योगदान दिया?,"सूफ़ी आंदोलन ने इस्लामी सभ्यता के प्रसार में सहायक होकर इस्लामी मूल्यों को प्रोत्साहित किया, सांस्कृतिक विनिमय को बढ़ावा दिया, और विविध क्षेत्रों में आध्यात्मिक प्रभाव की नेटवर्क बनाई।"
Diye gaye sawaal ka jawab Hindi mein likhein:,"सूफ़ीता में ""तारीका"" की अर्थशास्त्रिकता क्या है?","तारीका, या सूफ़ी मार्ग, ईश्वर के प्रति व्यक्ति की आध्यात्मिक यात्रा को संदर्भित करता है, जिसे एक सूफ़ी गुरु के द्वारा मार्गदर्शन किया जाता है और जिसमें याद करने, भक्ति, और शुद्धिकरण के अभ्यास शामिल होते हैं।"
Diye gaye prashn ka samadhan Hindi mein prastut karein:,सूफ़ी आंदोलन ने मध्य एशिया में इस्लामी भ्रांति के विकास में कैसे योगदान दिया?," मध्य एशिया में सूफ़ी गुरुओं ने सूफ़ी शिक्षाओं और अभ्यासों का प्रसार किया, क्षेत्र के आध्यात्मिक दृश्य को आकार दिया और इसके सांस्कृतिक विकास को प्रभावित किया।"
Pooche gaye prashn ka uttar Hindi mein pradaan karein:,सूफी आंदोलन में सूफी साहित्य की क्या भूमिका थी?,"सूफ़ी साहित्य, जिसमें रहस्यमय निबंध, कविता, और संतों की जीवनी शामिल हैं, सूफ़ी शिक्षाओं को संचारित करने और पीढ़ियों को प्रेरित करने का एक माध्यम के रूप में काम किया।"
Bataye gaye sawaal ka jawab Hindi mein dein:,सूफी आंदोलन ने पश्चिम अफ्रीका में इस्लामी ज्ञान के प्रसार में कैसे योगदान दिया?,"सूफी विद्वानों और प्रचारकों ने पश्चिम अफ्रीका में इस्लामी ज्ञान और आध्यात्मिकता के प्रसार में महत्वपूर्ण भूमिका निभाई, सूफी ब्रदरहुड्ड और शिक्षात्मक संस्थानों की स्थापना की।"
Answer the given question in Hindi:,सूफी संतों की कब्रों के लिए तीर्थयात्रा का क्या महत्व है?,"सूफ़ी संतों की कब्रों के लिए तीर्थयात्रा करने का मान्यता है कि वह आशीर्वाद और आध्यात्मिक लाभ प्रदान करती है, इसे मध्यस्थता और दिव्य अनुग्रह के रूप में माना जाता है।"
Write your answer to the question in Hindi:,सूफी आंदोलन ने दक्षिण एशिया में इस्लामी भ्रांति को कैसे प्रभावित किया?,"सूफ़ी संतों और आदेशों ने दक्षिण एशिया में इस्लामी भ्रांति को आकार देने में महत्वपूर्ण भूमिका निभाई, सूफ़ी कविता, संगीत, और भक्ति प्रथाओं के संकलन के योगदान किया।"
Provide a response to the given query in Hindi:,1674 CE में मराठा साम्राज्य की स्थापना किसने की?,शिवाजी भोसले ने 1674 CE में मुघल सत्ता को दक्षिण में चुनौती देकर मराठा साम्राज्य की स्थापना की।
Answer the question in Hindi language:,मराठा साम्राज्य की स्थापना करने का महत्वपूर्ण घटना क्या था?,मराठा साम्राज्य की स्थापना का कारण शिवाजी भोसले के 1674 CE में मुघल सत्ता को दक्षिण में चुनौती देने का था।
Reply to the asked question in Hindi:,मराठों ने अपने शासन के किस प्रणाली को स्थापित किया?,"मराठे अपने प्रशासनिक प्रणाली के रूप में अष्ट प्रधान, जिसे आठ मंत्रियों की परिषद के रूप में भी जाना जाता है, को स्थापित किया।"
दिए गए प्रश्न का उत्तर हिंदी में दें:,शिवाजी भोसले ने मराठा साम्राज्य के विस्तार में क्या भूमिका निभाई?,"शिवाजी भोसले, पेशवाओं जैसे बाद के नेताओं के साथ, ने मराठा साम्राज्य का वर्तमान महाराष्ट्र और उसके परे क्षेत्रों में विस्तार में महत्वपूर्ण भूमिका निभाई।"
दिए गए सवाल का जवाब हिंदी में लिखें:,मराठा साम्राज्य में अष्ट प्रधान प्रणाली का महत्व क्या था?,"अष्ट प्रधान प्रणाली, या आठ मंत्रियों की परिषद, मराठा साम्राज्य में महत्वपूर्ण थी क्योंकि यह प्रशासनिक खासियत थी और स्थानीय स्वशासन को प्रोत्साहित करती थी।"
दिए गए प्रश्न का समाधान हिंदी में प्रस्तुत करें:,किस अवधि में मराठा साम्राज्य ने मुघल साम्राज्य के साथ दीर्घकालिक संघर्षों में शामिल हुआ?,मराठा साम्राज्य ने मुघल साम्राज्य के साथ विशेष रूप से औरंगजेब के शासनकाल में दीर्घकालिक संघर्षों में शामिल हुआ।
पूछे गए प्रश्न का उत्तर हिंदी में प्रदान करें:,मराठा साम्राज्य की स्थापना किसने की थी?,शिवाजी भोसले ने मराठा साम्राज्य की स्थापना की थी।
बताए गए सवाल का उत्तर हिंदी में दें।,मराठा साम्राज्य कब स्थापित किया गया था?,मराठा साम्राज्य की स्थापना 1674 ईसा पूर्व में की गई थी।
Diye gaye prashn ka uttar Hindi mein dein:,मराठों द्वारा स्थापित प्रशासनिक व्यवस्था क्या थी?,"मराठों ने अष्ट प्रधान, जिसे आठ मंत्रियों की परिषद के रूप में भी जाना जाता है, अपनी प्रशासनिक व्यवस्था के रूप में स्थापित किया।"
Diye gaye sawaal ka jawab Hindi mein likhein:,मराठा साम्राज्य की स्थापना का महत्वपूर्ण घटना क्या था?,मराठा साम्राज्य की स्थापना को 1674 ईसा पूर्व में शिवाजी भोसले द्वारा दक्षिण के मुग़ल सत्ता को चुनौती देने के लिए प्रेरित किया गया था।
Diye gaye prashn ka samadhan Hindi mein prastut karein:,मराठा साम्राज्य के लिए पानीपत की लड़ाई का महत्व क्या था?,1761 ईसा पूर्व में हुई तीसरी पानीपत की लड़ाई ने मराठा साम्राज्य को बहुत ही कमजोर किया।
Pooche gaye prashn ka uttar Hindi mein pradaan karein:,मराठा साम्राज्य के बाद शिवाजी भोसले के महत्वपूर्ण नेता कौन थे?,"शिवाजी भोसले के बाद, पेशवा जैसे नेताओं ने मराठा साम्राज्य की नेतृत्व किया और इसे विस्तारित किया।"
Bataye gaye sawaal ka jawab Hindi mein dein:,मराठा साम्राज्य ने भारतीय राजनीतिक परिदृश्य पर कैसा प्रभाव डाला?,मराठा साम्राज्य ने अपने विस्तार और शासन प्रणालियों की स्थापना के माध्यम से भारतीय राजनीतिक परिदृश्य को काफी परिवर्तित किया।
Answer the given question in Hindi:,मराठा साम्राज्य की आर्थिक आधार क्या थी?,"मराठा साम्राज्य की आर्थिक आधार कृषि, व्यापार, और अपने नियंत्रण में आने वाले क्षेत्रों से राज्यों से आय संग्रह से समर्थित थी।"
Write your answer to the question in Hindi:,मराठा साम्राज्य ने अपने विशाल क्षेत्रों पर नियंत्रण कैसे बनाए रखा?,"मराठा साम्राज्य ने केंद्रीय प्रशासन, स्थानीय शासन प्रणालियों, और मुख्य क्षेत्रों में सैन्य प्रतिष्ठान के मिश्रण के माध्यम से नियंत्रण बनाए रखा।"
Provide a response to the given query in Hindi:,मराठा साम्राज्य के विस्तार में कूटनीति किस भूमिका निभाई?,"कूटनीति ने मराठा साम्राज्य के विस्तार में महत्वपूर्ण भूमिका निभाई, क्योंकि उन्होंने छोटे राज्यों के साथ संधि बनाई और प्रतिद्वंद्वी शक्तियों के साथ समझौते किए ताकि अपनी स्थिति को मजबूत कर सकें।"
Answer the question in Hindi language:,तृतीय पानीपत का परिणाम मराठा साम्राज्य के लिए क्या था?,1761 ईसा में हुए तृतीय पानीपत के परिणामस्वरूप मराठा साम्राज्य कमजोर हो गया।
Reply to the asked question in Hindi:,मराठा साम्राज्य अंततः ब्रिटिश स्वामित्व के अधीन कैसे आया?,मराठा साम्राज्य अंततः अंग्रेज-मराठा युद्धों के बाद ब्रिटिश स्वामित्व के अधीन आया।
दिए गए प्रश्न का उत्तर हिंदी में दें:, शिवाजी भोसले के बाद मराठा साम्राज्य के नेता कौन थे?,"शिवाजी भोसले के बाद, पेशवा जैसे नेता मराठा साम्राज्य का नेतृत्व करते रहे।"
दिए गए सवाल का जवाब हिंदी में लिखें:,अपने शीर्षकाल में मराठा साम्राज्य ने किस-किस भूगोलिक क्षेत्र को शामिल किया?,"अपने शीर्षकाल में, मराठा साम्राज्य वर्तमान महाराष्ट्र को शामिल करते हुए इसके सीमाओं को भी पार किया।"
दिए गए प्रश्न का समाधान हिंदी में प्रस्तुत करें:,मराठा साम्राज्य ने क्षेत्र के राजनैतिक परिदृश्य पर क्या प्रभाव डाला?,मराठा साम्राज्य ने अपने विस्तार और प्रशासनिक प्रणालियों के स्थापना के माध्यम से क्षेत्र के राजनैतिक परिदृश्य को बदल दिया।
पूछे गए प्रश्न का उत्तर हिंदी में प्रदान करें:,अष्ट प्रधान प्रणाली ने मराठा साम्राज्य के प्रशासन में कैसे योगदान दिया?, अष्ट प्रधान प्रणाली ने मराठा साम्राज्य में अधिकारों को आठ मंत्रियों के बीच वितरित करके प्रशासन को सुगम बनाया।
बताए गए सवाल का उत्तर हिंदी में दें।,मुघल सत्ता को चुनौती देने में मराठा क्या-क्या रणनीतियाँ अपनाई?,मराठा ने मुघल सत्ता को चुनौती देने के लिए गरिला युद्ध रणनीतियों और रणनीतिक साझेदारियों का सहारा लिया।
Diye gaye prashn ka uttar Hindi mein dein:,मराठा साम्राज्य की आर्थिक नींवें क्या थीं?,"मराठा साम्राज्य की आर्थिक नींवें कृषि, व्यापार, और अपने नियंत्रण में राज्यों से राजस्व संग्रह से समर्थित थीं।"
Diye gaye sawaal ka jawab Hindi mein likhein:,मुघल साम्राज्य के पतन ने मराठा साम्राज्य के उदय में कैसे योगदान दिया?,मुघल साम्राज्य के पतन ने मराठा साम्राज्य जैसे क्षेत्रीय शक्तियों को अपने अधिकार का दावा करने और अपने राज्य क्षेत्रों का विस्तार करने के लिए अवसर प्रदान किया।
Diye gaye prashn ka samadhan Hindi mein prastut karein:,मराठा साम्राज्य की प्रमुख सांस्कृतिक उपलब्धियाँ क्या थीं?,"मराठा साम्राज्य ने साहित्य, कला, और वास्तुकला में महत्वपूर्ण सांस्कृतिक योगदान किया, जो क्षेत्रीय शैलियों को भारत के अन्य हिस्सों से प्रभावित करके हुआ।"
Pooche gaye prashn ka uttar Hindi mein pradaan karein:,मराठा साम्राज्य की पतन के क्या मुख्य कारण थे?,"आंतरिक संघर्ष, बाहरी आक्रमण, और उपनिवेशीय शक्तियों के उदय के कारण मराठा साम्राज्य का पतन हुआ।"
Bataye gaye sawaal ka jawab Hindi mein dein:,"मराठा साम्राज्य ने जिन राज्यों का प्रशासन किया, उन्हें कैसे चलाया?","मराठा साम्राज्य ने एक वित्तीय प्रशासन का अप्रशासित प्रणाली अपनाई, जिसमें स्थानीय शासकों को आधिकारिक नियंत्रण की दर के साथ स्वायत्तता दी गई।"
Answer the given question in Hindi:,मराठा साम्राज्य के अंतर्गत क्या सामाजिक संरचनाएँ थीं?,"मराठा साम्राज्य में एक गुणस्तरीय सामाजिक संरचना थी, जिसमें योद्धा जाति (मराठे) शीर्ष पर थी, इसके बाद ब्राह्मण, व्यापारी, और किसान जातियाँ आती थीं।"
Write your answer to the question in Hindi:,मराठा साम्राज्य की धार्मिक नीति क्या थी?,"मराठा साम्राज्य ने एक धार्मिक सहिष्णुता की नीति अपनाई, जो अपने क्षेत्रों में विभिन्न धार्मिक समुदायों के लिए धार्मिक स्वतंत्रता की अनुमति देती थी।"
Provide a response to the given query in Hindi:,मराठा द्वारा किस प्रकार के सैन्य तंत्र का उपयोग किया गया?,"मराठे ने घुड़सवारी, गरिला युद्ध, और अन्य क्षेत्रीय शक्तियों के साथ रणनीतिक साझेदारियों का सहारा लेकर अपने क्षेत्रों का विस्तार और संरक्षण किया।"
Answer the question in Hindi language:,मराठा साम्राज्य ने दक्षिण क्षेत्र की अर्थव्यवस्था पर कैसा प्रभाव डाला?,"मराठा साम्राज्य ने व्यापार, कृषि, और बुनियादी ढांचे के विकास के माध्यम से दक्षिण क्षेत्र में आर्थिक विकास को प्रोत्साहित किया।"
Reply to the asked question in Hindi:,मराठा साम्राज्य के अन्य क्षेत्रीय शक्तियों के साथ व्यापारिक रणनीतियाँ क्या थीं?,"मराठा साम्राज्य ने अपनी स्थिति और प्रभाव को बनाए रखने के लिए साझेदारियों, राजनीतिक यात्राओं, और सैन्य बल का उपयोग करते हुए दोस्ताना संबंध बनाए रखे।"
दिए गए प्रश्न का उत्तर हिंदी में दें:,मराठा साम्राज्य में महिलाओं की क्या भूमिका थी?,"मराठा साम्राज्य में महिलाओं ने घरेलू काम का प्रबंधन किया, युद्ध में भाग लिया, और कभी-कभी सत्ता के पदों को भी संभाला।"
दिए गए सवाल का जवाब हिंदी में लिखें:,मराठा साम्राज्य ने क्षेत्रीय भाषाओं और साहित्य के विकास में कैसे योगदान दिया?,"मराठा साम्राज्य ने क्षेत्रीय भाषाओं और साहित्य का प्रोत्साहन किया, जिससे मराठी साहित्य का विकास हुआ और सांस्कृतिक पहचान को प्रोत्साहित किया गया।"
दिए गए प्रश्न का समाधान हिंदी में प्रस्तुत करें:,मराठा शासकों द्वारा समृद्धि को बढ़ावा देने के लिए कौन-कौन सी आर्थिक नीतियाँ कार्यान्वित की गईं?," मराठा शासकों ने कृषि, व्यापार, और उद्यमिता को प्रोत्साहित करने के लिए नीतियों को लागू किया, जिससे उनके क्षेत्रों में आर्थिक समृद्धि को बढ़ावा मिला।"
पूछे गए प्रश्न का उत्तर हिंदी में प्रदान करें:,मराठा साम्राज्य के मुख्य राजस्व स्रोत क्या थे?,"मराठा साम्राज्य के मुख्य राजस्व स्रोत खेती, व्यापार, और उसके अधीन रहने वाले विभिन्न आय राशियों पर लगाए गए विभिन्न शुल्क थे।"
बताए गए सवाल का उत्तर हिंदी में दें।,मराठा साम्राज्य ने क्षेत्र की कला और वास्तुकला पर कैसा प्रभाव डाला?,"मराठा साम्राज्य ने कला और वास्तुकला का प्रोत्साहन किया, जिससे दुर्ग, महल, मंदिर, और अन्य प्रमुख संरचनाएँ बनाई गईं जो मराठा वास्तुकला की प्रतिष्ठा को प्रकट करती थीं।"
Diye gaye prashn ka uttar Hindi mein dein:,मराठा साम्राज्य के इतिहास में बातल की प्रतापगढ़ की क्या महत्वता थी?,प्रतापगढ़ का युद्ध महत्वपूर्ण था क्योंकि इससे शिवाजी भोसले के शूरवीरता को प्रमाणित किया गया और उन्हें दक्षिण में एक महत्वपूर्ण राजनीतिक शक्ति के रूप में स्थापित किया गया।
Diye gaye sawaal ka jawab Hindi mein likhein:, मराठा साम्राज्य के विस्तार में नौसेना की क्या भूमिका थी?,"मराठा नौसेना ने तटीय क्षेत्रों को सुरक्षित करने और समुद्री व्यापार मार्गों को नियंत्रित करने में महत्वपूर्ण भूमिका निभाई, जिससे साम्राज्य का विस्तार हुआ।"
Diye gaye prashn ka samadhan Hindi mein prastut karein:,पुरंदर का संधि मराठा इतिहास में कितना महत्वपूर्ण था?,पुरंदर की संधि का महत्व इसलिए था क्योंकि इससे समयानुसार मुघलों और मराठों के बीच संघर्ष ठहरा और शिवाजी भोसले को अपनी कुछ क्षेत्रों पर फिर से नियंत्रण पाने और मुघल सत्ता के खिलाफ अपनी प्रतिरोध को जारी रखने की अनुमति मिली।
Pooche gaye prashn ka uttar Hindi mein pradaan karein:,शिवाजी भोसले के शासनकाल में क्या महत्वपूर्ण सैन्य नवाचार थे?,"शिवाजी भोसले ने कई सैन्य नवाचार प्रस्तुत किए, जिसमें एक प्रशिक्षित घुड़सवारी बल की स्थापना, संरक्षण के लिए किलों का व्यापक उपयोग, और 'मावला' कहलाने वाली गरिला इकाइयों का गठन शामिल थे।"
Bataye gaye sawaal ka jawab Hindi mein dein:,मराठा साम्राज्य ने भारत में हिन्दू राजनीतिक शक्ति के पुनर्जीवन में कैसे योगदान दिया?,"मराठा साम्राज्य के उदय ने भारत में हिन्दू राजनीतिक शक्ति के पुनर्जीवन का संकेत दिया, मुघल साम्राज्य और अन्य मुस्लिम शासकों के प्रभाव को चुनौती देते हुए।"
Answer the given question in Hindi:,भोपाल के युद्ध के परिणाम क्या थे मराठा साम्राज्य के लिए?,"भोपाल के युद्ध के परिणामस्वरूप, मराठों के लिए एक निर्णायक जीत हुई, जिससे उनका मध्य भारत पर नियंत्रण मजबूत हुआ और क्षेत्र में मुघल सत्ता की कमजोरी हुई।"
Write your answer to the question in Hindi:,मराठा साम्राज्य अपने विशाल क्षेत्रों में स्थिरता और व्यवस्था कैसे बनाए रखता था?,"मराठा साम्राज्य अपनी विशेष प्रशासनिक व्यवस्थाओं, मजबूत सैन्य प्रतिष्ठा, और क्षेत्रीय शक्तियों के साथ संधि के एक संयोजन के माध्यम से स्थिरता बनाए रखता था।"
Provide a response to the given query in Hindi:,पेशवा बालाजी विश्वनाथ का मराठा साम्राज्य में क्या योगदान था?,पेशवा बालाजी विश्वनाथ ने मराठा साम्राज्य की प्रशासनिक व्यवस्था को स्थिर करने और राजनीतिक माध्यमों के माध्यम से इसकी प्रभावशीलता को बढ़ाने में महत्वपूर्ण भूमिका निभाई।
Answer the question in Hindi language:,मराठा साम्राज्य ने भारत के बदलते भौगोलिक परिदृश्य के अनुकूल कैसे परिवर्तन किया?,"मराठा साम्राज्य ने क्षेत्रीय शक्तियों के साथ संघर्षों, यूरोपीय उपनिवेशीय साम्राज्यों के साथ राजनीतिक संचालन में सहयोग, और उभरती हुई खतरों का सामना करने के लिए अपनी सैन्य को आधुनिक बनाने के द्वारा अपने को बदल लिया।"
Reply to the asked question in Hindi:,सालबाई के संधि के परिणाम क्या थे मराठा साम्राज्य के लिए?,"सालबाई की संधि, मराठों और ब्रिटिश ईस्ट इंडिया कंपनी के बीच समय सांघर्ष के ठहराव और उनके आपसी क्षेत्रों के बीच सीमाओं की स्थापना में हुई, जिससे होस्टिलिटी का अस्थायी बंद हो गया।"
दिए गए प्रश्न का उत्तर हिंदी में दें:,मराठा साम्राज्य ने दक्षिण क्षेत्र की सांस्कृतिक पहचान पर कैसा प्रभाव डाला?,"मराठा साम्राज्य ने मराठी भाषा, साहित्य, और संस्कृति को प्रोत्साहित किया, दक्षिण क्षेत्र की सांस्कृतिक पहचान में योगदान किया और क्षेत्रीय गर्व की भावना को बढ़ाया।"
दिए गए सवाल का जवाब हिंदी में लिखें:,मराठा साम्राज्य की प्रमुख वास्तुकलात्मक उपलब्धियाँ क्या थीं?,"मराठा साम्राज्य की प्रमुख वास्तुकलात्मक उपलब्धियों में रायगढ़ और प्रतापगढ़ जैसे किलों, शानिवारवाड़ा जैसे महल, और जटिल नक्काशियों से सजीव मंदिर शामिल थे।"
दिए गए प्रश्न का समाधान हिंदी में प्रस्तुत करें:,मराठा साम्राज्य ने भारत में व्यापार और वाणिज्य पर कैसा प्रभाव डाला?," मराठा साम्राज्य ने बुनियादी ढांचे को सुधारकर, व्यापार मार्गों की सुरक्षा करके, और व्यापारियों को व्यावसाय करने के लिए स्थिर वातावरण प्रदान करके व्यापार और वाणिज्य को सुविधाजनक बनाया।"
पूछे गए प्रश्न का उत्तर हिंदी में प्रदान करें:,मराठा साम्राज्य के विस्तार में कूटनीति का क्या भूमिका था?,"कूटनीति ने मराठा साम्राज्य के विस्तार में महत्वपूर्ण भूमिका निभाई, क्योंकि वे छोटे राज्यों के साथ संधि बनाकर और प्रतिद्वंद्वी शक्तियों के साथ संधि करके अपनी स्थिति को मजबूत किया।"
बताए गए सवाल का उत्तर हिंदी में दें।,मराठा साम्राज्य और भारत के अन्य क्षेत्रों के बीच सांस्कृतिक आदान-प्रदान क्या था?,"मराठा साम्राज्य ने अन्य क्षेत्रों के साथ सांस्कृतिक आदान-प्रदान को सुनिश्चित किया, जिससे कला, संगीत, और साहित्य में मराठी, पर्शियन, और स्थानीय प्रभावों का मिश्रण हुआ।"
Diye gaye prashn ka uttar Hindi mein dein:,मराठा साम्राज्य ने क्षेत्रीय योद्धा कलाओं के विकास पर कैसा प्रभाव डाला?,मराठा साम्राज्य की सैन्य प्रशिक्षण और युद्ध कौशल पर ध्यान देने से 'मर्दानी खेल' और 'पहलवानी' जैसी क्षेत्रीय योद्धा कलाओं का विकास हुआ।
Diye gaye sawaal ka jawab Hindi mein likhein:,मराठा साम्राज्य के दक्षिणी भारत में विस्तार के पीछे क्या कारण थे?,"मराठा साम्राज्य दक्षिणी भारत में विस्तार करने के लिए सरकारी क्षेत्रों को नियंत्रित करने, मूल्यवान संसाधनों का उपयोग करने, और पूरे उपमहाद्वीप पर अपने प्राधिकरण को स्थापित करने का प्रयास किया।"
Diye gaye prashn ka samadhan Hindi mein prastut karein:,मराठा साम्राज्य ने अपने विशाल और विविध क्षेत्रों पर नियंत्रण कैसे बनाए रखा?,"मराठा साम्राज्य ने केंद्रीकृत प्रशासन, स्थानीय प्रबंधन संरचनाओं, और कुंजी इलाकों में सैन्य प्रतिष्ठा का एक संयोजन द्वारा नियंत्रण बनाए रखा।"
Pooche gaye prashn ka uttar Hindi mein pradaan karein:,मराठा साम्राज्य के लिए सूरत की संधि के परिणाम क्या थे?,"सूरत की संधि के परिणामस्वरूप, मराठों और ब्रिटिश ईस्ट इंडिया कंपनी के बीच संबंधों को अस्थायी रूप से स्थिर किया गया और दोनों पक्षों के लिए लाभकारी व्यापार समझौते स्थापित किए गए।"
Bataye gaye sawaal ka jawab Hindi mein dein:,मराठा साम्राज्य की गैर-हिन्दू समुदायों के प्रति धार्मिक नीतियाँ क्या थीं?,"मराठा साम्राज्य ने आमतौर पर धार्मिक सहिष्णुता की नीति अपनाई, गैर-हिन्दू समुदायों को उनके धर्म का आज़ादी से प्रचार करने की अनुमति दी, हालांकि कभी-कभी टन्सन और संघर्ष भी हुआ।"
Answer the given question in Hindi:,मराठा साम्राज्य ने दक्षिण भारत के राजनीतिक परिदृश्य को कैसे प्रभावित किया?,मराठा साम्राज्य का दक्षिण भारत में विस्तार पूर्वी रूप से मौजूदा शक्तियों की कमी कर उनके अधीन स्थितियों का आरंभ करने के कारण राजनीतिक परिदृश्य को पुनः आकार दिया।
Write your answer to the question in Hindi:,समाज में समस्याओं को समाधान के लिए मराठा शासकों द्वारा प्रस्तुत किए गए सामाजिक सुधार क्या थे?,"मराठा शासकों द्वारा किसानों को भूमि दान, शिक्षा को बढ़ावा देने, और निम्न जातियों और समाज के पीड़ित समुदायों की स्थिति को सुधारने जैसे सामाजिक सुधार प्रस्तुत किए गए।"
Provide a response to the given query in Hindi:,मराठा साम्राज्य ने यूरोपीय उपनिवेशीय साम्राज्यों के साथ जटिल संबंधों का कैसे संभाला?,"मराठा साम्राज्य ने यूरोपीय उपनिवेशीय साम्राज्यों जैसे कि ब्रिटिश, पुर्तगाली, और फ्रांसीसी के साथ अपने हितों और क्षेत्रों की सुरक्षा के लिए कूटनीति, संधि, और कभी-कभी संघर्ष में संलग्न होकर संबंधों को संभाला।"
Answer the question in Hindi language:,वडगांव का युद्ध मराठा इतिहास में कितना महत्वपूर्ण था?,"वडगांव का युद्ध महत्वपूर्ण था क्योंकि इससे ब्रिटिश पूर्व इंडिया कंपनी के खिलाफ मराठों की निर्णायक जीत हुई, जिससे मराठा का मनोबल बढ़ा और उनके सैन्य कौशल का प्रदर्शन हुआ।"
Reply to the asked question in Hindi:,मराठा साम्राज्य ने भारतीय संस्कृति और प्रभाव को अपनी सीमाओं के परे कैसे फैलाया?,"मराठा साम्राज्य का प्रभाव व्यापार नेटवर्क, सांस्कृतिक आदान-प्रदान, और पड़ोसी राज्यों और साम्राज्यों के साथ राजनीतिक संबंधों के माध्यम से अपनी सीमाओं के पार बढ़ा।"
दिए गए प्रश्न का उत्तर हिंदी में दें:,मराठा साम्राज्य के लिए राक्षसभुवन के युद्ध के परिणाम क्या थे?,"राक्षसभुवन का युद्ध, जिसे पवन खिंड के युद्ध के रूप में भी जाना जाता है, मराठा सेना की टैक्टिकल शानदारता को प्रदर्शित किया और बाजी प्रभु देशपांडे द्वारा नेतृत्व किए गए मराठा बलों के लिए शिवाजी भोसले को विशालगढ़ तक सुरक्षित मार्ग उन्हें आदिक्षित करने और उनकी स्थिति और मनोबल की सुनिश्चित करने के लिए सुनिश्चित किया।"
दिए गए सवाल का जवाब हिंदी में लिखें:,मराठा साम्राज्य ने भारत में सैन्य रणनीतियों के विकास में कैसे योगदान दिया?," मराठा साम्राज्य के सैन्य नवाचार, जिसमें गरिला युद्ध, किलों की रक्षा, और प्राणी सेना के तरीके शामिल हैं, भारतीय उपमहाद्वीप में सैन्य रणनीतियों पर प्रभाव डाले।"
दिए गए प्रश्न का समाधान हिंदी में प्रस्तुत करें:,मराठा साम्राज्य ने अपने विस्तार के दौरान किस प्रकार के कूटनीतिक चुनौतियों का सामना किया?,"मराठा साम्राज्य ने अन्य क्षेत्रीय शक्तियों के साथ प्रतिस्पर्धा, यूरोपीय हस्तक्षेप, और वासल राज्यों के बीच आंतरिक असहमति जैसी कूटनीतिक चुनौतियों का सामना किया।"
पूछे गए प्रश्न का उत्तर हिंदी में प्रदान करें:,मराठा साम्राज्य ने भारत में विदेशी आक्रमणों के विरोध में किस भूमिका का निर्वाह किया?,"मराठा साम्राज्य ने विदेशी आक्रमणों, विशेषकर मुघल और यूरोपीय शक्तियों, के विरोध में महत्वपूर्ण भूमिका निभाई, सैन्य अभियानों और रणनीतिक संधियों के माध्यम से।"
बताए गए सवाल का उत्तर हिंदी में दें।,मराठा साम्राज्य ने क्षेत्रीय व्यापार नेटवर्क के विकास में कैसे योगदान दिया?,"मराठा साम्राज्य की प्रमुख व्यापार मार्गों और बंदरगाहों पर नियंत्रण ने सामग्री और वस्त्रादि की आदान-प्रदान को सुविधाजनक बनाया, जिससे क्षेत्रीय व्यापार नेटवर्क और आर्थिक विकास को प्रोत्साहित किया गया।"
Diye gaye prashn ka uttar Hindi mein dein:,19वीं सदी में मराठा साम्राज्य के पतन के क्या कारण थे?,"19वीं सदी में मराठा साम्राज्य के पतन का कारण आंतरिक संघर्ष, बाहरी आक्रमण, ब्रिटिश उपनिवेशीय सत्ता का उदय, और मराठा क्षेत्रों के विच्छेद के कारण केन्द्रीय अधिकार की अपाल का घटना।"
Diye gaye sawaal ka jawab Hindi mein likhein:,मराठा साम्राज्य ने भारत की कृषि अर्थव्यवस्था पर कैसा प्रभाव डाला?,"मराठा साम्राज्य के धर्म, सिंचाई परियोजनाओं, और कृषि सुधारों जैसे नीतियों ने भारत में कृषि अर्थव्यवस्था के विकास में योगदान किया और कृषि उत्पादकता में वृद्धि की।"
Diye gaye prashn ka samadhan Hindi mein prastut karein:,मराठा शासकों द्वारा प्रोत्साहित किए गए सांस्कृतिक और धार्मिक अभ्यास क्या थे?,"मराठा शासकों ने हिन्दू धार्मिक अभ्यासों, उत्सवों, और रीतियों को बढ़ावा दिया, जबकि कला, साहित्य, और वास्तुकला का समर्थन किया गया, जो हिन्दू सांस्कृतिक मूल्यों को प्रतिबिंबित करते थे।"
Pooche gaye prashn ka uttar Hindi mein pradaan karein:,खडकी का युद्ध मराठा इतिहास में कितना महत्वपूर्ण था?,"खडकी का युद्ध महत्वपूर्ण था क्योंकि इससे मराठा साम्राज्य ने मुघल साम्राज्य पर निर्णायक विजय प्राप्त की, जिससे दक्षिण भारत में मराठा शासन की प्रमुखता स्थापित हुई।"
Bataye gaye sawaal ka jawab Hindi mein dein:,मराठा साम्राज्य ने भारत में क्षेत्रीय पहचानों के उदय में कैसा प्रभाव डाला?," मराठा साम्राज्य की क्षेत्रीय भाषाओं, रीतियों, और परंपराओं को प्रोत्साहित करने से भारतीय उपमहाद्वीप में विभिन्न क्षेत्रीय पहचानों का उदय हुआ।"
Answer the given question in Hindi:,ग्वालियर की संधि का मराठा साम्राज्य के लिए क्या महत्व था?,"ग्वालियर की संधि, जो मराठा और ब्रिटिश पूर्व इंडिया कंपनी के बीच हस्तांतरणों और आर्थिक दायित्वों पर हस्ताक्षर हुई, मराठा साम्राज्य की प्राधिकरण को कमजोर करने वाले क्षेत्रीय समझौतों और वित्तीय बंधनों का परिणाम था।"
Write your answer to the question in Hindi:,मराठा साम्राज्य उत्तर में सिख साम्राज्य के साथ कैसे संवाद करता था?,"मराठा साम्राज्य उत्तर में सिख साम्राज्य के साथ कृत्रिम संबंध बनाए रखता था, कभी-कभी गठबंधन बनाता था और व्यापार में शामिल होता था, हालांकि सीमांत विवादों के कारण संघर्ष भी उत्पन्न होता था।"
Provide a response to the given query in Hindi:,मराठा शासकों द्वारा प्रस्तुत की गई शैक्षिक सुधार क्या थे?,"मराठा शासकों ने शिक्षा को बढ़ावा देने के लिए स्कूल, कॉलेज, और पुस्तकालय स्थापित किए, विद्वानों का समर्थन किया, और शिक्षा योजनाओं का समर्थन करके साक्षरता और ज्ञान का प्रसार किया।"
Answer the question in Hindi language:,मराठा साम्राज्य ने भारत में वर्ण व्यवस्था पर कैसा प्रभाव डाला?," मराठा साम्राज्य ने वर्ण व्यवस्था को बनाए रखा, लेकिन योग्यता और सैन्य सेवा के आधार पर उन्नति के अवसर प्रदान किए, जिससे सामाजिक आंदोलन हुआ और पारंपरिक वर्ण भूमिकाओं में परिवर्तन आया।"
Reply to the asked question in Hindi:,मराठा समाज और शासन में महिलाओं की क्या भूमिका थी?,"मराठा समाज में महिलाओं ने विभिन्न भूमिकाओं का निर्वहन किया, जैसे कि घरेलू कार्य प्रबंधन, आर्थिक गतिविधियों में भागीदारी, और कभी-कभी प्राधिकरण और प्रभाव की पदों को संभालना।"
दिए गए प्रश्न का उत्तर हिंदी में दें:,उदगीर के युद्ध के परिणाम क्या थे मराठा साम्राज्य के लिए?,"उदगीर का युद्ध मराठा साम्राज्य के लिए बड़ा महत्व रखता था, क्योंकि इससे निजाम-ए-हैदराबाद पर मराठा विजय हुई, जिससे दक्षिण भारत के कुछ हिस्सों में मराठा नियंत्रण स्थापित हुआ।"
दिए गए सवाल का जवाब हिंदी में लिखें:,मराठा साम्राज्य ने सिंचाई प्रणालियों के विकास में कैसे योगदान दिया?,"मराठा साम्राज्य ने सिंचाई परियोजनाओं में निवेश किया, जैसे कि बाँध, नहरें, और जलाशय, ताकि कृषि उत्पादकता में सुधार हो और सूखे क्षेत्रों में जल संकट को कम किया जा सके।"
दिए गए प्रश्न का समाधान हिंदी में प्रस्तुत करें:,मराठा साम्राज्य ने क्षेत्रीय स्थिरता बनाए रखने के लिए कौटिल्य रणनीतियों का कैसे प्रयोग किया?,"मराठा साम्राज्य ने कौटिल्य रणनीतियों, जैसे कि गठबंधन बनाना, संधियों पर हस्ताक्षर करना, और समझौतों में शामिल होना, का प्रयोग किया, ताकि पड़ोसी राज्यों के बीच संघर्षों को रोका जा सके और स्थिरता बनाए रखा जा सके।"
पूछे गए प्रश्न का उत्तर हिंदी में प्रदान करें:,खारदा का युद्ध मराठा साम्राज्य के लिए क्या परिणाम थे?,"खारदा का युद्ध मराठों की जीत में समाप्त हुआ, जिससे मराठों ने हैदराबाद के निजाम पर विजय प्राप्त की, जिससे दक्षिण भारत में मराठा शासन को मजबूती मिली और बाहरी खतरों के खिलाफ उनकी स्थिति मजबूत हुई।"
बताए गए सवाल का उत्तर हिंदी में दें।,मराठा साम्राज्य ने भारत में कृषि प्रथाओं के विकास पर कैसा प्रभाव डाला?,"मराठा साम्राज्य ने कृषि में नवाचारों, जैसे कि फसलों की चक्रवृद्धि, मृदा संरक्षण तकनीकें, और उर्वरक का उपयोग, को लागू करके कृषि उत्पादकता और खाद्य सुरक्षा में सुधार किया।"
Diye gaye prashn ka uttar Hindi mein dein:,मराठा साम्राज्य के विस्तार के दौरान आर्थिक चुनौतियाँ क्या थीं?,"मराठा साम्राज्य को बड़े सेना का पालन, बुनियादी ढांचे पर निवेश, और व्यापार घाटों का प्रबंधन करने जैसी आर्थिक चुनौतियों का सामना करना पड़ा, जो उनके संसाधनों और वित्तों को तनाव में डालती थीं।"
Diye gaye sawaal ka jawab Hindi mein likhein:,मराठा साम्राज्य ने स्थानीय हस्तशिल्प और उद्योगों की संरक्षण में कैसे योगदान दिया?,"मराठा साम्राज्य ने स्थानीय हस्तशिल्प और उद्योगों को प्रोत्साहित करके, प्रोत्साहन प्रदान करके, और स्थानीय कारीगरों और शिल्पकारों को प्रतिस्पर्धा से बचाने के लिए नीतियों को कार्यान्वित करके स्थानीय हस्तशिल्प और उद्योगों की संरक्षण में योगदान किया।"
Diye gaye prashn ka samadhan Hindi mein prastut karein:, दिल्ली के युद्ध का मराठा साम्राज्य के लिए क्या परिणाम था?,"दिल्ली के युद्ध में मराठों की निर्णायक विजय हुई, जिससे मुग़ल सत्ता की कमी का संकेत मिला और उत्तर भारत में मराठों का उत्कृष्टता का संकेत मिला।"
Pooche gaye prashn ka uttar Hindi mein pradaan karein:,मराठा साम्राज्य ने समुद्री व्यापार और जलयान को कैसे बढ़ावा दिया?,"मराठा साम्राज्य ने बंदरगाह बुनियादी संरचनाओं में निवेश किया, समुद्री व्यापार मार्ग स्थापित किए, और व्यापारी जहाजों को सुरक्षा प्रदान की, जिससे भारतीय तटरेखा के साथ समुद्री व्यापार और जलयान को सुविधाजनक बनाया गया।"
Bataye gaye sawaal ka jawab Hindi mein dein:,मराठा साम्राज्य और पारसी दुनिया के बीच सांस्कृतिक अदलाबदल क्या था?,"मराठा साम्राज्य ने पारसी दुनिया के साथ सांस्कृतिक विनिमय किया, पारसी प्रशासनिक अभ्यासों, साहित्य, और कला को अपनाया, जबकि भारतीय परंपराओं के साथ पारसी संस्कृतियों को प्रभावित किया।"
Answer the given question in Hindi:,मराठा साम्राज्य ने सैन्य वास्तुकला के विकास को कैसे प्रभावित किया?,"मराठा साम्राज्य ने रणनीतिक ढांचा बनाने में पहल की और रणनीतिक ढांचाओं, बड़े पुरोहितों, और सीमाओं को संरक्षित करने के लिए डिज़ाइन किए गए किले, बूर्ज, और संरक्षणात्मक संरचनाओं का निर्माण किया।"
Write your answer to the question in Hindi:,अस्साय के युद्ध के परिणाम क्या थे मराठा साम्राज्य के लिए?,"अस्साय के युद्ध में ब्रिटिश पूर्व भारत कंपनी की मराठों पर निर्णायक विजय हुई, जिससे मराठा सैन्य शक्ति कमजोर हुई और भारत में ब्रिटिश के विस्तार का मार्ग खुल गया।"
Provide a response to the given query in Hindi:,मराठा साम्राज्य ने स्थानीय उद्योगों और विनिर्माण के विकास में कैसे योगदान दिया?,"मराठा साम्राज्य ने स्थानीय उद्योगों और विनिर्माण का समर्थन करके प्रोत्साहन प्रदान किया, प्रोत्साहन प्रदान किया, और व्यापारिक समूहों और शिल्पकार समुदायों को प्रमोट किया।"
Answer the question in Hindi language:,बसेन का संधि का क्या मराठा साम्राज्य के लिए अर्थ था?,"बसेन की संधि, मराठा और ब्रिटिश पूर्व भारत कंपनी के बीच साइन की गई, उपसम्ह और राजनीतिक प्रभाव के लिए ब्रिटिश सैन्य सहायता के परिणाम स्वरूप हुई, जिससे मराठा संघ में आंतरिक विरोध और संघर्ष उत्पन्न हुए।"
Reply to the asked question in Hindi:,मराठा साम्राज्य ने भारत में क्षेत्रीय राजनीतिक पक्षों के उदय में कैसा प्रभाव डाला?,"मराठा साम्राज्य के विस्तार और सत्ता के संघटन से क्षेत्रीय राजनीतिक पक्षों और राज्यों का उदय हुआ, जो या तो मराठा सत्ता के साथ संरेखित थे या उनके खिलाफ थे, भारत के राजनीतिक परिदृश्य को आकार देने के लिए।"
दिए गए प्रश्न का उत्तर हिंदी में दें:,कोरेगांव के युद्ध के परिणाम क्या थे मराठा साम्राज्य के लिए?,"कोरेगांव के युद्ध में ब्रिटिश ने मराठों पर जीत हासिल की, जो ब्रिटिश सैन्य की शक्ति को प्रकट करते हुए और उपनिवेशीय विस्तार के खिलाफ मराठा प्रतिरोध को कमजोर किया।"
दिए गए सवाल का जवाब हिंदी में लिखें:,मराठा साम्राज्य ने शहरों और नगरों के विकास में कैसे योगदान दिया?,"मराठा साम्राज्य ने प्रशासनिक केंद्र, व्यापार केंद्र, और बाजारों की स्थापना करके शहरीकरण को प्रोत्साहित किया, जिससे शहरों का विकास हुआ और नगरीय अर्थव्यवस्थाओं का उदय हुआ।"
दिए गए प्रश्न का समाधान हिंदी में प्रस्तुत करें:,पाटन के युद्ध के परिणाम क्या थे मराठा साम्राज्य के लिए?,पाटन के युद्ध में मराठों की एक निर्णायक विजय हुई जिससे क्षेत्र में मुग़ल सत्ता कमजोर हुई और मराठा ने गुजरात पर अपनी नियंत्रण और सत्ता को मजबूत किया।
पूछे गए प्रश्न का उत्तर हिंदी में प्रदान करें:,मराठा साम्राज्य ने भारत में युद्ध कला को कैसे प्रभावित किया?,"मराठा साम्राज्य ने सैन्य वास्तुकला में नए उत्थान, किलाबंदी, और युद्ध यात्राओं में नए अनुसंधानों को प्रस्तुत किया, जो भारत में और बाहर युद्ध कला को प्रभावित किया।"
बताए गए सवाल का उत्तर हिंदी में दें।,मराठा साम्राज्य के सांस्कृतिक योगदान क्या थे भारतीय उपमहाद्वीप में?,"मराठा साम्राज्य ने कला, साहित्य, संगीत, और वास्तुकला के प्रोत्साहन के माध्यम से महत्वपूर्ण सांस्कृतिक योगदान दिया, जो भारतीय उपमहाद्वीप की सांस्कृतिक विविधता को समृद्ध किया।"
Diye gaye prashn ka uttar Hindi mein dein:,लसवारी के युद्ध के परिणाम क्या थे मराठा साम्राज्य के लिए?,"लसवारी के युद्ध में ब्रिटिश पूर्व भारत कंपनी की मराठों पर निर्णायक विजय हुई, जिससे मराठा सेना की शक्ति कमजोर हुई और राजस्थान में मराठा की प्रभावशाली प्रतिष्ठा कम हो गई।"
Diye gaye sawaal ka jawab Hindi mein likhein:,मराठा साम्राज्य ने कैसे क्षेत्रीय भाषाओं और साहित्य के विकास में योगदान किया?,"मराठा साम्राज्य ने मराठी, तेलुगु, और कन्नड़ जैसी क्षेत्रीय भाषाओं का संरक्षण किया, साहित्यिक परंपराओं को प्रोत्साहित किया और अपने क्षेत्रों में सांस्कृतिक विविधता को बढ़ावा दिया।"
Diye gaye prashn ka samadhan Hindi mein prastut karein:,अरगांव के युद्ध के परिणाम क्या थे मराठा साम्राज्य के लिए?,"अरगांव के युद्ध में ब्रिटिश पूर्व भारत कंपनी के खिलाफ महत्वपूर्ण मराठा विजय हुई, जिससे मराठा सेना की संख्यात्मक सहनशीलता प्रदर्शित हुई और मध्य भारत में ब्रिटिश विस्तार को रोका गया।"
Pooche gaye prashn ka uttar Hindi mein pradaan karein:,मराठा साम्राज्य ने किस प्रकार क्षेत्रीय राजनीतिक संघों के उदय में कैसे प्रभाव डाला?,"मराठा साम्राज्य की सत्ता की उच्चता के कारण छोटे राज्यों और राजकीय राज्यों के बीच क्षेत्रीय राजनीतिक संघों का उदय हुआ, जो या तो मराठा सत्ता के साथ समर्थन करते थे या उसके खिलाफ थे।"
Bataye gaye sawaal ka jawab Hindi mein dein:,व्यापार और वाणिज्य को बढ़ावा देने के लिए मराठा साम्राज्य द्वारा किए गए आर्थिक नीतियाँ क्या थीं?," मराठा साम्राज्य ने अपने क्षेत्रों और उसके परे व्यापार और वाणिज्य को बढ़ाने के लिए कर बहुत बदलाव किए, जैसे कर सुधार, व्यापार के प्रोत्साहन, और बुनियादी ढांचे का विकास।"
Answer the given question in Hindi:,मराठा साम्राज्य ने स्थानीय कला और शिल्पों के प्रचार-प्रसार को कैसे बढ़ावा दिया?,"मराठा साम्राज्य ने स्थानीय कला और शिल्पों का प्रचार-प्रसार करके, उन्हें प्रोत्साहन प्रदान करके, गिल्ड्स स्थापित करके, और स्थानीय उत्पादित सामग्रियों के लिए बाजार बनाकर कला और नवाचार को बढ़ावा दिया।"
Write your answer to the question in Hindi:, पालखेड के युद्ध के परिणाम क्या थे मराठा साम्राज्य के लिए?,"पालखेड के युद्ध में मराठों की ह्यूज़ निज़ाम ओफ हैदराबाद पर निर्णायक विजय हुई, मध्य भारत में मराठा का नियंत्रण समेट लिया और निज़ाम की प्रभावसिद्धता कम हो गई।"
Provide a response to the given query in Hindi:,मराठा साम्राज्य ने कृषि प्रौद्योगिकी और अभ्यासों के विकास में किस प्रकार का प्रभाव डाला?,"मराठा साम्राज्य ने खेती में परिवर्तन किए जैसे की फसल का चक्रवात, सिंचाई तकनीकों, और बीज सुधार कार्यक्रम, जिससे की कृषि उत्पादकता और खाद्य सुरक्षा बढ़ी।"
Answer the question in Hindi language:,खाड़ा के युद्ध के परिणाम क्या थे मराठा साम्राज्य के लिए?,"खाड़ा के युद्ध में मराठों की महत्वपूर्ण विजय हुई, जिससे डीकन में मराठा का प्रभुत्व सुनिश्चित हुआ और उनकी स्थिति को बाहरी खतरों के खिलाफ मजबूत किया गया।"
Reply to the asked question in Hindi:,बहमानी सल्तनत की स्थापना कब हुई थी?,बहमानी सल्तनत की स्थापना 1347 ई. में हुई थी।
दिए गए प्रश्न का उत्तर हिंदी में दें:,बहमानी सल्तनत का संस्थापक कौन था?,बहमानी सल्तनत का संस्थापक अलाउद्दीन बहमान शाह था।
दिए गए सवाल का जवाब हिंदी में लिखें:,बहमानी सल्तनत की राजधानी क्या थी?,"बहमानी सल्तनत की राजधानी शुरू में गुलबर्गा थी, बाद में यह बीदर में स्थानांतरित हो गई।"
दिए गए प्रश्न का समाधान हिंदी में प्रस्तुत करें:,बहमानी सल्तनत का धार्मिक संरचना क्या था?,"बहमानी सल्तनत मुख्य रूप से मुस्लिम थी, लेकिन इसमें हिन्दू, जैन, और अन्य धर्मों के लोग भी थे।"
पूछे गए प्रश्न का उत्तर हिंदी में प्रदान करें:,बहमानी सल्तनत का सबसे प्रमुख शासक कौन था?,बहमानी सल्तनत के सबसे प्रमुख शासक मुहम्मद शाह I (जिसे अला-उद-दीन II के रूप में भी जाना जाता है) माना जाता है।
बताए गए सवाल का उत्तर हिंदी में दें।,बहमानी सल्तनत का आर्थिक व्यवस्था किस पर आधारित था?,"बहमानी सल्तनत की अर्थव्यवस्था कृषि, व्यापार, और संधिगत राज्यों से आय पर आधारित थी।"
Diye gaye prashn ka uttar Hindi mein dein:,बहमानी सल्तनत में प्रशासन की आधिकारिक भाषा क्या थी?,बहमानी सल्तनत में प्रशासन की आधिकारिक भाषा फारसी थी।
Diye gaye sawaal ka jawab Hindi mein likhein:,बहमानी सल्तनत के पतन का क्या कारण था?,"बहमानी सल्तनत के अंतर्निहित सामर्थ्यों के बीच आंतरिक विवाद, प्रशासनिक अक्षमता, और दक्षिणी सल्तनतों द्वारा आक्रमण ने बहमानी सल्तनत के पतन में योगदान किया।"
Diye gaye prashn ka samadhan Hindi mein prastut karein:,बहमानी सल्तनत के मुख्य प्रतिद्वंद्वी कौन थे?,बहमानी सल्तनत के मुख्य प्रतिद्वंद्वी दक्षिण में विजयनगर साम्राज्य और क्षेत्र में विभिन्न दक्षिणी सल्तनतें थीं।
Pooche gaye prashn ka uttar Hindi mein pradaan karein:,भारतीय इतिहास में बहमानी सल्तनत का महत्व क्या था?,बहमानी सल्तनत ने दक्षिणी भारत में राजनीतिक परिदृश्य को आकार देने में महत्वपूर्ण भूमिका निभाई और दक्षिण भारत में इस्लाम के प्रसार में मदद की।
Bataye gaye sawaal ka jawab Hindi mein dein:,किस प्रसिद्ध फारसी विद्वान ने बहमानी सल्तनत के दरबार में सेवा की?,"प्रसिद्ध फारसी विद्वान, महमूद गवान, मुहम्मद शाह III के शासनकाल में बहमानी सल्तनत के प्रधान मंत्री के रूप में सेवा करते थे।"
Answer the given question in Hindi:,बहमानी सल्तनत के साथ किस वास्तुकला के शैलियों का संबंध था?," बहमानी सल्तनत का अनूठा वास्तुकला शैली के रूप में माना जाता था, जिसमें पारसी, तुर्की, और स्थानीय दक्खनी प्रभावों का मिश्रण था, जैसा कि बीजापुर के गोल गुंबज जैसी संरचनाओं में प्रकट होता है।"
Write your answer to the question in Hindi:, बहमानी सल्तनत का प्रशासनिक संरचना क्या था?," बहमानी सल्तनत को ""तराफ"" के नाम से जाने जाने वाले प्रांतों में विभाजित किया गया था, प्रत्येक के प्रबंधक को ""वाली"" के रूप में जाना जाता था। सल्तनत को और अधिक जिलों में विभाजित किया गया था, जिन्हें ""शिक्ष"" कहा जाता था, जिन्हें ""शिकदार"" द्वारा प्रशासित किया जाता था।"
Provide a response to the given query in Hindi:,बहमानी सल्तनत ने भारत में इस्लाम के प्रसार में कैसे योगदान दिया?,"बहमानी सल्तनत ने विद्वानों, सूफी संतों, और मस्जिदों, मदरसों, और अन्य धार्मिक संस्थानों के निर्माण के माध्यम से इस्लाम को प्रोत्साहित किया।"
Answer the question in Hindi language:, बहमानी सल्तनत की मुख्य सांस्कृतिक उपलब्धियां क्या थीं?,"बहमानी सल्तनत ने साहित्य, कला, और संगीत में महत्वपूर्ण योगदान किया, दक्षिणी भारत में एक समृद्ध सांस्कृतिक परिवेश को बढ़ावा दिया।"
Reply to the asked question in Hindi:,बहमानी सल्तनत और विजयनगर साम्राज्य के बीच क्या संबंध था?, बहमानी सल्तनत और विजयनगर साम्राज्य के बीच क्षेत्रीय नियंत्रण पर अधिकारिक विवादों और युद्धों से चिह्नित रिश्ते थे दक्षिणी भारत में।
दिए गए प्रश्न का उत्तर हिंदी में दें:,बहमानी सल्तनत का अंतिम शासक कौन था?,"अहमद शाह II बहमानी सल्तनत का अंतिम शासक था, जिससे यह पांच अलग-अलग दक्षिणी सल्तनतों में विखण्डित हो गई।"
दिए गए सवाल का जवाब हिंदी में लिखें:,बहमानी सल्तनत के मुख्य राजस्व स्रोत क्या थे?,"बहमानी सल्तनत के मुख्य राजस्व स्रोतों में भूमि कर, व्यापार और वाणिज्य पर करों का वितरण, और अधीन क्षेत्रों से श्रद्धांजलि शामिल थी।"
दिए गए प्रश्न का समाधान हिंदी में प्रस्तुत करें:,बहमानी सल्तनत ने क्षेत्रीय भाषाओं के विकास में कैसे योगदान दिया?,"बहमानी सल्तनत ने दक्खनी उर्दू जैसी क्षेत्रीय भाषाओं के विकास का प्रोत्साहन किया, जो पारसी, अरबी, और स्थानीय बोलियों का मिश्रण होकर एक साहित्यिक भाषा बन गई।"
पूछे गए प्रश्न का उत्तर हिंदी में प्रदान करें:,महमूद गवान द्वारा प्रस्तुत किए गए मुख्य प्रशासनिक सुधार क्या थे?,"महमूद गवान ने कई प्रशासनिक सुधार किए, जिसमें राजस्व प्रणाली की पुनर्व्यवस्था, कुशल डाक और खुफिया नेटवर्कों की स्थापना, और व्यापार और वाणिज्य का प्रवर्धन शामिल था।"
बताए गए सवाल का उत्तर हिंदी में दें।,सूफी धर्मान्तरण ने बहमानी सल्तनत के सांस्कृतिक जीवन में कौनसी भूमिका निभाई?," सूफी धर्मान्तरण ने बहमानी सल्तनत के सांस्कृतिक जीवन पर महत्वपूर्ण प्रभाव डाला, जो एक धार्मिक और स्थानीय परंपराओं का संगम बढ़ावा देता था, सहिष्णुता को बढ़ावा देता था, और विभिन्न धार्मिक पृष्ठभूमियों से अनुयायियों को आकर्षित करता था।"
Diye gaye prashn ka uttar Hindi mein dein:, बहमानी सल्तनत के साथ सबसे प्रसिद्ध सूफी संत कौन थे?,"हज़रत ख्वाजा बंदे नवाज़ गेसु दराज़ बहमानी सल्तनत से संबंधित सबसे प्रसिद्ध सूफी संत थे, जिन्हें उनके आध्यात्मिक शिक्षाओं और सामाजिक कल्याण गतिविधियों के लिए जाना जाता था।"
Diye gaye sawaal ka jawab Hindi mein likhein:,बहमानी सल्तनत की मुख्य कलात्मक उपलब्धियाँ क्या थीं?,"बहमानी सल्तनत ने वास्तुकला, ख़त्ताती, नस्ल चित्रकारी, और सजावटी कला में महत्वपूर्ण कलात्मक उपलब्धियाँ की, जो पारसी, भारतीय, और इस्लामी परंपराओं के प्रभाव से प्रभावित एक विशिष्ट क्षेत्रीय शैली बनाई।"
Diye gaye prashn ka samadhan Hindi mein prastut karein:,तालिकोटा का युद्ध बहमानी सल्तनत के संबंध में कितना महत्वपूर्ण था?," 1565 में तालिकोटा का युद्ध ने दक्षिणी सल्तनतों के संघीय बलों, जिसमें बहमानी सल्तनत भी शामिल थी, की हार का संकेत दिया, जिससे बहमानी सल्तनत का विघटन हुआ।"
Pooche gaye prashn ka uttar Hindi mein pradaan karein:,बहमानी सल्तनत ने दक्षिणी भारत में पारसी संस्कृति के प्रसार में कैसे योगदान दिया?," बहमानी सल्तनत ने पारसी विद्वानों, कवियों, और कलाकारों का प्रोत्साहन करके, पारसी को दरबारी भाषा के रूप में अपनाकर, और पारसी-शैली की वास्तुकला के निर्माण के माध्यम से पारसी संस्कृति का प्रसार किया।"
Bataye gaye sawaal ka jawab Hindi mein dein:, राजपूत कौन थे?,"राजपूत मध्यकालीन भारत में एक योद्धा समुदाय थे, जिन्हें उनके वीरता, शूरवीरता, और मर्यादा कोड के पालन के लिए जाना जाता था।"
Answer the given question in Hindi:,भारत के किस क्षेत्र में राजपूतों का अधिकांश निवास करता था?,"राजपूतों का प्रमुखतः उत्तर-पश्चिमी और पश्चिमी भारत के क्षेत्रों में निवास था, जिसमें वर्तमान के राजस्थान, गुजरात, और मध्य प्रदेश के कुछ हिस्से शामिल थे।"
Write your answer to the question in Hindi:,मुख्य राजपूत राज्य कौन-कौन से थे?,"कुछ मुख्य राजपूत राज्यों में मेवाड़, मारवाड़, आंबर (जयपुर), जैसलमेर, बीकानेर, बूंदी, और कोटा शामिल थे।"
Provide a response to the given query in Hindi:,भारतीय इतिहास में राजपूत राज्यों का क्या महत्व था?,"राजपूत राज्यों ने विदेशी आक्रमणों का सामना किया, हिन्दू संस्कृति और परंपराओं को संरक्षित किया, और मध्यकालीन भारत के राजनीतिक परिदृश्य में योगदान किया।"
Answer the question in Hindi language:,राजपूत राज्य का राजनीतिक प्रणाली कैसी थी?,"राजपूत राज्य की राजनीतिक प्रणाली को विघटनशील संरचना के रूप में चित्रित किया जाता है, हर राज्य को एक वंशज राजा या राणा के रूप में शासन किया जाता था।"
Reply to the asked question in Hindi:,कुछ प्रमुख राजपूत वंशों में कौन-कौन से शामिल थे?,"कुछ प्रमुख राजपूत वंशों में मेवाड़ के सिसोदिया, मारवाड़ के राठौड़, आंबर के कचवाहा, अजमेर के चौहान, और बूंदी के हड्ड़ा शामिल थे।"
दिए गए प्रश्न का उत्तर हिंदी में दें:,मेवाड़ के सिसोदिया वंश के संस्थापक कौन थे?, मेवाड़ के सिसोदिया वंश के परंपरागत रूप से संस्थापक के रूप में बप्पा रावल माना जाता है।
दिए गए सवाल का जवाब हिंदी में लिखें:,कौन-कौन से राजपूत राज्य अपनी किलें और महलों के लिए प्रसिद्ध हैं?,"कचवाहा राजपूतों की राजधानी आंबर, जिसमें आंबर किला सहित शानदार किलें और महल हैं, के लिए प्रसिद्ध है।"
दिए गए प्रश्न का समाधान हिंदी में प्रस्तुत करें:, राजपूत राज्यों और दिल्ली सल्तनत के बीच क्या संबंध थे?,"राजपूत राज्यों और दिल्ली सल्तनत के बीच संघर्ष, गठबंधन, और अधीनता के काल के दौरान संबंध थे।"
पूछे गए प्रश्न का उत्तर हिंदी में प्रदान करें:,राणा प्रताप सिंह कौन थे और वे क्यों प्रसिद्ध हैं?,"राणा प्रताप सिंह मेवाड़ के प्रमुख राजपूत शासक थे, जिन्हें हल्दीघाटी के युद्ध में मुग़ल सम्राट अकबर के खिलाफ विरोध के लिए प्रसिद्ध किया जाता है।"
बताए गए सवाल का उत्तर हिंदी में दें।,राजपूत मानवता को क्या कहा जाता था?,"राजपूत मानवता को ""राजपूताना"" या ""राजपूती विरासत"" के रूप में जाना जाता था, जिसमें वफादारी, साहस, और आत्माबलिदान जैसे सिद्धांतों को महत्व दिया जाता था।"
Diye gaye prashn ka uttar Hindi mein dein:,समाज में राजपूत महिलाओं की क्या भूमिका थी?,"राजपूत महिलाएँ उच्च सामाजिक स्थान धारण करती थीं और युद्ध के समय में परिवार के मान के संरक्षण, प्रशासन, और रक्षा में महत्वपूर्ण भूमिका निभाती थीं।"
Diye gaye sawaal ka jawab Hindi mein likhein:,कौन सा राजपूत राज्य अपनी जलसेना के कौशल के लिए प्रसिद्ध था?," गुजरात के चौहान, विशेष रूप से द्वारका का राज्य, अपनी जलसेना की मजबूती और समुद्री गतिविधियों के लिए प्रसिद्ध थे।"
Diye gaye prashn ka samadhan Hindi mein prastut karein:,किस वास्तुकला शैली का संबंध राजपूत राज्यों से है?," राजपूत वास्तुकला को अलबेले किले, महल, मंदिर, और स्टेपवेल्स के जटिल नक्शे, जीवंत रंग, और हिंदू और इस्लामी तत्वों के मिलन से चित्रित किया गया है।"
Pooche gaye prashn ka uttar Hindi mein pradaan karein:, भारतीय संस्कृति और कला पर राजपूत राज्यों का क्या प्रभाव था?,"राजपूत राज्यों ने साहित्य, संगीत, नृत्य, चित्रकला, और वास्तुकला के प्रोत्साहन के माध्यम से भारतीय संस्कृति और कला में महत्वपूर्ण योगदान किया, जिससे एक समृद्ध सांस्कृतिक विरासत का निर्माण हुआ।"
Bataye gaye sawaal ka jawab Hindi mein dein:,महाराणा प्रताप कौन थे और उन्हें क्यों पूज्यता मिलती है?,"महाराणा प्रताप मेवाड़ के वीर राजपूत शासक थे, जिन्हें मुग़ल सत्ता के खिलाफ उनकी अवहेलना के लिए जाना जाता है, विशेष रूप से हल्दीघाटी के युद्ध में।"
Answer the given question in Hindi:, विदेशी आक्रमकों के खिलाफ कुछ प्रमुख राजपूत संधियां क्या थीं?,"राजपूत संघ, हल्दीघाटी लीग, आदि राजपूत संधियां बनाई गईं थीं विदेशी आक्रमकों का सामना करने के लिए, विशेष रूप से मुग़लों के खिलाफ।"
Write your answer to the question in Hindi:,राजपूत जातियों का अपने राज्यों की रक्षा में क्या योगदान था?,"राजपूत जातियों ने अपने राज्यों की रक्षा में महत्वपूर्ण भूमिका निभाई, संघर्ष के समय में कुशल योद्धाओं और सैन्य नेतृत्व प्रदान किया।"
Provide a response to the given query in Hindi:,राजपूत राज्यों की क्या कमी थी?,"राजपूत राज्यों की कमी आंतरिक विवाद, बाह्य आक्रमण, और केंद्रीकृत मुग़ल और मराठा शक्तियों की उभार के कारण हुई।"
Answer the question in Hindi language:,मारवाड़ (जोधपुर) राज्य के संस्थापक कौन थे?,"राव जोधा, एक राठौड़ राजपूत नेता, को मारवाड़ (जोधपुर) राज्य के संस्थापक माना जाता है।"
Reply to the asked question in Hindi:,कौन सा राजपूत राज्य अपनी जटिल लघु चित्रकलाओं के लिए प्रसिद्ध है?,"मेवाड़, बूंदी, और कोटा के राजपूत राज्य अपनी सुंदर लघु चित्रकलाओं के लिए प्रसिद्ध हैं, जो पौराणिक कथाओं, काव्य, और दरबारी जीवन के विषयों को दर्शाती हैं।"
दिए गए प्रश्न का उत्तर हिंदी में दें:,राजपूत क्षेत्रों से गुजरने वाले प्रमुख व्यापारिक मार्ग क्या थे?,"राजपूत क्षेत्रों से गुजरने वाले प्रमुख व्यापारिक मार्ग में सिल्क रोड शामिल था, जो मध्य एशिया को भारत से जोड़ता था, और पड़ोसी क्षेत्रों के साथ व्यापार को सुविधाजनक बनाने वाले मार्ग शामिल थे।"
दिए गए सवाल का जवाब हिंदी में लिखें:,राजपूत राज्यों ने संस्कृत साहित्य के विकास में कैसे योगदान दिया?,"राजपूत राज्यों का समर्थन संस्कृत साहित्य के विकास को प्रोत्साहित किया, विशेष रूप से महाकाव्य, नाटक, और दार्शनिक कामों के लिए, भारत की साहित्यिक विरासत को संरक्षित और समृद्ध किया।"
दिए गए प्रश्न का समाधान हिंदी में प्रस्तुत करें:,रानी पद्मिनी कौन थीं और उनकी प्रसिद्धि का कारण क्या था?,"रानी पद्मिनी चित्तौड़ की एक प्रसिद्ध रानी थीं, जिनकी सुंदरता और साहस के बारे में चर्चा है, जिनकी कहानी अकबर खिलजी द्वारा चित्तौड़ के घेराव के साथ जुड़ी है।"
पूछे गए प्रश्न का उत्तर हिंदी में प्रदान करें:, हिन्दू धर्म के प्रसार में राजपूत राज्यों की क्या भूमिका थी?,"राजपूत राज्यों ने हिन्दू धर्म के प्रसार और संरक्षण में महत्वपूर्ण भूमिका निभाई, मंदिर निर्माण का समर्थन किया, धार्मिक संस्थानों का प्रोत्साहन किया, और धार्मिक आचरण और त्योहारों में भाग लिया।"
बताए गए सवाल का उत्तर हिंदी में दें।,"बप्पा रवाल कौन थे, और राजपूत इतिहास में उनका क्या महत्व था?",बप्पा रवाल एक प्रसिद्ध व्यक्ति थे और मेवाड़ के सिसोदिया वंश के संस्थापक थे। उनकी सेना में कार्यशीलता और वीरता को राजपूत लोककथाओं में गुणवत्ता दी जाती है।
Diye gaye prashn ka uttar Hindi mein dein:, जैन मंदिरों के लिए किस राजपूत राज्य का प्रसिद्ध होना था?,"मारवाड़ (जोधपुर) के राजपूत राज्य को जैन मंदिरों के लिए प्रसिद्ध था, विशेष रूप से राणाकपुर में आदिनाथ को समर्पित अद्भुत मंदिर।"
Diye gaye sawaal ka jawab Hindi mein likhein:, राजपूत राज्यों में कौन-कौन से प्रमुख त्योहार मनाए जाते थे?," राजपूत राज्यों में दिवाली, होली, गणगौर, तीज, और नवरात्रि जैसे कई प्रमुख त्योहार मनाए जाते थे, अक्सर विशेष रूप से विधियों, प्रदर्शनों, और सांस्कृतिक कार्यक्रमों के साथ।"
Diye gaye prashn ka samadhan Hindi mein prastut karein:," राजा मान सिंह कौन थे, और उन्होंने राजपूत इतिहास में क्या भूमिका निभाई?","राजा मान सिंह एक प्रमुख राजपूत महान होते थे और मुग़ल दरबार में एक साहसी और वफादार सैन्य नेता थे, जो अकबर के प्रति अपनी वीरता और वफादारी के लिए प्रसिद्ध थे।"
Pooche gaye prashn ka uttar Hindi mein pradaan karein:, राजपूत शस्त्रसाधन और युद्ध विरासत का महत्व क्या था?,"राजपूत शस्त्रसाधन और युद्ध विरासत उनकी रक्षा और युद्ध रणनीतियों में महत्वपूर्ण थे। उन्हें तलवारें, बड़े, धनुष, और तीर की तरह के शस्त्रों का उपयोग करने में कुशलता थी, और उनकी घुड़सवारी युद्ध की क्षमता में प्रसिद्ध थी।"
Bataye gaye sawaal ka jawab Hindi mein dein:,राजपूत शासक अकबर के दरबार में सबसे प्रसिद्ध कवि कौन थे?,"राजपूत शासक अकबर के दरबार में सबसे प्रसिद्ध कवि तुलसीदास थे, जिन्हें उनके महाकाव्य ""रामचरितमानस"" के लिए जाना जाता है।"
Answer the given question in Hindi:,मुग़ल साम्राज्य में राजपूत जातियों की भूमिका क्या थी?," कई राजपूत जातियाँ मुग़ल साम्राज्य के साथी या भूमिपूर्वक रहीं, सैन्य समर्थन, प्रशासनिक सहायता, और रणनीतिक संधियों प्रदान करते हुए।"
Write your answer to the question in Hindi:,कौन सा राजपूत राज्य अपने साहस और विदेशी आक्रमण के खिलाफ लड़ाई में प्रसिद्ध था?,"मेवाड़, सिसोदिया राजपूतों के अधीन, अपने साहस और स्थिर विदेशी आक्रमण के खिलाफ प्रसिद्ध था, विशेष रूप से मुग़लों के खिलाफ।"
Provide a response to the given query in Hindi:,किलेबंदी में राजपूत वास्तुकला का क्या महत्व था?,"किलेबंदी में राजपूत वास्तुकला रणनीतिक रूप से डिज़ाइन की गई थी जिसमें मोटे दीवारें, बास्टियन, और उच्च स्थिति के लक्षण शामिल थे, जिन्होंने उन्हें दुश्मन के हमलों के खिलाफ बेजोड़ बना दिया।"
Answer the question in Hindi language:,राजपूत शासकों और उनके उच्च अधिकारियों के बीच संबंध क्या था?,"राजपूत शासक अपने उच्च अधिकारियों के साथ एक संबंध संभालते थे, जिन्हें सैन्य सेवा, वफादारी, और प्रशासनिक सहायता के बदले में भूमि अनुदान और उपाधियाँ प्रदान की जाती थी।"
Reply to the asked question in Hindi:,राजपूत राज्यों में प्रमुख उद्योग और शिल्प क्या थे?,"राजपूत राज्यों में विभिन्न उद्योग और शिल्पों का समर्थन किया गया, जिसमें धातुकारी, वस्त्र उत्पादन, मिट्टी का काम, आभूषण बनाना, और कारपेट बुनाई शामिल थे, जो उनकी आर्थिक समृद्धि में योगदान किया।"
दिए गए प्रश्न का उत्तर हिंदी में दें:,राजपूत योद्धाओं की राज्यों की रक्षा में क्या भूमिका थी?,"राजपूत योद्धाओं का अपने राज्यों की रक्षा में महत्वपूर्ण भूमिका था, जो विदेशी आक्रमणों और प्रतिद्वंद्वी राजपूत जातियों के खिलाफ युद्ध में साहस, वीरता, और वफादारी दिखाते थे।"
दिए गए सवाल का जवाब हिंदी में लिखें:,"रानी कर्णावती कौन थीं, और उनकी राजपूत इतिहास में क्या भूमिका थी?","रानी कर्णावती मेवाड़ के राणा संगा की विधवा थीं और उन्हें अपनी साहसिक क्रिया के लिए जाना जाता है, जिन्होंने हुमायूं को एक राखी भेजकर उनसे गुजरात के बहादुर शाह के खिलाफ अपनी सुरक्षा मांगी।"
दिए गए प्रश्न का समाधान हिंदी में प्रस्तुत करें:,राजपूत क्षेत्रों में निर्यात के लिए प्रमुख उत्पाद क्या थे?,"राजपूत क्षेत्रों में वस्त्र, मसाले, मूल्यवान पत्थर, धातुओं, और कृषि उत्पाद जैसे विभिन्न निर्यात उत्पाद उत्पन्न होते थे, जो घरेलू और अंतरराष्ट्रीय व्यापार किए जाते थे।"
पूछे गए प्रश्न का उत्तर हिंदी में प्रदान करें:,राजपूत राज्यों के मुख्य राजस्व स्रोत क्या थे?,"राजपूत राज्यों के मुख्य राजस्व स्रोत में भूमि कर, व्यापार और वाणिज्य पर कर, वंशीय राज्यों से उपहार, और शाही खेतों और एकाधिकारिकताओं से आय शामिल थी।"
बताए गए सवाल का उत्तर हिंदी में दें।,राजपूत महिलाओं का परिवार की मान संरक्षण में क्या भूमिका थी?,"राजपूत महिलाएं परिवार की मान संरक्षण में स्वाधिकार, वीरता, और वफादारी का पालन करके महत्वपूर्ण भूमिका निभाती थीं, और सामाजिक नियमों और परंपराओं को बनाए रखकर यह उत्थान करती थीं।"
Diye gaye prashn ka uttar Hindi mein dein:,"महाराजा रणजीत सिंह कौन थे, और उनका राजपूत इतिहास से क्या संबंध था?","महाराजा रणजीत सिंह 19वीं सदी के शुरुआत में सिख साम्राज्य के संस्थापक थे। वे स्वयं राजपूत नहीं थे, लेकिन उन्होंने अपने साम्राज्य का विस्तार करने के लिए कई राजपूत शासकों के साथ संधि की।"
Diye gaye sawaal ka jawab Hindi mein likhein:,समाज में राजपूत त्योहारों का महत्व क्या था?,"राजपूत त्योहार सामाजिक एकता को बढ़ावा देने, सांस्कृतिक पहचान को मजबूत करने, और समुदाय के बंधों को मजबूत करने में महत्वपूर्ण भूमिका निभाते थे, साथ ही धार्मिक अभिव्यक्ति और मनोरंजन के मंच के रूप में भी कार्य करते थे।"
Diye gaye prashn ka samadhan Hindi mein prastut karein:,राजपूत क्षेत्रों में प्रमुख कृषि व्यवस्थाएं क्या थीं?,"राजपूत क्षेत्रों में कृषि अर्थव्यवस्था की मुख्य रूपरेखा थी, जिसमें सूखे के कृषि, सार्वजनिक कुंडों और टैंकों का निर्यातन, और गेहूं, जौ, दालें, और कपास जैसी फसलों की खेती शामिल थी।"
Pooche gaye prashn ka uttar Hindi mein pradaan karein:,कला के प्रोत्साहन में राजपूत शासकों की क्या भूमिका थी?,"राजपूत शासकों की कला के प्रोत्साहन में महत्वपूर्ण भूमिका थी, जो कलाकारों, संगीतकारों, कवियों, और विद्वानों का समर्थन करते थे, और साहित्य, संगीत, चित्रकला, और वास्तुकला के काम को अपने दरबारों और राज्यों को समृद्ध करने के लिए आदेश देते थे।"
Bataye gaye sawaal ka jawab Hindi mein dein:,राजपूत राज्यों ने भारतीय शास्त्रीय संगीत के प्रसार में कैसे योगदान दिया?,"राजपूत राज्यों ने भारतीय शास्त्रीय संगीतकारों को प्रोत्साहन दिया और विभिन्न संगीत परंपराओं के विकास का समर्थन किया, जिसमें हिंदुस्तानी और कर्णाटक संगीत शामिल है, जो उनके दरबारों में फलित हुए।"
Answer the given question in Hindi:,राजपूत राज्यों में भूमि उपज का व्यवस्थापन कैसे था?," राजपूत राज्यों में भूमि उपज का व्यवस्थापन उपज की सेवा के लिए उपहार के रूप में उपयुक्त नोबल, अधिकारियों, और सैन्य कमांडरों को जागीरों (भूमि की दान) के रूप में दिया जाता था।"
Write your answer to the question in Hindi:,"रानी दुर्गावती कौन थीं, और उनका राजपूत इतिहास में क्या योगदान था?"," रानी दुर्गावती मध्य भारत के गोंद राज्य की योद्धा रानी थीं। हालांकि वे स्वयं राजपूत नहीं थीं, लेकिन उन्होंने अपने क्षेत्र में मुगल विस्तार का साहस और नेतृत्व प्रदर्शित किया।"
Provide a response to the given query in Hindi:,भारतीय लोककथा और इतिहास में कुछ प्रसिद्ध राजपूत महिलाओं कौन-कौन सी थीं?," कुछ प्रसिद्ध राजपूत महिलाओं में रानी पद्मिनी चित्तौड़ की, रानी कर्णावती मेवाड़ की, रानी दुर्गावती गोंडवाना की, और रानी लक्ष्मीबाई झांसी की शामिल हैं, जिन्हें उनकी साहस और बलिदान के लिए जाना जाता है।"
Answer the question in Hindi language:,राजपूतों की उत्पत्ति क्या थी?,"राजपूत अपनी उत्पत्ति को भारतीय उपमहाद्वीप में प्राचीन योद्धा जनजातियों और जातियों से जोड़ते हैं, जिनकी जड़ें दोनों प्राचीन और विदेशी वंशों में हैं।"
Reply to the asked question in Hindi:,"कौन सा राजपूत राज्य अपनी महान वास्तुकला की तरह आर्किटेक्चर चमत्कारों के लिए जाना जाता था, जैसे कि दिलवारा मंदिर?","राजपूत राज्य मेवाड़ का राजपूत राज्य, खासकर सिसोदिया वंश के शासक, दिलवारा मंदिर जैसी आर्किटेक्चर अद्भुतताओं के लिए जाने जाते थे। माउंट आबू में।"
दिए गए प्रश्न का उत्तर हिंदी में दें:,"राणा कुंभा कौन थे, और उनके राजपूत इतिहास में क्या विरासत थी?","राणा कुंभा मेवाड़ के शक्तिशाली शासक थे जिन्हें उनकी सेना की कुशलता, कला का प्रोत्साहन, और वास्तुकला की उपलब्धियों के लिए जाना जाता है, जिसमें कुम्भलगढ़ किले का निर्माण भी शामिल है।"
दिए गए सवाल का जवाब हिंदी में लिखें:, युद्ध में राजपूत महिलाओं की क्या भूमिका थी?," हालांकि राजपूत महिलाएं सीधे योद्धाओं नहीं थीं, लेकिन वे दुर्गों की रक्षा में महत्वपूर्ण भूमिका निभाती थीं, पुरुषों की अनुपस्थिति में घरेलू काम का प्रबंधन करती थीं, और कभी-कभी आखिरी विकल्प के रूप में लड़ाई में भाग लेती थीं।"
दिए गए प्रश्न का समाधान हिंदी में प्रस्तुत करें:,राजपूत राज्य कैसे बदलती युद्धीय प्रौद्योगिकियों का सामर्थ्य अपनाते रहे थे अपने इतिहास के दौरान?,"राजपूत राज्यों ने अपनी रक्षा रणनौत्प्रणालियों में फायराम्स, तोपों, और सुधारित किलों को अपने संरक्षण रणनीतियों में शामिल किया, जबकि वे अपने परंपरागत घुड़सवारी और तलवारबाजी के कौशल को अद्यतन किया।"
पूछे गए प्रश्न का उत्तर हिंदी में प्रदान करें:,राजपूतों के साहस और शौर्य का कौन-सा प्रभाव रहा उनकी सैन्य रणनीतियों पर?,"राजपूतों के साहस और शौर्य का प्रभाव उनकी सैन्य रणनीतियों पर व्यक्तिगत वीरता, युद्ध में नरवीरता, और राज्य के महत्वाकांक्षी हित के लिए अपने आप को बलिदान करने पर बल देने की दिशा में हुआ।"
बताए गए सवाल का उत्तर हिंदी में दें।,कौन सा राजपूत राज्य मुघलों के साथ अपनी उग्र सहयोगीता के लिए प्रसिद्ध था?," मेवाड़ का राजपूत राज्य, सिसोदिया राजपूतों के तहत, मुघलों के साथ विशेष रूप से उग्र सहयोगीता के लिए प्रसिद्ध था, मुघल विस्तार का संघर्ष करते हुए और स्वतंत्रता को दृढ़ता से प्रस्तुत करते हुए।"
Diye gaye prashn ka uttar Hindi mein dein:,"महाराणा संग्राम सिंह कौन थे, और वह राजपूतों के मुघल विरोध में क्या भूमिका निभाते थे?","महाराणा संग्राम सिंह, जिन्हें राणा संगा के रूप में भी जाना जाता है, मेवाड़ के शक्तिशाली शासक थे जो मुघलों के खिलाफ राजपूत विरोध की नेतृत्व करते थे, विशेष रूप से 1527 में खानवा के युद्ध में।"
Diye gaye sawaal ka jawab Hindi mein likhein:,राजपूत राज्यों ने किस प्रकार क्षेत्रीय भाषाओं और साहित्य के फलने में योगदान दिया?,"राजपूत राज्यों ने क्षेत्रीय भाषाओं जैसे कि राजस्थानी, गुजराती, और ब्रज भाषा में कवियों, विद्वानों, और लेखकों को प्रोत्साहित किया, जिससे समृद्ध साहित्य परंपराओं का विकास हुआ।"
Diye gaye prashn ka samadhan Hindi mein prastut karein:,भारतीय इतिहास को आकार देने में राजपूत संधि का क्या महत्व था?,राजपूत संधियों का महत्वपूर्ण योगदान विदेशी आक्रमण का विरोध करने और भारतीय इतिहास में क्षेत्रीय स्वायत्तता को बनाए रखने में था।
Pooche gaye prashn ka uttar Hindi mein pradaan karein:,मुघल साम्राज्य के पतन का राजपूत राज्यों पर कैसा प्रभाव पड़ा?,"मुघल साम्राज्य के पतन से राजपूत राज्यों को अधिक स्वतंत्रता के अवसर मिले, उनके क्षेत्रों का विस्तार हुआ, और क्षेत्रीय राजनीति में अधिक प्रमुख भूमिका निभाने का मौका मिला।"
Bataye gaye sawaal ka jawab Hindi mein dein:,मध्यकालीन भारतीय युद्ध में राजपूत लागूभागियों की भूमिका क्या थी?,"मध्यकालीन भारतीय युद्ध में राजपूत लागूभागियों की मार्शल कौशल, अनुशासन, और निष्ठा के लिए उन्हें बहुत सराहा गया था, जो कि विभिन्न भारतीय शासकों, जैसे कि मुघल, मराठा, और क्षेत्रीय राज्यों की सेनाओं में सेवा करते थे।"
Answer the given question in Hindi:,राजपूतों और ब्रिटिश ईस्ट इंडिया कंपनी के बीच संबंध कैसे थे?," राजपूतों और ब्रिटिश ईस्ट इंडिया कंपनी के बीच संबंध विविध थे, कुछ राजपूत शासकों ने संघर्ष में ब्रिटिश विस्तार का विरोध किया जबकि कुछ उनके साथ गठबंधन किए गए।"
Write your answer to the question in Hindi:," रानी दुर्गावती कौन थी, और मुघलों के खिलाफ राजपूत प्रतिरोध में उनका क्या योगदान था?","रानी दुर्गावती गोंडवाना की साहसी रानी थीं जिन्होंने अपने क्षेत्र में मुघल विस्तार का उग्र विरोध किया, अंततः युद्ध में अपनी जान की बलिदान किया।"
Provide a response to the given query in Hindi:,राजपूत राज्यों ने वैष्णवधर्म और भक्ति आंदोलन के प्रसार में कैसे योगदान दिया?,राजपूत राज्यों ने वैष्णव संतों और भक्ति कवियों को प्रोत्साहित किया और भक्ति आचरणों और भक्ति आंदोलन के प्रसार में सहायक भूमिका निभाई।
Answer the question in Hindi language:,मध्यकालीन भारत के राजनैतिक मंच में राजपूत जातियों की भूमिका क्या थी?,"मध्यकालीन भारत के राजनैतिक मंच में राजपूत जातियों ने गठबंधन बनाने, क्षेत्र के लिए प्रतिस्पर्धा करने, और अधिक बड़े साम्राज्यों और राज्यों के वसालों या सहायकों के रूप में सेवा करके महत्वपूर्ण भूमिका निभाई।"
Reply to the asked question in Hindi:,राजपूत मर्शल आर्ट्स और प्रशिक्षण का उनके सैन्य संस्कृति में क्या महत्व था?,"राजपूत मर्शल आर्ट्स और प्रशिक्षण उनकी सैन्य संस्कृति का अभिन्न हिस्सा थे, जिसमें शारीरिक फिटनेस, युद्ध कौशल, घोड़ाचलन, और शस्त्र निपुणता को महत्व दिया जाता था, जो पीढ़ियों में समाप्त होता रहता था।"
दिए गए प्रश्न का उत्तर हिंदी में दें:,"रानी कर्णावती कौन थी, और उनका मुगल सम्राट हुमायूं से क्या संबंध था?","रानी कर्णावती चित्तौड़ की विधवा रानी थीं जिन्होंने मुगल सम्राट हुमायूं को एक राखी भेजी थी, जिसमें उन्होंने गुजरात के बहादुर शाह के आगे खतरे के खिलाफ उनकी सुरक्षा के लिए प्रार्थना की थी।"
दिए गए सवाल का जवाब हिंदी में लिखें:,मध्यकालीन भारत के व्यापार में राजपूत राज्यों की भूमिका क्या थी?,"हालांकि राजपूत राज्यों अधिकतर भूमि पर आधारित शक्तियाँ थीं, लेकिन वे व्यापारिक व्यवसाय को कमबख्त करने में भी योगदान किया, जैसे कि काम्बे (खम्भाट) और भरूच जैसे बंदरगाहों के माध्यम से, जो आरब, पारसी, और दक्षिण-पूर्व एशियाई व्यापारियों के साथ व्यापार को सुगम बनाते थे।"
दिए गए प्रश्न का समाधान हिंदी में प्रस्तुत करें:,राजपूत सामूहिक मानवाधिकार का समर्थन किस प्रकार करते थे?,"राजपूत समुदाय मानवाधिकार का प्रचार करते थे, और समाज के विभिन्न वर्गों के लोगों के अधिकारों का समर्थन करते थे।"
पूछे गए प्रश्न का उत्तर हिंदी में प्रदान करें:,राजपूत समाज में शिक्षा का क्या महत्व था?,"शिक्षा राजपूत समाज में महत्वपूर्ण थी, और यह सामाजिक, आर्थिक, और राजनीतिक उत्थान का एक महत्वपूर्ण कारक था।"
बताए गए सवाल का उत्तर हिंदी में दें।,राजपूतों ने अपने सामाजिक और सांस्कृतिक कार्यक्रमों को कैसे संचालित किया?,"राजपूत समाज ने विभिन्न सामाजिक और सांस्कृतिक कार्यक्रमों की संचालना की, जैसे कि धार्मिक उत्सव, सामाजिक सभाएँ, साहित्यिक कार्यक्रम, और शैक्षिक पहल।"
Diye gaye prashn ka uttar Hindi mein dein:, राजपूत समाज में विवाह और परिवार के क्षेत्र में कैसा प्रणाली था?,"विवाह और परिवार के क्षेत्र में, राजपूत समाज में वंशानुक्रमिक प्रथाओं को महत्व दिया जाता था, और विवाहों को धर्म, सामाजिक स्थिति, और राजनीतिक संदर्भों के आधार पर आयोजित किया जाता था।"
Diye gaye sawaal ka jawab Hindi mein likhein:,मुघल विरुद्ध मराठा-राजपूत संधियों में राजपूत जातियों की क्या भूमिका थी?," मुघल विरुद्ध मराठा के साथ राजपूत जातियों ने रणनीतिक संधियों का गठन किया, मुघल साम्राज्य के खिलाफ सेना, संसाधन, और सैन्य विशेषज्ञता का योगदान देकर मुघल साम्राज्य के विरुद्ध लड़ाई की।"
Diye gaye prashn ka samadhan Hindi mein prastut karein:,"राजा मान सिंह प्रथम कौन थे, और उन्होंने राजपूत-मुघल संबंधों में कैसे योगदान दिया?","राजा मान सिंह प्रथम मुघल दरबार में एक विश्वसनीय राजपूत उच्चाधिकारी थे, जिन्हें अपने वफादारी और राजपूत शासकों के लिए मुघल साम्राज्य के अंदर अनुकूल शर्तों के नेगोशिएट करने की खासियत की पहचान है।"
Pooche gaye prashn ka uttar Hindi mein pradaan karein:,मुघल अभियानों में राजपूत प्रतिरोध का क्या प्रभाव था?,"राजपूत प्रतिरोध, विशेष रूप से मेवाड़ और मारवाड़ के राज्यों से, मुघल सेना के संसाधनों और ध्यान को दक्षिण में ध्यान देने के लिए विमान सेनाओं को राज्य में बाधित करता है, जो क्षेत्र में मुघल नियंत्रण को कमजोर कर देता है।"
Bataye gaye sawaal ka jawab Hindi mein dein:,"राजा राम सिंह प्रथम कौन थे, और राजपूत-मुघल संबंधों में उनकी भूमिका क्या थी?","राजा राम सिंह प्रथम एक प्रमुख राजपूत उच्चाधिकारी और सेनापति थे, जो मुघल दरबार में सेनाओं की अधिकारी प्रयोजन करते थे, और मुघल साम्राज्य के अंदर राजपूत स्वायत्तता को बनाए रखने के लिए प्रयासरत थे।"
Answer the given question in Hindi:,मराठों के पतन का राजपूत राज्यों पर क्या प्रभाव हुआ?,"मराठों के पतन से पूर्व राजपूत राज्यों की कमजोरी हो गई, जिससे वे बाहरी खतरों के लिए अत्यधिक संवेदनशील हो गए और भारतीय उपमहाद्वीप में ब्रिटिश प्रभाव बढ़ गया।"
Write your answer to the question in Hindi:,"भोंसले राजपूत कौन थे, और भारतीय इतिहास में उनका महत्व क्या था?"," भोंसले राजपूत महाराष्ट्र के प्रमुख जाति थे जिनकी नेतृत्व मराठा साम्राज्य में थी और मुघल, ब्रिटिश, और अन्य विदेशी शक्तियों के खिलाफ उनकी प्रतिरोध की जानी जाती थी।"
Provide a response to the given query in Hindi:,प्राचीन मध्यकालीन काल में राजपूत नेताओं की क्या भूमिका थी?," प्राचीन मध्यकालीन काल में राजपूत नेताओं ने उत्तरी भारत की राजनीतिक विखंडन में महत्वपूर्ण भूमिका निभाई, क्षेत्रीय स्वायत्तता को बनाए रखा और विदेशी हमलों का सामना किया।"
Answer the question in Hindi language:,"राजा मान सिंह द्वितीय कौन थे, और राजपूत-मुघल संबंधों में उनका क्या योगदान था?","राजा मान सिंह द्वितीय मुघल दरबार में एक राजपूत उच्चाधिकारी और सेनापति थे, जिन्हें उनकी मिलीभगत के लिए और मुघल साम्राज्य के अंदर हिन्दू-मुस्लिम संबंधों की सुधार के लिए जाना जाता है।"
Reply to the asked question in Hindi:,युद्ध में राजपूत शस्त्रशस्त्र और शस्त्रों का क्या महत्व था?,"युद्ध में राजपूत शस्त्रशस्त्र और शस्त्रों का महत्वपूर्ण था, जिसमें चेनमेल, हेलमेट, ढाल, तलवारें, और बरमुट की सामग्री को निर्माण किया गया था, जो युद्ध में सुरक्षा और प्रभावक्षमता प्रदान करते थे।"
दिए गए प्रश्न का उत्तर हिंदी में दें:,मुघल साम्राज्य के अंदर राजपूत जातियों ने अपनी स्वायत्तता कैसे बनाई रखी?,"मुघल साम्राज्य के अंदर राजपूत जातियों ने सौजन्यपूर्ण संबंधों के लाभकारी शर्तों को ठीक किया, अपने विरासती अधिकारों को संरक्षित रखा, और मुघल साम्राज्य के अधीन स्थानीय प्रशासन का प्रयोग किया।"
दिए गए सवाल का जवाब हिंदी में लिखें:,"झांसी की रानी लक्ष्मीबाई कौन थीं, और उनकी भारतीय स्वतंत्रता संग्राम में क्या भूमिका थी?","झांसी की रानी लक्ष्मीबाई एक साहसी रानी थीं जिन्होंने 1857 के भारतीय विद्रोह के दौरान ब्रिटिश शासन के खिलाफ एक बगावत का नेतृत्व किया, जिससे उन्होंने राजपूतों की ब्रिटिश शासन के खिलाफ संघर्ष की भावना को प्रतिष्ठित किया।"
दिए गए प्रश्न का समाधान हिंदी में प्रस्तुत करें:,अन्य भारतीय राज्यों की सेनाओं में राजपूत दलालों की भूमिका क्या थी?,"राजपूत दलाले विभिन्न भारतीय राज्यों की सेनाओं में उत्कृष्ट सैनिकों और सेनापतियों के रूप में सेवा करते थे, जिससे उन्होंने उनकी सैन्य शक्ति और पराक्रम में योगदान किया।"
पूछे गए प्रश्न का उत्तर हिंदी में प्रदान करें:,राजपूत जातियों ने अपने क्षेत्रों के सामाजिक-आर्थिक विकास में कैसे योगदान दिया?,"राजपूत जातियों ने अपने क्षेत्रों में कृषि, व्यापार, और शिल्प की प्रोत्साहना की, जिससे आर्थिक विकास और समृद्धि को संरक्षित किया।"
बताए गए सवाल का उत्तर हिंदी में दें।,"सोलंकी जाति कौन थी, और उनका राजपूत इतिहास में क्या महत्व था?","सोलंकी एक राजपूत वंश था जिन्होंने गुजरात पर शासन किया था और कला, वास्तुकला, और साहित्य के प्रोत्साहन के लिए प्रसिद्ध थे, खासकर खजुराहो मंदिरों के निर्माण में अपना योगदान दिया।"
Diye gaye prashn ka uttar Hindi mein dein:,राजपूत महिलाओं का उनके राज्यों के आर्थिक जीवन में क्या योग,"राजपूत महिलाओं का उनके राज्यों के आर्थिक जीवन में महत्वपूर्ण योगदान था। वे घरेलू वित्त, खेती की गतिविधियों का प्रबंधन, और नगरीय केंद्रों में व्यापार में सक्रिय भूमिका निभाती थीं।"
Diye gaye sawaal ka jawab Hindi mein likhein:,Rajput राज्यों के पतन ने ब्रिटिश विस्तार के लिए रास्ता बनाया। इससे ब्रिटिश ईस्ट इंडिया कंपनी को धीरे-धीरे राजपूत क्षेत्रों को अपने शासनक्षेत्र में शामिल करने की अनुमति मिली और उन्होंने भारत के साथीय प्रदेशों को ब्रिटिश साम्राज्य में बढ़ाया।,"कचवाहा राजपूत जाति राजपूत इतिहास में उनका महत्व था। वे आम्बर (जयपुर) की शासनकाल और मुघलों के साथ गठबंधन के लिए प्रसिद्ध थे, विशेष रूप से राजा मान सिंह I के अधीन, जो मुघल सेना में विश्वासपात्र महान थे।"
Diye gaye prashn ka samadhan Hindi mein prastut karein:,राजपूत जातियों की मराठा साम्राज्य में भूमिका क्या थी?,"राजपूत जातियाँ मराठाओं के साथ संधि करती थीं, सैन्य समर्थन, प्रशासनिक प्रतिभा और रणनीतिक संबंधों की प्रदान करती थीं जो 17वीं और 18वीं शताब्दी में मराठा साम्राज्य के विस्तार और स्थिरता में योगदान करती थीं।"
Pooche gaye prashn ka uttar Hindi mein pradaan karein:,रानी कर्णावती कौन थीं और उनकी विरासत ने विदेशी आक्रमणकारों के खिलाफ राजपूत प्रतिरोध को कैसे प्रेरित किया?,"चित्तौड़ की रानी कर्णावती एक साहसी रानी थीं जिन्होंने मुघल सम्राट हुमायूं को एक राखी भेजी, जिसमें उन्होंने गुजरात के बहादुर शाह के आगामी खतरे के खिलाफ उनकी संरक्षा मांगी।"
Bataye gaye sawaal ka jawab Hindi mein dein:,राजपूत जातियों का भक्ति आंदोलन में क्या भूमिका थी?,"राजपूत जातियों ने भक्ति आंदोलन का समर्थन किया जो संतों, कवियों, और धार्मिक संस्थाओं का संरक्षण करने के माध्यम से भक्ति प्रथाओं को बढ़ावा दिया, और अपने क्षेत्रों में धार्मिक सहिष्णुता और संक्रेतिकता को बढ़ावा दिया।"
Answer the given question in Hindi:,राजपूत मानवीयता का सम्मान और दायित्व कैसे उनके शासन और सामाजिक नियमों को आकार देता है?,"राजपूत मानवीयता का सम्मान और दायित्व न्याय, ईमानदारी, और अपने समुदाय के प्रति कर्तव्य के सिद्धांतों को बल देता है, जो राजपूत समाज के भीतर शासन ढांचे, कानूनी प्रणालियों, और सामाजिक रीति-रिवाजों को प्रभावित करता है।"
Write your answer to the question in Hindi:, सिख साम्राज्य कब स्थापित हुआ था?,सिख साम्राज्य को 1799 में महाराजा रणजीत सिंह द्वारा स्थापित किया गया था।
Provide a response to the given query in Hindi:,सिख साम्राज्य की राजधानी क्या थी?,लाहौर महाराजा रणजीत सिंह के शासनकाल में सिख साम्राज्य की राजधानी के रूप में कार्य करता था।
Answer the question in Hindi language:,सिख साम्राज्य के संस्थापक कौन थे?,"सिख साम्राज्य का संस्थापक महाराजा रणजीत सिंह था, जो सिख संघ के नेता थे।"
Reply to the asked question in Hindi:,सिख साम्राज्य के प्रमुख विजय संग्रह क्या थे?,"महाराजा रणजीत सिंह के अधीन सिख साम्राज्य विस्तार से विस्तार किया गया, जिसमें कश्मीर, मुल्तान, पेशावर, और अफगानिस्तान के कुछ हिस्से शामिल थे।"
दिए गए प्रश्न का उत्तर हिंदी में दें:,महाराजा रणजीत सिंह के शासन का महत्व क्या था?,"महाराजा रणजीत सिंह के शासन ने पंजाब क्षेत्र में सिख पुनर्जागरण और शक्ति संघटन का एक अवधि का निर्माण किया, जिससे सिख साम्राज्य की स्थापना हुई।"
दिए गए सवाल का जवाब हिंदी में लिखें:,महाराजा रणजीत सिंह द्वारा क्या मुख्य सुधार किए गए थे?,"महाराजा रणजीत सिंह ने प्रशासनिक, सैन्य, और आर्थिक सुधार लाए, जो सिख साम्राज्य को मजबूत किया, जिसमें धार्मिक प्रशासन और पेशेवर सेना शामिल थे।"
दिए गए प्रश्न का समाधान हिंदी में प्रस्तुत करें:,सिख साम्राज्य कैसे क्षीण हुआ?,"1839 में महाराजा रणजीत सिंह की मृत्यु के बाद, सिख साम्राज्य को आंतरिक विवाद, उत्तराधिकारी विवाद, और ब्रिटिश साम्राज्य से बाहरी खतरों का सामना करना पड़ा, जिससे इसे अंततः 1849 में जोड़ दिया गया।"
पूछे गए प्रश्न का उत्तर हिंदी में प्रदान करें:,सिख साम्राज्य के क्षीण होने में अंग्ल-सिख युद्धों की क्या भूमिका थी?,"अंग्ल-सिख युद्ध, सिख साम्राज्य और ब्रिटिश पूर्व भारत कंपनी के बीच लड़े गए, जो सिख साम्राज्य को बहुत कमजोर किया और 1849 में ब्रिटिश द्वारा उसके जोड़ने का मार्ग खोल दिया।"
बताए गए सवाल का उत्तर हिंदी में दें।,ब्रिटिश के खिलाफ सिख साम्राज्य के समर्थन में कौन-कौन से प्रमुख नेता थे?,"रानी जिंद कौर, लाल सिंह, और तेज सिंह जैसे नेताओं ने अंग्ल-सिख युद्धों के दौरान ब्रिटिश के खिलाफ सिख समर्थन में महत्वपूर्ण भूमिका निभाई।"
Diye gaye prashn ka uttar Hindi mein dein:, सिख साम्राज्य के ब्रिटिश द्वारा जोड़ने के क्या परिणाम हुए?,सिख साम्राज्य के ब्रिटिश द्वारा जोड़ने से पंजाब क्षेत्र में सिख स्वायत्तता का अंत हो गया और क्षेत्र में ब्रिटिश उपनिवेशकारी शासन की शुरुआत हुई।
Diye gaye sawaal ka jawab Hindi mein likhein:,सिख साम्राज्य का संस्थापक कौन था?,महाराजा रणजीत सिंह ने 1799 में सिख साम्राज्य की स्थापना की थी।
Diye gaye prashn ka samadhan Hindi mein prastut karein:,सिख साम्राज्य की शिखर परिस्थिति में क्या था?,"अपने शिखर पर, सिख साम्राज्य पश्चिम में खाइबर पास से पूर्वी तिब्बत तक क्षेत्रों को शामिल करता था।"
Pooche gaye prashn ka uttar Hindi mein pradaan karein:, सिख साम्राज्य का आधिकारिक धर्म क्या था?,"सिख साम्राज्य का आधिकारिक धर्म सिख धर्म था, और महाराजा रणजीत सिंह एक परम आसक्त सिख थे।"
Bataye gaye sawaal ka jawab Hindi mein dein:,सिख साम्राज्य इतिहास में अमृतसर के युद्ध का महत्व क्या था?,"अमृतसर का युद्ध सिख साम्राज्य के लिए एक निर्णायक विजय था, जिसमें सिख सेना ने अफगान सेनाओं के खिलाफ जीत हासिल की, पंजाब पर अपने कब्ज़े को सुनिश्चित करते हुए।"
Answer the given question in Hindi:,सिख साम्राज्य का अंतिम शासक कौन था?," महाराजा दुलीप सिंह सिख साम्राज्य का अंतिम शासक थे, जिन्हें 1849 में ब्रिटिश ने हटा दिया था।"
Write your answer to the question in Hindi:,महाराजा रणजीत सिंह ने अमृतसर में किस वास्तुकला का निर्माण कराया था?,"महाराजा रणजीत सिंह ने अमृतसर में सोने के मंदिर का विस्तार करवाया था, जो एक प्रतिष्ठित सिख तीर्थस्थल है।"
Provide a response to the given query in Hindi:,सिख साम्राज्य ने सिख सैन्य परंपरा के पुनर्जीवन में कैसे योगदान दिया?,"सिख साम्राज्य ने सिख सैन्य परंपरा के पुनर्जीवन को सक्रिय रूप से प्रोत्साहित और समर्थित किया, सैन्य स्कूलों की स्थापना की और योद्धा-संतों को प्रायोजित किया।"
Answer the question in Hindi language:,सिख साम्राज्य और ब्रिटिश पूर्व भारत कंपनी के बीच क्या संबंध था?,"सिख साम्राज्य और ब्रिटिश पूर्व भारत कंपनी के बीच कई संघर्ष हुए जिन्हें अंग्ल-सिख युद्ध के नाम से जाना जाता है, जिसका परिणाम सिख साम्राज्य के ब्रिटिश द्वारा जोड़े जाने में हुआ।"
Reply to the asked question in Hindi:,सिख साम्राज्य के जोड़ने का पंजाब की अर्थव्यवस्था पर क्या प्रभाव हुआ?,सिख साम्राज्य के जोड़ने से पंजाब की कृषि अर्थव्यवस्था और पारंपरिक उद्योगों को विघटित करने वाली ब्रिटिश नीतियों का असर हुआ।
दिए गए प्रश्न का उत्तर हिंदी में दें:,"रानी जिंद कौर कौन थीं, और सिख साम्राज्य राजनीति में उनकी क्या भूमिका थी?","रानी जिंद कौर महाराजा रणजीत सिंह की पत्नी थीं और बाद में उनके पुत्र, महाराजा दुलीप सिंह के रिजेंट थीं। उन्होंने सिख साम्राज्य की राजनीति में विशेष भूमिका निभाई, विशेषतः महाराजा रणजीत सिंह की मृत्यु के बाद के अशांति काल में।"
दिए गए सवाल का जवाब हिंदी में लिखें:, सिख साम्राज्य कब स्थापित हुआ था?,सिख साम्राज्य को 1799 में महाराजा रणजीत सिंह द्वारा स्थापित किया गया था।
दिए गए प्रश्न का समाधान हिंदी में प्रस्तुत करें:,सिख साम्राज्य की राजधानी क्या थी?,महाराजा रणजीत सिंह के शासनकाल में लाहौर सिख साम्राज्य की राजधानी के रूप में कार्य करता था।
पूछे गए प्रश्न का उत्तर हिंदी में प्रदान करें:, सिख साम्राज्य के संस्थापक कौन थे?," सिख साम्राज्य का संस्थापक महाराजा रणजीत सिंह था, जो सिख संघ के नेता थे।"
बताए गए सवाल का उत्तर हिंदी में दें।, सिख साम्राज्य की प्रमुख विजय संग्रह क्या थे?,"महाराजा रणजीत सिंह के अधीन सिख साम्राज्य विस्तार से विस्तार किया गया, जिसमें कश्मीर, मुल्तान, पेशावर, और अफगानिस्तान के कुछ हिस्से शामिल थे।"
Diye gaye prashn ka uttar Hindi mein dein:,महाराजा रणजीत सिंह के शासन का महत्व क्या था?,"महाराजा रणजीत सिंह के शासन काल ने पंजाब क्षेत्र में सिख पुनर्जागरण और शक्ति संघटन का एक अवधि का निर्माण किया, जिससे सिख साम्राज्य की स्थापना हुई।"
Diye gaye sawaal ka jawab Hindi mein likhein:,महाराजा रणजीत सिंह द्वारा क्या मुख्य सुधार किए गए थे?,"महाराजा रणजीत सिंह ने प्रशासनिक, सैन्य, और आर्थिक सुधार लाए, जो सिख साम्राज्य को मजबूत किया, जिसमें धार्मिक प्रशासन और पेशेवर सेना शामिल थे।"
Diye gaye prashn ka samadhan Hindi mein prastut karein:,सिख साम्राज्य कैसे क्षीण हुआ?,"1839 में महाराजा रणजीत सिंह की मृत्यु के बाद, सिख साम्राज्य को आंतरिक विवाद, उत्तराधिकारी विवाद, और ब्रिटिश साम्राज्य से बाहरी खतरों का सामना करना पड़ा, जिससे इसे अंततः 1849 में जोड़ दिया गया।"
Pooche gaye prashn ka uttar Hindi mein pradaan karein:,अंग्ल-सिख युद्ध सिख साम्राज्य की क्षीणता में क्या भूमिका निभाई?,"अंग्ल-सिख युद्ध, सिख साम्राज्य और ब्रिटिश पूर्व भारत कंपनी के बीच लड़े गए, जो सिख साम्राज्य को बहुत कमजोर किया और 1849 में ब्रिटिश द्वारा उसके जोड़ने का मार्ग खोल दिया।"
Bataye gaye sawaal ka jawab Hindi mein dein:,सिख साम्राज्य के ब्रिटिश के खिलाफ प्रमुख नेताओं कौन थे?," अंग्रेज-सिख युद्धों के दौरान रानी जिंद कौर, लाल सिंह, और तेज सिंह जैसे नेताओं ने सिख साम्राज्य के ब्रिटिश के खिलाफ संघर्ष में महत्वपूर्ण भूमिका निभाई।"
Answer the given question in Hindi:,सिख साम्राज्य के ब्रिटिश द्वारा जोड़ने के परिणाम क्या थे?, सिख साम्राज्य के ब्रिटिश द्वारा जोड़ने से पंजाब क्षेत्र में सिख स्वायत्तता का अंत हो गया और क्षेत्र में ब्रिटिश उपनिवेशकारी शासन की शुरुआत हुई।
Write your answer to the question in Hindi:,सोब्रान का युद्ध का महत्व क्या था?,"1846 में लड़े गए सोब्रान का युद्ध पहले अंग्रेज-सिख युद्ध का निर्णायक युद्ध था, जिससे अंग्रेजों ने पंजाब में सिख साम्राज्य के क्षेत्रों का अधिग्रहण किया।"
Provide a response to the given query in Hindi:, सिख साम्राज्य के प्रशासन कैसे अन्य समकालीन साम्राज्यों से अलग था?," महाराजा रणजीत सिंह के अधीन सिख साम्राज्य ने योग्यता के आधार पर प्रशासनिक प्रणाली को लागू किया, जो विशेष रूप से पौराणिक स्थिति के आधार पर नहीं बल्कि कौशल पर आधारित था।"
Answer the question in Hindi language:,महाराजा रणजीत सिंह के अधीन सिख साम्राज्य की आर्थिक नीतियाँ क्या थीं?,"सिख साम्राज्य ने व्यापार और कृषि को बढ़ावा देने वाली नीतियों का पालन किया, जिससे आर्थिक समृद्धि बढ़ी और कर और मुद्रा के माध्यम से राजस्व उत्पन्न हुआ।"
Reply to the asked question in Hindi:,महाराजा रणजीत सिंह के लाहौर में राज्याभिषेक का क्या महत्व था?,1801 में लाहौर में महाराजा रणजीत सिंह का राज्याभिषेक सिख सत्ता के संघटन और सिख साम्राज्य के राजा के रूप में उनके प्राधिकार की स्थापना को प्रतिष्ठाता दिलाता था।
दिए गए प्रश्न का उत्तर हिंदी में दें:,सिख साम्राज्य की सैन्य क्षमता नजदीकी राज्यों की तुलना में कैसी थी?,"सिख साम्राज्य ने एक प्रबल सैन्य बल को बनाए रखा, जिसे उसकी अनुशासन और युद्ध कुशलता के लिए जाना जाता था, जिसने उसे क्षेत्रों का विस्तार और उनकी रक्षा करने में सफल बनाया।"
दिए गए सवाल का जवाब हिंदी में लिखें:, सिख साम्राज्य से संबंधित वास्तुकला के श्रेय किसे जाता है?,"सिख साम्राज्य ने कई वास्तुकला उत्कृष्टताएँ आयोजित की, जिसमें अमृतसर में सोने का मंदिर और पंजाब में विभिन्न किले और महल शामिल हैं।"
दिए गए प्रश्न का समाधान हिंदी में प्रस्तुत करें:,सिख साम्राज्य के न्यायालय में महाराजा रणजीत सिंह के अलावा मुख्य व्यक्तियों कौन थे?,"राजा धियान सिंह, फ़क़ीर अज़ीज़उद्दीन, और हीरा सिंघ जैसे व्यक्तियों ने सिख साम्राज्य के प्रशासन और न्यायालय में महत्वपूर्ण भूमिका निभाई।"
पूछे गए प्रश्न का उत्तर हिंदी में प्रदान करें:,सिख साम्राज्य ने सिख संस्कृति और पहचान को कैसे बढ़ावा दिया?,"सिख साम्राज्य ने सिख धार्मिक प्रथाओं, संस्थानों, और सांस्कृतिक परंपराओं को सक्रिय रूप से प्रोत्साहित किया, जिससे सिखों के बीच पहचान और गर्व की भावना को बढ़ावा मिला।"
बताए गए सवाल का उत्तर हिंदी में दें।,महाराजा रणजीत सिंह द्वारा प्रस्तुत सामाजिक सुधार क्या थे?," महाराजा रणजीत सिंह ने सामाजिक समानता और न्याय को बढ़ावा देने के लक्ष्य से सामाजिक सुधार लाए, जिसमें महिलाओं और असमाजीय समुदायों के अधिकारों की सुरक्षा के उपाय शामिल थे।"
Diye gaye prashn ka uttar Hindi mein dein:,महाराजा रणजीत सिंह की धार्मिक सहिष्णुता की क्या महत्वता थी?,"महाराजा रणजीत सिंह की धार्मिक सहिष्णुता ने सिख साम्राज्य के भीतर विभिन्न धार्मिक समुदायों के शांतिपूर्ण सहज रहने की संभावना बनाए रखी, जिससे स्थिरता और विविधता को बढ़ावा मिला।"
Diye gaye sawaal ka jawab Hindi mein likhein:,सिख साम्राज्य की पड़ोसी सिख संघों के साथ संबंध कैसे विकसित हुए?,"सिख साम्राज्य को प्रारंभ में पड़ोसी सिख संघों की विरोधी प्रतिक्रिया का सामना करना पड़ा, लेकिन अंत में विदेशनीति और सैन्य जीत के माध्यम से उन्हें अपने क्षेत्रों में सम्मिलित किया गया।"
Diye gaye prashn ka samadhan Hindi mein prastut karein:,सिख साम्राज्य के पतन का सिख विदेश जनसंख्या पर क्या प्रभाव हुआ?,"सिख साम्राज्य के पतन के बाद, सिखों की भारत के अन्य हिस्सों और विदेश में बड़ी मात्रा में प्रवास हुआ, जिससे सिख विदेशी जनसंख्या का निर्माण हुआ।"
Pooche gaye prashn ka uttar Hindi mein pradaan karein:,सिख साम्राज्य के दौरान प्रमुख उद्योग और शिल्प क्या थे?,"सिख साम्राज्य के अध्याय में वस्त्र, धातु कार्य, और कढ़ाई और मिट्टी के शिल्प जैसे उद्योग प्रमुख रूप से समृद्ध हुए, जो उसकी आर्थिक समृद्धि में योगदान किया।"
Bataye gaye sawaal ka jawab Hindi mein dein:,सिख साम्राज्य के व्यापारिक संबंध भारतीय उपमहाद्वीप से परे कैसे फैले?," सिख साम्राज्य ने मध्य एशियाई, पारसी, और यूरोपीय शक्तियों के साथ व्यापार किया, जो लाभकारी वाणिज्यिक नेटवर्क की स्थापना की, जिससे सांस्कृतिक आदान-प्रदान और आर्थिक विकास को सुगम बनाया गया।"
Answer the given question in Hindi:,सिख साम्राज्य ने अपनी स्वायत्तता बनाए रखने के लिए किस प्रकार के कूटनीतिक उपाय किए?,सिख साम्राज्य ने अपनी स्वतंत्रता और क्षेत्रीय अखंडता की सुरक्षा के लिए पड़ोसी राज्यों और यूरोपीय शक्तियों के साथ कूटनीतिक संधियों का अनुसरण किया।
Write your answer to the question in Hindi:,सिख साम्राज्य के साथ राजनयिक संबंध में शामिल किये गए प्रमुख यूरोपी व्यक्तियों कौन थे?,एलेक्जेंडर बर्न्स और चार्ल्स मेटकाल्फ जैसे व्यक्तियों ने सिख साम्राज्य और ब्रिटिश पूर्व भारत कंपनी के बीच राजनयिक संबंधों में महत्वपूर्ण भूमिका निभाई।
Provide a response to the given query in Hindi:,सिख साम्राज्य की सांस्कृतिक उपलब्धियाँ क्या थीं?," सिख साम्राज्य ने कला, साहित्य, और संगीत का प्रायोगिक प्रोत्साहन किया, जिससे सिख सांस्कृतिक परंपराओं का प्रफुल्लन हुआ और पंजाबी भाषा और साहित्य का प्रमोशन हुआ।"
Answer the question in Hindi language:,सिख साम्राज्य में सिख महिलाओं की सामाजिक और राजनीतिक जीवन में क्या भूमिका थी?,"सिख महिलाएं नीतियों, प्रशासन, और सैन्य सेवा जैसे विभिन्न क्षेत्रों में सक्रिय भूमिका निभाई, जिससे सिख साम्राज्य की स्थिरता और समृद्धि में योगदान किया।"
Reply to the asked question in Hindi:,सिख साम्राज्य की सैन्य संगठन किस प्रकार पारंपरिक भारतीय राज्यों से भिन्न थी?,"सिख साम्राज्य की सैन्य संगठन में उसकी अनुशासित पैदल, तोपखाने, और गुरिल्ला इकाइयाँ थीं, जो आधुनिक रेखांकित तरीके से आयोजित थीं और उन्हें उन्नत हथियारों से संगठित किया गया था।"
दिए गए प्रश्न का उत्तर हिंदी में दें:,सिख साम्राज्य के दौरान कौन-कौन से प्रमुख सांस्कृतिक उत्सव मनाए जाते थे?,"सिख साम्राज्य में वैसाखी, दीवाली, और गुरपुरब (सिख गुरुओं के जन्मदिन) जैसे उत्सवों को बड़े धूमधाम और उत्साह के साथ मनाया जाता था, जो सिख समुदाय की समृद्ध सांस्कृतिक विरासत का प्रतिबिम्ब था।"
दिए गए सवाल का जवाब हिंदी में लिखें:,सिख साम्राज्य के प्रशासन ने न्याय और शासन के मुद्दों का कैसे समाधान किया?,"सिख साम्राज्य ने न्याय के मुद्दों का समाधान करने के लिए दरबारों को स्थापित किया, जिन्हें दारबार के नाम से जाना जाता था, जहां सिख सिद्धांतों के आधार पर समानता और न्याय के साथ न्याय व्यवस्था की जाती थी।"
दिए गए प्रश्न का समाधान हिंदी में प्रस्तुत करें:,सिख साम्राज्य की सैन्य परंपराओं का सेना के सामरिक बल पर क्या प्रभाव था?,"सिख साम्राज्य की सैन्य परंपराएँ, जिसमें गत्का (सिख सामर्थ्य आदि) की प्रैक्टिस शामिल थी, सिख साम्राज्य की सेना के सामरिक बल और अनुशासन को बनाए रखने में महत्वपूर्ण भूमिका निभाई।"
पूछे गए प्रश्न का उत्तर हिंदी में प्रदान करें:,कोह-ए-नूर हीरा सिख साम्राज्य के लिए कितना महत्वपूर्ण था?,कोह-ए-नूर हीरा सिख साम्राज्य के खजाने का हिस्सा था और साम्राज्य के शासकों की धनीता और मर्यादा का प्रतीक था।
बताए गए सवाल का उत्तर हिंदी में दें।,सिख साम्राज्य ने पंजाबी साहित्य के विकास में कैसे योगदान दिया?,"सिख साम्राज्य ने पंजाबी कवियों और लेखकों का प्रोत्साहन किया, जिससे इस अवधि में पंजाबी साहित्य का फल-फूल हुआ, जैसे कि ""बाबा फरीद जी शब्द"" और ""श्री गुर पंथ प्रकाश""।"
Diye gaye prashn ka uttar Hindi mein dein:,सिख साम्राज्य के प्रमुख प्रशासनिक विभाग क्या थे?,"सिख साम्राज्य को 'सरकार' के नाम से जाने जाने वाले प्रांतों में विभाजित किया गया था, जो पुनर्विभाजित जिलों को 'परगनास' के नाम से अपने कार्यालयी क्षेत्र में बांटते थे, जो कि नियुक्त अधिकारियों के प्रभाव के अधीन थे।"
Diye gaye sawaal ka jawab Hindi mein likhein:,सिख साम्राज्य के असिख समुदायों के प्रति उसकी नीतियाँ कैसे विकसित हुईं?,"सिख साम्राज्य ने पहले विभिन्न धार्मिक समुदायों के हितों को समाधान करने में चुनौतियों का सामना किया, लेकिन अंत में धार्मिक सहिष्णुता और समावेशीता की नीतियों को अपनाया।"
Diye gaye prashn ka samadhan Hindi mein prastut karein:,सिख साम्राज्य में सिख व्यापारी और व्यापारियों की अर्थव्यवस्था में क्या भूमिका थी?,"सिख व्यापारी और व्यापारियों ने सिख साम्राज्य के अंदर और पड़ोसी क्षेत्रों के साथ व्यापार और वाणिज्य को सुविधाजनक बनाने में महत्वपूर्ण भूमिका निभाई, जिससे इसकी आर्थिक समृद्धि में योगदान किया।"
Pooche gaye prashn ka uttar Hindi mein pradaan karein:,सिख साम्राज्य की सैन्य अभियानों ने पड़ोसी राज्यों के साथ उसके संबंधों पर कैसा प्रभाव डाला?,"सिख साम्राज्य के सैन्य अभियान, जिनका उद्देश्य क्षेत्रीय विस्तार और संघटन करना था, अक्सर पड़ोसी राज्यों के साथ विवादों और गठबंधनों में मुंबई बांधने के कारण बने, जो क्षेत्रीय भू-राजनीति को आकार देते।"
Bataye gaye sawaal ka jawab Hindi mein dein:,महाराजा रणजीत सिंह के शासन का विरासती क्या था आज के पंजाब में?,"महाराजा रणजीत सिंह के शासन ने पंजाब के इतिहास, संस्कृति, और पहचान पर गहरा प्रभाव डाला, जिसे अब भी उसके विरासत में होने वाले कई लोकप्रिय स्थलों और संस्थानों में देखा जा सकता है।"
Answer the given question in Hindi:,"सिख सेनानियों का जो कार्य निहंग के रूप में जाने जाता था, वह सिख साम्राज्य की सेना में कैसा भूमिका निभाता था?","निहंग उत्कृष्ट सिख सेनानियों थे जो सिख साम्राज्य की सेना में अहम भूमिका निभाते थे, उनकी साहस, अनुशासन, और विशेष पहनावे के लिए प्रसिद्ध थे।"
Write your answer to the question in Hindi:,सिख साम्राज्य के राजस्व संग्रह का प्रणाली कैसे इसकी आर्थिक स्थिरता में योगदान करती थी?,"सिख साम्राज्य ने 'ज़ब्त' नामक एक प्रणाली के रूप में एक व्यवस्थित राजस्व संग्रह प्रणाली को लागू किया, जिसने राज्य को निरंतर राजस्व की वर्षा सुनिश्चित की, जो इसके प्रशासनिक और सैन्य प्रयासों का समर्थन करता।"
Provide a response to the given query in Hindi:, सिख साम्राज्य के क्षेत्रों से गुजरने वाले प्रमुख व्यापारिक मार्ग क्या थे?,"सिख साम्राज्य के क्षेत्र मुख्य व्यापारिक मार्ग केंद्रल एशिया, पेर्शिया, और भारतीय उपमहाद्वीप को जोड़ने वाली प्रमुख व्यापारिक मार्गों के संविदान पर स्थित थे, जो व्यापार और सांस्कृतिक विनिमय को सुविधाजनक बनाते थे।"
Answer the question in Hindi language:,सिख साम्राज्य की नीतियों को ब्रिटिश पूर्व भारत कंपनी के प्रति समय के साथ कैसे विकसित किया गया?,"सिख साम्राज्य ने प्रारंभ में ब्रिटिश पूर्व भारत कंपनी के साथ कूटनीतिक संबंध बनाए रखे, लेकिन बाद में क्षेत्रीय विवादों और सिख मामलों में ब्रिटिश हस्तक्षेप के मामले में उनके साथ संघर्ष किया।"
Reply to the asked question in Hindi:,सिख साम्राज्य ने मराठाओं के खिलाफ क्या मुख्य युद्ध लड़े थे?,"सिख साम्राज्य ने मराठाओं के खिलाफ कई युद्ध लड़े, जिसमें अट्टोक का युद्ध और मुल्तान का युद्ध शामिल है, जिससे उत्तर भारत में अपने प्राधिकरण को स्थापित किया।"
दिए गए प्रश्न का उत्तर हिंदी में दें:,सिख साम्राज्य के हवाले से कश्मीर क्षेत्र की नियंत्रण का महत्व क्या था?,"सिख साम्राज्य का कश्मीर क्षेत्र पर नियंत्रण हिमालय क्षेत्र और इसकी संसाधनों तक का रणनीतिक पहुंच प्रदान करता था, जो उसे दक्षिण एशिया में भौगोलिक रूप से महत्वपूर्ण बनाता था।"
दिए गए सवाल का जवाब हिंदी में लिखें:,सिख साम्राज्य की कृषि को लेकर नीतियों ने ग्रामीण विकास को कैसे प्रोत्साहित किया?,"सिख साम्राज्य ने सिंचाई परियोजनाओं, भूमि सुधार, और कृषि उत्पादकता के लिए प्रोत्साहन उपायों को लागू किया, जिससे कृषि उत्पादन और ग्रामीण समृद्धि में वृद्धि हुई।"
दिए गए प्रश्न का समाधान हिंदी में प्रस्तुत करें:,सिख साम्राज्य की स्वराज्य पर यूरोपीय उपनिवेशीयता का क्या प्रभाव था?," यूरोपीय उपनिवेशीय शक्तियां, जैसे कि ब्रिटिश और फ्रांसीसी, सिख साम्राज्य के स्वराज्य को कूटनीतिक चालाकियों और सैन्य हस्तक्षेपों के माध्यम से चुनौतियों का सामना करती रहीं।"
पूछे गए प्रश्न का उत्तर हिंदी में प्रदान करें:,सिख साम्राज्य की व्यापारिक नेटवर्कों द्वारा संचालित मुख्य सांस्कृतिक आदान-प्रदान क्या था?," सिख साम्राज्य के व्यापारिक नेटवर्कों ने दक्षिण एशिया, केंद्रीय एशिया, और यूरोप के बीच सांस्कृतिक आदान-प्रदान को सुविधाजनक बनाया, जिससे कला, वास्तुकला, और भोजन के विकास में सहायक हुआ।"
बताए गए सवाल का उत्तर हिंदी में दें।,सिख साम्राज्य की जाति भेदों के प्रति नीतियों ने पारंपरिक सामाजिक विभाजनों को कैसे चुनौती दी?," सिख साम्राज्य ने सामाजिक न्याय और समानता की बढ़ावा देने वाले सिद्धांतों को प्रोत्साहित किया, जो जाति या वर्ग के बिना सामाजिक न्याय और न्याय को आजमाते थे।"
Diye gaye prashn ka uttar Hindi mein dein:,शिक्षा के क्षेत्र में सिख साम्राज्य की प्रमुख उपलब्धियाँ क्या थीं?,"सिख साम्राज्य ने स्कूल, कॉलेज, और शिक्षण संस्थान स्थापित किए, जो अपने अधिकारियों के बीच साक्षरता और शिक्षा को बढ़ावा देने में मदद करने के लिए काम करते थे, जैसे कि अमृतसर और लाहौर में प्रमुख शिक्षा केंद्र।"
Diye gaye sawaal ka jawab Hindi mein likhein:,सिख साम्राज्य की सैन्य ढांचा ने इसकी रक्षा क्षमताओं में कैसे योगदान किया?,"सिख साम्राज्य ने अपने क्षेत्रों में किले, किलाबंदी, और रक्षात्मक संरचनाओं का निर्माण किया, जिससे बाहरी हमलों को रोकने और आंतरिक सुरक्षा को बनाए रखने के लिए एक प्रबल सैन्य ढांचा बनाई।"
Diye gaye prashn ka samadhan Hindi mein prastut karein:,सिख साम्राज्य में सिख विद्वानों और धार्मिक विद्वानों की भूमिका क्या थी जो सिख साम्राज्य के धार्मिक और बौद्धिक चर्चा को आकार देने में योगदान करते थे?,"सिख विद्वान और धार्मिक विद्वान सिख शास्त्र का व्याख्यान करने, धार्मिक शिक्षा को प्रोत्साहित करने, और सिख साम्राज्य के भीतर बौद्धिक अन्वेषण को आगे बढ़ाने में महत्वपूर्ण भूमिका निभाते थे।"
Pooche gaye prashn ka uttar Hindi mein pradaan karein:,सिख साम्राज्य द्वारा विदेशी शक्तियों के लिए किए गए मुख्य कूटनीतिक मिशन क्या थे?,"सिख साम्राज्य ने विदेशी शक्तियों जैसे कि ब्रिटेन, रूस, पेर्शिया, और तिब्बत जैसे देशों में व्यापार संबंध स्थापित करने, संधियों की चर्चा करने, और सैन्य गठबंधन की खोज करने के लिए कूटनीतिक मिशन भेजे।"
Bataye gaye sawaal ka jawab Hindi mein dein:,सिख साम्राज्य के नृवासी शासकों के प्रति सिख साम्राज्य की नीतियों का प्रभाव कैसे था जो इसके विस्तार और शक्ति संग्रह में प्रभाव डालती थी?,सिख साम्राज्य ने अपने प्रशासन में प्राथमिकता और सैन्य विजय प्राप्त करने के लिए नृवासी शासकों और क्षेत्रों को अपने प्रशासन में विलीन करने के लिए कूटनीतिक और सैन्य अधिष्ठान अपनाया।
Answer the given question in Hindi:,सिख साम्राज्य के हवाले से मुल्तान शहर पर नियंत्रण का क्या महत्व था?," मुल्तान सिख साम्राज्य के लिए एक महत्वपूर्ण गढ़बढ़, और आर्थिक केंद्र था, जो क्षेत्र में व्यापार मार्गों और नदी नेटवर्क का नियंत्रण करता था।"
Write your answer to the question in Hindi:,सिख साम्राज्य की सांस्कृतिक विविधता ने इसकी सहनशीलता और अनुकूलता में कैसे योगदान किया?,"सिख साम्राज्य की विविधतापूर्ण जनसंख्या, जिसमें सिख, हिन्दू, मुस्लिम, और अन्य समुदाय शामिल थे, ने सामाजिक तंत्र को मजबूत किया और उसकी सामाजिक वस्त्र को मजबूत किया।"
Provide a response to the given query in Hindi:,सिख साम्राज्य द्वारा प्रस्तुत किए गए मुख्य कृषि नवाचार क्या थे?,"सिख साम्राज्य ने कृषि के क्षेत्र में विज्ञान के आधार पर आधुनिक खेती की तकनीकें प्रस्तुत की, जैसे कि नहर सिस्टम और फसलों का परिवर्तन, जिससे कृषि उत्पादकता में वृद्धि हुई और संरक्षित कृषि प्रथाओं को प्रोत्साहित किया गया।"
Answer the question in Hindi language:,सिख साम्राज्य में सिख विद्वानों और धार्मिक विद्वानों की क्या भूमिका थी जो सिख साम्राज्य के धार्मिक और बौद्धिक चर्चा को आकार देने में सहायक रहे?,"सिख विद्वान और धार्मिक विद्वानों ने सिख शास्त्र के विवेक को समझने, धार्मिक शिक्षा को प्रोत्साहित करने, और सिख साम्राज्य के भीतर बौद्धिक अन्वेषण को आगे बढ़ाने में महत्वपूर्ण भूमिका निभाई।"
Reply to the asked question in Hindi:,सिख साम्राज्य द्वारा विदेशी शक्तियों के लिए किए गए मुख्य कूटनीतिक मिशन क्या थे?,"सिख साम्राज्य ने विदेशी शक्तियों जैसे कि ब्रिटेन, रूस, पेर्शिया, और तिब्बत जैसे देशों में व्यापार संबंध स्थापित करने, संधियों की चर्चा करने, और सैन्य गठबंधन की खोज करने के लिए कूटनीतिक मिशन भेजे।"
दिए गए प्रश्न का उत्तर हिंदी में दें:, सिख साम्राज्य के नृवासी शासकों के प्रति सिख साम्राज्य की नीतियों का प्रभाव कैसे था जो इसके विस्तार और शक्ति संग्रह में प्रभाव डालती थी?,सिख साम्राज्य ने अपने प्रशासन में प्राथमिकता और सैन्य विजय प्राप्त करने के लिए नृवासी शासकों और क्षेत्रों को अपने प्रशासन में विलीन करने के लिए कूटनीतिक और सैन्य अधिष्ठान अपनाया।
दिए गए सवाल का जवाब हिंदी में लिखें:, मुल्तान शहर पर सिख साम्राज्य का नियंत्रण का क्या महत्व था?,"मुल्तान सिख साम्राज्य के लिए एक महत्वपूर्ण गढ़बढ़, और आर्थिक केंद्र था, जो क्षेत्र में व्यापार मार्गों और नदी नेटवर्क का नियंत्रण करता था।"
दिए गए प्रश्न का समाधान हिंदी में प्रस्तुत करें:,सिख साम्राज्य की सांस्कृतिक विविधता ने इसकी सहनशीलता और अनुकूलता में कैसे योगदान किया?,"सिख साम्राज्य की विविधतापूर्ण जनसंख्या, जिसमें सिख, हिन्दू, मुस्लिम, और अन्य समुदाय शामिल थे, ने सामाजिक तंत्र को मजबूत किया और उसकी सामाजिक वस्त्र को मजबूत किया।"
पूछे गए प्रश्न का उत्तर हिंदी में प्रदान करें:,सिख साम्राज्य द्वारा प्रस्तुत किए गए मुख्य कृषि नवाचार क्या थे?," सिख साम्राज्य ने आधुनिक कृषि की तकनीकों, जैसे कि नहर सिस्टम और फसल परिवर्तन, को प्रस्तुत किया, जिससे कृषि उत्पादकता में वृद्धि हुई और संरक्षित कृषि प्रथाओं को प्रोत्साहित किया गया।"
बताए गए सवाल का उत्तर हिंदी में दें।,सिख साम्राज्य के अर्थशास्त्र में सिख महिलाओं की भूमिका क्या थी?,"सिख महिलाएं विभिन्न आर्थिक गतिविधियों में सक्रिय भूमिका निभाई, जैसे कि कृषि, व्यापार, और हस्तशिल्प, जिससे सिख साम्राज्य की अर्थव्यवस्था की समृद्धि और सहनशीलता में योगदान किया।"
Diye gaye prashn ka uttar Hindi mein dein:,सिख साम्राज्य की सांस्कृतिक नीतियों ने धार्मिक विविधता और सहिष्णुता को कैसे बढ़ावा दिया?," सिख साम्राज्य की सांस्कृतिक नीतियाँ धार्मिक स्वतंत्रता और सहिष्णुता पर जोर देती थीं, जिससे विभिन्न धर्मों के लोग अपने धार्मिक धारणाओं का प्रयोग कर सकते थे बिना किसी भय या भेदभाव के।"
Diye gaye sawaal ka jawab Hindi mein likhein:,सिख साम्राज्य के पतन का सिख विदेश वासी समुदायों पर क्या प्रभाव हुआ?,"सिख साम्राज्य के पतन से सिखों का अन्य क्षेत्रों में बढ़ता हुआ प्रवास बढ़ा, जहाँ वे सक्रिय विदेश वासी समुदायों को स्थापित किया, जो सिख संस्कृति और व्यक्तित्व को संरक्षित करते थे।"
Diye gaye prashn ka samadhan Hindi mein prastut karein:,सिख साम्राज्य की कर नियंत्रण व्यवस्था ने इसके सैन्य और प्रशासनिक खर्चों का समर्थन कैसे किया?,"सिख साम्राज्य ने अपनी सैन्य अभियानों, बुनियादी ढांचे परियोजनाओं, और प्रशासनिक यंत्र को संचालित करने के लिए भूमि कर, निर्धारण शुल्क, और व्यापार शुल्क जैसे विभिन्न कर लगाए।"
Pooche gaye prashn ka uttar Hindi mein pradaan karein:,सिख साम्राज्य की मुख्य कला साहित्य की क्या महत्वपूर्ण उपलब्धियाँ थीं?,"सिख साम्राज्य ने मिनियेचर पेंटिंग, फ्रेस्को, और स्थापत्य सुंदरता जैसी कला प्रकारों को प्रोत्साहित किया, जिससे सिख, पार्शी, और मुग़ल प्रभावों की एक समृद्ध सांस्कृतिक विरासत उत्पन्न हुई।"
Bataye gaye sawaal ka jawab Hindi mein dein:,सिख साम्राज्य का न्याय प्रणाली कैसे निष्पक्षता और न्याय को सुनिश्चित करती थी?," सिख साम्राज्य का न्यायपालिका, समानता और न्याय के सिख सिद्धांतों के मार्गदर्शन में, कानूनी प्रक्रिया और समाधान के माध्यम से विवादों और शिकायतों को समाधान के लिए एक मंच प्रदान करती थी।"
Answer the given question in Hindi:,सिख साम्राज्य में सिख बुद्धिजीवियों और विद्वानों की सिख साम्राज्य के बौद्धिक पुनरावलोकन में क्या भूमिका थी?," सिख बुद्धिजीवियों और विद्वानों ने सिख दर्शन, साहित्य, और इतिहास के पुनरुत्थान में योगदान किया, जिससे सिख साम्राज्य के बौद्धिक मंच को समृद्ध किया।"
Write your answer to the question in Hindi:,पेशावर शहर पर सिख साम्राज्य का नियंत्रण क्या महत्व था?,"पेशावर मध्य एशिया और अफगानिस्तान के लिए एक रणनीतिक द्वार के रूप में कार्य करता था, जिससे सिख साम्राज्य को इन क्षेत्रों में अपनी प्रभावशीलता और व्यापार नेटवर्क को बढ़ाने की संभावना मिली।"
Provide a response to the given query in Hindi:,सिख साम्राज्य की धार्मिक तीर्थस्थलों और यात्रा स्थलों के प्रति नीतियों का पर्यटन और तीर्थयात्रा को कैसे बढ़ावा मिला?," सिख साम्राज्य ने धार्मिक तीर्थस्थलों और यात्रा स्थलों के पुनर्निर्माण और रखरखाव में निवेश किया, जिससे दक्षिण एशिया और बाहर से आए तीर्थयात्रियों और पर्यटकों को आकर्षित किया।"
Answer the question in Hindi language:,"सिख व्यापारियों की भूमिका क्या थी, जो भारतीय उपमहाद्वीप और मध्य एशिया के बीच व्यापार को सुगम बनाने में सहायक रहे?"," सिख व्यापारी भारतीय उपमहाद्वीप को मध्य एशिया, पर्सिया, और उससे आगे कनेक्ट करने वाली अंतर्राष्ट्रीय व्यापार नेटवर्कों में बांधक की भूमिका निभाते थे।"
Reply to the asked question in Hindi:,सिख साम्राज्य के शासन काल में कौन-कौन सी प्रमुख साहित्यिक रचनाएँ उत्पन्न हुईं?,"सिख साम्राज्य के शासनकाल में महत्वपूर्ण साहित्यिक रचनाओं का अध्ययन किया गया, जिसमें सिख शास्त्र, ऐतिहासिक काव्य, और दार्शनिक निबंध शामिल हैं।"
दिए गए प्रश्न का उत्तर हिंदी में दें:,सिख साम्राज्य की नीतियों का ब्रिटिश पूर्व भारत कंपनी के प्रति वर्तमान राज्यों के कुछ शासनकालों में कैसा परिणाम हुआ?,"सिख साम्राज्य की नीतियों की ब्रिटिश पूर्व भारत कंपनी के प्रति संबंध बदलती रही, जिसमें सहमति, बातचीत, और संघर्ष के दौरों के साथ साम्यिक भौगोलिक गतिशीलता और नेतृत्व के आधार पर निर्भर किया गया।"
दिए गए सवाल का जवाब हिंदी में लिखें:,क्षेत्रीय विकास पर सिख साम्राज्य के बुनियादी परियोजनाओं का प्रभाव क्या था?,"सिख साम्राज्य द्वारा रास्ते, पुल, नहर, और किले निर्माण का प्रभाव क्षेत्रीय विकास को तेजी से बढ़ावा दिया, जिससे आर्थिक विकास और शहरीकरण की प्रेरणा मिली।"
दिए गए प्रश्न का समाधान हिंदी में प्रस्तुत करें:, सिख साम्राज्य की प्रशासनिक व्यवस्था कैसे जिम्मेदारी और पारदर्शिता सुनिश्चित करती थी?,"सिख साम्राज्य की प्रशासनिक व्यवस्था में जिम्मेदारी, पारदर्शिता, और सेवा के सिद्धांतों को महत्व दिया जाता था, जिसमें सत्ता के दुरुपयोग और भ्रष्टाचार को रोकने के लिए जाँच की जाती थी।"
पूछे गए प्रश्न का उत्तर हिंदी में प्रदान करें:,सिख साम्राज्य के पास हजारा क्षेत्र पर नियंत्रण का महत्व क्या था?,"हजारा, पंजाब और कश्मीर के बीच रणनीतिक द्वार के रूप में सेवित होता था, जो सिख साम्राज्य को हिमालयी उपतल में प्राकृतिक संसाधनों, व्यापार रूट्स, और सैन्य आधारों तक पहुंच प्रदान करता था।"
बताए गए सवाल का उत्तर हिंदी में दें।,सिख साम्राज्य के अल्पसंख्यक समुदायों के प्रति उसकी नीतियों ने सामाजिक समेकन और एकता को कैसे बढ़ावा दिया?,"सिख साम्राज्य की धार्मिक सहिष्णुता, समान अधिकार, और अविभाजन की नीतियाँ उसके क्षेत्रों में विभिन्न जातियों और धार्मिक समुदायों के बीच एक संवाद और साझा पहचान का वातावरण बनाया।"
Diye gaye prashn ka uttar Hindi mein dein:,सिख साम्राज्य की वास्तुकला और सौंदर्यशास्त्र पर मुख्य सांस्कृतिक और कलात्मक प्रभाव क्या थे?,"सिख साम्राज्य की वास्तुकला और सौंदर्यशास्त्र में आधिकारिक सिख, पार्सी, मुघल, और यूरोपीय प्रभावों का एक समन्वय दिखाई दिया, जिसमें शानदारता, सममिति, और सजावटी सुविधाएं शामिल थीं।"
Diye gaye sawaal ka jawab Hindi mein likhein:,कास्ट व्यवस्था क्या है?,"कास्ट व्यवस्था भारत में प्रचलित एक सामाजिक श्रेणीकरण है, जो समाज को विभिन्न वंशजाति समूहों में विभाजित करता है, जिनमें निर्धारित भूमिकाएँ और व्यवसाय होते हैं।"
Diye gaye prashn ka samadhan Hindi mein prastut karein:,प्राचीन भारत में कास्ट व्यवस्था किस प्रकार सामाजिक आंदोलन को प्रभावित करती थी?,"कास्ट व्यवस्था ने सामाजिक आंदोलन को प्रतिबंधित किया, जिसमें व्यक्तियों को सामाजिक आर्थिक चलन के रूप में जन्म से ही एक ही कास्ट में जन्मने और रहने की परंपरा रहती थी, जो उनकी सामाजिक स्थिति और अवसरों को निर्धारित करती थी।"
Pooche gaye prashn ka uttar Hindi mein pradaan karein:,प्राचीन कास्ट व्यवस्था में मुख्य वर्ण या जातियाँ क्या थीं?," प्राचीन कास्ट व्यवस्था में चार मुख्य वर्ण थे: ब्राह्मण (ब्राह्मण, आचार्य), क्षत्रिय (योद्धा और शासक), वैश्य (व्यापारी और किसान) और शूद्र (श्रमिक और शिल्पकार)।"
Bataye gaye sawaal ka jawab Hindi mein dein:,कास्ट व्यवस्था के साथ कुछ समस्याएँ क्या थीं?,"कास्ट व्यवस्था ने सामाजिक असमानता, भेदभाव और शोषण को बनाए रखा, निम्न जातियों के लोगों के लिए अवसरों की सीमा लगाकर सामाजिक सामरस्य और प्रगति को बाधित किया।"
Answer the given question in Hindi:,मध्ययुगीन भारत में भक्ति आंदोलन ने कास्ट व्यवस्था को कैसे चुनौती दी?,"भक्ति आंदोलन ने भक्ति और आध्यात्मिक समानता को महत्व दिया, जो कास्ट विभाजन को तर्किक करते हुए सभी व्यक्तियों के बीच सामाजिक एवं भाईचारे के विचार को प्रोत्साहित किया।"
Write your answer to the question in Hindi:,सुफ़िज़म ने मध्यकालीन भारत में सामाजिक विभाजनों को चुनौती देने में क्या भूमिका निभाई?," सुफ़िज़म ने आध्यात्मिक अनुभवों और आंतरिक भक्ति को जोर दिया, धार्मिक और सामाजिक बाधाओं को पार किया, और विविध समुदायों के बीच एकता और समावेश के भाव को प्रोत्साहित किया।"
Provide a response to the given query in Hindi:,भारत में जाति भेदभाव के खिलाफ संघर्षों को साहित्य किस प्रकार प्रतिबिंबित करता था?,"साहित्य, जैसे सामाजिक सुधारकों और कवियों की रचनाएँ, अक्सर कास्ट प्रणाली की अन्यायों को हाइलाइट करती थीं और सामाजिक समानता और न्याय के लिए आवाज़ उठाती थीं।"
Answer the question in Hindi language:,कुछ प्रसिद्ध साहित्यिक कृतियाँ थीं जो जाति मुद्दों पर चर्चा करती थीं?," बी.आर. अम्बेडकर द्वारा ""जातिनाश"" और मुल्क राज आनंद द्वारा ""अन्टचेबल"" जैसी रचनाएँ व्यक्तियों और समाज पर कास्ट प्रणाली के प्रभाव की खोज करती हैं, कास्ट सुधार पर वाद-विवाद को प्रेरित करती हैं।"
Reply to the asked question in Hindi:,कैसे कास्ट प्रणाली ने पारंपरिक भारतीय समाज में कलात्मक अभिव्यक्ति पर प्रभाव डाला?,"कास्ट प्रणाली ने कलात्मक प्रायोजन को प्रभावित किया, कुछ कला शैलियों और परंपराओं को विशिष्ट जाति समूहों से जोड़ा, जो उनकी सांस्कृतिक पहचानों और सामाजिक स्थिति को प्रतिबिंबित करता है।"
दिए गए प्रश्न का उत्तर हिंदी में दें:,मध्यकालीन भारत में इंडो-इस्लामी वास्तुकला की मुख्य विशेषताएँ क्या थीं?,"इंडो-इस्लामी वास्तुकला ने भारतीय और इस्लामी शैलियों के तत्वों को मिलाकर एक संयोग बनाया, जिसमें गुम्बद, मीनार, चाप, और जटिल सजावट जैसी विशेषताएँ शामिल थीं, जैसा कि दिल्ली के कुतुब मीनार में देखा जाता है।"
दिए गए सवाल का जवाब हिंदी में लिखें:,मुघल भारत में वास्तुकला के विकास में मुग़ल ने कैसे योगदान दिया?," मुग़ल ने रेड सैंडस्टोन और संगमरमर का प्रयोग जैसी नई वास्तुकला तकनीकों और शैलियों को पेश किया, जैसा कि ताजमहल और लाल किले जैसे प्रसिद्ध स्मारकों में देखा गया है।"
दिए गए प्रश्न का समाधान हिंदी में प्रस्तुत करें:,जाति-आधारित असमानताओं को चुनौती देने में शिक्षा की क्या भूमिका थी?,"शिक्षा को सशक्तिकरण और सामाजिक चलनचित्र में चलने का साधन माना गया, जिससे निम्न जातियों के व्यक्तियों को ज्ञान और कौशल प्राप्त करने का अवसर मिला, पारंपरिक श्रेणियों और पूर्वाग्रहों को चुनौती देते हुए।"
पूछे गए प्रश्न का उत्तर हिंदी में प्रदान करें:,भक्ति आंदोलन ने भारतीय साहित्य और कला को कैसे प्रभावित किया?,"भक्ति आंदोलन ने एक भक्तिपूर्ण कविता, संगीत, और कला की समृद्ध परंपरा को प्रेरित किया, जिसमें परमात्मा के प्रेम, भक्ति, और आध्यात्मिक मुक्ति के विषयों को व्यक्त किया गया, जो कास्ट और सामाजिक बाधाओं को पार करता था।"
बताए गए सवाल का उत्तर हिंदी में दें।,भक्ति आंदोलन से जुड़े कुछ प्रमुख साहित्यिक व्यक्तित्व कौन थे?,"कबीर, मीराबाई, और तुलसीदास जैसे भक्ति संत और कवियों ने क्षेत्रीय भाषाओं में भक्ति-गीत और छंदों की रचना की, जिससे प्रेम और भक्ति का संदेश भारत में फैलाया गया।"
Diye gaye prashn ka uttar Hindi mein dein:,सूफी कविता ने मध्यकालीन भारत के सांस्कृतिक परिदृश्य में कैसे योगदान दिया?,"सूफ़ी कवि जैसे कि रूमी, हाफ़िज़, और अमीर खुसरो ने फारसी और क्षेत्रीय भाषाओं में तत्त्वज्ञान और अद्वैत के विषयों पर भव्य छंदों की रचना की, जिसमें आध्यात्मिक प्रेम, एकता, और अद्वैत के विषयों को व्यक्त किया गया।"
Diye gaye sawaal ka jawab Hindi mein likhein:,भक्ति आंदोलन के दौरान कौन से वास्तुकला शैलिय उत्पन्न हुए?,"भक्ति आंदोलन के दौरान बने मंदिर और श्रीने रीजनल वास्तुकला शैलियों को ध्यान में रखते थे, जो स्थानीय शिल्पकला, प्रतीकता, और भक्ति के तत्वों को शामिल करते थे।"
Diye gaye prashn ka samadhan Hindi mein prastut karein:,भक्ति आंदोलन ने भारतीय संगीत और नृत्य पर कैसा प्रभाव डाला?," भक्ति आंदोलन ने भक्ति संगीत और नृत्य के रूप में आदर्शात्मक संगीत और नृत्य शैलियों को प्रेरित किया, जैसे कि भजन, कीर्तन, और कथक, जो आध्यात्मिक उत्साह और सामूहिक पूजा के रूप में काम करते थे।"
Pooche gaye prashn ka uttar Hindi mein pradaan karein:,भक्ति साहित्य में कौन-कौन से प्रमुख विषय अन्वेषित किए गए थे?,"भक्ति साहित्य में परमात्मा के प्रेम, भक्ति, मुक्ति, और आध्यात्मिक जागरूकता के मार्ग के विषय में अनेक प्रमुख विषय अन्वेषित किए गए थे, अक्सर उपमा, कहानी, और गानों के माध्यम से।"
Bataye gaye sawaal ka jawab Hindi mein dein:,प्राचीन भारत में शिक्षा तक पहुंच पर कास्ट प्रणाली का क्या प्रभाव था?,"प्राचीन भारत में शिक्षा तक पहुंच को कास्ट प्रणाली ने प्रतिबंधित किया, जहां उच्च जातियों जैसे कि ब्राह्मणों को शिक्षा के प्रति विशेष उपयोग का लाभ मिलता था, जबकि निम्न जातियों को शिक्षा के अवसरों से वंचित किया जाता था।"
Answer the given question in Hindi:,प्राचीन भारत में पारंपरिक शिक्षा संस्थान क्या थे?,"प्राचीन भारत में पारंपरिक शिक्षा संस्थान में गुरुकुल (गुरुओं द्वारा चलाए जाने वाले आवासीय स्कूल), मदरसा (इस्लामी स्कूल), और पाठशाला (सामुदायिक स्कूल) शामिल थे, जहां छात्रों को शास्त्र, दर्शन, और कला जैसे विभिन्न विषयों में शिक्षा प्राप्त होती थी।"
Write your answer to the question in Hindi:,भक्ति आंदोलन ने पारंपरिक ज्ञान की परंपरागत व्यवस्था को कैसे चुनौती दी?,"भक्ति आंदोलन ने विद्वान शिक्षा और रीतिवादी अभ्यासों के स्थान पर भगवानी सत्य के प्रत्यक्ष व्यक्तिगत अनुभव को जोर दिया, आध्यात्मिक ज्ञान को लोकतांत्रिक बनाते हुए और पुरानी ब्राह्मणिक परंपराओं की अधिकारिता को चुनौती दी।"
Provide a response to the given query in Hindi:,सूफी विद्वानों ने भारतीय शिक्षा और शिक्षा में कौन-कौन से योगदान किए?,"सूफ़ी विद्वानों ने भारतीय शिक्षा में महत्वपूर्ण योगदान किया, विशेष रूप से दर्शन, साहित्य, और भाषा जैसे क्षेत्रों में, इस्लामी शिक्षाओं को भारतीय सांस्कृतिक परंपराओं के साथ मिलाकर।"
Answer the question in Hindi language:,मुघल शिक्षा प्रणाली की मुख्य उपलब्धियाँ क्या थीं?,"मुघल शिक्षा प्रणाली ने स्कूल, पुस्तकालय, और शिक्षा केंद्र स्थापित किए, फारसी भाषा, साहित्य, और इस्लामी विज्ञानों को बढ़ावा दिया, शिक्षा और बुद्धिजीवन की संस्कृति को बढ़ावा दिया।"
Reply to the asked question in Hindi:,मुघल सम्राटों ने अपने साम्राज्य में कला और साहित्य को किस प्रकार का प्रायोजन किया?,"मुघल सम्राटों ने कला और साहित्य के महान प्रायोजन किए, हाथ में हस्ताक्षर, पेंटिंग्स, और वास्तुकला के कार्यों को कमिशन किया, जैसे कि अकबरनामा के चित्रित हस्तलिखित प्रतियां और ताजमहल।"
दिए गए प्रश्न का उत्तर हिंदी में दें:,मुघल काल में कुछ प्रसिद्ध साहित्यिक कृतियाँ कौन-कौन सी थीं?,"सम्राट जहांगीर द्वारा ""तुज़ुक-ए-जहाँगीरी"" और अबूल-फजल द्वारा ""आईन-ए-अकबरी"" जैसी साहित्यिक कृतियाँ मुघल साम्राज्य के सांस्कृतिक, राजनीतिक, और सामाजिक जीवन को दर्शाती हैं, मुघल इतिहास और समाज के लिए मूल्यवान जानकारी प्रदान करती हैं।"
दिए गए सवाल का जवाब हिंदी में लिखें:,मुघल ने भारत में पार्सी और उर्दू साहित्य के विकास में कैसे योगदान दिया?,"मुघल ने पार्सी और उर्दू साहित्य का प्रायोजन किया, पार्सी को दरबारी भाषा के रूप में बढ़ावा देते हुए और उर्दू कविता, प्रोस, और इतिहास लेखन के विकास को प्रोत्साहित किया, महान साहित्यिक और ऐतिहासिक महत्व की कृतियों का उत्पादन किया।"
दिए गए प्रश्न का समाधान हिंदी में प्रस्तुत करें:,भारतीय-इस्लामी वास्तुकला में वास्तुकला के कौन-से नवाचार थे?,"भारतीय-इस्लामी वास्तुकला ने भारतीय और इस्लामी शैलियों के तत्वों को मिलाकर, गुम्बद, मीनार, चाप, और जटिल ज्यामितीय आरेखण जैसी विशेषताओं का प्रयोग किया, जैसा कि दिल्ली के जामा मस्जिद में देखा गया।"
पूछे गए प्रश्न का उत्तर हिंदी में प्रदान करें:,मध्यकालीन भारत में सांस्कृतिक मेलजोल को भारतीय-इस्लामी वास्तुकला कैसे प्रतिबिंबित करती थी?,"भारतीय-इस्लामी वास्तुकला ने विभिन्न सांस्कृतिक प्रभावों को मिलाकर समन्वयित किया, हिन्दू, पार्सी, और मध्य एशियाई प्रेरणाओं को शामिल करते हुए, एक अद्वितीय वास्तुकला शैली बनाई जो भारत की बहुसांस्कृतिक विरासत को प्रतिबिंबित करती थी।"
बताए गए सवाल का उत्तर हिंदी में दें।,मुघल वास्तुकला की मुख्य विशेषताएँ क्या थीं?,"मुघल वास्तुकला की विशेषताएँ इसकी भव्यता, सममिति, और लाल पत्थर और संगमरमर का प्रयोग होता था, जिसमें गेंदार गुंबद, मीनार, और जटिल सजावट जैसी विशेषताएँ शामिल थीं, जैसा कि आगरा किला और फतेहपुर सीकरी के स्मारकों में देखा गया।"
Diye gaye prashn ka uttar Hindi mein dein:,मुघल कैसे अपने भवनों में हिन्दू वास्तु तत्वों को मिलाते थे?," मुघल ने अपने भवनों में हिन्दू वास्तु तत्वों को शामिल किया, जैसे कि छत्री (पविलियन), जाली (छिद्रित स्क्रीन), और पिश्ताक (उभरा हुआ चाप), जो उनके धर्मिक सहिष्णुता और सांस्कृतिक समावेश की नीति का प्रतिनिधित्व करते थे।"
Diye gaye sawaal ka jawab Hindi mein likhein:, मुघल वास्तुकला में मुघल बागों का क्या महत्व था?,"मुघल बाग, जिनकी ज्यामितीय व्यवस्था, जल-नालों, और लुष घास, आर्थिक वास्तुकला में ध्यानाकर्षण के रूप में चित्रित होते हैं, पृथ्वी पर स्वर्ग के प्रतीक के रूप में काम करते थे, मुघल महलों और किलों में आराम, विचार, और सौंदर्य का आनंद उद्दीपित करते थे।"
Diye gaye prashn ka samadhan Hindi mein prastut karein:,मुघल वास्तुकला ने भारत में उसके बाद के वास्तुकला शैलियों पर कैसा प्रभाव डाला?,"मुघल वास्तुकला ने भारत में वास्तुकला की उत्कृष्टता का मानक स्थापित किया, जिससे प्रभावित हुए शैलियों में भारतीय-सारासेनिक वास्तुकला और राजपूत वास्तुकला जैसे शैलियों को, जो अपने डिज़ाइन में मुघल तत्वों को शामिल करते थे।"
Pooche gaye prashn ka uttar Hindi mein pradaan karein:, मुघल द्वारा कुछ प्रमुख शिक्षा सुधार क्या थे?," मुघल ने मदरसे, मकटबे, और पुस्तकालय जैसे शिक्षाविद्यालय स्थापित किए, फारसी और अरबी भाषा, साहित्य, और इस्लामी विज्ञानों को प्रोत्साहित किया, और संस्कृत पाठ्यक्रमों के अनुवाद को प्रोत्साहित किया।"
Bataye gaye sawaal ka jawab Hindi mein dein:,मुघल शासक विद्वानों और बुद्धिजीवियों का प्रायोजन कैसे करते थे?,"मुघल सम्राटों ने विद्वानों, कवियों, और कलाकारों को प्रायोजन किया, उन्हें वित्तीय सहायता, भूमि अनुदान, और दरबार में महत्वपूर्ण पदों की प्रतिष्ठा प्रदान करते हुए, बौद्धिक जांच और सांस्कृतिक विनिमय के एक वातावरण को प्रोत्साहित किया।"
Answer the given question in Hindi:,मध्यकालीन भारत में सूफ़ी संत शिक्षा और विद्यालय को कैसे प्रोत्साहित करते थे?,"सूफी संतों ने खानकाहें (सूफी आश्रम) और दरगाहें (सूफी मंदिर) स्थापित किए, जो शिक्षा, आध्यात्मिक मार्गदर्शन, और सामाजिक कल्याण के केंद्र के रूप में काम करते थे, जिससे ज्ञान का प्रसार और धार्मिक सहिष्णुता को भारतीय समाज में संबोधित किया गया।"
Write your answer to the question in Hindi:,मध्यकालीन भारत में सूफ़ी अद्वैत किस प्रकार पारसी साहित्य के विकास को प्रभावित किया?,"सूफ़ी अद्वैत ने सूफ़ी कवियों को उत्तेजित किया, जैसे कि रूमी, हाफ़िज़, और सादी, जो गूढ़वादी चरित्र के गाथाओं और रहस्यमय कहानियों को संजीवनी पंक्तियों और उपमा के माध्यम से रचना करते थे, जिसमें अद्वैत प्रेम, आध्यात्मिक उद्घाटन, और प्रिय के साथ एकता के विषयों की खोज की गई।"
Provide a response to the given query in Hindi:,मुघल काल में पारसी साहित्य में खोजे गए मुख्य विषय क्या थे?,"मुघल काल में पारसी साहित्य में प्रेमकथा, वीरता, गूढ़वाद, और नैतिक दर्शन जैसे विभिन्न विषयों का विस्तार हुआ, जैसा कि फरदूसी के ""शाहनामा"" और हाफ़िज़ के ""दीवान-ए-हाफ़िज़"" में देखा गया।"
Answer the question in Hindi language:, मुघलों ने संस्कृत पाठ्यक्रमों की संरक्षण और अनुवाद कैसे प्रोत्साहित किया?,"मुघलों ने संस्कृत पाठ्यक्रमों के अनुवाद को प्रोत्साहित किया, जिससे भारतीय और पारसी बौद्धिक परंपराओं के बीच ज्ञान और विचार का आदान-प्रदान हो, और भारतीय सांस्कृतिक विरासत को संरक्षित किया।"
Reply to the asked question in Hindi:,मुघल विद्वानों और बहुश्रुतिवादियों की कुछ प्रमुख उपलब्धियाँ क्या थीं?,"मुघल विद्वानों और बहुश्रुतिवादियों ने खगोलशास्त्र, गणित, चिकित्सा, और भाषा विज्ञान जैसे विभिन्न क्षेत्रों में महत्वपूर्ण योगदान किया, जो भारतीय शोध में स्थायी मूल्य और महत्त्व की कृतियाँ उत्पन्न करते थे।"
दिए गए प्रश्न का उत्तर हिंदी में दें:,मुघल शासकों ने भारत में विज्ञान और प्रौद्योगिकी के अध्ययन को कैसे प्रोत्साहित किया?,"मुघल शासकों ने विज्ञान और प्रौद्योगिकी के अध्ययन को बढ़ावा दिया, अवलोकन केंद्र, वैज्ञानिक कार्यशाला, और पुस्तकालय स्थापित किए, विभिन्न क्षेत्रों से विद्वानों और विशेषज्ञों को जोड़कर ज्ञान और विशेषज्ञता का आदान-प्रदान किया, जिससे भारत में विज्ञान और प्रौद्योगिकी की प्रगति को समर्थन मिला।"
दिए गए सवाल का जवाब हिंदी में लिखें:,मुघल शिक्षा संस्थानों में शिक्षा के मुख्य विषय क्या थे?,"मुघल शिक्षा संस्थानों में कुरानी अध्ययन, इस्लामी कानून, दार्शनिक विचार, साहित्य, ख़ुशनवीसी, और विज्ञान जैसे विषयों में शिक्षा प्रदान की जाती थी, सभी पृष्ठभूमियों के छात्रों के लिए एक व्यापक पाठ्यक्रम प्रदान करते हुए।"
दिए गए प्रश्न का समाधान हिंदी में प्रस्तुत करें:,मुघल ने भारत में पारसी और अरबी भाषाओं के अध्ययन को कैसे प्रोत्साहित किया?,"मुघल ने फारसी और अरबी को दरबार और प्रशासन की आधिकारिक भाषा बनाया, उनके अध्ययन और उपयोग को साहित्य, काव्य, राजनीतिक अदालत, और विद्वान संवाद में प्रोत्साहित किया, मध्यकालीन भारत के भाषातात्त्विक परिदृश्य को आकार देने के रूप में।"
पूछे गए प्रश्न का उत्तर हिंदी में प्रदान करें:,मुघल ख़ुशनवीसी और हस्तलेखन में मुख्य विशेषताएँ क्या थीं?,"मुघल ख़ुशनवीसी और हस्तलेखन की विशेषताएँ उनकी शैली, सटीकता, और सजावटी अलंकरण में थीं, जिसमें कुशल कलाकारों और चित्रकारों ने मुघल दरबार के लिए अत्यंत सुंदर कुरानी हस्तलेखन, शाही आज्ञापत्र, और साहित्यिक कार्यों को निर्माण किया।"
बताए गए सवाल का उत्तर हिंदी में दें।,मुघल प्रोत्साहन ने भारतीय लघु चित्रकला के विकास को कैसे प्रभावित किया?,"मुघल भारतीय लघु चित्रकला के प्रोत्साहन ने कला रूप को शुद्ध किया और इसे विकसित किया, जिसमें कलाकारों ने दरबारी जीवन, ऐतिहासिक घटनाएँ, धार्मिक विषय, और प्रकृति की चित्रण करने के लिए अत्यंत सुंदर चित्र बनाए।"
Diye gaye prashn ka uttar Hindi mein dein:,मुघल काल में भारतीय लघु चित्रकला की मुख्य विशेषताएँ क्या थीं?,"मुघल काल में भारतीय लघु चित्रकला की मुख्य विशेषताएँ उसकी ध्यानदार विवरणता, जीवंत रंग, नाजुक ब्रशकार्य, और सोने के पत्ते का उपयोग थी, जिससे रूपरेखात्मक और अत्यंत अभिव्यक्तिशील चित्र बनाए गए।"
Diye gaye sawaal ka jawab Hindi mein likhein:,मुघल वास्तुकला में भारतीय सौंदर्य और प्रतीकों को कैसे शामिल किया गया?,"मुघल वास्तुकला ने भारतीय सौंदर्य के प्रतीकों, जैसे कि कमल की बुनियाद, छतरियाँ, और ओटामैटिक बगीचाएँ शामिल किए, जो मुघल इमारतों में विशालकाय, सममिति, और आकर्षक चिह्नों के रूप में प्रकट होते थे।"
Diye gaye prashn ka samadhan Hindi mein prastut karein:,मुघल कला और साहित्य में प्रमुख विषय क्या थे?," मुघल कला और साहित्य में विविध विषयों को दर्शाया गया, जैसे कि दरबारी जीवन के दृश्य, शासकों और महानायकों के पोर्ट्रेट, प्राकृतिक दृश्य, फूल और फाना, ऐतिहासिक घटनाएँ, धार्मिक कथाएँ, और पौराणिक कथाएँ।"
Pooche gaye prashn ka uttar Hindi mein pradaan karein:, मुघल शासक भारतीय शास्त्रीय संगीत और नृत्य के प्रोत्साहन में कैसे योगदान करे?,"मुघल शासक भारतीय शास्त्रीय संगीत और नृत्य के प्रोत्साहक थे, दरबार में संगीतकारों, नृत्यांगनों, और कवियों का समर्थन करते थे, और प्रस्तुतियों और सांस्कृतिक घटनाओं का प्रायोजन करते थे जो हिंदुस्तानी संगीत और कथक नृत्य की समृद्ध परंपराओं का मान था।"
Bataye gaye sawaal ka jawab Hindi mein dein:,मुघल वास्तुकला ने भारतीय वास्तुकला के बाद के प्रारंभिक वास्तुकला पर कैसा प्रभाव डाला?,"मुघल वास्तुकला ने प्रारंभिक भारतीय वास्तुकला पर असर डाला, जैसे कि बुलबुलेदार गुंबद, ध्वनि, और सममित स्थाननिर्माण का उपयोग करने की बात की, जिससे भारतीय वास्तुकला के प्रादेशिक विभिन्नताओं के विकास को प्रेरित किया।"
Answer the given question in Hindi:,मुघल शैक्षिक संस्थानों ने मध्यकालीन भारत में ज्ञान और विद्यालय के प्रसार में कैसे योगदान किया?,"मुघल शैक्षिक संस्थानों ने शिक्षा और बौद्धिक विनिमय के केंद्र के रूप में कार्य किया, जो इस्लामिक विश्व, पारसी, और मध्य एशिया से विद्वानों, कवियों, और बुद्धिजीवियों को आकर्षित करते थे, और मध्यकालीन भारत में शिक्षा और रचनात्मकता की एक सांस्कृतिक वातावरण का निर्माण किया।"
Write your answer to the question in Hindi:,मुघल साम्राज्य के पतन में कुछ आंतरिक कारक क्या थे?,"आंतरिक कलह, सहाराज्य युद्ध और दरबारी साजिशें, साम्राज्य की स्थिरता को कमजोर कर दी।"
Provide a response to the given query in Hindi:, मुघल साम्राज्य के पतन में बाहरी आक्रमणों का क्या भूमिका था?, अफगान और पारसी सेनाओं द्वारा बाहरी आक्रमण ने साम्राज्य की सीमाओं और संसाधनों पर दबाव डाला।
Answer the question in Hindi language:,आर्थिक चुनौतियों ने मुघल साम्राज्य के पतन में कैसे योगदान दिया?,भारी कर और मुद्रास्फीति सहित आर्थिक अस्थिरता ने साम्राज्य के वित्तीय संसाधनों को कमजोर किया।
Reply to the asked question in Hindi:,क्षेत्रीय शक्तियों का मुघल साम्राज्य पर कैसा प्रभाव था?,मुघल प्राधिकरण को चुनौती देने वाली क्षेत्रीय शक्तियों ने साम्राज्य का विखंडन और केंद्रीय नियंत्रण का हानि किया।
दिए गए प्रश्न का उत्तर हिंदी में दें:,मुघल साम्राज्य के पतन के दौरान कुछ प्रमुख क्षेत्रीय शक्तियाँ कौन-कौन सी उभरी थीं?,"मराठे, सिख और विभिन्न नवाब (प्रांतीय गवर्नर) इस अवधि में महत्वपूर्ण हुए।"
दिए गए सवाल का जवाब हिंदी में लिखें:,मराठे मुघल साम्राज्य के पतन में कैसे योगदान किया?," मराठे ने अपने क्षेत्र का विस्तार किया और मुघल प्राधिकरण को चुनौती दी, जिससे साम्राज्य को और भी कमजोर किया गया।"
दिए गए प्रश्न का समाधान हिंदी में प्रस्तुत करें:,व्यापार मार्गों के पतन का मुघल साम्राज्य पर क्या प्रभाव हुआ?,"व्यापार मार्गों के क्षीण होने से, विशेष रूप से यूरोपीय शक्तियों के आगमन के साथ, साम्राज्य की आर्थिक समृद्धि पर असर पड़ा।"
पूछे गए प्रश्न का उत्तर हिंदी में प्रदान करें:,धार्मिक तनाव मुघल साम्राज्य के पतन में कैसे योगदान किया?,"धार्मिक तनाव, विशेष रूप से हिन्दू और मुस्लिमों के बीच, साम्राज्य के आंतरिक विभाजन को और अधिक बढ़ाया।"
बताए गए सवाल का उत्तर हिंदी में दें।,प्लासी की लड़ाई का मुघल साम्राज्य के पतन में क्या महत्व था?, प्लासी की लड़ाई ने भारत में ब्रिटिश प्रभुत्व की शुरुआत की और मुघल प्राधिकरण को और भी कमजोर किया।
Diye gaye prashn ka uttar Hindi mein dein:,मुघल साम्राज्य के पतन का कला और संस्कृति पर क्या प्रभाव हुआ?,पतन ने कलात्मक प्रायोजन में एक परिवर्तन और मुघल परंपराओं से अलग क्षेत्रीय शैलियों का उद्भव किया।
Diye gaye sawaal ka jawab Hindi mein likhein:,मुघल साम्राज्य की केन्द्रीय प्राधिकरण की कमजोरी का क्या भूमिका था उसके पतन में?,"केन्द्रीय प्राधिकरण की कमजोरी ने क्षेत्रीय गवर्नरों के बीच अधिक स्वतंत्रता को बढ़ाया, जिससे साम्राज्य का विखंडन तेजी से हो गया।"
Diye gaye prashn ka samadhan Hindi mein prastut karein:,मुघल साम्राज्य के सैन्य की पतन से उसके पतन में कैसा योगदान था?,मुघल सैन्य की पतन ने साम्राज्य की बाहरी खतरों से खुद की रक्षा क्षमता को कमजोर किया।
Pooche gaye prashn ka uttar Hindi mein pradaan karein:,क्या-क्या कारक थे जो मुघल शहरों के पतन में योगदान किया?,"आर्थिक अस्थिरता, राजनीतिक अशांति, और व्यापार मार्गों के क्षीण होने ने शहरों के पतन में योगदान किया।"
Bataye gaye sawaal ka jawab Hindi mein dein:,यूरोपीय उपनिवेशीय शक्तियाँ मुघल साम्राज्य की कमजोरी का लाभ कैसे उठाती थीं?,"यूरोपीय उपनिवेशीय शक्तियाँ, विशेष रूप से ब्रिटिश, साम्राज्य के पतन का लाभ उठाकर अपने प्रभाव और क्षेत्रों का विस्तार किया।"
Answer the given question in Hindi:,मुघल साम्राज्य के पतन के क्या परिणाम हुए भारतीय उपमहाद्वीप के लिए?,"पतन से राजनीतिक विखंडन, आर्थिक उथल-पुथल, और ब्रिटिश उपनिवेशवादी शासन का उदय हुआ।"
Write your answer to the question in Hindi:,मुघल साम्राज्य के पतन से भारतीय शिल्पकला और शिल्पकारों की स्थिति पर कैसा प्रभाव पड़ा?,"पतन से शिल्पकारों के लिए परिपात्रता में कमी आई, जिससे पारंपरिक कला और शिल्पकला प्रभावित हुई।"
Provide a response to the given query in Hindi:,मुघल साम्राज्य के पतन को रोकने के लिए मुघल सम्राटों ने कौन-कौन से उपाय किए थे?,"मुघल सम्राटों ने साम्राज्य को स्थिर करने के लिए विभिन्न सुधार और संधि की कोशिश की, लेकिन सीमित सफलता के साथ।"
Answer the question in Hindi language:,मुघल साम्राज्य के पतन से समाज में महिलाओं की स्थिति पर कैसा प्रभाव पड़ा?,"पतन से महिलाओं के अधिकारों और अवसरों पर अधिक प्रतिबंध आए, विशेष रूप से आरिस्टोक्रेसी के बीच।"
Reply to the asked question in Hindi:,मुघल साम्राज्य के पतन में भ्रष्टाचार की क्या भूमिका थी?,प्रशासन में व्यापक भ्रष्टाचार ने साम्राज्य के संस्थानों को कमजोर किया और जनता के विश्वास को कमजोर किया।
दिए गए प्रश्न का उत्तर हिंदी में दें:,मुघल साम्राज्य के पतन से ब्रिटिश प्रभाव का उदय कैसे हुआ?,मुघल साम्राज्य की कमजोरी ने भारत में ब्रिटिश विस्तार और अंततः उपनिवेशवादी शासन के लिए अवसर बनाया।
दिए गए सवाल का जवाब हिंदी में लिखें:,मुघल साम्राज्य के पतन से न्याय प्रशासन को कैसे प्रभावित हुआ?," पतन से न्याय प्रशासन में टूट आया, जिसमें भ्रष्टाचार और अक्षमता के कारण कानूनी प्रणालियों को कमजोर किया गया।"
दिए गए प्रश्न का समाधान हिंदी में प्रस्तुत करें:, मुघल साम्राज्य के पतन के दीर्घकालिक प्रभाव भारतीय समाज पर क्या थे?,"पतन ने महत्वपूर्ण सामाजिक और सांस्कृतिक परिवर्तन लाए, जिसमें सत्ता संरचनाओं में परिवर्तन और नए अधिकारी उत्पन्न होना शामिल था।"
पूछे गए प्रश्न का उत्तर हिंदी में प्रदान करें:, मुघल साम्राज्य के पतन से भारत में धार्मिक अल्पसंख्यकों पर कैसा प्रभाव पड़ा?,"पतन से धार्मिक अल्पसंख्याओं के खिलाफ अत्याचार और भेदभाव में वृद्धि हुई, विशेष रूप से क्षेत्रीय शक्तियों के अधीन।"
बताए गए सवाल का उत्तर हिंदी में दें।,मुघल साम्राज्य के पतन में विदेशी नौकरशाहों की क्या भूमिका थी?,मुघल शासकों द्वारा विदेशी नौकरशाहों की भर्ती से संसाधनों की कमी हुई और साम्राज्य की वित्तीय संकटों में योगदान हुआ।
Diye gaye prashn ka uttar Hindi mein dein:,मुघल साम्राज्य के पतन से कृषि उत्पादकता पर कैसा प्रभाव पड़ा?,"पतन से कृषि में विघटन हुआ, जिसमें भूमि का जब्ती होना और अधिक करों का लगना शामिल था, जो उत्पादकता को प्रभावित किया।"
Diye gaye sawaal ka jawab Hindi mein likhein:,मुघल साम्राज्य के पतन से शिक्षा प्रणाली पर कैसा प्रभाव पड़ा?,"पतन से शिक्षा संस्थानों का विघटन हुआ, जिससे अधिक संसाधनों को शिक्षा और विद्यालय को संदाया गया।"
Diye gaye prashn ka samadhan Hindi mein prastut karein:,मुघल साम्राज्य के पतन का क्षेत्रीय व्यापार नेटवर्क पर क्या प्रभाव हुआ?," पतन से क्षेत्रीय व्यापार नेटवर्कों में विघटन हुआ, जिससे कुछ क्षेत्रों में आर्थिक अवसाद और क्षीणता हुई।"
Pooche gaye prashn ka uttar Hindi mein pradaan karein:,मुघल साम्राज्य के पतन से कौन-कौन से क्षेत्रीय भाषाओं और साहित्य के उदय में कैसा योगदान हुआ?,"पतन से क्षेत्रीय भाषाओं और साहित्य के प्रति अधिक प्रायोजन हुआ, जब मुघल प्रायोजन कम हो गए।"
Bataye gaye sawaal ka jawab Hindi mein dein:,मुघल साम्राज्य के पतन से खेतियों और किसानों की स्थिति पर कैसा प्रभाव पड़ा?,"पतन से क्षेत्रीय शक्तियों द्वारा किसानों और किसानों के उत्पादकता पर अधिक शोषण हुआ, जो उनकी जीवन-स्तिथि को और बुरा बनाया।"
Answer the given question in Hindi:,कुछ कारक क्या थे जो मुघल साम्राज्य के प्रशासनिक प्रणाली के विघटन में योगदान किए?,"भ्रष्टाचार, अक्षमता, और केंद्रीकृत प्राधिकरण की कमी ने साम्राज्य की प्रशासनिक प्रणाली के विघटन में योगदान किया।"
Write your answer to the question in Hindi:,मुघल साम्राज्य के पतन से संरचना विकास पर कैसा प्रभाव पड़ा?,"पतन से संरचना विकास में स्थिरता आई, जिसमें सार्वजनिक कार्य परियोजनाओं के लिए कम संसाधन आवंटित किए गए।"
Provide a response to the given query in Hindi:,मुघल साम्राज्य के अपशिष्ट के दौरान कुछ सांस्कृतिक उपलब्धियाँ क्या थीं?," अपने पतन के बावजूद, मुघल साम्राज्य ने विशेषतः वास्तुकला और साहित्य में महत्वपूर्ण सांस्कृतिक उपलब्धियाँ उत्पन्न की।"
Answer the question in Hindi language:,मुघल साम्राज्य के पतन से कला के प्रायोजन में कैसा प्रभाव हुआ?,पतन से कला के प्रायोजन पर केन्द्रीय दरबारों से क्षेत्रीय अभिजात और महाराजों की ओर स्थानांतरित हो गया।
Reply to the asked question in Hindi:,मुघल साम्राज्य के पतन से किसी राजवंशियों के उदय में कैसा योगदान हुआ?,"पतन से राजवंशियों के उदय की उत्पत्ति हुई, जब क्षेत्रीय शक्तियाँ कमजोर होने वाले साम्राज्य के खाली स्थान पर नियंत्रण के लिए प्रतिस्थापित हुई।"
दिए गए प्रश्न का उत्तर हिंदी में दें:, मुघल साम्राज्य के पतन के दौरान कुछ दिप्लोमैटिक चुनौतियाँ क्या थीं?,"मुघल साम्राज्य को पड़े दिप्लोमैटिक चुनौतियों का सामना हुआ, जिसमें पड़ोसी शक्तियों और यूरोपीय उपनिवेशवादी हितों के साथ संघर्ष था।"
दिए गए सवाल का जवाब हिंदी में लिखें:,मुघल साम्राज्य के पतन से भारतीय वास्तुकला के मनचाहे परिदृश्य पर कैसा प्रभाव पड़ा?,"पतन से भारतीय वास्तुकला के परिदृश्यों में विविधता आई, जब क्षेत्रीय शक्तियाँ अपनी विशिष्ट रूपरेखा विकसित करने लगी।"
दिए गए प्रश्न का समाधान हिंदी में प्रस्तुत करें:,मुघल साम्राज्य के पतन के क्या परिणाम भारतीय अर्थव्यवस्था पर थे?,"पतन से भारतीय अर्थव्यवस्था में स्थिरता और क्षीणता आई, जब क्षेत्रीय शक्तियाँ संसाधनों और व्यापार मार्गों के लिए प्रतिस्पर्धा करने लगीं।"
पूछे गए प्रश्न का उत्तर हिंदी में प्रदान करें:,मुघल साम्राज्य के पतन से गांवों में महिलाओं की स्थिति पर कैसा प्रभाव पड़ा?,पतन से गांवों में महिलाओं की वृद्धि हुई क्योंकि अस्थिरता और संघर्ष सामाजिक निर्णयों और संरचनाओं को व्यावस्थित करने में बाधक बना।
बताए गए सवाल का उत्तर हिंदी में दें।,मुघल साम्राज्य के पतन के कुछ परिणाम भारतीय मुस्लिम समुदाय के लिए क्या थे?,पतन से भारतीय मुस्लिम समुदाय के लिए राजनीतिक शक्ति और प्रभाव का हानि हुआ जब क्षेत्रीय शक्तियाँ महत्वपूर्ण हो गईं।
Diye gaye prashn ka uttar Hindi mein dein:,मुघल साम्राज्य के पतन से भारतीय सेना की क्षमता पर कैसा प्रभाव पड़ा?,पतन से भारतीय सेना की क्षमता कमजोर हुई जबकि विखंडित शक्तियाँ विदेशी हमलों का सामना करने के लिए संसाधनों और समन्वय की कमी के कारण अप्रचलित थीं।
Diye gaye sawaal ka jawab Hindi mein likhein:,मुघल साम्राज्य के पतन के दौरान कुछ महत्वपूर्ण विद्रोह या बगावतें क्या थीं?, मुघल शासन के खिलाफ समाज के विभिन्न वर्गों के बीच असंतोष बढ़ने के साथ विभिन्न विद्रोह और बगावतें हुईं।
Diye gaye prashn ka samadhan Hindi mein prastut karein:,मुघल साम्राज्य के पतन से भूमि कर निर्धारण प्रणाली पर कैसा प्रभाव पड़ा?,"पतन से भूमि कर निर्धारण प्रणाली में परिवर्तन हुआ, जब क्षेत्रीय शक्तियाँ अपने लाभ के लिए राजस्व को अधिकतम करने की कोशिश करने लगीं।"
Pooche gaye prashn ka uttar Hindi mein pradaan karein:,मुघल साम्राज्य के पतन से पर्यावरण पर कैसा प्रभाव पड़ा?,पतन से पर्यावरणीय दूषण हुआ जब संघर्ष और आर्थिक अस्थिरता ने पारंपरिक संसाधन प्रबंधन के अवज्ञा किए।
Bataye gaye sawaal ka jawab Hindi mein dein:,मुघल साम्राज्य के पतन के दौरान कुछ सांस्कृतिक आदान-प्रदान क्या हुए?,"अपने पतन के बावजूद, मुघल साम्राज्य ने विभिन्न क्षेत्रों और समुदायों के बीच सांस्कृतिक आदान-प्रदान को बढ़ावा दिया।"
Answer the given question in Hindi:,मुघल साम्राज्य के पतन से विद्वानों और शोधकर्ताओं की स्थिति पर कैसा प्रभाव पड़ा?," पतन से विद्वानों और शोधकर्ताओं के लिए अनुदान की हानि हुई, जब कई क्षेत्रीय शक्तियाँ शासकीय या नौकरी के लिए भाग्यवान अंतर्निहित करने लगीं।"
Write your answer to the question in Hindi:,मुघल साम्राज्य के पतन से कर व्यवस्था पर कैसा प्रभाव पड़ा?," पतन से कर व्यवस्था में परिवर्तन हुआ, जब क्षेत्रीय शक्तियाँ अपने क्रियाओं को वित्तीय तबके के लिए अपना स्वयं का कर प्रणाली लागू करने लगीं।"
Provide a response to the given query in Hindi:,मुघल साम्राज्य के पतन के दौरान कुछ प्रशासनिक सुधार किए गए?,"मुघल शासकों ने भ्रष्टाचार और अक्षमता को समाधान करने के लिए प्रशासनिक सुधार की कोशिश की, लेकिन इन प्रयासों को अक्सर आंतरिक असमंजस की वजह से अटकाया गया।"
Answer the question in Hindi language:,मुघल साम्राज्य के पतन से धार्मिक संस्थानों पर कैसा प्रभाव पड़ा?,"पतन से धार्मिक संस्थानों के प्रायोजन में परिवर्तन हुआ, जब क्षेत्रीय शक्तियाँ अपने धार्मिक अभियान को बढ़ावा देने का प्रयास करने लगीं।"
Reply to the asked question in Hindi:,मुघल साम्राज्य के पतन के कुछ परिणाम यूरोप के साथ व्यापार संबंधों के लिए क्या थे?,"पतन से यूरोप के साथ व्यापार संबंधों में परिवर्तन हुआ, जब यूरोपीय शक्तियाँ मुघल मध्यस्थ को अधिकतम करना बढ़ा लेती थीं।"
दिए गए प्रश्न का उत्तर हिंदी में दें:,मुघल साम्राज्य के पतन से ब्रिटिश उपनिवेशवाद में कैसे योगदान किया गया?,"पतन से राजनीतिक और आर्थिक अस्थिरता हुई, जो ब्रिटिश उपनिवेशवाद के भारत में विस्तार का मार्ग खोला।"
दिए गए सवाल का जवाब हिंदी में लिखें:,मुघल साम्राज्य के आंतरिक विवाद ने उसके पतन में कैसा योगदान दिया?,सफलता के युद्ध और दरबारी षड्यंत्र सहित आंतरिक विवाद ने साम्राज्य की स्थिरता को कमजोर किया और शासन और सुरक्षा के लिए संसाधनों को भटकाया।
दिए गए प्रश्न का समाधान हिंदी में प्रस्तुत करें:,अर्थव्यवस्था की अस्थिरता ने मुघल प्राधिकरण के विच्छेद में किस प्रकार का योगदान दिया?,अधिक टैक्स और मुद्रास्फीति की चिह्नित अर्थव्यवस्था ने प्राधिकरण की वित्तीय संसाधनों को दुर्बल बना दिया और क्षेत्रों पर नियंत्रण बनाए रखने की क्षमता को कमजोर किया।
पूछे गए प्रश्न का उत्तर हिंदी में प्रदान करें:,क्षेत्रीय शक्तियों के उदय ने मुघल साम्राज्य के पतन को कैसे बढ़ाया?,"स्थानीय शक्तियां अपनी स्वायत्तता को मजबूत करने लगीं, जिससे साम्राज्य का विच्छेद हुआ और बड़े क्षेत्रों पर केन्द्रीय नियंत्रण का नुकसान हुआ।"
बताए गए सवाल का उत्तर हिंदी में दें।,बाहरी आक्रमणों ने मुघल साम्राज्य की कमजोरी में कैसा योगदान दिया?,"अफगान और पारसी शक्तियों द्वारा बाहरी आक्रमण साम्राज्य की सेना और संसाधनों को तनाव में डाल दिया, जिससे उसकी सीमाओं की रक्षा और स्थिरता को और भी कमजोर कर दिया।"
Diye gaye prashn ka uttar Hindi mein dein:,व्यापार मार्गों के पतन का मुघल साम्राज्य की अर्थव्यवस्था और क्षेत्रीय संपूर्णता पर क्या प्रभाव था?,"व्यापार मार्गों के पतन से अर्थव्यवस्था को प्रभावित हुआ, जो क्षेत्रीय शक्तियों के बीच संसाधन और व्यापार मार्गों पर नियंत्रण कमजोर करता है, जिससे उसका पतन तेजी से होता था।"
Diye gaye sawaal ka jawab Hindi mein likhein:,प्लासी का युद्ध मुघल साम्राज्य के पतन में महत्वपूर्ण बदलाव की कैसे प्रारंभिक संकेत दिया?,"प्लासी का युद्ध भारत में ब्रिटिश शासन की शुरुआत की ओर एक महत्वपूर्ण पहलू की ओर संकेत किया, जिससे मुघल सत्ता का अंत हुआ और ब्रिटिश औद्योगिक शासन का काल आरम्भ हुआ।"
Diye gaye prashn ka samadhan Hindi mein prastut karein:,मुघल साम्राज्य के पतन के चुनौतियों का सामना करने के लिए मुघल सम्राटों ने क्या कदम उठाए?,"मुघल सम्राटों ने स्थिति को स्थिर करने के लिए विभिन्न सुधार और संधियों का प्रयास किया, लेकिन ये प्रयास अक्सर आंतरिक संघर्षों और बाहरी दबावों के कारण कमजोर पड़ गए।"
Pooche gaye prashn ka uttar Hindi mein pradaan karein:,मुघल साम्राज्य के पतन ने उसके क्षेत्रीय और सांस्कृतिक गतिविधियों पर कैसा प्रभाव डाला?," इस पतन के परिणामस्वरूप, विभिन्न क्षेत्रों में धार्मिक टकराव और सांस्कृतिक परिवर्तन हुए, क्योंकि क्षेत्रीय शक्तियां नियंत्रण के लिए प्रतिस्पर्धा करती थीं, जिससे अनुमति और नई सांस्कृतिक मानकों का उदय हुआ।"
Bataye gaye sawaal ka jawab Hindi mein dein:,नगरों के पतन का मुघल साम्राज्य के शासन और आर्थिक समृद्धि पर क्या प्रभाव था?,"नगरों के पतन से प्रशासनिक नियंत्रण का हानि हुआ और आर्थिक स्थिरता का अवसाद हुआ, क्योंकि क्षेत्रीय शक्तियां मुख्य शहरी क्षेत्रों पर नियंत्रण जमाती थीं।"
Answer the given question in Hindi:,अलग-अलग क्षेत्रों में महिलाओं के अधिकारों और स्थिति पर मुघल साम्राज्य के पतन का क्या प्रभाव हुआ?,"मुघल साम्राज्य के पतन से महिलाओं के अधिकारों पर भिन्न-भिन्न प्रभाव हुआ, कुछ क्षेत्रों में बढ़ती पाबंदियों का अनुभव हुआ और कुछ क्षेत्रों में सामाजिक नियमों और अवसरों में परिवर्तन आया।"
Write your answer to the question in Hindi:,कैसे भ्रष्टाचार और अक्षमता मुघल प्रशासनिक व्यवस्थाओं के अस्थिरता में योगदान किया?," भ्रष्टाचार और अक्षमता ने मुघल शासन की प्रभावशीलता को खोखला किया, जनता के विश्वास को क्षीण किया और साम्राज्य के भीतरी विभाजन को और भी बढ़ावा दिया।"
Provide a response to the given query in Hindi:,मुघल साम्राज्य के पतन से उसके उत्तराधिकारी राज्यों की सैन्य क्षमताओं और रक्षा रणनीतियों पर कैसा प्रभाव पड़ा?,"पतन से उत्तराधिकारी राज्यों की सैन्य क्षमताओं को कमजोर किया, जिससे वे बाहरी खतरों और आंतरिक संघर्षों के लिए अत्यधिक भयभीत हो गए, क्योंकि वे अपने क्षेत्रों पर नियंत्रण बनाए रखने की कोशिश करते रहे।"
Answer the question in Hindi language:,मुघल साम्राज्य और उसके उत्तराधिकारी राज्यों ने पतन के काल में किसी भी विदेशी संबंधों में क्या कठिनाईयाँ उठाईं?,"विदेशी संबंधों में कठिनाईयाँ में पड़े संघर्ष, पड़ोसी शक्तियों के साथ विवाद, यूरोपीय उपनिवेशवादी हितों के साथ संघर्ष, और क्षेत्रीय प्रमुखता के लिए संघर्ष शामिल थे, जो प्रशासन को स्थिरता और क्षेत्रीय संपूर्णता को बनाए रखने के प्रयास को और अधिक जटिल बना दिया।"
Reply to the asked question in Hindi:,मुघल साम्राज्य के पतन से नए शक्ति संरचनाओं और सामाजिक श्रेणियों का उदय कैसे हुआ?,"पतन ने नए अभिजातों का उदय किया, जिसमें क्षेत्रीय शासकों और व्यापारी वर्ग शामिल थे, जो केंद्रीय मुघल अधिकार के अभाव में शक्ति और प्रभाव को समेटने का प्रयास करते थे।"
दिए गए प्रश्न का उत्तर हिंदी में दें:,मुघल साम्राज्य के पतन का कृषि उत्पादकता और ग्रामीण जीवनों पर क्या प्रभाव था?,"पतन ने कृषि में बाधाएं डालीं, जिसमें भूमि जब्ती और बढ़ी हुई कर लेना शामिल था, जो ग्रामीण क्षेत्रों में गरीबी और अस्थिरता को बढ़ावा दिया।"
दिए गए सवाल का जवाब हिंदी में लिखें:,मुघल साम्राज्य के पतन से धार्मिक अल्पसंख्या और अपरिष्कृत समुदायों पर कैसा प्रभाव हुआ?,"पतन ने धार्मिक अल्पसंख्याओं और अपरिष्कृत समुदायों पर अधिक प्रताड़ना और भेदभाव को बढ़ावा दिया, क्योंकि क्षेत्रीय शक्तियां नियंत्रण स्थापित करने और धार्मिक अनुशासन को बलवान बनाने के प्रयास करती रहीं।"
दिए गए प्रश्न का समाधान हिंदी में प्रस्तुत करें:,मुघल साम्राज्य के पतन से शैक्षिक संस्थानों और ज्ञान के प्रसार को कैसा प्रभाव पड़ा?,"पतन से शैक्षिक संस्थानों के प्रतिष्ठान का क्षीण होना हुआ, जिससे ज्ञान और बौद्धिक विकास के अवसरों की सीमा लग गई, विशेषकर अपरिष्कृत समुदायों में।"
पूछे गए प्रश्न का उत्तर हिंदी में प्रदान करें:,मुघल साम्राज्य के पतन के पर्यावरणीय परिणाम क्या थे और उसके बाद अधिकार के विभाजन के क्या परिणाम हुए?,"पतन से पर्यावरणीय गिरावट हुई, क्योंकि विवाद और आर्थिक अस्थिरता ने पारंपरिक संसाधन प्रबंधन प्रथाओं को बिगाड़ दिया, जिससे वनों की कटाई, मृदा अपघात और जैव विविधता का हानि हुआ।"
बताए गए सवाल का उत्तर हिंदी में दें।,मुघल साम्राज्य के पतन से भारतीय उपमहाद्वीप के भीतर और बाहरी व्यापार संबंधों और आर्थिक नेटवर्कों पर क्या प्रभाव हुआ?,"पतन ने व्यापारिक नेटवर्कों और आर्थिक एकीकरण को बिगाड़ दिया, जिससे आर्थिक स्थिरता और अवसाद हुआ, क्योंकि क्षेत्रीय शक्तियां संसाधनों और व्यापार रास्तों के लिए प्रतिस्पर्धा करती रहीं।"
Diye gaye prashn ka uttar Hindi mein dein:,मुघल साम्राज्य के पतन के दौरान कुछ सांस्कृतिक और कला संबंधी विकास क्या था?," अपने पतन के बावजूद, मुघल साम्राज्य ने सांस्कृतिक और कला संबंधी विकास में महत्वपूर्ण योगदान किया, खासकर वास्तुकला और साहित्य में।"
Diye gaye sawaal ka jawab Hindi mein likhein:,मुघल साम्राज्य के पतन ने राष्ट्रवाद और क्षेत्रीय पहचान आंदोलनों के उत्थान में कैसे सहायक हुआ?,पतन ने उत्तराधिकारी राज्यों के द्वारा स्वतंत्रता की पुष्टि करने और बाह्य शासन का सामना करने के प्रयास में उनकी निजता और क्षेत्रीय पहचान की भावना को बढ़ावा दिया।
Diye gaye prashn ka samadhan Hindi mein prastut karein:,मुघल साम्राज्य के पतन ने कानूनी प्रणाली और न्याय प्रबंधन पर कैसा प्रभाव डाला?,"पतन ने न्याय प्रणाली के विघटन का मार्ग प्रदर्शित किया, जिसमें भ्रष्टाचार और अक्षमता के कारण कानूनी प्रणालियों को क्षीण किया और प्रशासनिक संस्थाओं में जनता के भरोसे को खो दिया।"
Pooche gaye prashn ka uttar Hindi mein pradaan karein:,मुघल साम्राज्य के पतन ने प्रादेशिक शक्तियों को नियंत्रण और विधान योग्यता को सम्मिलित करने के लिए किस प्रकार के रणनीतिक का उपयोग किया?,"प्रादेशिक शक्तियां विविध रणनीतियों का प्रयोग करती रहीं, जिसमें संधि, सैन्य विजय, और धार्मिक परिपोषण शामिल थे, ताकि वे अपने क्षेत्रों और अधीनस्थ विषयों पर नियंत्रण और विधान को स्थिर कर सकें।"
Bataye gaye sawaal ka jawab Hindi mein dein:,"मुघल साम्राज्य के पतन ने साहित्य, भाषा, और बौद्धिक बहस के विकास पर कैसा प्रभाव डाला?","पतन ने साहित्य और बौद्धिक बहस में परिवर्तन का मार्ग प्रदर्शित किया, जिसमें क्षेत्रीय भाषाओं और साहित्य परंपराओं को महत्वपूर्णता प्राप्त हुई जबकि मुघल पात्रता कम होने के साथ सांस्कृतिक गतिविधियों में बदलाव हुआ।"
Answer the given question in Hindi:,"मुघल साम्राज्य के पतन के दीर्घकालिक विरासत क्या थी भारतीय उपमहाद्वीप के राजनीतिक, सामाजिक, और आर्थिक मंचों पर?","मुघल साम्राज्य के पतन का दीर्घकालिक परिणाम था, जो भारतीय उपमहाद्वीप के राजनीतिक, सामाजिक, और आर्थिक अभिवादनों की प्रारंभिक नींवें रखा, जिसमें अंततः ब्रिटिश उपनिवेशवादी शासन का उदय शामिल था।"
Write your answer to the question in Hindi:,भारतीय मुघल साम्राज्य के पतन के दौरान क्षेत्रीय शक्तियों के उत्थान में कौन-कौन से मुख्य कारक थे?,"मुघल साम्राज्य के पतन ने एक शक्ति शून्य बनाया, जिससे क्षेत्रीय शक्तियां सैन्य शक्ति, आर्थिक संसाधन, और रणनीतिक संगठन के माध्यम से अपने आप को प्रस्तुत कर सके।"
Provide a response to the given query in Hindi:,"मराठे कौन थे, और मुघल साम्राज्य के पतन के दौरान उन्होंने क्षेत्रीय शक्तियों के उत्थान में किस भूमिका निभाई?","मराठे एक प्रभावशाली हिन्दू योद्धा समूह थे, जो वर्तमान महाराष्ट्र में स्थित थे। उन्होंने अपने क्षेत्र को विस्तारित किया और मुघल अधिकार को चुनौती दी, भारत में प्रमुख क्षेत्रीय शक्तियों में से एक बन गए।"
Answer the question in Hindi language:,मुघल साम्राज्य के पतन के दौरान मराठों ने अपनी प्रभावशक्ति और क्षेत्र किस प्रकार विस्तारित की?,मराठे ने ग्लेरिला युद्ध तकनीक का प्रयोग किया और अन्य क्षेत्रीय शक्तियों के साथ संधि बनाई ताकि वे अपने क्षेत्र को विस्तारित करें और मुघल शासन को पश्चिमी और मध्य भारत में चुनौती दें।
Reply to the asked question in Hindi:,मराठों ने राजनीतिक और सांस्कृतिक दृष्टिकोण से भारत के विकास में क्या योगदान दिया?,"मराठे ने 'मराठा संघ' के रूप में विघटनशील प्रशासनिक व्यवस्था स्थापित की और हिन्दू सांस्कृतिक पुनर्जागरू बनाया, जिससे उन्होंने भारत के राजनीतिक और सांस्कृतिक बुनियादी संरचना को बनाया।"
दिए गए प्रश्न का उत्तर हिंदी में दें:,"सिख कौन थे, और मुघल साम्राज्य के पतन के दौरान उन्होंने कैसे एक महत्वपूर्ण क्षेत्रीय शक्ति के रूप में उभरा?",सिख गुरु नानक द्वारा स्थापित एक मोनोथेइस्टिक धर्म के अनुयायी थे। उन्होंने 'खालसा' के रूप में एक सैन्य समुदाय को संगठित किया और पंजाब में अपने स्वायत्त राज्य की स्थापना की।
दिए गए सवाल का जवाब हिंदी में लिखें:,ऐसे सिख नेता जैसे गुरु गोबिंद सिंह और बंदा सिंह बहादुर ने सिख शक्ति के उदय में किस भूमिका निभाई?,"सिख नेताओं जैसे गुरु गोबिंद सिंह और बंदा सिंह बहादुर ने अपने अनुयायियों को उत्तेजित किया, सिख समाज को सैन्यकृत किया, और मुघल प्राधिकार पर अभियान चलाया, जिससे पंजाब में सिख स्वायत्तता की आधारशिला रखी गई।"
दिए गए प्रश्न का समाधान हिंदी में प्रस्तुत करें:,सिख शक्ति के उदय का आगमन पूर्वी भारत के राजनीतिक गतिविधियों पर कैसा प्रभाव डाला?,"सिख शक्ति का उदय मुघल प्राधिकार को पंजाब में चुनौती देने के साथ साथ पूर्वी भारत के राजनीतिक परिदृश्य को आकार दिया, जिसमें सिख संघर्ष का महत्वपूर्ण भूमिका था।"
पूछे गए प्रश्न का उत्तर हिंदी में प्रदान करें:,"राजपूत कौन थे, और उन्होंने भारत में क्षेत्रीय शक्तियों के उत्थान में कैसे योगदान दिया?",राजपूत एक समूह थे जो विभिन्न राजस्थानी और आसपासी क्षेत्रों में विभिन्न प्रिंसली राज्यों पर शासन करते थे। उन्होंने मुघल विस्तार का विरोध किया और क्षेत्रीय स्वायत्तता को अधिकारित किया।
बताए गए सवाल का उत्तर हिंदी में दें।,मुघल प्राधिकार के विरुद्ध खड़े होने और स्वायत्तता को स्थायी बनाए रखने के लिए राजपूत शासकों ने कौन-कौन सी रणनीतियों का प्रयोग किया?,"राजपूत शासकों ने अपनी आत्मरक्षा और स्वायत्तता सुनिश्चित करने के लिए अपने प्रायोगिकता को मजबूत किया, राजनीतिक परिषदों में शामिल होने का प्रयास किया, और अपनी अगुआई के अभियान के लिए ग्लेरिला युद्ध तकनीकों का प्रयोग किया।"
Diye gaye prashn ka uttar Hindi mein dein:,भारत में क्षेत्रीय शक्तियों के उदय का प्रशासनिक संरचना और शासन प्रणालियों पर क्या प्रभाव पड़ा?," क्षेत्रीय शक्तियों के उदय से राजनीतिक प्राधिकार का अविभाजन हुआ, हर क्षेत्रीय शक्ति ने स्थानीय रीति-रिवाजों और परंपराओं पर आधारित अपनी अलग शासन प्रणाली और प्रशासनिक संरचना स्थापित की।"
Diye gaye sawaal ka jawab Hindi mein likhein:,भारत में मुघल साम्राज्य के पतन के दौरान क्षेत्रीय शक्तियों के उदय का आर्थिक प्रभाव क्या था?,"क्षेत्रीय शक्तियों के उदय से व्यापार मार्गों और आर्थिक संसाधनों का विघटन हुआ, क्योंकि प्रत्येक क्षेत्रीय शक्ति अपने क्षेत्र में व्यापार और वाणिज्य को नियंत्रित करने का प्रयास करती थी।"
Diye gaye prashn ka samadhan Hindi mein prastut karein:,क्षेत्रीय शक्तियों के उदय का भारतीय सांस्कृतिक और धार्मिक विविधता पर क्या प्रभाव हुआ?," क्षेत्रीय शक्तियों के उदय ने विभिन्न सांस्कृतिक और धार्मिक परंपराओं को बढ़ावा दिया, क्योंकि प्रत्येक क्षेत्रीय शक्ति ने अपनी अनूठी सांस्कृतिक पहचान और विरासत को बचाने और बढ़ावा देने का प्रयास किया।"
Pooche gaye prashn ka uttar Hindi mein pradaan karein:," मुघल साम्राज्य के पतन के दौरान क्षेत्रीय शक्तियों के बीच कौन-कौन से विवाद प्रारंभ हुए, और इनके मूल कारण क्या थे?","क्षेत्रीय शक्तियों के बीच विवाद अक्सर सीमांती विवादों, आर्थिक प्रतिस्पर्धा, और आध्यात्मिक विभिन्नताओं से उत्पन्न हुए, जो अक्सर सेना सामने आने और राजनीतिक तनावों में रोमांच देते थे।"
Bataye gaye sawaal ka jawab Hindi mein dein:,क्षेत्रीय शक्तियों के उदय ने मुघल साम्राज्य और अन्य बाहरी कारकों की विदेशी नीति पर कैसा प्रभाव डाला?,क्षेत्रीय शक्तियों के उदय ने मुघल साम्राज्य को उसकी विदेशी नीति को पुनर्विचार करने और प्रायोगिकता के साथ व्यापारिक रूप से संबंध बनाने के लिए मजबूर किया।
Answer the given question in Hindi:,"मराठा, सिख और राजपूतों के उदय ने भारत के आधुनिक राजनीतिक परिदृश्य को आकार दिया?","मराठा, सिख और राजपूत ने भारतीय राजनीतिक परिदृश्य को आकार दिया, उनके संबंधीय योगदान ने आधुनिक राज्यों के गठन और क्षेत्रीय पहचानों को प्रभावित किया।"
Write your answer to the question in Hindi:,क्षेत्रीय शक्तियों के उदय ने मुघल साम्राज्य की गिरावट को कैसे प्रोत्साहित किया?, क्षेत्रीय शक्तियों के उदय ने मुघल प्राधिकार को चुनौती देकर और उसकी शक्ति को कमजोर करके साम्राज्य की गिरावट को गति दी।
Provide a response to the given query in Hindi:,भारत में क्षेत्रीय शक्तियों के उदय से सामाजिक आसपास क्या प्रभाव हुआ?,"क्षेत्रीय शक्तियों के उदय से सामाजिक वर्गीकरण और शक्ति संरचनाओं में परिवर्तन हुआ, क्योंकि स्थानीय श्रेणी और योद्धा वर्ग अपने क्षेत्रों में प्रसिद्धता और प्रभाव प्राप्त करते थे।"
Answer the question in Hindi language:,क्षेत्रीय शक्तियों के उदय ने भारतीय व्यापारिक नेटवर्क्स और आर्थिक विकास पर कैसा प्रभाव डाला?,"क्षेत्रीय शक्तियों के उदय ने मौजूदा व्यापारिक नेटवर्क्स और आर्थिक संरचनाओं को बिगड़ दिया, क्योंकि प्रत्येक क्षेत्रीय शक्ति अपने क्षेत्र में व्यापार और आर्थिक विकास में परिणति के लिए प्रयास करती थी।"
Reply to the asked question in Hindi:,भारत में क्षेत्रीय शक्तियों के उदय ने राजनीतिक और सांस्कृतिक पहचानों के विविधता में कैसे योगदान दिया?,"क्षेत्रीय शक्तियों के उदय ने क्षेत्रीय संबंधों, भाषाओं, और परंपराओं पर आधारित विभिन्न राजनीतिक और सांस्कृतिक पहचानों के विकास को प्रोत्साहित किया, जो भारत के सांस्कृतिक परिदृश्य की समृद्धता को बढ़ावा दिया।"
दिए गए प्रश्न का उत्तर हिंदी में दें:,मुघल साम्राज्य के पतन के दौरान क्षेत्रीय शक्तियों ने अपनी प्रभुता स्थापित करने के लिए कुछ मुख्य सैन्य रणनीतियों का प्रयोग किया था?,"क्षेत्रीय शक्तियों ने अपनी प्रभुता स्थापित करने और अपने क्षेत्रों का विस्तार करने के लिए विभिन्न सैन्य रणनीतियों का प्रयोग किया, जैसे कि गरिला युद्ध, घेराबंदी युद्ध रणनीति, और सवार से आक्रमण।"
दिए गए सवाल का जवाब हिंदी में लिखें:,क्षेत्रीय शक्तियों के उदय का मध्यस्थता और संविदा समूहों के अधिकारों और स्थिति पर क्या प्रभाव हुआ?,"क्षेत्रीय शक्तियों के उदय का प्रभाव धार्मिक अल्पसंख्यकों और संविदा समूहों की स्थिति और अधिकारों पर विभिन्न था, कुछ क्षेत्रीय शक्तियों ने धार्मिक सहिष्णुता और समावेशिता को बढ़ावा दिया, जबकि अन्यों ने सख्त धार्मिक उचितता को लागू किया।"
दिए गए प्रश्न का समाधान हिंदी में प्रस्तुत करें:,"मुघल साम्राज्य के अंत के बाद क्षेत्रीय शक्तियों की गिरावट के आर्थिक, सामाजिक, और राजनीतिक परिणाम क्या थे?"," क्षेत्रीय शक्तियों की गिरावट ने राजनीतिक अस्थिरता, आर्थिक ठप्पा, और सामाजिक अशांति का कारण बनाया, क्योंकि प्रतिस्पर्धी दल टुकड़े-टुकड़े क्षेत्रों पर नियंत्रण और प्रभाव के लिए प्रतिस्पर्धा की।"
पूछे गए प्रश्न का उत्तर हिंदी में प्रदान करें:,भारत में आधुनिक राष्ट्र-राज्यों के गठन में क्षेत्रीय शक्तियों के उदय का क्या योगदान था?," क्षेत्रीय शक्तियों के उदय ने आधुनिक राष्ट्र-राज्यों के गठन की नींव रखी, क्योंकि इस अवधि के दौरान स्थानीय पहचानें और राजनीतिक सीमाओं ने भारत के भौगोलिक परिदृश्य को आकार दिया और उसे आधुनिक राजनीतिक और सामाजिक संरचनाओं का निर्माण किया।"
बताए गए सवाल का उत्तर हिंदी में दें।,"ब्रिटिश ईस्ट इंडिया कंपनी क्या थी, और भारत में इसके प्रारंभिक उद्देश्य क्या थे?",ब्रिटिश ईस्ट इंडिया कंपनी ब्रिटिश राज्य द्वारा 1600 में चार्टर किए गए एक व्यापारिक कंपनी थी। इसके प्रारंभिक उद्देश्य भारत में व्यापारिक पोस्ट की स्थापना करना और विशेष रूप से वस्त्र और मसालों में व्यापार करना था।
Diye gaye prashn ka uttar Hindi mein dein:,ब्रिटिश ईस्ट इंडिया कंपनी ने भारत में व्यापार से बाहर अपने प्रभाव को कैसे बढ़ाया?,"ब्रिटिश ईस्ट इंडिया कंपनी ने राजनीतिक संधियों, सैन्य विजयों, और आर्थिक प्रबंधन के संरक्षण से अपना प्रभाव बढ़ाया, भारत में क्षेत्रों और संसाधनों पर नियंत्रण दावत लगाते हुए।"
Diye gaye sawaal ka jawab Hindi mein likhein:,ब्रिटिश ईस्ट इंडिया कंपनी को व्यापारिक संगठन से राजनीतिक शक्ति में कैसे परिवर्तित किया गया?,"कमजोर मुग़ल सत्ता, भारतीय शासकों के आंतरिक विवाद, और कंपनी की सैन्य और आर्थिक श्रेष्ठता ने इसे भारत में राजनीतिक शक्ति में परिवर्तित किया।"
Diye gaye prashn ka samadhan Hindi mein prastut karein:,प्लासी की लड़ाई (1757) ने ब्रिटिश नियंत्रण में विस्तार में कौन सी भूमिका निभाई?,"प्लासी की लड़ाई ने ब्रिटिश विस्तार में एक मोड़ लाया, क्योंकि ब्रिटिश ईस्ट इंडिया कंपनी की जीत ने बंगाल के नवाब पर राजनीतिक नियंत्रण स्थापित किया और पूर्वी भारत में ब्रिटिश प्रमुखता के लिए नींव रखी।"
Pooche gaye prashn ka uttar Hindi mein pradaan karein:,बक्सर की लड़ाई (1764) ने भारत पर ब्रिटिश नियंत्रण को और भी मजबूत कैसे किया?,"बक्सर की लड़ाई में मुघल साम्राज्य, बंगाल के नवाब, और अवध के नवाब के मिलकर विरोधी बलों के साथ ब्रिटिश की एक निर्णायक जीत हुई, जिससे उत्तरी भारत के बड़े हिस्सों पर ब्रिटिश नियंत्रण स्थायी हो गया और कंपनी को बंगाल में दिवानी (राजस्व वसूलने) के अधिकार दिए गए।"
Bataye gaye sawaal ka jawab Hindi mein dein:,भारत पर नियंत्रण बनाए रखने के लिए ब्रिटिश ईस्ट इंडिया कंपनी ने कैसे आर्थिक रणनीतियों का उपयोग किया?,"ब्रिटिश ईस्ट इंडिया कंपनी ने प्रमुख उद्योगों पर मोनोपॉली लगाई, व्यापार विनियमों का दुरुपयोग किया, और भारत से धन निकालने के लिए भारी कर लगाए, ताकि वह भारत पर अपनी आर्थिक नियंत्रण को मजबूत कर सके।"
Answer the given question in Hindi:,ब्रिटिश ईस्ट इंडिया कंपनी ने भारत में अपने प्रभाव को बढ़ाने के लिए कैसे कूटनीतियों का उपयोग किया?,"ब्रिटिश ईस्ट इंडिया कंपनी ने भारतीय शासकों के साथ संधियों की गठन की, विरोधी दलों को एक दूसरे के खिलाफ खिलाफ खेला, और स्थानीय राजनीति को खिलाफत बढ़ाने के लिए मानवरण किया।"
Write your answer to the question in Hindi:,ब्रिटिश ईस्ट इंडिया कंपनी के विस्तार के नियंत्रण के परिणाम क्या थे भारतीय समाज और प्रबंधन के लिए?," ब्रिटिश ईस्ट इंडिया कंपनी के विस्तार के परिणामस्वरूप भारतीय समाज और प्रबंधन के लिए मूल्यवान नियंत्रण संरचनाओं का क्षय, आर्थिक शोषण, सामाजिक उपद्रव, और भारतीय उद्योगों की क्षीणता हुई, जो भारतीय समाज और प्रबंधन को गहरे प्रभाव में डाले।"
Provide a response to the given query in Hindi:,ब्रिटिश ईस्ट इंडिया कंपनी की नीतियों ने परंपरागत भारतीय उद्योगों और कृषि की क्षीणता में कैसा योगदान दिया?,"ब्रिटिश ईस्ट इंडिया कंपनी ने टैरिफ लगाया, स्थानीय उद्योगों को खण्डित किया, और नए नकदी फसलों का प्रस्तावित किया, जिससे परंपरागत भारतीय उद्योगों और कृषि की क्षीणता हुई और आर्थिक आश्रयता बढ़ गई।"
Answer the question in Hindi language:, ब्रिटिश ईस्ट इंडिया कंपनी की सैन्य बलों ने भारत में अपने विस्तार और शक्ति के संरक्षण में क्या भूमिका निभाई?," ब्रिटिश ईस्ट इंडिया कंपनी की सैन्य बलों ने, जिनमें ब्रिटिश सैनिकों के साथ ही भारतीय सिपाहियों (सैनिकों) की शामिलता थी, अधिग्रहण, युद्ध, और विद्रोहों के दमन के माध्यम से ब्रिटिश नियंत्रण का विस्तार करने में महत्वपूर्ण भूमिका निभाई।"
Reply to the asked question in Hindi:,भारत में अपने नियंत्रण के तहत ब्रिटिश ईस्ट इंडिया कंपनी कैसे प्रशासन किया?,"ब्रिटिश ईस्ट इंडिया कंपनी ने प्रशासनिक संरचनाएँ स्थापित की, कानूनी सुधार किए, और अपने नियंत्रण के अधीन क्षेत्रों को प्रशासित करने के लिए ब्रिटिश अधिकारी और स्थानीय सहयोगी नियुक्त किए, जिसका अंतिम उद्देश्य आर्थिक शोषण और राजनीतिक नियंत्रण को अधिकतम करना था।"
दिए गए प्रश्न का उत्तर हिंदी में दें:,भारत में ब्रिटिश ईस्ट इंडिया कंपनी द्वारा कुछ प्रमुख प्रशासनिक सुधार क्या थे?," ब्रिटिश ईस्ट इंडिया कंपनी ने प्रशासनिक सुधारों में केन्द्रीकृत ब्यूरोक्रेसी की स्थापना, कानूनों की संकलन, और राजस्व संग्रह प्रणालियों के प्रवर्तन को शामिल किया, ताकि प्रशासन को सरलीकृत किया जा सके और उसके अधीन क्षेत्रों पर नियंत्रण मजबूत किया जा सके।"
दिए गए सवाल का जवाब हिंदी में लिखें:,ब्रिटिश ईस्ट इंडिया कंपनी की नीतियों ने भारत में भारतीय प्रतिरोध आंदोलनों को कैसे उत्पन्न किया?,"ब्रिटिश ईस्ट इंडिया कंपनी की आर्थिक शोषण, सामाजिक भेदभाव, और सांस्कृतिक दमन की नीतियाँ भारतीय विषयों में असन्तुष्टि को बढ़ावा दिया, जिससे विरोध आंदोलनों और ब्रिटिश शासन के खिलाफ बगावत उत्पन्न हुई।"
दिए गए प्रश्न का समाधान हिंदी में प्रस्तुत करें:,ब्रिटिश ईस्ट इंडिया कंपनी के शासन का भारतीय समाज और सांस्कृतिक क्षेत्र पर क्या प्रभाव था?,"ब्रिटिश ईस्ट इंडिया कंपनी के शासन से सामाजिक विभाजन, सांस्कृतिक अनुकूलन, और परंपरागत संस्थाओं, भाषाओं, और परंपराओं की ध्वंस हो गई, जिससे भारतीय समाज और सांस्कृतिक परिदृश्य को गहरी रूप से पुनर्गठित किया गया।"
पूछे गए प्रश्न का उत्तर हिंदी में प्रदान करें:,ब्रिटिश ईस्ट इंडिया कंपनी का भारतीय व्यापार मार्गों पर नियंत्रण उसके आर्थिक प्रभुत्व में कैसे सहायक रहा?,"ब्रिटिश ईस्ट इंडिया कंपनी का भारतीय व्यापार मार्गों पर नियंत्रण उसे व्यापार पर प्रतिबंध लगाने, मूल्यों को नियंत्रित करने, और संसाधनों का शोषण करने में सहायक रहा, जिससे उसका आर्थिक प्रभुत्व मजबूत हुआ और भारत से संपत्ति निकाली गई।"
बताए गए सवाल का उत्तर हिंदी में दें।,ब्रिटिश ईस्ट इंडिया कंपनी के शासन का भारत की राजनीतिक स्वायत्तता और स्वायत्तता के लिए क्या परिणाम हुआ?," ब्रिटिश ईस्ट इंडिया कंपनी के शासन ने भारत की राजनीतिक स्वायत्तता और स्वायत्तता को कमजोर किया, भारतीय शासकों को पुतले का दर्जा दिया, और भारतीय संस्थानों को ब्रिटिश नियंत्रण में ले आया।"
Diye gaye prashn ka uttar Hindi mein dein:,ब्रिटिश ईस्ट इंडिया कंपनी के विस्तार और शक्ति स्थापना में कुछ महत्वपूर्ण घटक क्या थे?,"महत्वपूर्ण घटक में शामिल हैं बक्सर के युद्ध के बाद बंगाल में दिवानी अधिकारों का प्राप्त करना, 1857 की भारतीय क्रांति के दमन, और उसके पश्चात् 1858 में ब्रिटिश सिंहासन को सौंपना शामिल है।"
Diye gaye sawaal ka jawab Hindi mein likhein:,ब्रिटिश ईस्ट इंडिया कंपनी की भारत के संसाधनों पर नियंत्रण ने ब्रिटेन के औद्योगिकरण में कैसे सहायक रहा?,"ब्रिटिश ईस्ट इंडिया कंपनी का भारतीय संसाधनों पर नियंत्रण, सम्पूर्ण कपास, इंडिगो, और मसालों सहित भारत के सामग्री, ब्रिटेन की औद्योगिक क्रांति को बढ़ावा देकर उसे कच्चा माल प्रदान करके सहायक रहा।"
Diye gaye prashn ka samadhan Hindi mein prastut karein:,भारत में ब्रिटिश ईस्ट इंडिया कंपनी के शासन के खिलाफ मुख्य विरोध आंदोलन और विद्रोह क्या थे?,"मुख्य विरोध आंदोलन में सन्न्यासी विद्रोह, वेल्लोर म्युटिनी, और 1857 की भारतीय क्रांति शामिल हैं, जो सभी ब्रिटिश उत्पीड़न और शोषण का प्रतिसाद थे।"
Pooche gaye prashn ka uttar Hindi mein pradaan karein:,ब्रिटिश ईस्ट इंडिया कंपनी की नीतियों का भारतीय अर्थव्यवस्था और अन्य क्षेत्रों के साथ व्यापारिक संबंधों पर क्या प्रभाव था?,"ब्रिटिश ईस्ट इंडिया कंपनी की नीतियाँ भारत की अर्थव्यवस्था को बिगाड़ी, उद्योगों के प्रतिष्ठान में गिरावट, कृषि संकट, और ब्रिटिश निर्मित वस्त्रों की अधिकतमता के माध्यम से अज्ञात व्यापारिक अपेक्षाओं को बदल दिया, जबकि यह विश्वव्यापी व्यापारिक संबंधों को ब्रिटिश हितों के पक्ष में पुनर्निर्धारित करता रहा।"
Bataye gaye sawaal ka jawab Hindi mein dein:,ब्रिटिश ईस्ट इंडिया कंपनी के शासन के लिए भारत की राजनीतिक एकता और क्षेत्रीय अखंडता के लिए क्या परिणाम हुआ?,"ब्रिटिश ईस्ट इंडिया कंपनी के शासन ने भारत की राजनीतिक एकता और क्षेत्रीय अखंडता को टुकड़ों में बाँट दिया, प्रिंसली राज्यों का अधिग्रहण किया, मनमाने सीमाओं का प्रवर्तन किया, और क्षेत्रीय विभाजनों को बढ़ाया, जो आज भारत के राजनीतिक परिदृश्य को प्रभावित करते हैं।"
Answer the given question in Hindi:,ब्रिटिश ईस्ट इंडिया कंपनी के शासन ने भारत में आधुनिक संस्थाओं और शासन ढांचों के विकास को कैसे प्रभावित किया?,"ब्रिटिश ईस्ट इंडिया कंपनी ने रेलवे, टेलीग्राफ, और डाक सेवाओं की तरह आधुनिक संस्थाएँ प्रस्तुत की, साथ ही प्रशासनिक और कानूनी ढांचे प्रस्तुत किए, जो भारत में आधुनिक शासन की नींव रखते हैं।"
Write your answer to the question in Hindi:,1600-1707 के दौरान मुग़ल साम्राज्य के महत्वपूर्ण शासक कौन थे?,"इस अवधि के दौरान जहांगीर, शाहजहाँ, और औरंगज़ेब मुख्य शासक थे।"
Provide a response to the given query in Hindi:, इस समय के दौरान मुग़ल साम्राज्य से कौन सा वास्तुकला का उत्कृष्ट नमूना जुड़ा हुआ है?,"ताजमहल, प्रेम और वास्तुकला की अद्वितीय उपलब्धि का प्रतीक, शाहजहाँ के शासनकाल में बनाया गया था।"
Answer the question in Hindi language:,मुग़ल साम्राज्य के पतन में कौन-कौन से कारक योगदान करते थे?," प्रशासनिक अक्षमता, उत्तराधिकार के विवाद, और बाहरी आक्रमण मुग़ल साम्राज्य के पतन में महत्वपूर्ण भूमिका निभाते थे।"
Reply to the asked question in Hindi:,मुग़ल साम्राज्य के शासक के रूप में अकबर के उत्तराधिकारी कौन थे?,जहांगीर अकबर के उत्तराधिकारी के रूप में मुग़ल साम्राज्य के शासक बने।
दिए गए प्रश्न का उत्तर हिंदी में दें:,कौन सा मुग़ल सम्राट अपने कठोर नीतियों और धार्मिक असहिष्णुता के लिए जाना जाता है?,औरंगज़ेब अपने कठोर नीतियों और धार्मिक असहिष्णुता के लिए अपने शासनकाल में जाने जाते हैं।
दिए गए सवाल का जवाब हिंदी में लिखें:,ताजमहल का निर्माण किस मुख्य कारण से हुआ था?,"शाहजहाँ ने ताजमहल का निर्माण अपनी प्रिय पत्नी, मुमताज़ महल के लिए एक समाधिस्थल के रूप में कराया।"
दिए गए प्रश्न का समाधान हिंदी में प्रस्तुत करें:,उत्तराधिकार के विवादों ने मुग़ल साम्राज्य की स्थिरता को कैसे प्रभावित किया?,उत्तराधिकार के विवादों के कारण अक्सर आंतरिक विवादों का नेतृत्व किया और मुग़ल साम्राज्य की स्थिरता को कमजोर किया।
पूछे गए प्रश्न का उत्तर हिंदी में प्रदान करें:,इस अवधि के दौरान मुग़ल साम्राज्य को धार्मिक रूप से कौन-कौन से बाहरी आक्रमण हुए?,नादिर शाह और अहमद शाह अब्दाली के आक्रमण मुग़ल साम्राज्य के लिए महत्वपूर्ण खतरे थे।
बताए गए सवाल का उत्तर हिंदी में दें।,किस मुग़ल सम्राट को कला और संस्कृति का प्रायोजन करने के लिए जाना जाता है?,शाहजहाँ को उसके शासनकाल की वास्तुकला के अद्भुत नमूनों में उसकी प्रायोजन के लिए जाना जाता है।
Diye gaye prashn ka uttar Hindi mein dein:,औरंगज़ेब की नीतियाँ उसके पूर्वजों की नीतियों से कैसे भिन्न थीं?,औरंगज़ेब की नीतियाँ उसके अधिक प्रगतिशील पूर्वजों की तुलना में अधिक पारंपरिक और अधिकारवादी थीं।
Diye gaye sawaal ka jawab Hindi mein likhein:,मुग़ल साम्राज्य के पतन का प्रादेशिक शक्तियों पर क्या प्रभाव पड़ा?,मुग़ल साम्राज्य के पतन ने विभिन्न प्रादेशिक शक्तियों के उदय को बढ़ावा दिया और केंद्रीय प्राधिकरण का बिखराव ले आया।
Diye gaye prashn ka samadhan Hindi mein prastut karein:, व्यापार ने मुग़ल साम्राज्य की समृद्धि में क्या भूमिका निभाई?," व्यापार, विशेषकर यूरोपीय शक्तियों के साथ, इस अवधि में मुग़ल साम्राज्य की समृद्धि में महत्वपूर्ण योगदान किया।"
Pooche gaye prashn ka uttar Hindi mein pradaan karein:,ताजमहल के निर्माण के पीछे वास्तुकार कौन थे?,उस्ताद अहमद लाहौरी को ताजमहल के मुख्य वास्तुकार के रूप में श्रेय दिया जाता है।
Bataye gaye sawaal ka jawab Hindi mein dein:, मुग़ल साम्राज्य ने इतने विशाल क्षेत्र पर नियंत्रण कैसे बनाए रखा?,"मुग़ल साम्राज्य ने एक जटिल प्रशासनिक प्रणाली के माध्यम से नियंत्रण बनाए रखा, जिसमें गवर्नर और राजस्व संग्रहक शामिल थे।"
Answer the given question in Hindi:, मुग़ल साम्राज्य के दौरान पीकॉक थ्रोन का क्या महत्व था?,पीकॉक थ्रोन मुग़ल साम्राज्य की समृद्धि और शक्ति का प्रतीक था और साम्राज्यिक अधिकार का प्रतीक था।
Write your answer to the question in Hindi:,मुग़ल साम्राज्य ने भारत में कला और वास्तुकला को कैसे प्रभावित किया?,"मुग़ल साम्राज्य का कला और वास्तुकला का संरक्षण एक अद्वितीय इंडो-इस्लामी शैली के विकास को ले गया, जिसमें फारसी और भारतीय तत्वों को मिलाया गया।"
Provide a response to the given query in Hindi:, मुग़ल साम्राज्य के अंत के पूर्व महान सम्राट कौन था?, अक्सर मुग़ल साम्राज्य के पतन के पूर्व महान सम्राट के रूप में औरंगजेब को माना जाता है।
Answer the question in Hindi language:, मुग़ल साम्राज्य के दौरान दिल्ली में लाल किले का क्या महत्व था?,लाल किला दिल्ली में मुग़ल सम्राटों का मुख्य निवास स्थान था और उनकी शक्ति और भव्यता का प्रतीक था।
Reply to the asked question in Hindi:,मुग़ल साम्राज्य ने भारतीय उपमहाद्वीप में इस्लाम के प्रसार में कैसे योगदान दिया?,मुग़ल साम्राज्य का इस्लाम के समर्थन और इस्लामी संस्थाओं की स्थापना भारतीय उपमहाद्वीप में इस्लाम के प्रसार में योगदान किया।
दिए गए प्रश्न का उत्तर हिंदी में दें:,औरंगजेब के शासनकाल में कुछ महत्वपूर्ण युद्ध कौन-कौन से लड़े गए?,समुगढ़ की लड़ाई और धरमात की लड़ाई जैसे युद्ध औरंगजेब के शासनकाल में महत्वपूर्ण संघर्ष थे।
दिए गए सवाल का जवाब हिंदी में लिखें:,लाहौर में बादशाही मस्जिद का निर्माण किसने किया था?,"बादशाही मस्जिद का आदेश औरंगजेब ने दिया था और इसे उनके मुख्य वास्तुकार, नवाब ज़ैन यार जंग बहादुर ने बनवाया।"
दिए गए प्रश्न का समाधान हिंदी में प्रस्तुत करें:,अकबर के धार्मिक सहिष्णुता की नीतियों में और औरंगजेब की नीतियों में कैसा अंतर था?,"अकबर धार्मिक सहिष्णुता और समावेशी नीतियों को अपनाते थे, जबकि औरंगजेब एक अधिक पारंपरिक और असहिष्णु दृष्टिकोण की ओर प्रयास करते थे।"
पूछे गए प्रश्न का उत्तर हिंदी में प्रदान करें:,मुग़ल बादशाहों द्वारा कुछ मुख्य प्रशासनिक सुधार क्या थे?,"केंद्रीकृत प्रशासन, राजस्व सुधार, और एक समान न्यायिक प्रणाली की स्थापना मुग़ल बादशाहों द्वारा कुछ मुख्य प्रशासनिक सुधारों में शामिल थे।"
बताए गए सवाल का उत्तर हिंदी में दें।,मुग़ल साम्राज्य ने उर्दू साहित्य के विकास में कैसे योगदान किया?," मुग़ल साम्राज्य के कवियों और विद्वानों के प्रायोजन से उर्दू साहित्य के विकास में योगदान किया गया, जिसमें फारसी और भारतीय प्रभाव मिले।"
Diye gaye prashn ka uttar Hindi mein dein:, शाहजहाँ के रूप में मुग़ल साम्राज्य का उत्तराधिकारी कौन था?,"शाहजहाँ के बेटे, औरंगजेब, उनके उत्तराधिकारी के रूप में थे, एक उत्तराधिकार युद्ध के बाद।"
Diye gaye sawaal ka jawab Hindi mein likhein:,मुग़ल साम्राज्य की मुख्य महत्वपूर्ण योजना का क्या महत्व था?," मुग़ल साम्राज्य की मुख्य योजना व्यापार और संचार को सुविधाजनक बनाना था, साम्राज्य के भीतर व्यापार को संबोधित करने के लिए प्रमुख शहरों और क्षेत्रों को जोड़ते हुए।"
Diye gaye prashn ka samadhan Hindi mein prastut karein:,इस अवधि में मुग़ल साम्राज्य ने यूरोपीय शक्तियों के साथ कैसे संचार किया?,"मुग़ल साम्राज्य ने यूरोपीय शक्तियों जैसे पुर्तगाली, डच, और इंग्लिश ईस्ट इंडिया कंपनी के साथ राजनीतिक संबंध और व्यापार बनाए रखे।"
Pooche gaye prashn ka uttar Hindi mein pradaan karein:, मुग़ल साम्राज्य के विशेष योगदान कुछ क्या थे?," मुग़ल साम्राज्य ने विशेष रूप से बिरयानी, कबाब, और विभिन्न प्रकार के रोटी जैसे व्यंजनों को पेश किया, जो भारतीय खानपान के अभिन्न हिस्से बन गए।"
Bataye gaye sawaal ka jawab Hindi mein dein:,औरंगजेब के शासनकाल में मुग़ल साम्राज्य के पतन में मुख्य विपक्षी कौन था?,"मराठा संघ औरंगजेब के शासनकाल में मुख्य विपक्षी के रूप में उभरा, जो दक्षिण में मुग़ल प्राधिकरण को चुनौती देता था।"
Answer the given question in Hindi:,मुग़ल साम्राज्य ने भारत में संगीत और नृत्य के विकास में कैसे योगदान किया?,मुग़ल साम्राज्य का संगीत और नृत्य के प्रायोजन से हिंदुस्तानी शास्त्रीय संगीत और कथक नृत्य जैसी विशेष भारतीय संगीत रूपों के विकास में योगदान किया।
Write your answer to the question in Hindi:, मुग़ल साम्राज्य के पतन का प्रादेशिक वास्तुकला पर क्या प्रभाव पड़ा?, मुग़ल साम्राज्य के पतन से स्थानीय वास्तुकला के क्षेत्रीय शैलियों का उदय हुआ और स्थानीय शासकों द्वारा किले और महलों का निर्माण हुआ।
Provide a response to the given query in Hindi:,मुग़ल मिनीचर चित्रों का क्या महत्व था?,"मुग़ल मिनीचर चित्रों में दरबारी जीवन, युद्ध, और धार्मिक विषयों के दृश्य दिखाए गए, जो साम्राज्य की कला और सांस्कृतिक धरोहर का प्रतिबिंबित करते थे।"
Answer the question in Hindi language:,मुग़ल साम्राज्य ने अपने क्षेत्रों में व्यापार और वाणिज्य को कैसे बढ़ावा दिया?,मुग़ल साम्राज्य ने सड़कों और पुलों जैसे आधारिक संरचनाओं में निवेश किया और व्यापार बढ़ावा देने के लिए व्यापारिक नेटवर्क स्थापित किया।
Reply to the asked question in Hindi:, लाहौर में शालीमार बागों का निर्माण किसने किया था?,"शालीमार बागों का आदेश शाहजहाँ ने दिया था और उनके वास्तुकार, अली मरदान खान, ने इसे बनवाया।"
दिए गए प्रश्न का उत्तर हिंदी में दें:,मुग़ल शहरी योजना और वास्तुकला की कुछ मुख्य विशेषताएँ क्या थीं?,"मुग़ल शहरों की विशेषता बाजार, बाग़, और किले, मस्जिदें, और महल जैसी महान संरचनाओं की मौजूदगी से थी।"
दिए गए सवाल का जवाब हिंदी में लिखें:,मुग़ल साम्राज्य की कला के प्रायोजन का अन्य सभी सभ्यताओं के साथ सांस्कृतिक आदान-प्रदान में क्या योगदान था?,"मुग़ल साम्राज्य की कला के प्रायोजन ने फारसी, मध्य एशियाई, और यूरोपीय सभ्यताओं के साथ सांस्कृतिक आदान-प्रदान को सुगम बनाया, जो इसकी स्वयं की सांस्कृतिक धरोहर को समृद्ध किया।"
दिए गए प्रश्न का समाधान हिंदी में प्रस्तुत करें:,दिल्ली में मोती मस्जिद का निर्माण किसने किया था?,"दिल्ली में मोती मस्जिद का आदेश सम्राट औरंगजेब ने दिया था और इसे उनके मुख्य वास्तुकार, मिर्ज़ा ग़ियास बेग, ने बनवाया।"
पूछे गए प्रश्न का उत्तर हिंदी में प्रदान करें:,सूफ़ीस्म मुग़ल साम्राज्य के सांस्कृतिक और धार्मिक विश्व में कैसे योगदान दिया?,"सूफ़ीस्म, जिसमें आत्मीयता और भावनात्मकता के महत्व को ध्यान में रखा जाता है, मुग़ल साम्राज्य के उच्च और साधारण लोगों को प्रभावित किया, जिससे एक संक्रांतिक धार्मिक संस्कृति का योगदान हुआ।"
बताए गए सवाल का उत्तर हिंदी में दें।,मुग़ल साम्राज्य के गैर-मुसलमानों के प्रति नीतियों में समय के साथ कैसे बदलाव हुआ?,"जबकि प्रारंभिक मुग़ल शासक अकबर धार्मिक सहिष्णुता की नीतियों को अपनाते थे, बाद के शासक जैसे कि औरंगजेब ने गैर-मुसलमानों पर प्रतिबंध लगाए, जिससे तनाव बढ़ गया।"
Diye gaye prashn ka uttar Hindi mein dein:, मुग़ल साम्राज्य के राजदूतों के यूरोपीय दरबारों में यात्रा का महत्व क्या था?,"मुग़ल साम्राज्य के राजदूतों के यूरोपीय दरबारों में यात्रा से राजनीतिक संबंध स्थापित किए गए और व्यापार समझौतों को सहायक बनाया गया, जिससे साम्राज्य का अंतर्राष्ट्रीय मर्यादा में उत्कृष्टता बढ़ी।"
Diye gaye sawaal ka jawab Hindi mein likhein:,मुग़ल साम्राज्य के पतन का भारतीय उपमहाद्वीप की अर्थव्यवस्था पर क्या प्रभाव पड़ा?,"मुग़ल साम्राज्य के पतन से अर्थव्यवस्था में अस्थिरता, व्यापार में कमी, और क्षेत्रीय आर्थिक शक्तियों के उदय का सामना किया गया।"
Diye gaye prashn ka samadhan Hindi mein prastut karein:,आगरा किले का निर्माण किसने किया?," आगरा किला सम्राट अकबर द्वारा बनाया गया था और बाद में उसके पोते, शाहजहाँ, द्वारा पुनर्निर्माण किया गया।"
Pooche gaye prashn ka uttar Hindi mein pradaan karein:,मुग़ल और राजपूत वास्तुकला के बीच कुछ मुख्य अंतर क्या थे?," मुग़ल वास्तुकला का उपयोग लाल पत्थर और संगमरमर के आधार पर होता था, जबकि राजपूत वास्तुकला में हिंदू मंदिर वास्तुकला के तत्वों का समावेश होता था और स्थानीय सामग्री का प्रयोग किया जाता था।"
Bataye gaye sawaal ka jawab Hindi mein dein:,मुग़ल साम्राज्य की हिंदू मंदिरों के प्रति नीतियों में समय के साथ कैसे बदलाव हुआ?,"प्रारंभिक मुग़ल शासकों ने हिंदू मंदिरों के प्रति सहिष्णुता दिखाई, जबकि बाद के शासक जैसे कि औरंगजेब ने प्रतिबंध लगाए और कुछ मंदिरों को नष्ट किया, जिससे धार्मिक तनाव बढ़ा।"
Answer the given question in Hindi:,मुग़ल साम्राज्य के पतन का क्षेत्रीय भाषाओं और साहित्य पर क्या प्रभाव हुआ?,"मुग़ल साम्राज्य के पतन से क्षेत्रीय भाषाओं और साहित्य का उदय हुआ, क्योंकि स्थानीय शासकों ने लोक-भाषाओं का प्रायोजन किया और क्षेत्रीय सांस्कृतिक पहचानों को बढ़ावा दिया।"
Write your answer to the question in Hindi:,बीबी का मकबरा के निर्माण का जिम्मेदार कौन था?,"बीबी का मकबरा का आदेश औरंगजेब के पुत्र, शाहजहाँ, ने अपनी माँ, दिलरास बानो बेगम, की याद में दिया था।"
Provide a response to the given query in Hindi:,मुग़ल साम्राज्य के कर नीतियों ने इसकी आर्थिक समृद्धि में कैसे योगदान दिया?," मुग़ल साम्राज्य की कर नीतियाँ, जैसे कि अकबर ने शुरू की जमीन कर व्यवस्था, नियमित आय का एक स्थिर स्रोत प्रदान किया और कृषि उत्पादकता को बढ़ावा दिया।"
Answer the question in Hindi language:,"मुग़ल साम्राज्य के शीर्षक ""पादशाह-ए हिंद"" का क्या महत्व था?","पादशाह-ए हिंद शीर्षक ने मुग़ल सम्राट को भारत के शासक के रूप में घोषित किया, जिससे साम्राज्य की भारतीय उपमहाद्वीप पर प्रभुत्वता का प्रतीक बन गया।"
Reply to the asked question in Hindi:,मुग़ल साम्राज्य की कलात्मक उपलब्धियों ने पड़ोसी क्षेत्रों और संस्कृतियों पर कैसा प्रभाव डाला?,"मुग़ल साम्राज्य की कलात्मक उपलब्धियाँ, जैसे कि मिनीचर चित्र और वास्तुकला के आश्चर्य, पड़ोसी क्षेत्रों और संस्कृतियों पर प्रभाव डाले, जिससे एक दीर्घकालिक विरासत छोड़ी गई।"
दिए गए प्रश्न का उत्तर हिंदी में दें:,दिल्ली में जामा मस्जिद का निर्माण किसने किया था?,"दिल्ली में जामा मस्जिद का आदेश सम्राट शाहजहाँ ने दिया था और इसे उनके वास्तुकार, उस्ताद खलील, ने बनवाया।"
दिए गए सवाल का जवाब हिंदी में लिखें:,मुग़ल साम्राज्य के प्रशासन में मुग़ल उपन्यासिता की भूमिका क्या थी?,"मुग़ल उपन्यासिता, जिन्हें मंसबदार कहा जाता था, साम्राज्य के प्रशासन में एक महत्वपूर्ण भूमिका निभाती थी, जिन्हें सम्राट द्वारा प्रदान की गई सैन्य और प्रशासनिक पदों को संभालने का अधिकार होता था।"
दिए गए प्रश्न का समाधान हिंदी में प्रस्तुत करें:,मुग़ल साम्राज्य की भूमि कर व्यवस्था का अर्थिक स्थिरता में कैसे योगदान दिया?,"मुग़ल साम्राज्य की भूमि कर व्यवस्था, जिसे ज़ब्त प्रणाली कहा जाता था, ने राज्य के लिए एक स्थिर आय की निर्दिष्ट की और कृषि विकास के लिए प्रोत्साहन प्रदान किया।"
पूछे गए प्रश्न का उत्तर हिंदी में प्रदान करें:, दिल्ली में हुमायूं का मकबरा के डिज़ाइन और निर्माण का जिम्मेदार कौन था?,"दिल्ली में हुमायूं का मकबरा का निर्माण सम्राट हुमायूं की विधवा, हमीदा बानो बेगम, द्वारा आदेशित किया गया था और इसे पर्शियन वास्तुकार मिरक मिर्ज़ा ग़ियास ने बनवाया।"
बताए गए सवाल का उत्तर हिंदी में दें।,मुग़ल साम्राज्य ने मध्ययुगीन काल के दौरान वैश्विक मसाला व्यापार में क्या भूमिका निभाई?,"मुग़ल साम्राज्य ने महत्वपूर्ण मसाला उत्पादन क्षेत्रों को नियंत्रित किया और यूरोपीय शक्तियों के साथ मसाला व्यापार किया, जिससे वैश्विक मसाला व्यापार में अपनी धनी और प्रभावशाली भूमिका बनाई।"
Diye gaye prashn ka uttar Hindi mein dein:,मुग़ल साम्राज्य की जल प्रबंधन प्रणाली ने कृषि उत्पादकता में कैसे योगदान किया?,"मुग़ल साम्राज्य ने विस्तृत सिंचाई नेटवर्क बनाया, जैसे कि नहरें और जलाशय, जो कृषि उत्पादकता में वृद्धि की और बढ़ती जनसंख्या का समर्थन किया।"
Diye gaye sawaal ka jawab Hindi mein likhein:,लाहौर किले का निर्माण किसके द्वारा हुआ था?,"लाहौर किला मुग़ल सम्राट अकबर द्वारा मूल रूप से बनाया गया था और बाद में आगे बढ़ाया और पुनर्निर्मित किया गया, जिसमें जहांगीर और शाहजहाँ शामिल हुए।"
Diye gaye prashn ka samadhan Hindi mein prastut karein:, मुग़ल साम्राज्य के पर्शियन सांस्कृतिक और भाषा के प्रति प्रोत्साहन की क्या महत्वता थी?,"मुग़ल साम्राज्य ने पर्शियन सांस्कृतिक और भाषा के प्रति प्रोत्साहन देकर पर्शियन भाषा और कला के साथ संवाद और सांस्कृतिक आदान-प्रदान को सरल बनाया, जिससे इसकी बौद्धिक और कलात्मक धरोहर को समृद्ध किया गया।"
Pooche gaye prashn ka uttar Hindi mein pradaan karein:,मुग़ल साम्राज्य के धर्मीय अल्पसंख्यकों के प्रति नीतियों का समाज में सामंजस्य कैसे प्रभावित हुआ?,"मुग़ल साम्राज्य की धर्मीय सहिष्णुता और समावेशी नीतियों ने विभिन्न धार्मिक समुदायों के बीच सामाजिक सामंजस्य और सद्भाव को बढ़ावा दिया, जिससे साम्राज्य की स्थिरता में सहायक हुआ।"
Bataye gaye sawaal ka jawab Hindi mein dein:,बांग्लादेश में लालबाग किले का निर्माण किसने किया था?,"बांग्लादेश के ढाका में लालबाग किला उस सम्राट औरंगजेब के पुत्र, शहज़ादा मुहम्मद आज़म, ने आदेश दिया था, लेकिन यह अधूरा रह गया।"
Answer the given question in Hindi:,मुग़ल साम्राज्य के पतन का भारतीय शास्त्रीय संगीत के विकास पर क्या प्रभाव पड़ा?,"मुग़ल साम्राज्य के पतन से संगीतकारों का विस्तार हुआ और क्षेत्रीय संगीत परंपराओं का उदय हुआ, जिससे भारतीय शास्त्रीय संगीत की विविधता में योगदान हुआ।"
Write your answer to the question in Hindi:,मुग़ल साम्राज्य के व्यापार गिल्ड और व्यापारियों के प्रति नीतियों ने वाणिज्यिक समृद्धि में कैसे योगदान किया?,"मुग़ल साम्राज्य की व्यापार गिल्ड और व्यापारियों का समर्थन करने की नीतियाँ, सुरक्षित व्यापार मार्गों की स्थापना के साथ-साथ, वाणिज्यिक गतिविधि और आर्थिक विकास को बढ़ावा दिया।"
Provide a response to the given query in Hindi:," हैदराबाद, भारत में चारमीनार का निर्माण किसके द्वारा किया गया था?","चारमीनार का आदेश हैदराबाद के संस्थापक, सुल्तान मुहम्मद कुली कुतुब शाह, ने 1591 ई. में दिया था।"
Answer the question in Hindi language:,शहरी योजना में मुग़ल साम्राज्य के उपयोग के बाग़ों और पार्कों का महत्व क्या था?,मुग़ल साम्राज्य के शहरी योजना में बाग़ों और पार्कों का उपयोग जनता के लिए मनोरंजन के स्थल प्रदान करता था और साम्राज्य की प्रकृति और सौंदर्य के प्रति समर्पण को प्रतिबिम्बित करता था।
Reply to the asked question in Hindi:,विभिन्न क्षेत्रों में मुग़ल साम्राज्य के भारतीय शासकों और राज्यों के प्रति नीतियों में कैसे अंतर हुआ?, मुग़ल साम्राज्य ने रणनीतिक महत्व और साम्राज्य के प्रति वफादारी जैसे कारकों पर निर्भर करते हुए भारतीय शासकों और राज्यों के प्रति विभिन्न दृष्टिकोण अपनाए।
दिए गए प्रश्न का उत्तर हिंदी में दें:,"आगरा, भारत में लाल किले का निर्माण किसके द्वारा किया गया था?","आगरा में लाल किला का आदेश सम्राट अकबर ने दिया था और बाद में इसे उनके पोते, शाहजहाँ, ने पुनर्निर्माण किया, जो दिल्ली में भी लाल किले का निर्माण किया।"
दिए गए सवाल का जवाब हिंदी में लिखें:,मुग़ल साम्राज्य के कोर्ट विवेक के साथ फारसी का उपयोग करने का क्या महत्व था?," फारसी को मुग़ल साम्राज्य में प्रशासन, संस्कृति, और राजनीति में भाषा के रूप में उपयोग किया गया, जिससे संवाद और सांस्कृतिक आदान-प्रदान को सुगम बनाया गया।"
दिए गए प्रश्न का समाधान हिंदी में प्रस्तुत करें:,मुग़ल साम्राज्य के धार्मिक विनियमों (वाक़्फ़) के प्रति नीतियों का समाज के लाभ कैसे योगदान किया?,"मुग़ल साम्राज्य के धार्मिक विनियमों के प्रति नीतियाँ धार्मिक संस्थाओं के सहायता को समर्थन करती थीं, जैसे कि विद्यालयों, अस्पतालों, और सार्वजनिक सुविधाओं के वित्तपोषण, जो समाज के लाभकारी होते थे।"
पूछे गए प्रश्न का उत्तर हिंदी में प्रदान करें:,कश्मीर में मुग़ल बाग़ों के निर्माण के लिए जिम्मेदार कौन था?,"कश्मीर में मुग़ल बाग़ों का निर्माण सम्राट जहाँगीर ने करवाया था, जो कश्मीर की प्राकृतिक सुंदरता के प्रति प्रभावित हो गए थे और वहाँ कई बाग़ों का आदेश दिया था।"
बताए गए सवाल का उत्तर हिंदी में दें।,कोर्टीय संस्कृति का मुग़ल साम्राज्य के काव्य और साहित्य पर क्या प्रभाव था?,"मुग़ल साम्राज्य की कोर्टीय संस्कृति, कवियों और विद्वानों के प्रोत्साहन के रूप में, उर्दू और पारसी कविता के विकास के लिए लिखा गया, जिसमें कविताओं और ग़ज़लों का विकास हुआ।"
Diye gaye prashn ka uttar Hindi mein dein:, मुग़ल साम्राज्य की समाज में महिलाओं के प्रति नीतियों का समय कैसे बदला?,"हालांकि मुग़ल समाज पितृसत्ता प्रधान था, लेकिन श्रेष्ठ महिलाएं अक्सर कोर्टीय कामों में प्रमुख योगदान रखती थीं, और कुछ रानियां और महान महिलाएं कला, संस्कृति, और दान के प्रोत्साहक थीं।"
Diye gaye sawaal ka jawab Hindi mein likhein:,ब्रिटिश पूर्व इंडिया कंपनी की स्थापना कब हुई थी?,ब्रिटिश पूर्व इंडिया कंपनी की स्थापना 1600 में हुई थी।
Diye gaye prashn ka samadhan Hindi mein prastut karein:,भारत में ब्रिटिश पूर्व इंडिया कंपनी का महत्व क्या था?,ब्रिटिश पूर्व इंडिया कंपनी ने व्यापार में महत्वपूर्ण भूमिका निभाई और बाद में भारत का उपनिवेशन किया।
Pooche gaye prashn ka uttar Hindi mein pradaan karein:,भारत में ब्रिटिश की प्रमुखता किसकी वजह से हुई?,1757 में प्लासी की लड़ाई और 1764 में बक्सर की लड़ाई ने भारत में ब्रिटिश की प्रमुखता में महत्वपूर्ण योगदान किया।
Bataye gaye sawaal ka jawab Hindi mein dein:,प्लासी की लड़ाई का विवरण दें।,"प्लासी की लड़ाई 1757 में हुई थी जिसमें ब्रिटिश पूर्व इंडिया कंपनी और बंगाल के नवाब के बीच लड़ाई हुई, जिससे ब्रिटिश को बंगाल पर नियंत्रण मिला।"
Answer the given question in Hindi:,प्लासी की लड़ाई के परिणाम क्या थे?,"प्लासी की लड़ाई के परिणामस्वरूप, ब्रिटिश ने बंगाल में महत्वपूर्ण राजनीतिक और आर्थिक नियंत्रण स्थापित किया।"
Write your answer to the question in Hindi:,प्लासी की लड़ाई में ब्रिटिश सेना की नेतृत्व किसने किया?,प्लासी की लड़ाई में रॉबर्ट क्लाइव ने ब्रिटिश सेना की नेतृत्व किया।
Provide a response to the given query in Hindi:,प्लासी की लड़ाई के परिणाम ब्रिटिश पूर्व इंडिया कंपनी के लिए क्या थे?,"प्लासी की लड़ाई के परिणामस्वरूप, पूर्व इंडिया कंपनी को बंगाल में राजनीतिक और आर्थिक नियंत्रण प्राप्त हुआ।"
Answer the question in Hindi language:," बक्सर की लड़ाई क्या थी, और यह कब हुई थी?","बक्सर की लड़ाई 1764 में हुई थी, जिसमें ब्रिटिश पूर्व इंडिया कंपनी ने मुघल सम्राट, ओढ़ के नवाब, और बंगाल के नवाब के संयुक्त सेना को पराजित किया।"
Reply to the asked question in Hindi:,बक्सर की लड़ाई ने भारत में ब्रिटिश नियंत्रण पर कैसा प्रभाव डाला?,बक्सर की लड़ाई ने उत्तरी भारत में ब्रिटिश नियंत्रण को पुष्टि किया और यह ब्रिटिश उपनिवेशन की ओर एक महत्वपूर्ण कदम था।
दिए गए प्रश्न का उत्तर हिंदी में दें:,भारत में उपनिवेशन के दौरान प्रमुख यूरोपीय शक्तियाँ कौन-कौन सी थीं?," ब्रिटिश के अलावा, पुर्तगाली, डच, और फ्रांसीसी भी भारत में व्यापारिक आधार स्थापित करने और उपनिवेशन के लिए बसे स्थल स्थापित करने में अग्रणी थे।"
दिए गए सवाल का जवाब हिंदी में लिखें:,पुर्तगाली पहली बार भारत में कब आए थे?,"पुर्तगाली लेट 15वीं सदी में भारत आए थे, वास्को डा गामा के नेतृत्व में 1498 में।"
दिए गए प्रश्न का समाधान हिंदी में प्रस्तुत करें:, पुर्तगाली ने भारत में कौन-कौन से क्षेत्र स्थापित किए थे?," पुर्तगाली ने गोवा, दमन, दीव और भारत के अन्य तटीय क्षेत्रों में उपनिवेश स्थापित किए थे।"
पूछे गए प्रश्न का उत्तर हिंदी में प्रदान करें:, भारत में पुर्तगाली उपनिवेश का क्या महत्व था?,"भारत में पुर्तगाली उपनिवेश ने ईसाइयत का प्रसार, व्यापार, और यूरोप और एशिया के बीच सांस्कृतिक विनिमय में योगदान किया।"
बताए गए सवाल का उत्तर हिंदी में दें।,डच ने भारत में अपनी उपस्थिति कब स्थापित की?,"डच ने भारत में उपस्थिति को स्थापित करना शुरू किया था 17वीं सदी के आरंभ में, जिसमें व्यापार पर मुख्य ध्यान दिया गया।"
Diye gaye prashn ka uttar Hindi mein dein:,भारत में मुख्य डच व्यापारिक पोस्ट कौन-कौन सी थीं?,"डच ने सूरत, पुलिकट, नागपट्टिनम, और कोचीन जैसी जगहों पर व्यापारिक पोस्ट स्थापित की थीं।"
Diye gaye sawaal ka jawab Hindi mein likhein:,डच उपनिवेश ने भारत पर कैसा प्रभाव डाला?,डच उपनिवेश ने व्यापार में प्रतिस्पर्धा लाई और भारतीय समुद्री व्यापार नेटवर्क के विकास में योगदान किया।
Diye gaye prashn ka samadhan Hindi mein prastut karein:, फ्रांसीसी भारत में कब आए थे?,"फ्रांसीसी भारत में 17वीं सदी के आरंभ में आए थे, और 1668 में सूरत में अपनी पहली फैक्ट्री स्थापित की थी।"
Pooche gaye prashn ka uttar Hindi mein pradaan karein:, फ्रांसीसी उपनिवेश ने भारत में कौन-कौन से क्षेत्र हासिल किए थे?,"फ्रांसीसी ने पांडिचेरी, चंदननगर, यानाम, और माहे जैसे क्षेत्रों को हासिल किया था।"
Bataye gaye sawaal ka jawab Hindi mein dein:, फ्रांसीसी उपनिवेश का भारत में क्या महत्व था?,फ्रांसीसी उपनिवेश ने ब्रिटिश के साथ राजनीतिक प्रतिस्पर्धा लाई और भारतीय इतिहास को आकार देने में योगदान किया।
Answer the given question in Hindi:, एक साथ कई यूरोपीय शक्तियों की उपस्थिति ने भारत पर कैसा प्रभाव डाला?,"एक साथ कई यूरोपीय शक्तियों की उपस्थिति ने भारत में राजनीतिक अस्थिरता, संघर्ष, और उपनिवेशन के दौरान सामाजिक-आर्थिक परिदृश्य में परिवर्तन लाया।"
Write your answer to the question in Hindi:, भारत में यूरोपीय उपनिवेशन के पीछे क्या प्रेरणा थी?,"भारत में यूरोपीय उपनिवेशन के पीछे प्रेरणा में आर्थिक लाभ, संसाधनों की पहुँच, सैन्य रणनीति का लाभ, और धर्म और संस्कृति का प्रसार शामिल था।"
Provide a response to the given query in Hindi:,ब्रिटिश पूर्व भारत कंपनी ने भारत में अपने क्षेत्रों का प्रशासन कैसे किया?,"ब्रिटिश पूर्व भारत कंपनी ने भारत में अपने क्षेत्रों का अप्रत्यक्ष नियमन प्रणाली के माध्यम से किया, अक्सर स्थानीय शासकों और श्रेष्ठ व्यक्तियों के साथ सहयोग करते हुए।"
Answer the question in Hindi language:,यूरोपीय उपनिवेशन के दौरान भारतीय शासकों का क्या योगदान था?,"यूरोपीय उपनिवेशन के दौरान भारतीय शासकों ने अक्सर साझेदारी बनाई या इसके विरोध में आगे बढ़ा, जिससे विभिन्न राजनीतिक व्यवस्थाओं और संघर्षों की विभिन्न प्रक्रियाएँ हुईं।"
Reply to the asked question in Hindi:,यूरोपीय उपनिवेशन ने भारतीय समाज पर कैसा प्रभाव डाला?,"यूरोपीय उपनिवेशन ने सामाजिक-सांस्कृतिक परिवर्तन, आर्थिक शोषण, और पारंपरिक भारतीय संस्थाओं के परिवर्तन को बदल दिया।"
दिए गए प्रश्न का उत्तर हिंदी में दें:,यूरोपीय उपनिवेशन के आर्थिक परिणाम क्या थे?,"यूरोपीय उपनिवेशन ने धन की लुट, पारंपरिक उद्योगों के व्यवस्थाओं का विघटन, और नई आर्थिक संरचनाओं का परिचय किया।"
दिए गए सवाल का जवाब हिंदी में लिखें:,यूरोपीय उपनिवेशन ने भारतीय राजनीति पर कैसा प्रभाव डाला?," यूरोपीय उपनिवेशन ने शक्ति गतिकी को बदल दिया, स्थानीय राजनीतिक व्यवस्थाओं को कमजोर किया, और भारत में राष्ट्रवादी आंदोलनों की उत्पत्ति की।"
दिए गए प्रश्न का समाधान हिंदी में प्रस्तुत करें:,यूरोपीय उपनिवेशन के खिलाफ कौन-कौन से विरोधी आंदोलन भारत में उत्पन्न हुए?,"यूरोपीय उपनिवेशन के खिलाफ विभिन्न विरोधी आंदोलन, जैसे कि 1857 की सिपाही विद्रोह और भारतीय राष्ट्रीय कांग्रेस, भारत में उत्पन्न हुए।"
पूछे गए प्रश्न का उत्तर हिंदी में प्रदान करें:,यूरोपीय उपनिवेशन में धर्म की क्या भूमिका थी?,"यूरोपीय उपनिवेशन के दौरान धर्म एक न्यायसंगती के रूप में कार्य किया और विवाद का एक केंद्र बना, जिससे धार्मिक विवाद और परिवर्तन हुए।"
बताए गए सवाल का उत्तर हिंदी में दें।,यूरोपीय उपनिवेशन ने भारत में व्यापार पर कैसा प्रभाव डाला?,"यूरोपीय उपनिवेशन ने पारंपरिक व्यापार पैटर्न को बिगाड़ा, एकाधिकार की स्थापना की, और भारत को यूरोपीय उद्योगों के लिए कच्चे माल का आपूर्तिकर्ता बना दिया।"
Diye gaye prashn ka uttar Hindi mein dein:,यूरोपीय उपनिवेशन के दौरान यूरोप और भारत के बीच सांस्कृतिक आदान-प्रदान कैसे हुआ?,"उपनिवेशन के दौरान सांस्कृतिक आदान-प्रदान में यूरोपीय भाषाओं, विचारों, और प्रौद्योगिकी का प्रसार हुआ, साथ ही भारतीय संस्कृति को यूरोप में परिचित किया गया।"
Diye gaye sawaal ka jawab Hindi mein likhein:,यूरोपीय उपनिवेशन ने भारतीय कृषि पर कैसा प्रभाव डाला?,"यूरोपीय उपनिवेशन ने नई फसलें, खेती की तकनीकें, और भूमि के स्वामित्व प्रणालियों को प्रस्तुत किया, जिसका भारतीय कृषि पर सकारात्मक और नकारात्मक प्रभाव रहा।"
Diye gaye prashn ka samadhan Hindi mein prastut karein:,यूरोपीय उपनिवेशन के भारतीय भाषाओं पर क्या प्रभाव पड़ा?,"यूरोपीय उपनिवेशन ने कुछ भारतीय भाषाओं की क्षीणता को लाया, जबकि प्रशासन और शिक्षा के लिए अंग्रेजी और अन्य यूरोपीय भाषाओं के उपयोग को बढ़ावा दिया।"
Pooche gaye prashn ka uttar Hindi mein pradaan karein:, यूरोपीय उपनिवेशन के भारत पर दीर्घकालिक प्रभाव क्या थे?,"यूरोपीय उपनिवेशन के दीर्घकालिक प्रभाव में राजनीतिक विखंडन, आर्थिक अविकास कमी, सांस्कृतिक परिवर्तन, और राष्ट्रवाद का उदय शामिल है।"
Bataye gaye sawaal ka jawab Hindi mein dein:,यूरोपीय उपनिवेशन के योगदान क्या थे भारतीय शिक्षा में?,"यूरोपीय उपनिवेशन ने पश्चिमी शिक्षा प्रणालियों को प्रस्तुत किया, जिससे भारत में आधुनिक स्कूल, कॉलेज, और विश्वविद्यालयों की स्थापना हुई।"
Answer the given question in Hindi:,यूरोपीय उपनिवेशन ने भारतीय कला और वास्तुकला पर कैसा प्रभाव डाला?," यूरोपीय उपनिवेशन ने यूरोपीय और स्थानीय शैलियों के फ्यूजन के माध्यम से भारतीय कला और वास्तुकला पर प्रभाव डाला, जैसा कि उपनिवेशी भवन और कलाकृतियों में दिखाई देता है।"
Write your answer to the question in Hindi:,यूरोपीय उपनिवेशन के वायुमंडलिक प्रभाव क्या थे भारत में?," यूरोपीय उपनिवेशन ने वनों की कटाई, भूमि की अपशिष्टता, और कैश की फसलों के प्रवेश के कारण पर्यावरण पर प्रभाव डाला।"
Provide a response to the given query in Hindi:,यूरोपीय उपनिवेशन ने भारत में कानूनी परिवर्तन कैसे लाए?,"यूरोपीय उपनिवेशन ने नए कानूनी प्रणालियों, जैसे कि अंग्रेजी सामान्य कानून, का परिचय किया, जो कुछ क्षेत्रों में पारंपरिक भारतीय कानून प्रथाओं को बदल दिया।"
Answer the question in Hindi language:, यूरोपीय उपनिवेशन ने भारतीय समाज में महिलाओं की स्थिति पर कैसा प्रभाव डाला?,यूरोपीय उपनिवेशन ने महिलाओं की स्थिति पर संविदा देने और कुछ क्षेत्रों में शिक्षा में सुधार करने के साथ-साथ पैतारिक नीतियों की पुनर्निर्माण की।
Reply to the asked question in Hindi:, यूरोपीय उपनिवेशन ने भारतीय स्वास्थ्य देखभाल पर क्या प्रभाव डाला?,"यूरोपीय उपनिवेशन ने पश्चिमी चिकित्सा प्रथाओं और संस्थानों को प्रस्तुत किया, साथ ही बीमारियों के फैलाव को बढ़ावा दिया और पारंपरिक उपचार पद्धतियों की क्षीणता को बढ़ाया।"
दिए गए प्रश्न का उत्तर हिंदी में दें:,यूरोपीय उपनिवेशन ने भारत में वर्ण व्यवस्था को किस प्रकार प्रभावित किया?," यूरोपीय उपनिवेशन ने वर्ण व्यवस्था पर प्रभाव डालकर पारंपरिक सामाजिक श्रेणियों को चुनौती दी, सामाजिक सुधारों को प्रोत्साहित किया, और कुछ मामलों में भेदभाव को संस्थागत किया।"
दिए गए सवाल का जवाब हिंदी में लिखें:,यूरोपीय उपनिवेशन का भारतीय साहित्य और बौद्धिक परंपराओं पर क्या प्रभाव था?,यूरोपीय उपनिवेशन ने कुछ स्थानीय साहित्यिक रूपों की क्षीणता की जबकि यह भारत में नए साहित्यिक आंदोलनों और बौद्धिक बहसों को प्रेरित किया।
दिए गए प्रश्न का समाधान हिंदी में प्रस्तुत करें:, यूरोपीय उपनिवेशन के भारतीय उपनिवेशन में तकनीक का क्या भूमिका थी?,"यूरोपीय उपनिवेशन ने नई तकनीकों, जैसे कि अग्नियस्त्र, परिवहन, और संचार प्रणालियों का परिचय किया, जो उपनिवेशनी शक्ति गतिकी में महत्वपूर्ण भूमिका निभाई।"
पूछे गए प्रश्न का उत्तर हिंदी में प्रदान करें:,यूरोपीय उपनिवेशन ने भारत के धार्मिक परिदृश्य पर कैसा प्रभाव डाला?,"यूरोपीय उपनिवेशन ने धर्मान्तरण के साथ साथ मौजूदा धर्मों के प्रसार में सहायक होते हुए, भारत में धार्मिक मेलजोल और संघर्ष में योगदान किया।"
बताए गए सवाल का उत्तर हिंदी में दें।,ब्रिटिश पूर्वी भारत कंपनी की आर्थिक नीतियाँ भारत में क्या थीं?,"ब्रिटिश पूर्वी भारत कंपनी ने लाभ को अधिकतम करने के लिए भूमि राजस्व प्रणालियों, व्यापार विनियमन, और औद्योगिक नीतियों को कई आर्थिक नीतियाँ लागू की।"
Diye gaye prashn ka uttar Hindi mein dein:,यूरोपीय उपनिवेशन ने भारत में नगरीकरण में कैसा योगदान किया?,"यूरोपीय उपनिवेशन ने अपारभाषा, व्यापार केंद्र, और प्रशासनिक केंद्रों के विकास में योगदान किया, जिससे भारत में नगरीकरण की बढ़ती गति को प्रोत्साहित किया।"
Diye gaye sawaal ka jawab Hindi mein likhein:, यूरोपीय उपनिवेशन में भारतीय समाज में सामाजिक वर्गीकरण पैटर्न्स क्या थे?,"यूरोपीय उपनिवेशन ने वर्ण, वर्ग, और जाति आदि के आधार पर मौजूदा सामाजिक प्रवृत्तियों को पुनर्निर्मित किया, जबकि भारतीय समाज में नई विभाजनों का उत्थान किया।"
Diye gaye prashn ka samadhan Hindi mein prastut karein:, यूरोपीय उपनिवेशन के खिलाफ मुख्य विद्रोह क्या थे?,"यूरोपीय उपनिवेशन के खिलाफ प्रमुख विद्रोहों में 1857 की सिपाही मुटिनी, नमक सत्याग्रह, और भारत छोड़ो आंदोलन शामिल हैं।"
Pooche gaye prashn ka uttar Hindi mein pradaan karein:,यूरोपीय उपनिवेशन ने भारतीय संगीत और प्रदर्शन कलाओं पर कैसा प्रभाव डाला?," यूरोपीय उपनिवेशन ने भारतीय और पश्चिमी संगीतीय शैलियों के मेलजोल को प्रेरित किया, साथ ही नई वाद्य और प्रदर्शन तकनीकों का परिचय किया।"
Bataye gaye sawaal ka jawab Hindi mein dein:,यूरोपीय उपनिवेशन के दौरान भारतीय राजदूतों की राजनयिक संबंध कैसे थे?,"यूरोपीय उपनिवेशन अक्सर भारतीय राज्यों के साथ गठबंधन करते या संघर्ष करते थे, जिससे उपनिवेशन के दौरान जटिल राजनयिक संबंध उत्पन्न हुए।"
Answer the given question in Hindi:,यूरोपीय उपनिवेशन ने भारत के वातावरण पर कैसा प्रभाव डाला?,"यूरोपीय उपनिवेशन ने वनों का काटना, मिट्टी की क्षारण, और भू-विविधता में परिवर्तन लाया, जिसकी जड़ें भूमि-प्रयोग परिवर्तन और औद्योगिक क्रियाओं में थीं।"
Write your answer to the question in Hindi:,भारत में डच पूर्वी भारत कंपनी की आर्थिक नीतियाँ क्या थीं?," डच पूर्वी भारत कंपनी ने व्यापार को एकत्रित करने, व्यापारिक केंद्रों की स्थापना करने, और भारत में स्थानीय संसाधनों का शोषण करने के लक्ष्य से व्यापारवादी नीतियों को कार्यान्वित किया।"
Provide a response to the given query in Hindi:,उत्तरी भारत में यूरोपीय शक्तियों द्वारा स्थापित मुख्य व्यापार मार्ग क्या थे?,"यूरोपीय शक्तियों ने भारत को यूरोप, दक्षिण-पूर्व एशिया, और अफ्रीका से जोड़ने वाली मुख्य व्यापार मार्ग स्थापित किए, जो सामग्री और विचारों का विनिमय सुनिश्चित करते थे।"
Answer the question in Hindi language:,यूरोपीय उपनिवेशन ने भारत के शहरी वास्तुकला को कैसे प्रभावित किया?,"यूरोपीय उपनिवेशन ने भारतीय शहरी वास्तुकला को कोलोनियल इमारतों, चर्चों, किलों, और प्रशासनिक केंद्रों के निर्माण से प्रभावित किया।"
Reply to the asked question in Hindi:,यूरोपीय उपनिवेशन ने भारतीय सामाजिक सुधारों को कैसे प्रस्तुत किया?,"यूरोपीय उपनिवेशन ने भारतीय समाज को आधुनिकीकरण के लक्ष्य से सामाजिक सुधारों, जैसे कि सती को समाप्त करना, शिक्षा को प्रोत्साहित करना, और बुनियादी संरचनाओं को सुधारना, को प्रस्तुत किया।"
दिए गए प्रश्न का उत्तर हिंदी में दें:,यूरोपीय उपनिवेशन ने भारतीय धर्म प्रथाओं पर कैसा प्रभाव डाला?,"यूरोपीय उपनिवेशन ने मिशनरी गतिविधियों और धार्मिक परिवर्तनों के माध्यम से ईसाइयत को प्रोत्साहित किया, जिससे पूर्वजातिय धार्मिक प्रथाएँ दबाई गईं और धार्मिक परिवर्तनों को लागू किया गया।"
दिए गए सवाल का जवाब हिंदी में लिखें:, यूरोपीय उपनिवेशन ने भारतीय उपनिवेशन के शासन-संरचनाओं पर कैसा प्रभाव डाला?,"यूरोपीय उपनिवेशन ने भारतीय उपनिवेशन के शासन-संरचनाओं में परिवर्तन किए, कुछ को सीधे यूरोपीय शासन के अधीन किया, और कुछ को ब्रिटिश स्वामित्व के तहत स्वतंत्रता दी।"
दिए गए प्रश्न का समाधान हिंदी में प्रस्तुत करें:,"यूरोपीय उपनिवेशन के लिए भारतीय समुदायों के सामाजिक परिणाम क्या थे, इसका क्या होता है?","यूरोपीय उपनिवेशन ने भारतीय समुदायों में सामाजिक उपद्रव, सांस्कृतिक समाहार, और नए सामाजिक पहचानों की उत्पत्ति को ले जाया।"
पूछे गए प्रश्न का उत्तर हिंदी में प्रदान करें:,भारत में महिलाओं की शिक्षा पर यूरोपीय उपनिवेशन का क्या प्रभाव हुआ?,"यूरोपीय उपनिवेशन ने महिलाओं के लिए स्कूल और कॉलेज की स्थापना की, हालांकि शिक्षा की पहुंच सीमित रही और यह अक्सर उच्च वर्ग के परिवारों तक ही सीमित रही।"
बताए गए सवाल का उत्तर हिंदी में दें।,उपनिवेशन के दौरान भारतीय समाजों पर सांस्कृतिक प्रभाव क्या थे?,"भारतीय संस्कृति ने उपनिवेशनीय मुलाकातों और सांस्कृतिक आदान-प्रदान के माध्यम से यूरोपीय कला, साहित्य, फैशन, भोजन, और दर्शन को प्रभावित किया।"
Diye gaye prashn ka uttar Hindi mein dein:,भारत में कर व्यवस्था पर यूरोपीय उपनिवेशन का क्या प्रभाव हुआ?,"यूरोपीय उपनिवेशन ने नई कर व्यवस्थाओं, जैसे की भूमि राजस्व मूल्यांकन और आयात शुल्क, की शुरुआत की, जो अक्सर भारतीय किसानों और व्यापारियों पर भारी बोझ डालते थे।"
Diye gaye sawaal ka jawab Hindi mein likhein:,भारत में यूरोपीय शासकों द्वारा प्रस्तावित प्रशासनिक सुधार क्या थे?,"यूरोपीय शासकों ने भारत में सत्ता को केंद्रीकृत करने, प्रशासन को आधुनिक बनाने, और कुशलता में सुधार करने के उद्देश्य से प्रशासनिक सुधार प्रस्तुत किए।"
Diye gaye prashn ka samadhan Hindi mein prastut karein:,भारत में यूरोपीय उपनिवेशकों द्वारा प्रस्तुत मुख्य बीमारियाँ क्या थीं?,"यूरोपीय उपनिवेशकों ने छोटी मात्रा में अस्वास्थ्यकर बीमारियों, जैसे कि स्मालपॉक्स, कोलेरा, और इंफ्ल्यूजा, को लाया, जिनके कारण भारतीय जनसंख्या पर प्रतिरक्षा की कमी थी।"
Pooche gaye prashn ka uttar Hindi mein pradaan karein:,भारतीय समाजों की धार्मिक सहनशीलता पर यूरोपीय उपनिवेशन का क्या प्रभाव हुआ?,"यूरोपीय उपनिवेशन ने धार्मिक असहिष्णुता और भेदभाव को प्रोत्साहित किया, साथ ही भारत में विभिन्न धार्मिक समुदायों के बीच संघर्षों को भी बढ़ाया।"
Bataye gaye sawaal ka jawab Hindi mein dein:,भारतीय कृषि पर यूरोपीय उपनिवेशन का आर्थिक प्रभाव क्या था?,"यूरोपीय उपनिवेशन ने भारत में भूमि स्वामित्व, फसल पैटर्न, और कृषि व्यवस्थाओं में परिवर्तन लाया, जिससे अक्सर किसान किसानों और भूमिहीन श्रमिकों का शोषण होता था।"
Answer the given question in Hindi:,यूरोपीय उपनिवेशन ने भारत में महिलाओं के कानूनी स्थिति पर कैसा प्रभाव डाला?,"यूरोपीय उपनिवेशन ने विवाह, विरासत, और संपत्ति के अधिकारों संबंधित कानूनों में लिंग समानताओं को कोडिफाई किया, जिससे भारत में महिलाओं की कानूनी स्थिति और स्वतंत्रता को सीमित किया गया।"
Write your answer to the question in Hindi:,भारत में यूरोपीय उपनिवेशकों द्वारा किए गए पर्यावरण संरक्षण प्रयास क्या थे?,"यूरोपीय उपनिवेशकों ने प्राकृतिक संसाधनों का आर्थिक लाभ उठाने के लक्ष्य से वन संरक्षण उपाय, वन्यजीव संरक्षण कानून, और सिंचाई परियोजनाओं को कार्यान्वित किया।"
Provide a response to the given query in Hindi:,भारत में यूरोपीय उपनिवेशन का कैसा प्रभाव डाला था?,"यूरोपीय उपनिवेशन ने भारत में जाति आधारित भेदभाव और सामाजिक विभाजन को मजबूत किया, साथ ही भारतीय समाज में नए प्रकार के सामाजिक बहिष्कार और मार्जिनलाइजेशन का निर्माण किया।"
Answer the question in Hindi language:,भारत में यूरोपीय उपनिवेशकों द्वारा प्रस्तुत सामाजिक कल्याण नीतियाँ क्या थीं?,"यूरोपीय उपनिवेशकों ने स्वास्थ्य सेवाओं, स्वच्छता, और आवास कार्यक्रम जैसी सामाजिक कल्याण नीतियाँ प्रस्तुत कीं, हालांकि इन्हें अक्सर भारतीय समुदायों के स्थान पर यूरोपीय बसने वालों को प्राथमिकता दी गई।"
Reply to the asked question in Hindi:,भारत में यूरोपीय उपनिवेशन का विकास पर कैसा प्रभाव पड़ा?,"यूरोपीय उपनिवेशन ने भारत में रेलवे का निर्माण किया, मुख्य रूप से कच्चे सामग्री और सामान को यूरोप के निर्यात के लिए तय किया।"
दिए गए प्रश्न का उत्तर हिंदी में दें:,भारत में यूरोपीय उपनिवेशकों द्वारा प्रस्तुत मुख्य सांस्कृतिक त्योहार क्या थे?,"यूरोपीय उपनिवेशकों ने क्रिसमस, ईस्टर, और नववर्ष के जैसे सांस्कृतिक त्योहार प्रस्तुत किए, जो भारतीय धार्मिक और सांस्कृतिक अभ्यासों में समाहित और सम्मिलित किए गए।"
दिए गए सवाल का जवाब हिंदी में लिखें:,भारत में यूरोपीय उपनिवेशन का यथार्थ ज्ञान प्रणालियों पर कैसा प्रभाव पड़ा?,"यूरोपीय उपनिवेशन ने पश्चिमी शिक्षा और मूल्यों के पक्ष में प्राचीन ज्ञान प्रणालियों, भाषाओं, और अभ्यासों को छोटा किया और दमन किया।"
दिए गए प्रश्न का समाधान हिंदी में प्रस्तुत करें:,यूरोपीय बसने वालों और भारतीय समुदायों के बीच आर्थिक असमानताओं क्या थे?,"यूरोपीय बसने वाले आर्थिक लाभ, भूमि प्रोत्साहन, और संसाधनों की पहुंच का आनंद लेते थे, जबकि भारतीय समुदायों को उपनिवेशकाल में शोषण, गरीबी, और प्रवासन का सामना करना पड़ता था।"
पूछे गए प्रश्न का उत्तर हिंदी में प्रदान करें:,भारत में यूरोपीय उपनिवेशन का भारतीय साहित्य के विकास पर कैसा प्रभाव पड़ा?,"यूरोपीय उपनिवेशन ने भारतीय साहित्य को नए साहित्यिक रूप, विषय, और भाषाओं के परिचय के माध्यम से प्रभावित किया, साथ ही यूरोपीय कामों के भारतीय भाषाओं में अनुवाद किया।"
बताए गए सवाल का उत्तर हिंदी में दें।,भारत में यूरोपीय उपनिवेशन का पारंपरिक स्वास्थ्य प्रथाओं पर कैसा प्रभाव पड़ा?,"यूरोपीय उपनिवेशन ने पश्चिमी चिकित्सा प्रणालियों के पक्ष में पारंपरिक स्वास्थ्य प्रथाओं जैसे कि आयुर्वेद, यूनानी, और सिद्ध चिकित्सा का अपघात किया।"
Diye gaye prashn ka uttar Hindi mein dein:,भारत में यूरोपीय उपनिवेशकों द्वारा किए गए श्रम नीतियों क्या थे?,"यूरोपीय उपनिवेशकों ने श्रम नीतियों जैसे कि आबंधक श्रम, बलप्रयोगी भर्ती, और शोषणात्मक काम की स्थितियों को कार्यान्वित किया, जिससे अक्सर भारतीय श्रमिकों द्वारा विरोध और प्रदर्शन हुआ।"
Diye gaye sawaal ka jawab Hindi mein likhein:,यूरोपीय उपनिवेशन ने भारतीय सिनेमा के विकास पर कैसा प्रभाव डाला?,"यूरोपीय उपनिवेशन ने भारतीय सिनेमा को फिल्म प्रौद्योगिकी, विषयों, और कथा साहित्यिक तकनीकों के परिचय के माध्यम से प्रभावित किया, साथ ही उपनिवेशनीय प्रोपगैंडा फिल्मों की उत्पादन भी किया।"
Diye gaye prashn ka samadhan Hindi mein prastut karein:,यूरोपीय उपनिवेशन के भारतीय हस्तशिल्प उद्योगों पर आर्थिक परिणाम क्या थे?,"यूरोपीय उपनिवेशन ने भारतीय हस्तशिल्प उद्योगों के क्षीण होने का कारण बनाया, क्योंकि आयातित वस्त्रों की प्रतिस्पर्धा, श्रम का शोषण, और स्थानीय बाजारों के नाश हुआ।"
Pooche gaye prashn ka uttar Hindi mein pradaan karein:,यूरोपीय उपनिवेशन ने भारतीय संगीत पर कैसा प्रभाव डाला?,"यूरोपीय उपनिवेशन ने भारतीय संगीत को पश्चिमी संगीतीय वाद्य, संकेतन प्रणालियाँ, और शैलियों के परिचय के माध्यम से प्रभावित किया, साथ ही भारतीय और पश्चिमी शैलियों का मिश्रण हुआ।"
Bataye gaye sawaal ka jawab Hindi mein dein:,यूरोपीय उपनिवेशन ने भारत में कैसी सांस्कृतिक समावेशन नीतियाँ कार्यान्वित कीं?,"यूरोपीय उपनिवेशकों ने भाषा शिक्षा, धार्मिक परिवर्तन, और सांस्कृतिक अपहरण जैसी सांस्कृतिक समावेशन नीतियाँ कार्यान्वित कीं, जिनका उद्देश्य स्थानीय पहचानों को मिटाना और पश्चिमी मूल्यों को प्रचारित करना था।"
Answer the given question in Hindi:,यूरोपीय उपनिवेशन ने भारतीय खेलों के विकास पर कैसा प्रभाव डाला?,"यूरोपीय उपनिवेशन ने पश्चिमी खेलों, खेल की सुविधाएँ, और खेल के प्रतियोगिताओं का परिचय कराया, साथ ही स्कूलों में शारीरिक शिक्षा को बढ़ावा दिया।"
Write your answer to the question in Hindi:,यूरोपीय उपनिवेशन ने भारत में कैसे लिंग नॉर्मों का प्रचार किया?,"यूरोपीय उपनिवेशकों ने पुरुष शासन, महिला अधीनता, और हेटरोनॉर्मेटिविटी को मजबूत किया, साथ ही सुंदरता और व्यवहार के पश्चिमी मानकों को भी लागू किया।"
Provide a response to the given query in Hindi:,यूरोपीय उपनिवेशन ने भारतीय कृषि की पारंपरिक ज्ञान प्रणालियों पर कैसा प्रभाव डाला?,"यूरोपीय उपनिवेशन ने विशेष धान्य और औद्योगिक कृषि के लिए स्थानीय कृषि अभ्यासों, बीजों, और फसलों को कमजोर किया, जिसके परिणामस्वरूप धान्य और औद्योगिक कृषि उत्पादन बढ़ा।"
Answer the question in Hindi language:,उपनिवेशन ने भारतीय सांविदा के विकास पर कैसा प्रभाव डाला?,"यूरोपीय उपनिवेशन ने अंग्रेजी भाषा के अखबारों की स्थापना, प्रेस विनियमन, और सेंसरशिप नीतियाँ कार्यान्वित कीं, साथ ही कोलोनियल प्रोपगैंडा को प्रचारित किया।"
Reply to the asked question in Hindi:, ब्रिटिश औपनिवेशिक काल में भारतीय समुदायों द्वारा कौन-से पर्यावरण संरक्षण प्रयास किए गए थे?,"ब्रिटिश औपनिवेशिकों द्वारा वनोन्मूलन, जलसंसाधन प्रबंधन, और वन्यजीव संरक्षण के प्रतिसाद में भारतीय समुदायों ने पर्यावरण संरक्षण प्रयासों का अभियान चलाया, जबकि उनके लिए यूरोपीय औपनिवेशकों द्वारा वनों की कटाई, भूमि की गिरावट, और संसाधन निष्कर्षण की समस्याओं का सामना था।"
दिए गए प्रश्न का उत्तर हिंदी में दें:,भारतीय खानपान पर यूरोपीय औपनिवेशिक का क्या प्रभाव पड़ा?," यूरोपीय औपनिवेशन ने नई सामग्रियों, खाना पकाने की विधियों, और रसोई शैलियों के परिचय के माध्यम से भारतीय खानपान पर प्रभाव डाला, साथ ही भारतीय और यूरोपीय स्वादों के मिश्रण के माध्यम से।"
दिए गए सवाल का जवाब हिंदी में लिखें:,भारत में यूरोपीय औपनिवेशन के दौरान श्रम प्रवाह पैटर्न क्या थे?,"यूरोपीय औपनिवेशन के दौरान श्रम प्रवाह पैटर्न में भारतीय श्रमिकों का बलपूर्वक नियोक्ता द्वारा बुलाना शामिल था, जिन्हें बागवानी, खनन, निर्माण, और अन्य श्रम-संबंधित उद्योगों के लिए बंदूक़बाज़ उत्पादों के कार्यक्षेत्रों में शामिल किया गया।"
दिए गए प्रश्न का समाधान हिंदी में प्रस्तुत करें:,यूरोपीय औपनिवेशन ने भारतीय विज्ञान और प्रौद्योगिकी के विकास पर कैसा प्रभाव डाला?,"यूरोपीय औपनिवेशन ने पश्चिमी वैज्ञानिक विधियों, अनुसंधान संस्थानों, और प्रौद्योगिकी नवाचारों के परिचय के माध्यम से भारतीय विज्ञान और प्रौद्योगिकी पर प्रभाव डाला, साथ ही भारतीय वैज्ञानिक विधाओं को पश्चिमी वैज्ञानिक विषयों के साथ मिलाकर एकीकृत किया।"
पूछे गए प्रश्न का उत्तर हिंदी में प्रदान करें:,औपनिवेशिक काल में भारतीय क्रांतिकारियों द्वारा प्रारंभिक वातावरणिक न्याय आंदोलन क्या थे?,"औपनिवेशिक काल में भारतीय क्रांतिकारियों ने पवित्र वृक्षारोपण, प्राकृतिक संसाधनों के संरक्षण, और भूमि हड़पन और औद्योगिक प्रदूषण के खिलाफ विरोध के रूप में प्रारंभिक वातावरणिक न्याय आंदोलन की शुरुआत की।"
बताए गए सवाल का उत्तर हिंदी में दें।,यूरोपीय औपनिवेशन ने भारत के पारंपरिक चिकित्सा प्रथाओं पर कैसा प्रभाव डाला?,"यूरोपीय औपनिवेशन ने पारंपरिक चिकित्सा प्रथाओं जैसे आयुर्वेद, योग, और प्राकृतिक चिकित्सा को दमन और अपनाव किया, पश्चिमी चिकित्सा प्रणालियों और फार्मास्यूटिकल व्यवस्थाओं के पक्षपातिक उपयोग की प्रोत्साहना के लिए।"
Diye gaye prashn ka uttar Hindi mein dein:, औपनिवेशिक काल में भारतीय बुद्धिजीवियों द्वारा प्रारंभिक सांस्कृतिक पुनर्जागरण आंदोलन क्या थे?,"औपनिवेशिक काल में भारतीय बुद्धिजीवियों ने प्रारंभिक सांस्कृतिक पुनर्जागरण आंदोलन की शुरुआत की, जिसमें स्थानीय भाषाओं, साहित्य, कला, और परंपराओं को प्रोत्साहित किया गया, जबकि यूरोपीय औपनिवेशिकों द्वारा सांस्कृतिक स्वास्थ्यकरण और मिट्टी के मुल्यों के खिलाफ प्रयास किया गया।"
Diye gaye sawaal ka jawab Hindi mein likhein:,यूरोपीय औपनिवेशन ने भारतीय साहित्य और लोककथा के विकास पर कैसा प्रभाव डाला?,"यूरोपीय औपनिवेशन ने भारतीय साहित्य और लोककथा को नए साहित्यिक रूपों, विषयों, और शैलियों के माध्यम से प्रभावित किया, साथ ही कोलोनियल कथाओं और विचारधाराओं के प्रतिक्रियात्मक रूप में पारंपरिक कहानियों और मिथकों का पुन: व्याख्यान किया।"
Diye gaye prashn ka samadhan Hindi mein prastut karein:,औपनिवेशिक काल में भारतीय श्रमिकों द्वारा श्रम अधिकारों के आंदोलन क्या थे?,"भारतीय श्रमिकों ने श्रम अधिकारों के आंदोलन की शुरुआत की, जिसमें न्यायसंगत वेतन, बेहतर काम की शर्तें, और संगठन करने और संघर्ष करने का अधिकार की मांग की गई, यूरोपीय औपनिवेशिकों और पूंजीवादी नियोक्ताओं के द्वारा शोषण और शोषण के प्रति प्रतिक्रिया के रूप में।"
Pooche gaye prashn ka uttar Hindi mein pradaan karein:,यूरोपीय औपनिवेशन ने भारतीय समुदायों की सांस्कृतिक पहचानों पर कैसा प्रभाव डाला?,"यूरोपीय औपनिवेशन ने भारतीय समुदायों की सांस्कृतिक पहचानों को पश्चिमी मूल्यों, भाषाओं, और जीवनशैलियों के प्रोत्साहन के माध्यम से प्रभावित किया, साथ ही स्थानीय भाषाओं, परंपराओं, और रीतियों के दबाव के साथ सांस्कृतिक मिश्रण, प्रतिरोध, और पुनर्जागरण आंदोलनों की शुरुआत की।"
Bataye gaye sawaal ka jawab Hindi mein dein:,सिपाही विद्रोह/भारतीय स्वतंत्रता संग्राम की पहल (1857-1858) का महत्व क्या था?,"सिपाही विद्रोह ने भारतीय शासन के खिलाफ पहली बड़ी मात्रा में बगावत को चिह्नित किया, जिसमें भारतीय सैनिकों के बीच विभिन्न मुद्दों पर नाराजगी को हाइलाइट किया गया, जैसे सांस्कृतिक असंवेदनशीलता और राइफल कार्ट्रिज में पशु तेल का उपयोग।"
Answer the given question in Hindi:,ब्रिटिश प्रशासनिक सुधार और नीतियों का भारत पर क्या प्रभाव हुआ?,"ब्रिटिश प्रशासनिक सुधार ने केंद्रीकृत शासन, रेलवे जैसे आधुनिक बुनियादी ढांचे, और कानूनी प्रणाली की स्थापना जैसी सुविधाएँ प्रस्तुत की, लेकिन साथ ही संसाधनों का शोषण किया और स्थानीय उद्योगों को दबाया, जिससे आर्थिक और सामाजिक परिवर्तन हुआ।"
Write your answer to the question in Hindi:,भारतीय राष्ट्रीय आंदोलन के मुख्य नेता कौन थे?,"महात्मा गांधी, जवाहरलाल नेहरू, और सुभाष चंद्र बोस प्रमुख नेता के रूप में सामने आए, जो भारत के स्वतंत्रता संघर्ष में अनूठे विचारधारा और रणनीतियों को साझा किया।"
Provide a response to the given query in Hindi:,भारतीय राष्ट्रीय कांग्रेस (1885) और मुस्लिम लीग (1906) के गठन के पीछे का उद्देश्य क्या था?,"भारतीय राष्ट्रीय कांग्रेस का उद्देश्य आत्म-संचालन और भारतीय हितों के प्रतिनिधित्व को बढ़ावा देना था, जबकि मुस्लिम लीग ने ब्रिटिश भारत के संदर्भ में मुस्लिम राजनीतिक अधिकारों और हितों की संरक्षा करने का प्रयास किया।"
Answer the question in Hindi language:,"बंगाल के विभाजन के पीछे कौनसी परिस्थितियाँ थीं, और इसे फिर से क्यों निरस्त किया गया था 1911 में?","बंगाल का विभाजन धार्मिक आधार पर प्रदेश को विभाजित करने का इरादा था, लेकिन इसे भारतीय राष्ट्रवादियों के विरोध का सामना करना पड़ा और आम विरोध और राजनीतिक दबाव के कारण इसे अंततः निरस्त कर दिया गया।"
Reply to the asked question in Hindi:,जलियांवाला बाग नरसंहार (1919) के घटनाक्रमों और इसके प्रभाव का वर्णन कीजिए।,"जलियांवाला बाग नरसंहार में ब्रिटिश सेना ने अमृतसर में असशस्त्र भारतीय नागरिकों पर गोली चलाई, जिससे सैकड़ों की मौत हुई और पूरे भारत में रोष का संचार हुआ, जिसने अंततः स्वतंत्रता आंदोलन को ऊर्जावान किया।"
दिए गए प्रश्न का उत्तर हिंदी में दें:,गांधी द्वारा नेतृत्व किए गए असहयोग आंदोलन (1920-1922) के उद्देश्य और परिणाम क्या थे?,"असहयोग आंदोलन का उद्देश्य ब्रिटिश संस्थानों का बहिष्कार करना और अहिंसात्मक विरोध को प्रोत्साहित करना था, लेकिन यह असहयोग बाधित घटनाओं और प्राधिकरणों के साथ झड़पों के मामले में स्थगित किया गया, फिर भी यह राष्ट्रवादी भावनाओं को काफी बढ़ावा दिया।"
दिए गए सवाल का जवाब हिंदी में लिखें:,"नागरिक अवहेलना आंदोलन (1930-1934) असहयोग आंदोलन से कैसे भिन्न था, और इसके प्रमुख उपलब्धियां क्या थीं?","नागरिक अवहेलना आंदोलन अहिंसात्मक विरोध के सिद्धांतों को विस्तारित किया, जिसमें भारतीयों की व्यापक असहयोग और नागरिक अवहेलना के कार्यों को बढ़ावा दिया गया, जिससे ब्रिटिश प्राधिकरणों पर अधिक दबाव बढ़ा, जिससे विभिन्न सहमतियों पर पहुँची।"
दिए गए प्रश्न का समाधान हिंदी में प्रस्तुत करें:,भारत छोड़ो आंदोलन (1942) के प्रमुख घटनाक्रम और प्रतिक्रियाएँ क्या थीं?,"भारत छोड़ो आंदोलन एक विशालकाय प्रदर्शन था जिसमें ब्रिटिश शासन को समाप्ति की माँग की गई, जो व्यापक गिरफ्तारी और ब्रिटिश प्राधिकरणों द्वारा दमन के साथ साथ हुआ, लेकिन यह भारतीय जनता की स्वतंत्रता के प्रति अटल और निर्णायक इच्छाशक्ति को दिखाता था।"
पूछे गए प्रश्न का उत्तर हिंदी में प्रदान करें:,प्रथम और द्वितीय विश्व युद्ध ने भारतीय स्वतंत्रता संग्राम को कैसे प्रभावित किया?,"दोनों युद्धों का महत्वपूर्ण प्रभाव था, क्योंकि भारतीय युद्ध में भाग लेने से स्वायत्तता की मांग बढ़ गई और ब्रिटिश साम्राज्य की कमजोरियों को प्रकट किया, जिससे स्वतंत्रता की दिशा में महामूल्यन कोष्ठक बढ़ा।"
बताए गए सवाल का उत्तर हिंदी में दें।,1947 में भारत के विभाजन और इसके परिणाम से संबंधित परिस्थितियाँ क्या थीं?,"भारत का विभाजन सांप्रदायिक तनावों और हिन्दुओं और मुस्लिमों के बीच राजनीतिक विभाजन की परिणामस्वरूप हुआ, जिससे भारत और पाकिस्तान का निर्माण हुआ, जो व्यापक हिंसा, पलायन, और जीवन की हानि के साथ साथ हुआ।"
Diye gaye prashn ka uttar Hindi mein dein:,ब्रिटिश राज ने भारत के सामाजिक-आर्थिक परिदृश्य को कैसे आकार दिया?,"ब्रिटिश राज ने मोडर्न बुनियादी ढांचे, प्रशासनिक प्रणालियाँ, और शिक्षा की प्रस्तुति जैसे परिवर्तन लाए, लेकिन इसने संसाधनों का शोषण किया, पारंपरिक उद्योगों को विघटित किया, और सामाजिक असमानताओं को बढ़ाया।"
Diye gaye sawaal ka jawab Hindi mein likhein:,स्वतंत्रता संग्राम में भारतीय राजकुमारियों की क्या भूमिका थी?,"भारतीय राजकुमारियों ने स्वतंत्रता संग्राम के प्रति उनके प्रतिक्रिया में विविधता दिखाई, कुछ ब्रिटिश के साथ सहमत हो गए, कुछ राष्ट्रवादी कॉज को समर्थन किया, और कुछ न्यूनतम रहे, अंततः भारत की स्वतंत्रता और विभाजन की प्रक्रिया पर प्रभाव डाला।"
Diye gaye prashn ka samadhan Hindi mein prastut karein:,ब्रिटिश की विभाजन और नियंत्रण नीति ने भारत के विभाजन में कैसे योगदान दिया?,"ब्रिटिश की विभाजन और नियंत्रण नीति ने भारतीय समाज की धार्मिक और जातीय विभाजनों का शोषण किया, हिन्दू और मुस्लिमों के बीच टन्सन को बढ़ाया, जिससे अंततः भारत के विभाजन और पाकिस्तान का निर्माण हुआ।"
Pooche gaye prashn ka uttar Hindi mein pradaan karein:,"भारतीय राष्ट्रीय आंदोलन विभिन्न समयों में कैसे विकसित हुआ, और इसकी प्रमुख चुनौतियाँ और सफलताएँ क्या थीं?","भारतीय राष्ट्रीय आंदोलन ने विभिन्न चरणों में विकास किया, पहले सुधार की मांगों से लेकर बाद में बड़े पैमाने पर असहयोग और अहिंसात्मक विरोध तक, इसके अंदरीकरणीय विभाजनों, ब्रिटिश दमन, और सांप्रदायिक तनावों जैसी चुनौतियों का सामना किया, फिर भी स्वतंत्रता की दिशा में महत्वपूर्ण मील के पत्थर हासिल किए।"
Bataye gaye sawaal ka jawab Hindi mein dein:,सिपाही विद्रोह/भारतीय स्वतंत्रता संग्राम (1857-1858) का महत्व क्या था?,"सिपाही विद्रोह ने भारत में ब्रिटिश शासन के खिलाफ पहला विशालकाय विद्रोह किया, जिसने भारतीय सैनिकों के बीच विभिन्न मुद्दों पर असंतोष को हाइलाइट किया, जैसे कि सांस्कृतिक असहानुभूति और राइफल कार्ट्रिज में पशु तेल का उपयोग।"
Answer the given question in Hindi:,ब्रिटिश प्रशासनिक सुधार और नीतियों का भारत पर क्या प्रभाव हुआ?,"ब्रिटिश प्रशासनिक सुधार ने केंद्रीकृत शासन, रेलवे जैसे आधुनिक बुनियादी ढांचे, और कानूनी प्रणाली की स्थापना प्रस्तुत की, लेकिन इसने साथ ही संसाधनों का शोषण किया और स्थानीय उद्योगों को दबाया, जिससे आर्थिक और सामाजिक परिवर्तन हुआ।"
Write your answer to the question in Hindi:,भारतीय राष्ट्रीय आंदोलन के मुख्य नेता कौन थे?,"महात्मा गांधी, जवाहरलाल नेहरू, और सुभाष चंद्र बोस प्रमुख नेता के रूप में सामने आए, जो भारत के स्वतंत्रता संघर्ष में अनूठे विचारधारा और रणनीतियों को साझा किया।"
Provide a response to the given query in Hindi:,भारतीय राष्ट्रीय कांग्रेस (1885) और मुस्लिम लीग (1906) के गठन के पीछे का उद्देश्य क्या था?,"भारतीय राष्ट्रीय कांग्रेस का उद्देश्य आत्म-संचालन और भारतीय हितों के प्रतिनिधित्व को बढ़ावा देना था, जबकि मुस्लिम लीग ने ब्रिटिश भारत के संदर्भ में मुस्लिम राजनीतिक अधिकारों और हितों की संरक्षा करने का प्रयास किया।"
Answer the question in Hindi language:,"1905 में बंगाल के विभाजन का क्या कारण था, और 1911 में इसे क्यों निरस्त किया गया था?","बंगाल का विभाजन धार्मिक आधार पर प्रदेश को विभाजित करने का इरादा था, लेकिन इसे भारतीय राष्ट्रवादियों के विरोध का सामना करना पड़ा और आम विरोध और राजनीतिक दबाव के कारण इसे अंततः निरस्त कर दिया गया।"
Reply to the asked question in Hindi:,जलियांवाला बाग हत्याकांड (1919) के आसपास के घटनाक्रमों का विवरण और इसका प्रभाव वर्णित कीजिए।,"जलियांवाला बाग हत्याकांड में ब्रिटिश सेना ने अमृतसर में असशस्त्र भारतीय नागरिकों पर गोली चलाई, जिससे सैकड़ों की मौत हुई और पूरे भारत में रोष का संचार हुआ, जिसने अंततः स्वतंत्रता आंदोलन को ऊर्जावान किया।"
दिए गए प्रश्न का उत्तर हिंदी में दें:,असहयोग आंदोलन (1920-1922) के उद्देश्य और परिणाम क्या थे?,"असहयोग आंदोलन का उद्देश्य ब्रिटिश संस्थानों का बहिष्कार करना और अहिंसात्मक विरोध को प्रोत्साहित करना था, लेकिन यह असहयोग बाधित घटनाओं और प्राधिकरणों के साथ झड़पों के मामले में स्थगित किया गया, फिर भी यह राष्ट्रवादी भावनाओं को काफी बढ़ावा दिया।"
दिए गए सवाल का जवाब हिंदी में लिखें:,"नागरिक अवहेलना आंदोलन (1930-1934) असहयोग आंदोलन से कैसे भिन्न था, और इसके प्रमुख उपलब्धियां क्या थीं?","नागरिक अवहेलना आंदोलन अहिंसात्मक विरोध के सिद्धांतों को विस्तारित किया, जिसमें भारतीयों की व्यापक असहयोग और नागरिक अवहेलना के कार्यों को बढ़ावा दिया गया, जिससे ब्रिटिश प्राधिकरणों पर अधिक दबाव बढ़ा, जिससे विभिन्न सहमतियों पर पहुँची।"
दिए गए प्रश्न का समाधान हिंदी में प्रस्तुत करें:,भारत छोड़ो आंदोलन (1942) के प्रमुख घटनाक्रम और प्रतिक्रियाएँ क्या थीं?,"भारत छोड़ो आंदोलन एक विशालकाय प्रदर्शन था जिसमें ब्रिटिश शासन को समाप्ति की माँग की गई, जो व्यापक गिरफ्तारी और ब्रिटिश प्राधिकरणों द्वारा दमन के साथ साथ हुआ, लेकिन यह भारतीय जनता की स्वतंत्रता के प्रति अटल और निर्णायक इच्छाशक्ति को दिखाता था।"
पूछे गए प्रश्न का उत्तर हिंदी में प्रदान करें:,प्रथम और द्वितीय विश्व युद्ध ने भारतीय स्वतंत्रता संग्राम को कैसे प्रभावित किया?,"दोनों युद्धों का महत्वपूर्ण प्रभाव था, क्योंकि भारतीय युद्ध में भाग लेने से स्वायत्तता की मांग बढ़ गई और ब्रिटिश साम्राज्य की कमजोरियों को प्रकट किया, जिससे स्वतंत्रता की दिशा में महामूल्यन कोष्ठक बढ़ा।"
बताए गए सवाल का उत्तर हिंदी में दें।,भारत के विभाजन के सम्बंध में 1947 में क्या परिस्थितियाँ थीं और इसके बाद क्या प्रभाव हुआ?,"भारत का विभाजन धार्मिक तनाव और हिंदुओं और मुस्लिमों के बीच राजनीतिक विभाजन के परिणामस्वरूप था, जिससे भारत और पाकिस्तान का निर्माण हुआ, जिसके साथ व्यापक हिंसा, स्थानांतरण, और जीवन की हानि होती रही।"
Diye gaye prashn ka uttar Hindi mein dein:,ब्रिटिश राज ने अपने शासन काल में भारत के सामाजिक-आर्थिक परिदृश्य को कैसे आकार दिया?,"ब्रिटिश राज ने मोडर्न बुनियादी ढांचे, प्रशासनिक प्रणालियाँ, और शिक्षा जैसे नए परिवर्तन लाए, लेकिन इसने साथ ही संसाधनों का शोषण किया, पारंपरिक उद्योगों को विघटित किया, और सामाजिक असमानताओं को बढ़ाया।"
Diye gaye sawaal ka jawab Hindi mein likhein:,भारतीय राजकुमारियों की स्वतंत्रता संग्राम में क्या भूमिका थी?,"भारतीय राजकुमारियाँ स्वतंत्रता संग्राम में भिन्न प्रतिक्रियाएँ दिखाई, कुछ ब्रिटिश के साथ हो गए, कुछ राष्ट्रवादी कार्यकर्ताओं को समर्थन दिया, और कुछ न्यूत्रल रहे, जिससे भारत की स्वतंत्रता और विभाजन प्रक्रिया पर प्रभाव पड़ा।"
Diye gaye prashn ka samadhan Hindi mein prastut karein:,ब्रिटिश के विभाजन और शासन नीति ने भारत के विभाजन में कैसे योगदान दिया?,"ब्रिटिश की विभाजन और शासन नीति ने भारतीय समाज की धार्मिक और जातीय विभाजनों का शोषण किया, हिंदू और मुस्लिमों के बीच टन्सन को बढ़ाया, जिससे अंततः भारत का विभाजन और पाकिस्तान का निर्माण हुआ।"
Pooche gaye prashn ka uttar Hindi mein pradaan karein:,"भारतीय राष्ट्रीय आंदोलन किस प्रकार विकसित हुआ, और इसकी प्रमुख चुनौतियाँ और सफलताएँ क्या थीं?","भारतीय राष्ट्रीय आंदोलन ने विभिन्न चरणों में विकसित होकर, मध्यम रूप से सुधार की मांगों से लेकर बाद में बड़े पैमाने पर असहयोग और अहिंसात्मक विरोध तक, विभिन्न चुनौतियों का सामना किया, लेकिन अंततः स्वतंत्रता की दिशा में महत्वपूर्ण मील के पत्थर हासिल किए।"
Bataye gaye sawaal ka jawab Hindi mein dein:,महात्मा गांधी का भारतीय स्वतंत्रता संग्राम में क्या भूमिका था?,"महात्मा गांधी, अपने अहिंसात्मक संघर्ष (सत्याग्रह) के दरियाए भारतीय जनता को जोड़ने और ब्रिटिश शासन के खिलाफ विभिन्न आंदोलनों की अगुआई करके, स्वायत्तता और सामाजिक सुधार की प्रोत्साहना करते रहे।"
Answer the given question in Hindi:,1919 के रॉलेट अधिनियम ने भारत में राष्ट्रवादी भावनाओं में कैसे योगदान किया?,"रॉलेट अधिनियम, जिसने अनिश्चित समय के लिए बिना अदालती श्रेणी के दाखिले की अनुमति दी, ने व्यापक प्रदर्शनों और असहयोग से जोरदार प्रतिरोध उत्पन्न किया, जिससे ब्रिटिश शासन के खिलाफ नफरत बढ़ी और राष्ट्रवादी भावनाओं को मजबूत किया।"
Write your answer to the question in Hindi:,"साइमन आयोग क्या था, और भारत में इसके विरोध क्यों हुआ?","साइमन आयोग एक ब्रिटिश संसदीय आयोग था, जिसका कार्य हुआ था भारत सरकार अधिनियम 1919 की कार्यान्वयन पर समीक्षा करना, लेकिन यह भारत में अपने सभी-ब्रिटिश संरचना और भारतीय प्रतिनिधित्व की कमी के कारण विरोध में आया, जिससे व्यापक बहिष्कार और प्रदर्शन हुआ।"
Provide a response to the given query in Hindi:,राउंड टेबल सम्मेलन (1930-1932) ने भारत की स्वतंत्रता के मार्ग में कैसे योगदान दिया?,"राउंड टेबल सम्मेलन भारतीय नेताओं को ब्रिटिश सरकार के साथ संवैधानिक सुधार और भारत के भविष्य पर परामर्श करने का मंच प्रदान किया, हालांकि अंततः यह सहमति प्राप्त नहीं हुआ, लेकिन यह भविष्य के परामर्श और संवैधानिक विकास के लिए आधार रखता है।"
Answer the question in Hindi language:,भारतीय स्वतंत्रता संग्राम में महिलाओं की क्या भूमिका थी?,"महिलाएँ स्वतंत्रता संग्राम के विभिन्न पहलुओं में महत्वपूर्ण भूमिकाएँ निभाई, प्रदर्शनों में भाग लेकर, बहिष्कारों का आयोजन करके, और सामाजिक सुधार के प्रयासों में योगदान करके, हालांकि उनके योगदान को अक्सर अनदेखा या उन्हें कमजोर किया गया।"
Reply to the asked question in Hindi:,भारतीय कृषि पर ब्रिटिश उपनिवेशवाद का आर्थिक परिणाम क्या था?,"ब्रिटिश उपनिवेशवाद ने भारत पर गहरा आर्थिक परिणाम डाला, जिसमें संसाधनों का शोषण, पारंपरिक उद्योगों का नष्ट होना, और अन्यायपूर्ण कर धर नीतियों का अधिष्ठापन शामिल था, जिससे व्यापक गरीबी और आर्थिक संघर्ष में बढ़ोतरी हुई।"
दिए गए प्रश्न का उत्तर हिंदी में दें:,भारतीय साहित्य और संस्कृति ने ब्रिटिश उपनिवेशवाद का कैसे प्रतिक्रिया दी?,"भारतीय साहित्य और संस्कृति ने ब्रिटिश उपनिवेशवाद का समाधान किए अनेक तरीकों से, जिनमें राष्ट्रवादी लेखन, सांस्कृतिक पुनर्जागरूकता आंदोलन, और स्थानीय भाषाओं और परंपराओं को संरक्षित और प्रोत्साहित करने के प्रयास शामिल हैं, जो संघर्ष और पहचान की प्लेटफ़ॉर्म के रूप में कार्य करते हैं।"
दिए गए सवाल का जवाब हिंदी में लिखें:,"गांधी, नेहरू, और बोस जैसे नेताओं के बीच प्रमुख धारात्मक अंतर क्या थे?","गांधी अहिंसात्मक विरोध और आध्यात्मिक पुनर्जागरूकता पर जोर दिया, नेहरू समाजवाद और आधुनिकीकरण की बात की, जबकि बोस स्वतंत्रता प्राप्ति के प्रति अधिक कठोर प्रक्रिया का समर्थन किया, जो स्वतंत्रता आंदोलन के भीतर विभिन्न धाराओं को प्रतिबिम्बित करता है।"
दिए गए प्रश्न का समाधान हिंदी में प्रस्तुत करें:,1930 का नमक सत्याग्रह ब्रिटिश उपनिवेशवाद के खिलाफ संघर्ष का प्रतीक कैसे था?,"1930 का नमक सत्याग्रह, जिसका गांधी ने नेतृत्व किया, में अनियमित तरीके से नमक का उत्पादन और बिक्री शामिल थी, जो ब्रिटिश द्वारा भारी राशि में कर लगाई जाती थी, जो कोलोनियल कानूनों के खिलाफ विरोध को प्रतिष्ठित करता था और स्वतंत्रता आंदोलन में जनसमूहों की भागीदारी को बढ़ावा देता था।"
पूछे गए प्रश्न का उत्तर हिंदी में प्रदान करें:,स्वतंत्रता संग्राम में भगत सिंह और अन्य क्रांतिकारी नेताओं का योगदान क्या था?,"भगत सिंह और अन्य क्रांतिकारी नेताओं ने ब्रिटिश शासन के खिलाफ आर्म्ड विरोध का समर्थन किया, सबोटाज और हत्या के कार्यों को कार्यान्वित किया, हालांकि उनके उपाय गांधी के उपायों से अलग थे, उन्होंने राष्ट्रवादी भावनाओं को जागरूक करने में महत्वपूर्ण भूमिका निभाई।"
बताए गए सवाल का उत्तर हिंदी में दें।,ब्रिटिश विभाजन और शासन नीति ने भारत में सांप्रदायिक तनावों को कैसे बढ़ाया?,"ब्रिटिश विभाजन और शासन नीति ने भारतीय समाज के धार्मिक और जातीय विभाजनों का शोषण किया, समुदायों को एक दूसरे के खिलाफ राजनीतिक लाभ के लिए प्रोत्साहित किया, जो सांप्रदायिक तनावों को गहराया और अंततः भारत के विभाजन में योगदान किया।"
Diye gaye prashn ka uttar Hindi mein dein:,"1935 के भारत सरकार अधिनियम की मुख्य विशेषताएं क्या थीं, और इसका भारत के स्वतंत्रता के मार्ग पर कैसा प्रभाव हुआ?","1935 के भारत सरकार अधिनियम ने प्रांतीय स्वायत्तता और सीमित लोकतांत्रिक सुधार लाए, लेकिन यह पूर्ण स्वायत्तता की भारतीय मांगों के लिए कम रह गया, लेकिन यह आखिरकार ब्रिटिश के हाथों सत्ता का स्थानांतरण करने के लिए मार्ग प्रदर्शन किया।"
Diye gaye sawaal ka jawab Hindi mein likhein:,"विश्व युद्ध I और II के दौरान भारतीय सैनिकों ने ब्रिटिश युद्ध प्रयास में कैसे योगदान किया, और इसके परिणाम क्या थे?","विश्व युद्ध के दौरान भारतीय सैनिकों ने ब्रिटिश सेना में बड़े पैमाने पर सेवा की, लेकिन उन्हें भेदभाव और शोषण का सामना करना पड़ा, जिससे राष्ट्रवादी भावनाओं में बढ़ोतरी हुई और स्वतंत्रता की मांग हुई।"
Diye gaye prashn ka samadhan Hindi mein prastut karein:,"1947 में बंगाल के विभाजन के प्रमुख घटनाक्रम क्या थे, और इसके परिणाम क्या थे?","1947 में बंगाल का विभाजन धार्मिक तनावों और राजनीतिक विभाजनों के परिणामस्वरूप हुआ, जिससे व्यापक हिंसा, स्थानांतरण, और पूर्वी पाकिस्तान (बांग्लादेश) और पश्चिम बंगाल (भारत) का गठन हुआ।"
Pooche gaye prashn ka uttar Hindi mein pradaan karein:,ब्रिटिश प्रांतीय राज्यों के माध्यम से अप्रत्यक्ष शासन की नीति ने भारत के स्वतंत्रता के मार्ग पर कैसा प्रभाव डाला?,"अप्रत्यक्ष शासन की ब्रिटिश नीति ने स्थानीय उद्योगपतियों को ब्रिटिश निगरानी के तहत शासन करने की अनुमति दी, लेकिन इसने राष्ट्रीय एकीकरण और लोकतंत्रीकरण की प्रक्रिया को बाधित किया, पोस्ट-स्वतंत्रता राष्ट्र निर्माण के चुनौतियों में योगदान किया।"
Bataye gaye sawaal ka jawab Hindi mein dein:,भारत की बंगाल महामारी के मुख्य कारण और परिणाम क्या थे?,"1943 की बंगाल महामारी का कारण प्राकृतिक आपदाओं, युद्धकालीन स्थितियों, और ब्रिटिश नीतियों का संयोजन था, जो व्यापक भूखमरी और मृत्यु की स्थिति को उत्पन्न करने के लिए पहुंचा, फिर भी इसने साम्राज्यिक शासन के विफलताओं को हाइलाइट किया और स्वतंत्रता की पुनरावृत्ति के लिए नए मांगों को उत्पन्न किया।"
Answer the given question in Hindi:,भारतीय शिक्षा प्रणाली ने राष्ट्रीय भावनाओं को कैसे बढ़ावा दिया?,"भारतीय शिक्षा प्रणाली ने पश्चिमी विचारों और मूल्यों को प्रस्तुत किया, लेकिन यह राष्ट्रीय जागरूकता की भावना को बढ़ावा दिया और भारतीयों को राजनीतिक रूप में जुटने के अवसर प्रदान किया, जिससे शिक्षित मध्यम वर्ग और बुद्धिजीवी तड़के उत्पन्न हुए।"
Write your answer to the question in Hindi:,भारतीय विस्थान का क्या योगदान था स्वतंत्रता संग्राम में?,"भारतीय विस्थान ने स्वतंत्रता संग्राम का समर्थन करने में विभिन्न भूमिकाएँ निभाईं, जिसमें वित्तीय योगदान, राजनीतिक लॉबिंग, और विदेश में राष्ट्रवादी विचारों का प्रसार शामिल है, जिससे आंतरराष्ट्रीय स्तर पर संघर्ष का प्रभाव बढ़ा।"
Provide a response to the given query in Hindi:,स्वतंत्रता संग्राम के दौरान भारतीय प्रेस ने राष्ट्रवादी विचारों के प्रसार में कैसे योगदान किया?,"स्वतंत्रता संग्राम के दौरान भारतीय प्रेस ने राष्ट्रवादी विचारों को प्रसारित करने, जनमत को संगठित करने, और ब्रिटिश अन्यायों का प्रकाश करने में महत्वपूर्ण भूमिका निभाई, फिर भी इसे सेंसरशिप और दमन का सामना करना पड़ा, यह संघर्ष और जागरूकता के लिए एक शक्तिशाली उपकरण के रूप में कार्य किया।"
Answer the question in Hindi language:,भारतीय राष्ट्रवादी नेताओं को एकता और सहमति की प्राप्ति में किस प्रकार की प्रमुख चुनौतियों का सामना किया गया?,"भारतीय राष्ट्रवादी नेताओं ने क्षेत्रीय विभाजन, भाषाई विविधता, और सांप्रदायिक तनावों जैसी चुनौतियों का सामना किया, जो स्वतंत्रता और उपनिवेशवाद के लिए रणनीतियों को एकता और सहमति की दिशा में रोक दिया।"
Reply to the asked question in Hindi:,सुभाष चंद्र बोस द्वारा नेतृत्व किए गए भारतीय राष्ट्रीय सेना (आईएनए) ने स्वतंत्रता संग्राम में कैसे योगदान किया?,"सुभाष चंद्र बोस द्वारा बनाई गई भारतीय राष्ट्रीय सेना, जिसे जापानी समर्थन के साथ, ब्रिटिश शासन से भारत को मुक्त करने का उद्देश्य था, हालांकि इसकी सैनिक अभियान की सफलता में सीमित सफलता थी, यह स्वतंत्रता संग्राम की वैश्विक आयाम को प्रतिष्ठानित करता था।"
दिए गए प्रश्न का उत्तर हिंदी में दें:,स्वतंत्रता संग्राम के दौरान भारतीय बुद्धिजीवियों और विद्वानों का महत्वपूर्ण योगदान क्या था?,"भारतीय बुद्धिजीवियों और विद्वानों ने राष्ट्रवादी विचारधाराओं को व्यक्त करने, साम्राज्यिक नीतियों की आलोचना करने, और स्वतंत्रता के बाद के भविष्य का कल्पना करने में महत्वपूर्ण भूमिका निभाई, स्वतंत्रता संग्राम की बौद्धिक सीमाओं को आकार दिया।"
दिए गए सवाल का जवाब हिंदी में लिखें:,भारतीय धार्मिक आंदोलनों और नेताओं ने स्वतंत्रता संग्राम में कैसे योगदान किया?,"भारतीय धार्मिक आंदोलनों और नेताओं, जैसे स्वामी विवेकानंद और रवींद्रनाथ टैगोर, ने अपने आध्यात्मिक उपदेशों, सामाजिक क्रियावलियों, और राष्ट्रीय एकता को बढ़ावा देने के लिए स्वतंत्रता संग्राम में योगदान किया, जो करोड़ों भारतीयों को स्वतंत्रता के संघर्ष में शामिल होने के लिए प्रेरित किया।"
दिए गए प्रश्न का समाधान हिंदी में प्रस्तुत करें:,प्राचीन भारत की राज्यों का राजनीतिक परिदृश्य में क्या भूमिका थी?,"प्राचीन भारत के राज्य, जो ब्रिटिश साम्राज्यता के तहत भारतीय राजकुमारों द्वारा शासित थे, औपनिवेशिक भारत के राजनीतिक परिदृश्य का एक महत्वपूर्ण हिस्सा बनाते थे, जो अपनी स्वतंत्रता के डिग्री और राष्ट्रवादी आंदोलनों के साथ संबंधित थे।"
पूछे गए प्रश्न का उत्तर हिंदी में प्रदान करें:,अर्थव्यवस्था के ब्रिटिश शासन के अधिग्रहण का विभिन्न क्षेत्रों पर कैसा प्रभाव पड़ा?,"अर्थव्यवस्था के ब्रिटिश शासन के अधिग्रहण का विभिन्न क्षेत्रों पर भिन्न प्रभाव पड़ा, कुछ क्षेत्र तेजी से औद्योगिकीकरण और आर्थिक विकास का सामना कर रहे थे, जबकि दूसरे धीरे-धीरे उद्योगों के नष्ट होने और दरिद्रता के लिए जुझ रहे थे, जिससे असमान विकास और क्षेत्रीय असमानता का निर्माण हुआ।"
बताए गए सवाल का उत्तर हिंदी में दें।,भारतीय राष्ट्रवादी आंदोलन कैसे अंतरराष्ट्रीय साइडरी आंदोलनों के साथ जुड़ा?,"भारतीय राष्ट्रवादी आंदोलन ने विभिन्न दलों, समाजवादी पार्टियों, और सहानुभूति करने वाली सरकारों से अंतरराष्ट्रीय समर्थन और सहयोग की तलाश की, जिससे ब्रिटिश साम्राज्यवाद के खिलाफ संघर्ष की वैश्विक आयाम को प्रकट किया गया।"
Diye gaye prashn ka uttar Hindi mein dein:,स्वतंत्रता संग्राम में भारतीय महिलाओं का मुख्य योगदान क्या था?,"स्वतंत्रता संग्राम में भारतीय महिलाएं विभिन्न भूमिकाएँ निभाईं, प्रदर्शनों में भाग लिया, बहिष्कार का आयोजन किया, सामाजिक सुधार आंदोलनों की अगुवाई की, और महिला अधिकारों के प्रचार किया, हालांकि उनके योगदान को अक्सर अलगाव किया जाता था, वे इतिहास के पथ को आकार देने में महत्वपूर्ण थे।"
Diye gaye sawaal ka jawab Hindi mein likhein:,कांग्रेस और मुस्लिम लीग की विचारधाराओं में मुख्य अंतर क्या था?,"कांग्रेस ने भारतीय राष्ट्रवाद का धर्मनिरपेक्ष और समावेशी दृष्टिकोण अपनाया, सभी समुदायों का प्रतिनिधित्व करने का प्रयास किया, जबकि मुस्लिम लीग ने मुस्लिमों के विशेष राजनीतिक हितों को उजागर किया और अलग-अलग मतदान क्षेत्रों के लिए प्रतिनिधित्व की मांग की, और आखिरकार पाकिस्तान की स्थापना की।"
Diye gaye prashn ka samadhan Hindi mein prastut karein:,ब्रिटिश ने भारत पर नियंत्रण बनाए रखने के लिए प्रॉपगैंडा का कैसे उपयोग किया?,"ब्रिटिश ने नियंत्रण बनाए रखने के लिए विभिन्न प्रॉपगैंडा तकनीकों का उपयोग किया, जैसे पत्रकारिता का नियंत्रण, प्रेस का नियंत्रण, और प्रो-इम्पीरियलिस्ट नरेटिव्स को फैलाने का, भारत पर नियंत्रण बनाए रखने के लिए, और राष्ट्रवादी आंदोलनों को अस्वीकार करने के लिए।"
Pooche gaye prashn ka uttar Hindi mein pradaan karein:,भारतीय नेताओं को स्वतंत्रता के लिए ब्रिटिश के साथ बातचीत में कौन-कौन सी प्रमुख चुनौतियाँ आईं?,"भारतीय नेताओं को स्वतंत्रता के लिए ब्रिटिश के साथ बातचीत में ब्रिटिश के आलस्य की रूख, राष्ट्रवादी आंदोलन के भीतर विभाजन, और साम्प्रदायिक टन्सन जैसी चुनौतियों का सामना करना पड़ा, जो स्वतंत्रता और पोस्ट-कोलोनियल शासन के लिए संघर्ष को जटिल बनाते थे।"
Bataye gaye sawaal ka jawab Hindi mein dein:,भारतीय खेती और ग्रामीण समाज पर ब्रिटिश भूमि कर और कर नीति का क्या प्रभाव पड़ा?,"ब्रिटिश भूमि कर और कर नीति का प्रभाव, उच्च दरों और अनियमित मूल्यांकन के साथ कृषि निर्मितियों को बोझ डाला और ग्रामीण गरीबी को बढ़ाया, जिससे कृषि विपन्नता और व्यापक असंतुष्टि हुई।"
Answer the given question in Hindi:,भारतीय अस्तित्व के स्वतंत्रता संग्राम में भारतीय विचारकों और विद्वानों का मुख्य योगदान क्या था?,"भारतीय विचारकों और विद्वानों ने राष्ट्रवादी विचारधाराओं को व्यक्त करने, ब्रिटिश नीतियों की आलोचना करने, और स्वतंत्रता के बाद के भविष्य का कल्पना करने में महत्वपूर्ण भूमिका निभाई, स्वतंत्रता संग्राम की बौद्धिक सीमाओं को आकार दिया।"
Write your answer to the question in Hindi:,भारतीय बुद्धिजीवियों और विद्वानों के मुख्य योगदान क्या थे स्वतंत्रता आंदोलन में?,"भारतीय बुद्धिजीवियों और विद्वानों ने राष्ट्रवादी विचारधाराओं को स्पष्ट करने, औपनिवेशिक नीतियों की समीक्षा करने, और स्वतंत्रता के भविष्य को कल्पना करने में महत्वपूर्ण भूमिका निभाई, स्वतंत्रता आंदोलन की बौद्धिक सीमाओं को आकार देने में सहायक रहे।"
Provide a response to the given query in Hindi:,ब्रिटिश जातिवादी भेदभाव नीति ने औपनिवेशिक काल के दौरान भारत पर कैसा प्रभाव डाला?,"ब्रिटिश जातिवादी भेदभाव नीति, जैसे रोलेट अधिनियम और प्रशासन और सैन्य सेवा में भेदभावपूर्ण व्यवहार, भारतीयों के बीच क्रोध और प्रतिरोध को बढ़ावा दिया, जिससे राष्ट्रवादी भावनाओं में योगदान हुआ।"
Answer the question in Hindi language:,स्वतंत्रता आंदोलन में भारतीय महिलाओं के मुख्य योगदान क्या थे?,"स्वतंत्रता आंदोलन में भारतीय महिलाएं विभिन्न भूमिकाओं में योगदान किया, प्रदर्शनों में भाग लिया, बहिष्कार का आयोजन किया, सामाजिक सुधार आंदोलनों का नेतृत्व किया, और महिला अधिकारों की बात की, हालांकि उनके योगदान को अक्सर मान्यता नहीं दी गई, उन्होंने इतिहास के पथ को आकार देने में महत्वपूर्ण भूमिका निभाई।"
Reply to the asked question in Hindi:,कांग्रेस और मुस्लिम लीग के विचारधारा में मुख्य अंतर क्या थे?,"कांग्रेस ने भारतीय राष्ट्रवाद के धार्मिक और समावेशी दृष्टिकोण का समर्थन किया, सभी समुदायों का प्रतिनिधित्व करने का प्रयास किया, जबकि मुस्लिम लीग ने मुसलमानों के विशिष्ट राजनीतिक हितों को जोर दिया और अलग चुनाव क्षेत्रों का प्रचार किया, और अंततः पाकिस्तान की स्थापना की मांग की।"
दिए गए प्रश्न का उत्तर हिंदी में दें:,ब्रिटिश ने स्वायत्तता के लिए बातचीत में भारतीय नेताओं के सामने मुख्य चुनौतियों का कैसे नाम दिया?,"ब्रिटिश नेताओं को स्वतंत्रता की सौदों के लिए ब्रिटिश अनुचितता, राष्ट्रवादी आंदोलन के अंतर्गत विभाजन, और सांप्रदायिक तनावों जैसी चुनौतियों का सामना करना पड़ा, जो स्वतंत्रता और पोस्ट-कोलोनियल शासन के लिए परेशानियों में वृद्धि किया।"
दिए गए सवाल का जवाब हिंदी में लिखें:,ब्रिटिश भूमि राजस्व और कर नीति ने भारतीय कृषि और ग्रामीण समाज पर कैसा प्रभाव डाला?,"ब्रिटिश भूमि राजस्व और कर नीति, जिसमें उच्च दरें और स्वेच्छाचारी मूल्यांकन का अनुशासन था, भारतीय किसानों को भारी बोझ डालती थी और ग्रामीण गरीबी को बढ़ाती थी, जिससे खेती की परेशानी और व्यापक असंतोष हुआ।"
दिए गए प्रश्न का समाधान हिंदी में प्रस्तुत करें:,भारतीय प्रवासियों ने स्वतंत्रता आंदोलन में कैसे योगदान दिया?,"भारतीय प्रवासियों ने स्वतंत्रता आंदोलन का समर्थन करने में विभिन्न भूमिकाएं निभाई, जैसे वित्तीय योगदान, राजनीतिक प्रचार, और राष्ट्रवादी विचारों का विदेश में प्रसार, जिससे आंदोलन का वैश्विक प्रभाव और प्रभाव बढ़ा।"
पूछे गए प्रश्न का उत्तर हिंदी में प्रदान करें:,ब्रिटिश विभाजन और शासन नीति ने भारतीय समुदायों में सांप्रदायिक संबंधों पर कैसा प्रभाव डाला?,"ब्रिटिश विभाजन और शासन नीति ने हिंदुओं और मुसलमानों के बीच सांप्रदायिक तनावों को बढ़ावा दिया, सामाजिक लाभ के लिए समुदायों को विभाजित करने के लिए तथाकथित राजनीतिक लाभ के लिए समुदायों को धार्मिक विभाजन किया, और अंततः भारत के विभाजन में योगदान किया।"
बताए गए सवाल का उत्तर हिंदी में दें।,भारतीय साहित्य और संस्कृति ने ब्रिटिश साम्राज्य के प्रतिरोध कैसे किया?,"भारतीय साहित्य और संस्कृति ने ब्रिटिश साम्राज्य के खिलाफ विभिन्न उपायों से प्रतिक्रिया की, जैसे राष्ट्रवादी लेखन, सांस्कृतिक पुनर्जीवन आंदोलन, और स्थानीय भाषाओं और परंपराओं को संरक्षित और प्रोत्साहित करने के प्रयास, प्रतिरोध और पहचान के लिए मंच के रूप में काम किए।"
Diye gaye prashn ka uttar Hindi mein dein:,भारतीय राष्ट्रीय कांग्रेस के मुख्य उपलब्धियां स्वतंत्रता आंदोलन के दौरान क्या थीं?,"भारतीय राष्ट्रीय कांग्रेस ने जनता को जुटाने, राष्ट्रवादी मांगों को व्यक्त करने, और संवैधानिक सुधारों के लिए ब्रिटिश के साथ बातचीत करने में मध्यस्थता की, अंततः भारत की स्वतंत्रता के लिए मार्ग बनाया।"
Diye gaye sawaal ka jawab Hindi mein likhein:,भारतीय राष्ट्रीय आंदोलन ने विश्व युद्ध प्रथम के बहाल होने पर कैसे प्रतिक्रिया दी थी?,"भारतीय राष्ट्रीय आंदोलन ने प्राथमिक रूप से विश्व युद्ध प्रथम में ब्रिटिश युद्ध प्रयास का समर्थन किया, उम्मीद करते हुए कि इसके बदले में राजनीतिक सुधार होंगे, लेकिन मायूसी के कारण अर्थपूर्ण सुधारों की कमी और विरोध की दमनी से निराशा बढ़ी।"
Diye gaye prashn ka samadhan Hindi mein prastut karein:,"1947 में बंगाल के विभाजन के लिए प्रमुख घटनाएँ क्या थीं, और इसके परिणाम क्या थे?","1947 में बंगाल का विभाजन धार्मिक संघर्षों और हिंदू और मुस्लिमों के बीच राजनीतिक विभाजन के परिणामस्वरूप हुआ, जो व्यापक हिंसा, पलायन, और पूर्व पाकिस्तान (बांग्लादेश) और पश्चिम बंगाल (भारत) की स्थापना की।"
Pooche gaye prashn ka uttar Hindi mein pradaan karein:,ब्रिटिश राज्यों के माध्यम से अप्रत्यक्ष शासन की नीति ने भारत की स्वतंत्रता के मार्ग पर कैसा प्रभाव डाला?,"अप्रत्यक्ष शासन की ब्रिटिश नीति ने स्थानीय श्रेष्ठता को ब्रिटिश अधीनता के तहत शासन करने की अनुमति दी, लेकिन यह राष्ट्रीय एकीकरण और लोकतंत्रीकरण की प्रक्रिया को अटकाया, जो स्वतंत्रता के बाद राष्ट्रीय एकीकरण के और चुनौतियों को बढ़ावा दिया।"
Bataye gaye sawaal ka jawab Hindi mein dein:,1943 के बंगाल महामारी के मुख्य कारण और परिणाम क्या थे?,"1943 के बंगाल महामारी का कारण प्राकृतिक आपदाओं, युद्धाकालीन स्थितियों, और ब्रिटिश नीतियों का संयोजन था, जिससे व्यापक भूखमरी और मृत्यु हुई, हालांकि यह कोलोनियल शासन की विफलताओं को भी उजागर किया और स्वतंत्रता की नई मांगों को उत्पन्न किया।"
Answer the given question in Hindi:,भारतीय शिक्षा प्रणाली ने राष्ट्रवादी भावनाओं के प्रसार में कैसे योगदान दिया?,"भारतीय शिक्षा प्रणाली ने पश्चिमी विचारों और मूल्यों को परिचित कराया, लेकिन यह राष्ट्रीय जागरूकता की भावना को बढ़ाया और भारतीयों को राजनीतिक रूप से जुटाने के अवसर प्रदान किया, जिससे एक शिक्षित मध्यम वर्ग और बौद्धिक गरमाहट का उद्भव हुआ।"
Write your answer to the question in Hindi:,भारतीय प्रवासियों की भारतीय स्वतंत्रता आंदोलन में क्या भूमिका थी?,"भारतीय प्रवासियों ने स्वतंत्रता आंदोलन का समर्थन करने में विभिन्न भूमिकाएं निभाई, जैसे वित्तीय योगदान, राजनीतिक प्रचार, और विदेश में राष्ट्रवादी विचारों का प्रसार, जिससे आंदोलन का वैश्विक प्रभाव और प्रभाव बढ़ा।"
Provide a response to the given query in Hindi:,भारतीय पत्रकारिता ने स्वतंत्रता आंदोलन के दौरान राष्ट्रवादी विचारों के प्रसार में कैसे योगदान दिया?,"भारतीय पत्रकारिता ने राष्ट्रवादी विचारों को प्रसारित करने, जनमत को जुटाने, और ब्रिटिश अन्यायों को उजागर करने में महत्वपूर्ण भूमिका निभाई, अपराध और दबाव का सामना करने के बावजूद, यह प्रतिरोध और जागरूकता बढ़ाने के लिए एक शक्तिशाली उपकरण रही।"
Answer the question in Hindi language:,संगठन में एकता और सहमति को प्राप्त करने में भारतीय राष्ट्रीयतावादियों को कैसी मुख्य चुनौतियाँ आईं?,"भारतीय राष्ट्रीयतावादियों को क्षेत्रीय विभाजन, भाषाई विविधता, और सांप्रदायिक तनाव जैसी चुनौतियों का सामना करना पड़ा, जो स्वतंत्रता और पोस्ट-कोलोनियल शासन के लिए रणनीतियों पर एकता और सहमति प्राप्त करने की कोशिशों को बाधित करती थीं।"
Reply to the asked question in Hindi:,सुभाष चंद्र बोस द्वारा नेतृत्व किए गए भारतीय राष्ट्रीय सेना (INA) ने स्वतंत्रता आंदोलन में कैसे योगदान दिया?,"सुभाष चंद्र बोस द्वारा गठित भारतीय राष्ट्रीय सेना, जिसे जापानी समर्थन के साथ, ब्रिटिश शासन से भारत को सशक्त करने का उद्देश्य था, हालांकि इसकी सेना अभियान की सीमित सफलता थी, यह स्वतंत्रता आंदोलन की वैश्विक आयाम की प्रतीक थी।"
दिए गए प्रश्न का उत्तर हिंदी में दें:,आजादी आंदोलन के दौरान भारतीय नेताओं द्वारा प्रारंभ की गई सामाजिक सुधारों का वर्णन कीजिए।,"भारतीय नेताओं ने जाति भेदभाव का मुकाबला करने, लैंगिक समानता को बढ़ावा देने और पिछड़े समुदायों का उत्थान करने के लक्ष्य से विभिन्न सामाजिक सुधार आरंभ किए, जो सामाजिक न्याय और राष्ट्रनिर्माण के ब्रोडर लक्ष्य को प्रतिबिम्बित करते हैं।"
दिए गए सवाल का जवाब हिंदी में लिखें:,ब्रिटिश जातिवाद की नीति ने नागरिक काल में भारत पर कैसे प्रभाव डाला?,"ब्रिटिश जातिवाद की नीति, जैसे कि रोवलेट एक्ट और प्रशासन और सैन्य सेवा में भेदभावपूर्ण अमलों द्वारा, भारतीयों के बीच क्रोध और प्रतिरोध को बढ़ावा दिया, जो राष्ट्रवादी भावनाओं का योगदान करते हैं।"
दिए गए प्रश्न का समाधान हिंदी में प्रस्तुत करें:,स्वतंत्रता आंदोलन में भारतीय ज्ञानियों और विद्वानों के प्रमुख योगदान क्या थे?,"भारतीय ज्ञानियों और विद्वानों ने राष्ट्रवादी विचारधाराओं का विवरण करने, उपनिवेशीय नीतियों की आलोचना करने, और स्वतंत्रता के बाद के भविष्य की कल्पना करने में महत्वपूर्ण भूमिका निभाई, जिससे स्वतंत्रता आंदोलन की बौद्धिक सीमाएँ आकार लेती हैं।"
पूछे गए प्रश्न का उत्तर हिंदी में प्रदान करें:,ब्रिटिश ने भारत पर नियंत्रण बनाए रखने के लिए प्रोपैगेंडा का उपयोग कैसे किया?,"ब्रिटिश ने विभिन्न प्रोपैगेंडा तकनीकों का इस्तेमाल किया, जिसमें सेंसरशिप, प्रेस कंट्रोल, और प्रो-साम्राज्यवादी कथाओं का प्रसार, भारत पर नियंत्रण बनाए रखने और राष्ट्रवादी आंदोलनों को असम्मानित करने के लिए।"
बताए गए सवाल का उत्तर हिंदी में दें।,भारतीय नेताओं को इस्तित्व करते समय ब्रिटिश के साथ स्वतंत्रता के लिए बातचीत करने के मुख्य चुनौतियां क्या थीं?,"भारतीय नेताओं को ब्रिटिश के सहमति देने के लिए ब्रिटिश की अनिच्छा, राष्ट्रवादी आंदोलन के भीतर विभाजन, और सांप्रदायिक तनाव जैसी चुनौतियों का सामना करना पड़ा, जो स्वतंत्रता और उप-उपनिवेशीय शासन के लिए परेशानी बढ़ाती हैं।"
Diye gaye prashn ka uttar Hindi mein dein:,ब्रिटिश भूमि राजस्व और कर नीति ने भारतीय कृषि और ग्रामीण समाज पर कैसा प्रभाव डाला?,"ब्रिटिश भूमि राजस्व और कर नीति, जिसमें उच्च दरें और संवैधानिक मूल्यांकन का कोई समर्थन नहीं है, भारतीय किसानों को बोझ डालती थी और ग्रामीण गरीबी को बढ़ावा देती थी, जिससे कृषि विपत्ति और व्यापक असंतोष होता था।"
Diye gaye sawaal ka jawab Hindi mein likhein:,भारतीय प्रवासी समुदाय ने आंदोलन में कैसे योगदान किया?,"भारतीय प्रवासी समुदाय ने आंदोलन का समर्थन करने में विभिन्न भूमिकाएं निभाई, जैसे कि वित्तीय योगदान, राजनीतिक लॉबींग, और राष्ट्रवादी विचारों का विदेशों में प्रसार, जिससे आंदोलन का वैश्विक प्रभाव और प्रभाव बढ़ता।"
Diye gaye prashn ka samadhan Hindi mein prastut karein:,ब्रिटिश विभाजन और शासन के राजनीतिक लाभ के लिए भारत में साम्प्रदायिक संबंधों पर कैसा प्रभाव पड़ा?,"ब्रिटिश विभाजन और शासन की रणनीति ने हिन्दुओं और मुसलमानों के बीच साम्प्रदायिक तनावों को बढ़ाया, सामुदायिक लाभ के लिए समुदायों को विपरीत किया और अंततः भारत के विभाजन में योगदान किया।"
Pooche gaye prashn ka uttar Hindi mein pradaan karein:,भारतीय साहित्य और संस्कृति ने ब्रिटिश साम्राज्यवाद का कैसे प्रतिक्रिया की?,"भारतीय साहित्य और संस्कृति ने राष्ट्रवादी लेखन, सांस्कृतिक पुनर्जीवन आंदोलन, और भारतीय भाषाओं और परंपराओं को संरक्षित और प्रोत्साहित करने के प्रयासों के माध्यम से ब्रिटिश साम्राज्यवाद का प्रतिक्रिया किया, जो विरोध और पहचान के प्लेटफॉर्म के रूप में कार्य किया।"
Bataye gaye sawaal ka jawab Hindi mein dein:,स्वतंत्रता आंदोलन के दौरान भारतीय राष्ट्रीय कांग्रेस के प्रमुख उपलब्धियाँ क्या थीं?,"भारतीय राष्ट्रीय कांग्रेस ने जनता को जुटाने, राष्ट्रवादी मांगों को व्यक्त करने, और संवैधानिक सुधारों के लिए ब्रिटिश के साथ बातचीत करने में मुख्य भूमिका निभाई, जो आखिरकार भारत की स्वतंत्रता के लिए मार्ग प्रशस्त करती है।"
Answer the given question in Hindi:,भारतीय राष्ट्रीय आंदोलन ने विश्व युद्ध प्रारंभ होने पर कैसे प्रतिक्रिया दी?,"भारतीय राष्ट्रीय आंदोलन ने प्रारंभ में विश्व युद्ध प्रारंभ में ब्रिटिश युद्ध प्रयास का समर्थन किया, आशा करते हुए कि उसके परिणामस्वरूप राजनीतिक समर्थन मिलेगा, लेकिन मायावीता की कमी और विरोध की दमन के कारण निराशा बढ़ गई।"
Write your answer to the question in Hindi:,"1947 में बंगाल के विभाजन की प्रमुख घटनाओं क्या थीं, और इसके परिणाम क्या थे?","1947 में बंगाल का विभाजन हिन्दुओं और मुस्लिमों के बीच साम्प्रदायिक तनाव और राजनीतिक विभाजनों का परिणाम था, जिससे व्यापक हिंसा, पलायन और पूर्व पाकिस्तान (बांग्लादेश) और पश्चिम बंगाल (भारत) का निर्माण हुआ।"
Provide a response to the given query in Hindi:,प्रिंसली राज्यों के माध्यम से अप्रत्यक्ष नियम की ब्रिटिश नीति ने भारत के स्वतंत्रता के मार्ग को कैसे प्रभावित किया?,"अप्रत्यक्ष नियम की ब्रिटिश नीति ने स्थानीय अधिकारियों को ब्रिटिश साम्राज्यता के तहत शासन करने की अनुमति दी, लेकिन यह राष्ट्रीय एकता और लोकतंत्रीकरण की प्रक्रिया को बाधित किया, स्वतंत्रता के बाद राष्ट्र-निर्माण की चुनौतियों में योगदान किया।"
Answer the question in Hindi language:,1943 के बंगाल भूखमरी के प्रमुख कारण और परिणाम क्या थे?,"1943 की बंगाल भूखमरी का कारण प्राकृतिक आपदाओं, युद्ध की स्थितियों और ब्रिटिश नीतियों का संयोजन था, जिससे व्यापक भूखमरी और मौत हुई, फिर भी यह औपनिवेशिक शासन की विफलताओं को प्रकट करती थी और स्वतंत्रता के प्रति नए मांगों को जगाने का कारण बना।"
Reply to the asked question in Hindi:,भारतीय स्वतंत्रता आंदोलन के दौरान भारतीय शिक्षा प्रणाली ने राष्ट्रवादी भावनाओं को कैसे प्रसारित किया?,"भारतीय शिक्षा प्रणाली ने पश्चिमी विचारों और मूल्यों को परिचय दिया, लेकिन यह राष्ट्रीय जागरूकता की भावना को बढ़ावा दिया और राजनीतिक रूप से भारतियों को संगठित करने के अवसर प्रदान किया, जिससे एक शिक्षित मध्यम वर्ग और बुद्धिजीवी विकसित हुआ।"
दिए गए प्रश्न का उत्तर हिंदी में दें:,भारतीय विदेशों में भारतीय विदेशियों की क्या भूमिका थी भारतीय स्वतंत्रता आंदोलन में?,"भारतीय विदेशियों ने स्वतंत्रता आंदोलन का समर्थन करने में विभिन्न भूमिकाएँ निभाईं, जैसे वित्तीय योगदान, राजनीतिक प्रचार, और राष्ट्रवादी विचारों को विदेश में प्रसारित करना, जिससे आंदोलन का वैश्विक असर बढ़ा।"
दिए गए सवाल का जवाब हिंदी में लिखें:,भारतीय प्रेस ने स्वतंत्रता आंदोलन के दौरान राष्ट्रवादी विचारों को प्रसारित करने में कैसे योगदान दिया?,"भारतीय प्रेस ने राष्ट्रवादी विचारों को प्रसारित करने, जनमत का संगठन करने, और ब्रिटिश अन्यायों का प्रकाशन करने में महत्वपूर्ण भूमिका निभाई, जो केंसर और चुपचापी का सामना करने के बावजूद, विरोध और जागरूकता बढ़ाने के लिए एक शक्तिशाली उपकरण के रूप में कार्य किया।"
दिए गए प्रश्न का समाधान हिंदी में प्रस्तुत करें:,स्वतंत्रता प्राप्ति में एकता और सहमति को प्राप्त करने में भारतीय राष्ट्रवादियों द्वारा किन प्रमुख चुनौतियों का सामना हुआ?,"भारतीय राष्ट्रवादियों को क्षेत्रीय विभाजन, भाषाई विविधता, और साम्प्रदायिक तनाव जैसी चुनौतियों का सामना करना पड़ा, जो स्वतंत्रता और उपनिवेशवाद के लिए रणनीतियों पर एकता और सहमति हासिल करने के प्रयासों को रोकती थीं।"
पूछे गए प्रश्न का उत्तर हिंदी में प्रदान करें:,सुभाष चंद्र बोस द्वारा नेतृत्व किए गए भारतीय राष्ट्रीय सेना (आईएनए) ने स्वतंत्रता आंदोलन में कैसे योगदान दिया?,"सुभाष चंद्र बोस द्वारा गठित भारतीय राष्ट्रीय सेना, जिसे जापानी समर्थन के साथ, सशस्त्र संघर्ष के माध्यम से ब्रिटिश शासन से भारत को मुक्त करने का उद्देश्य था, हालांकि इसका सैन्य अभियान सीमित सफलता के साथ रहा, यह स्वतंत्रता आंदोलन के वैश्विक आयाम का प्रतीक बना।"
बताए गए सवाल का उत्तर हिंदी में दें।,स्वतंत्रता आंदोलन के दौरान भारतीय नेताओं द्वारा प्रारंभिक सामाजिक सुधार क्या थे?,"स्वतंत्रता आंदोलन के दौरान भारतीय नेताओं ने विभिन्न सामाजिक सुधारों की शुरुआत की, जिसमें जाति भेदभाव को चुनौती देना, लिंग समानता को बढ़ावा देना, और पिछड़े समुदायों को उत्थान देना शामिल था, जो सामाजिक न्याय और राष्ट्र-निर्माण के विस्तृत लक्ष्यों को प्रतिबिंबित करता था।"
Diye gaye prashn ka uttar Hindi mein dein:,ब्रिटिश जातीय भेदभाव की नीति ने उपनिवेशी काल के दौरान भारत पर कैसा प्रभाव डाला?,"ब्रिटिश जातीय भेदभाव की नीति, जैसे रोवलेट अधिनियम और प्रशासन और सैन्य सेवा में भेदभावपूर्ण अभ्यासों के द्वारा प्रतिष्ठित, नेताओं में रोष और प्रतिरोध भरा, जिससे भारतीयों के बीच राष्ट्रवादी भावनाओं को बढ़ावा मिला।"
Diye gaye sawaal ka jawab Hindi mein likhein:,स्वतंत्रता आंदोलन में भारतीय बौद्धिकों और विद्वानों का प्रमुख योगदान क्या था?,"स्वतंत्रता आंदोलन में भारतीय बौद्धिकों और विद्वानों ने राष्ट्रवादी विचारधाराओं को स्पष्ट करने, उपनिवेशवादी नीतियों की आलोचना करने, और स्वतंत्रता के बाद के भविष्य की कल्पना की, जो स्वतंत्रता आंदोलन की बौद्धिक सीमाओं को आकार दिया।"
Diye gaye prashn ka samadhan Hindi mein prastut karein:,ब्रिटिश भारत पर नियंत्रण बनाए रखने के लिए ब्रिटिश ने प्रेपगेंडा कैसे उपयोग किया?,"ब्रिटिश ने विभिन्न प्रेपगेंडा तकनीकों का उपयोग किया, जिसमें सेंसरशिप, प्रेस के नियंत्रण, और प्रो-साम्राज्यवादी कथाओं का प्रसारण शामिल था, भारत पर नियंत्रण बनाए रखने और राष्ट्रवादी आंदोलनों को अस्पष्ट करने के लिए।"
Pooche gaye prashn ka uttar Hindi mein pradaan karein:,भारतीय नेताओं को स्वतंत्रता के लिए ब्रिटिश से बातचीत में प्रमुख चुनौतियों का सामना कैसे किया गया?,"भारतीय नेताओं को चुनौतियों का सामना करना पड़ा, जैसे कि ब्रिटिश को सहमति प्रदान करने की अनिच्छा, राष्ट्रवादी आंदोलन में विभाजन, और साम्प्रदायिक तनाव, जो स्वतंत्रता और पोस्ट-कोलोनियल शासन के लिए बातचीत के प्रयासों को जटिल बनाते थे।"
Bataye gaye sawaal ka jawab Hindi mein dein:,भारतीय कृषि और ग्रामीण समाज पर ब्रिटिश भूमि राजस्व और करों का प्रभाव कैसे पड़ा?,"ब्रिटिश भूमि राजस्व और कर नीति, जिसमें उच्च दरें और मनमानी मूल्यांकन शामिल था, भारतीय किसानों को भारी बोझ थोपती थी और ग्रामीण गरीबी को बढ़ाती थी, जिससे कृषि संकट और व्यापक असंतोष होता था।"
Answer the given question in Hindi:,भारतीय विदेशों में भारतीय विदेशियों का स्वतंत्रता आंदोलन में कैसा योगदान था?,"भारतीय विदेशियों ने स्वतंत्रता आंदोलन का समर्थन करने में विभिन्न भूमिकाएँ निभाईं, जैसे वित्तीय योगदान, राजनीतिक प्रचार, और विदेश में राष्ट्रवादी विचारों को प्रसारित करना, जो आंदोलन के वैश्विक प्रभाव को बढ़ावा दिया।"
Write your answer to the question in Hindi:,ब्रिटिश का विभाजन और शासन नीति ने भारत में साम्प्रदायिक संबंधों पर कैसा प्रभाव डाला?,"ब्रिटिश का विभाजन और शासन नीति ने हिन्दू और मुस्लिमों के बीच साम्प्रदायिक तनावों को बढ़ाया, राजनीतिक लाभ के लिए समुदायों को धाराप्रवाह किया, और आखिरकार भारत के विभाजन में योगदान दिया।"
Provide a response to the given query in Hindi:,भारतीय साहित्य और संस्कृति ने ब्रिटिश उपनिवेशवाद का कैसे प्रतिक्रिया दी?,"भारतीय साहित्य और संस्कृति ने विभिन्न माध्यमों से ब्रिटिश उपनिवेशवाद का प्रतिक्रिया दिया, जैसे कि राष्ट्रवादी लेखन, सांस्कृतिक पुनरुत्थान आंदोलन, और स्थानीय भाषाओं और परंपराओं को संरक्षित और प्रोत्साहित करने के प्रयास, जो प्रतिरोध और पहचान की मंच के रूप में काम किए।"
Answer the question in Hindi language:,स्वतंत्रता आंदोलन के दौरान भारतीय राष्ट्रीय कांग्रेस की प्रमुख उपलब्धियाँ क्या थीं?,"भारतीय राष्ट्रीय कांग्रेस ने जनों को संघर्षित करने, राष्ट्रवादी मांगों को स्पष्ट करने, और संविधानिक सुधारों के लिए ब्रिटिश के साथ बातचीत करने में मुख्य भूमिका निभाई, आखिरकार भारत के स्वतंत्रता का मार्ग खोला।"
Reply to the asked question in Hindi:,भारतीय राष्ट्रवादी आंदोलन ने विश्व युद्ध प्रारंभ होने पर कैसे प्रतिक्रिया दी थी?,"भारतीय राष्ट्रीय आंदोलन ने प्रारंभ में विश्व युद्ध प्रारंभ में ब्रिटिश युद्ध प्रयास का समर्थन किया, आशा करते हुए कि उसके परिणामस्वरूप राजनीतिक समर्थन मिलेगा, लेकिन मायावीता की कमी और विरोध की दमन के कारण निराशा बढ़ गई।"
दिए गए प्रश्न का उत्तर हिंदी में दें:,सिपाही विद्रोह के मुख्य कारण क्या थे?,"सिपाही विद्रोह के कारण में भारतीय सैनिकों (सिपाहियों) के बीच असंतोष शामिल था जो मुद्रांकण में जानवर के तेल का उपयोग, ब्रिटिश शासन के प्रति नाराजगी, आर्थिक शोषण, और सांस्कृतिक और धार्मिक विश्वासों का उदधारण सहित समस्याओं के कारण थे।"
दिए गए सवाल का जवाब हिंदी में लिखें:, सिपाही विद्रोह कैसे हुआ?,"सिपाही विद्रोह 10 मई, 1857 को मेरठ में भारतीय सैनिकों (सिपाहियों) के द्वारा बगावत के साथ शुरू हुआ, जो जल्दी से भारत के अन्य हिस्सों में फैल गया। विद्रोहियों ने दिल्ली को कब्जा किया और अंतिम मुगल सम्राट बहादुर शाह द्वितीय को अपने नेता के रूप में घोषित किया। विद्रोह में तीव्र युद्ध और दोनों पक्षों द्वारा अत्याचार का सामना हुआ, जो अंततः ब्रिटिश सेना द्वारा विद्रोह की कुचलने के द्वारा समाप्त हुआ।"
दिए गए प्रश्न का समाधान हिंदी में प्रस्तुत करें:,सिपाही विद्रोह में धार्मिक और सांस्कृतिक कारक कैसा भूमिका निभाया?,"सिपाही विद्रोह में धार्मिक और सांस्कृतिक कारक एक महत्वपूर्ण भूमिका निभाया। विद्रोह को धार्मिक और सांस्कृतिक उत्पीड़न के दृष्टिकोण से उत्तेजित किया गया, जैसे कि हिन्दू और मुस्लिम सैनिकों को कार्ट्रिज में जानवर के तेल का उपयोग के आरोप सहित, साथ ही ब्रिटिश सांस्कृतिक शासन और पारंपरिक अनुशासन और विश्वासों को ध्वस्त करने के प्रयासों के खिलाफ आक्रोश के रूप में।"
पूछे गए प्रश्न का उत्तर हिंदी में प्रदान करें:,सिपाही विद्रोह के परिणाम क्या थे?," सिपाही विद्रोह के परिणाम दूर-दूर तक पहुँचे। इसने ब्रिटिश इस्ट इंडिया कंपनी के शासन का अंत किया और ब्रिटिश क्राउन को सत्ता का स्थानांतरण दिया गया, जिसे सरकार ऑफ इंडिया एक्ट 1858 के माध्यम से किया गया। इसने भारत के प्रति ब्रिटिश नीतियों में महत्वपूर्ण परिवर्तन लाया, जिसमें ब्रिटिश सरकार द्वारा अधिक सीधा नियंत्रण और भविष्य के विद्रोहों को रोकने के लक्ष्य से सुधार शामिल थे।"
बताए गए सवाल का उत्तर हिंदी में दें।,सिपाही विद्रोह भारतीय राष्ट्रवाद में कैसे योगदान दिया?,"सिपाही विद्रोह भारतीय राष्ट्रवाद को बढ़ावा देने में एक महत्वपूर्ण भूमिका निभाया। इसने विभिन्न पृष्ठभूमियों और क्षेत्रों से लोगों को ब्रिटिश शासन के खिलाफ एक सामान्य संघर्ष में एकजुट किया, जिससे भविष्य के स्वतंत्रता के लिए आंदोलनों के लिए आधार रखा गया। विद्रोह और इसके बाद के प्रतिक्रिया का दमन भारतीय पहचान, अधिकार, और स्वायत्तता के बारे में व्यापक चर्चाओं को उत्पन्न करता रहा, जो आने वाले वर्षों में राष्ट्रवादी भावनाओं के विकास में सहायक हुआ।"
Diye gaye prashn ka uttar Hindi mein dein:,"ब्रिटिश ने भारत में कुछ महत्वपूर्ण प्रशासनिक सुधार किए थे, उनमें कुछ क्या थे?","ब्रिटिश ने भारत में कई प्रशासनिक सुधार किए, जिनमें केंद्रीयकृत प्रशासनिक तंत्र की स्थापना, एक समान विधि संहिता का कार्यान्वयन, आधुनिक शिक्षा का प्रस्तावन, रेलवे और टेलीग्राफ लाइनों का निर्माण, और प्रतिष्ठान की सरकार के आधार पर एक आधुनिक ब्यूरोक्रेसी की स्थापना शामिल है।"
Diye gaye sawaal ka jawab Hindi mein likhein:,ब्रिटिश प्रशासनिक सुधारों का पारंपरिक भारतीय प्रशासनिक प्रणाली पर क्या प्रभाव हुआ?," ब्रिटिश प्रशासनिक सुधारों ने पारंपरिक भारतीय प्रशासनिक प्रणाली को काफी बदल दिया। उन्होंने केंद्रीय नियंत्रण के साथ डिसेंट्रलाइज्ड शासन को बदल दिया, पश्चिमी विधि और शासन की अवधारणाओं का परिचय किया, गाँव के पंचायतों जैसे पारंपरिक प्रशासनिक संस्थानों को मार्जिनलाइज़ किया, और ब्रिटिश हित और प्रशासन को अधिक प्राथमिकता दी वाला ब्यूरोक्रेटिक संरचना लागू की।"
Diye gaye prashn ka samadhan Hindi mein prastut karein:,ब्रिटिश द्वारा भारत में आधुनिक शिक्षा का प्रस्तावन का महत्व क्या था?," ब्रिटिश द्वारा भारत में आधुनिक शिक्षा का प्रस्तावन का दूर-दूर तक प्रभाव था। यह भारतीयों में पश्चिमी विचारों, मूल्यों, और ज्ञान का प्रसार करने में महत्वपूर्ण भूमिका निभाई। यह एक आधुनिक शिक्षित वर्ग के उद्भव में महत्वपूर्ण था। यह वर्ग विभिन्न सामाजिक, राजनीतिक, और बौद्धिक आंदोलनों में महत्वपूर्ण भूमिका निभाया, जैसे कि भारतीय राष्ट्रवादी आंदोलन।"
Pooche gaye prashn ka uttar Hindi mein pradaan karein:, ब्रिटिश प्रशासनिक नीतियों ने भारत के आर्थिक शोषण में कैसे योगदान दिया?,"ब्रिटिश प्रशासनिक नीतियाँ भारत में ब्रिटिश साम्राज्य के हित के लिए आर्थिक शोषण को अधिकतम करने के लिए थीं। उन्होंने भारी कर, शुल्क, और भूमि राजस्व प्रणालियों को लागू किया जो अक्सर भारतीय किसानों और शिल्पकारों की गरीबी और शोषण के परिणाम सामने लाती थीं। ब्रिटिश ने महत्वपूर्ण उद्योगों को मोनोपॉलीज़ किया, व्यापार पर नियंत्रण किया, और ब्रिटिश उत्पादकों को भारतीय उत्पादकों के प्रति अनुकूल नीतियों को लागू किया।"
Bataye gaye sawaal ka jawab Hindi mein dein:,ब्रिटिश प्रशासनिक सुधारों में रेलवे और टेलीग्राफ लाइनों के प्रस्तावन की क्या भूमिका रही?,"रेलवे और टेलीग्राफ लाइनों के प्रस्तावन ब्रिटिश प्रशासनिक सुधारों का एक महत्वपूर्ण पहलू था। यह ब्रिटिश सेना, प्रशासकों, और माल को भारत के विशाल उपमहाद्वीप में लाने को सुगम बनाता था, केंद्रीकृत नियंत्रण और ब्रिटिश शासन के खिलाफ किसी भी चुनौती के लिए त्वरित प्रतिक्रिया करने में सहायक होता था। इसने भारत के विभिन्न क्षेत्रों को ब्रिटिश साम्राज्य के तहत एकीकृत आर्थिक और प्रशासनिक ढांचे में सम्मिलित करने में भी योगदान किया।"
Answer the given question in Hindi:,भारतीय राष्ट्रीय आंदोलन के मुख्य लक्ष्य क्या थे?,"भारतीय राष्ट्रीय आंदोलन का उद्देश्य ब्रिटिश शासन से स्वतंत्रता प्राप्त करना, भारतीय सांस्कृतिक और राजनीतिक पहचान को दृढ़ करना, सामाजिक और आर्थिक सुधारों को बढ़ावा देना, और सभी भारतीयों के कल्याण और अधिकारों का सुनिश्चित करना था, चाहे वह जाति, धर्म, या मजहब हो।"
Write your answer to the question in Hindi:,महात्मा गांधी ने भारतीय राष्ट्रीय आंदोलन में कैसे योगदान दिया?,"महात्मा गांधी ने अपने अहिंसात्मक प्रतिरोध के दार्शनिक तत्व, जिन्हें सत्याग्रह के नाम से जाना जाता है, के माध्यम से भारतीय राष्ट्रीय आंदोलन में महत्वपूर्ण भूमिका निभाई। उन्होंने विभिन्न अभियानों और आंदोलनों का नेतृत्व किया, जैसे कि नमक का मार्च और भारत छोड़ो आंदोलन, जिससे लाखों भारतीयों को ब्रिटिश साम्राज्य के खिलाफ उत्तेजित किया और उन्हें पूरे विश्व में उत्साहित किया।"
Provide a response to the given query in Hindi:,जवाहरलाल नेहरू ने भारतीय राष्ट्रीय आंदोलन में क्या भूमिका निभाई?,"जवाहरलाल नेहरू भारतीय राष्ट्रीय आंदोलन में एक प्रमुख नेता थे और महात्मा गांधी के करीबी सहयोगी थे। उन्होंने स्वतंत्र भारत की दृष्टिकोण को आकार देने में महत्वपूर्ण भूमिका निभाई, धर्मनिरपेक्षता, समाजवाद, और लोकतंत्र की प्रासंगिकता के प्रचार-प्रसार में योगदान किया। नेहरू भारत के पहले प्रधानमंत्री रहे और आधुनिक भारत के नींव रखने में महत्वपूर्ण भूमिका निभाई।"
Answer the question in Hindi language:, सुभाष चंद्र बोस ने भारतीय राष्ट्रीय आंदोलन में कैसे योगदान दिया?,"सुभाष चंद्र बोस भारतीय राष्ट्रीय आंदोलन में एक आकर्षक और संघर्षी नेता थे। उन्होंने ब्रिटिश शासन से पूरी स्वतंत्रता के लिए आंदोलन किया और द्वितीय विश्वयुद्ध के दौरान एक्सिस शक्तियों के साथ मिलकर भारतीय राष्ट्रीय सेना (आईएनए) की स्थापना की। बोस का नारा ""मुझे खून दो, मैं तुम्हें आज़ादी दूंगा"" ने बहुत से भारतीयों को स्वतंत्रता के लिए संघर्ष में जुटने की प्रेरित किया।"
Reply to the asked question in Hindi:,"महात्मा गांधी, जवाहरलाल नेहरू, और सुभाष चंद्र बोस के द्वारा भारतीय स्वतंत्रता प्राप्त करने की दृष्टिकोण में अंतर क्या था?","महात्मा गांधी का प्रस्ताव अहिंसात्मक प्रतिरोध और जनसंख्या को संघर्ष के लिए उत्साहित करने पर आधारित था, स्वतंत्रता प्राप्त करने के लिए आधारभूत नैतिक और आध्यात्मिक परिवर्तन पर ध्यान केंद्रित करता था। जवाहरलाल नेहरू धर्मनिरपेक्ष और लोकतांत्रिक दृष्टिकोण को पसंद करते थे, संस्थाओं और राजनीतिक परामर्श की महत्वता को बढ़ावा देते थे। सुभाष चंद्र बोस, दूसरी ओर, अधिक संघर्षी और संघर्षपूर्ण दृष्टिकोण को पसंद करते थे, जिसमें ब्रिटिश शासन के खिलाफ सशस्त्र संघर्ष भी शामिल था। इन तीनों नेताओं के विचारों में अंतर होने के बावजूद, उन्होंने सभी का एक सामान मकसद रखा - भारत को ब्रिटिश शासन से मुक्त करना।"
दिए गए प्रश्न का उत्तर हिंदी में दें:,1885 में भारतीय राष्ट्रीय कांग्रेस का गठन के पीछे मुख्य कारण क्या थे?,"1885 में भारतीय राष्ट्रीय कांग्रेस का गठन भारतीयों को उनकी चिंताओं और मांगों को ब्रिटिश सरकार के सामने प्रस्तुत करने के लिए एक मंच प्रदान करने का उद्देश्य था। इसने राजनीतिक सुधारों को बढ़ावा देने, भारतीय हितों का प्रतिनिधित्व करने, और अंततः शांतिपूर्ण और संवैधानिक तरीके से भारतीय शासन या ब्रिटिश शासन से स्वाधीनता प्राप्त करने का प्रयास किया।"
दिए गए सवाल का जवाब हिंदी में लिखें:,भारतीय राष्ट्रीय कांग्रेस के गठन में कुछ महत्वपूर्ण व्यक्तियों कौन-कौन शामिल थे?,"भारतीय राष्ट्रीय कांग्रेस की स्थापना ब्रिटिश सिविल सेवक अलेन ऑक्टेवियन ह्यूम द्वारा की गई थी, साथ ही प्रमुख भारतीय नेताओं जैसे कि दादाभाई नौरोजी, दिनशाव वाचा, वोमेश चंद्र बॉनरजी, आदि शामिल थे। बाद में, नेताओं जैसे कि महात्मा गांधी, जवाहरलाल नेहरू, और सरदार वल्लभभाई पटेल ने कांग्रेस की योजना और दिशा को आकार देने में महत्वपूर्ण भूमिका निभाई।"
दिए गए प्रश्न का समाधान हिंदी में प्रस्तुत करें:,भारतीय राष्ट्रीय कांग्रेस के गठन का क्या महत्व था?,"भारतीय राष्ट्रीय कांग्रेस के गठन ने भारत में ब्रिटिश साम्राज्य के खिलाफ संगठित राजनीतिक आंदोलन की शुरुआत की। यह भारतीयों को विभिन्न पृष्ठभूमियों और क्षेत्रों से एक साथ आने और राजनीतिक प्रतिनिधित्व, सामाजिक सुधार, और अंततः स्वाधीनता की मांग करने के लिए एक मंच प्रदान किया। कांग्रेस ने भारत की स्वतंत्रता के लिए मुकाम को आकार देने में महत्वपूर्ण भूमिका निभाई।"
पूछे गए प्रश्न का उत्तर हिंदी में प्रदान करें:,1906 में मुस्लिम लीग का गठन क्यों हुआ था?,"1906 में मुस्लिम लीग का गठन भारतीय राष्ट्रीय कांग्रेस में मुस्लिम हितों की धारणा करने और उनके प्रतिनिधित्व और अधिकारों के बारे में चिंताओं के जवाब में किया गया था। मुस्लिम लोगों को डर था कि एक प्रमुखता में हिंदूओं द्वारा नियंत्रित किया जाने पर उनके हितों को न काफी ध्यान दिया जाएगा, इसलिए उन्होंने मुस्लिम हितों की सुरक्षा के लिए अलग राजनीतिक संगठन की गठन की।"
बताए गए सवाल का उत्तर हिंदी में दें।,मुस्लिम लीग के गठन में कौन-कौन से महत्वपूर्ण व्यक्तियों शामिल थे?,"मुस्लिम लीग की स्थापना की गई थी जिसमें प्रमुख मुस्लिम नेता जैसे कि आगा खान III, ढाका के नवाब सलीमुल्लाह खान, सैयद अमीर अली, और मुहम्मद अली जिन्नाह शामिल थे। ये नेताओं ने भारत में मुस्लिमों के राजनीतिक और सामाजिक हितों की वकालत की, मुस्लिमों के अधिकारों के लिए संरक्षा और सुरक्षा की मांग की।"
Diye gaye prashn ka uttar Hindi mein dein:,1905 में बंगाल का विभाजन क्या था?,"1905 में बंगाल का विभाजन ब्रिटिश उपनिवेशी सरकार द्वारा विवादास्पद प्रशासनिक पुनर्व्यवस्था थी जिसमें बंगाल प्रांत को दो अलग-अलग भागों में विभाजित किया गया: पूर्वी बंगाल और असम, जिसका राजधानी ढाका था, और बाकी बंगाल, जिसमें कलकत्ता शामिल था, को पश्चिम बंगाल कहा गया। विभाजन को प्रशासनिक दक्षता को बढ़ाने का उद्देश्य बताया गया था, लेकिन इसे विभाजन और शासन करने की नीति के रूप में देखा गया और बंगाल में बढ़ते राष्ट्रवादी आंदोलन को कमजोर करने का हिसाब भी किया गया।"
Diye gaye sawaal ka jawab Hindi mein likhein:,बंगाल के विभाजन के पीछे मुख्य कारण क्या थे?,"बंगाल के विभाजन के पीछे मुख्य कारणों में प्रशासनिक विचार शामिल थे, जैसे कि एक बड़े और जनसंख्या वाले प्रांत को अधिक प्रभावी ढंग से प्रबंधित करना, लेकिन राजनीतिक प्रयोजन भी थे। ब्रिटिश ने बंगाल में बढ़ते राष्ट्रवादी आंदोलन को कमजोर करने की कोशिश की थी, जो उनके शासन को खतरे में देखा गया था। इसके अलावा, आर्थिक कारण भी थे, क्योंकि विभाजन ब्रिटिश वाणिज्यिक हितों को लाभ पहुंचाएगा और बंगाली व्यापारियों की आर्थिक ताकत को कमजोर करेगा।"
Diye gaye prashn ka samadhan Hindi mein prastut karein:,बंगाल के विभाजन से बंगाल के लोगों पर कैसा प्रभाव पड़ा?," बंगाल के विभाजन ने बंगाल के लोगों में व्यापक प्रदर्शन और विरोधों का नेतृत्व किया, विशेष रूप से बंगाली हिन्दुओं के बीच, जिन्होंने इसे अपने समुदाय को बांटने और अपनी प्रभाव को कमजोर करने का प्रयास समझा। इसने हिंदुओं और मुस्लिमों के बीच सांप्रदायिक टन्सन को भी उत्पन्न किया, क्योंकि ब्रिटिश को मुस्लिमों की पक्षपाती तरीके से पूर्वी बंगाल में बढ़ावा देने का आरोप लगा। विभाजन ने सामाजिक और आर्थिक संबंधों को भंग किया और बंगाली जनता में नाराज़गी और गुस्सा पैदा किया।"
Pooche gaye prashn ka uttar Hindi mein pradaan karein:,1911 में बंगाल के विभाजन क्यों निरस्त किया गया था?,"1911 में बंगाल के विभाजन को अलगाव के दबाव से राहत पाने के लिए कई क्षेत्रों, जैसे कि भारतीय राष्ट्रवादियों, राजनेताओं, और कुछ ब्रिटिश अधिकारियों की दबाव से निरस्त किया गया था, जिन्होंने इस नीति के अंधेरे को पहचाना। इसे संदर्भीकरण भी रखा गया, क्योंकि ब्रिटिश सरकार ने बंगाल में बढ़ती अशांति को दबाने और भारत में बढ़ते राष्ट्रवादी भावनाओं के सामने एक एकीकृत मुख प्रस्तुत करने की कोशिश की।"
Bataye gaye sawaal ka jawab Hindi mein dein:,बंगाल के विभाजन के निरस्त होने का क्या प्रभाव था?,"बंगाल के विभाजन के निरस्त होने ने भारतीय राष्ट्रवादियों द्वारा एक जीत के रूप में मनाया गया और बंगाल और पूरे भारत में राष्ट्रवादी आंदोलन को पुनर्जीवित किया। यह बंगाल के लोगों के बीच एकता और सद्भावना की भावना को बढ़ाया, चाहे वह धार्मिक आधार पर हो या ना हो, और ब्रिटिश शासन से स्वाधीनता और स्वाराज्य की मांग को मजबूत किया। हालांकि, सांप्रदायिक टन्सन जारी रही, और विभाजन के दौरान बुआई गई बातों का प्रभाव आगे भी भारतीय राजनीति को प्रभावित करता रहा।"
Answer the given question in Hindi:,1919 का जलियांवाला बाग़ हत्याकांड क्या था?,"जलियांवाला बाग़ हत्याकांड एक बर्बर घटना थी जो 13 अप्रैल, 1919 को पंजाब के अमृतसर में हुई, जहां ब्रिटिश भारतीय सेना के सैनिकों ने ब्रिगेडियर जनरल रेजिनल्ड डायर के नेतृत्व में हजारों निर्दोष नागरिकों पर गोलियाँ चलाई, जिनमें पुरुष, महिलाएँ, और बच्चे शामिल थे, जो जलियांवाला बाग़ में उनकी शांतिपूर्ण बैठक को अभिव्यक्ति करने के लिए इकट्ठे हुए थे। इस बैठक में उन्होंने उत्पीड़क रोलेट एक्ट के खिलाफ प्रदर्शन किया था, जिसे ब्रिटिश सरकार द्वारा लागू किया गया था।"
Write your answer to the question in Hindi:,जलियांवाला बाग़ हत्याकांड किसके कारण हुआ?,"जलियांवाला बाग़ हत्याकांड के कई कारण थे, जिसमें रोलेट एक्ट के कार्यान्वयन की शामिल थी, जो ब्रिटिश सरकार को व्यक्तियों को बिना तथाकथित अदालती प्रक्रिया के गिरफ्तार और कैद करने की अनुमति देता था, जिससे भारतीय लोगों में व्यापक असंतोष उत्पन्न हुआ। हत्याकांड बैसाखी त्योहार के दौरान हुआ जब लोग जलियांवाला बाग़ में शांतिपूर्ण प्रदर्शन कर रहे थे, जब उन्हें राष्ट्रीय नेताओं के गिरफ्तार के खिलाफ और ब्रिटिश नीतियों के खिलाफ विरोध प्रकट करने का अवसर मिला।"
Provide a response to the given query in Hindi:, जलियांवाला बाग़ हत्याकांड के परिणाम क्या थे?,"जलियांवाला बाग़ हत्याकांड ने भारत और विश्व भर में आक्रोश और निंदा को जन्म दिया। यह भारतीय लोगों के बीच नाराज़गी और गहरा धोखा के भावना को उत्पन्न किया, जो ब्रिटिश शासन के खिलाफ राष्ट्रवादी आंदोलन को और भी बढ़ा दिया। हत्याकांड ने स्वाधीनता के लिए बढ़ते मांगों के लिए अधिक डाक्टर गठन किया और भारतीय राष्ट्रीय कांग्रेस और अन्य राष्ट्रवादी संगठनों के लिए समर्थन का एकत्रित किया।"
Answer the question in Hindi language:, गैर-सहयोग आंदोलन (1920-1922) क्या था?," गैर-सहयोग आंदोलन महात्मा गांधी और भारतीय राष्ट्रीय कांग्रेस द्वारा 1920 में भारत में ब्रिटिश शासन के खिलाफ आयोजित एक महत्वपूर्ण असहयोग अभियान था। यह आंदोलन ब्रिटिश अधिकार के खिलाफ असंवैधानिक और अशांति के माध्यमों से शांतिपूर्ण रूप से संघर्ष करने का उद्देश्य रखता था, जिसमें ब्रिटिश वस्त्रों, संस्थानों, और सेवाओं का बहिष्कार किया जाता था, साथ ही ब्रिटिश प्रशासन के संस्थानों के साथ गैर-सहयोग किया जाता था।"
Reply to the asked question in Hindi:,गैर-सहयोग आंदोलन के क्या उद्देश्य थे?,"गैर-सहयोग आंदोलन के कई उद्देश्य थे, जिनमें स्वराज (स्वशासन) या ब्रिटिश शासन से पूर्ण स्वतंत्रता की प्राप्ति, ब्रिटिश वस्त्रों और संस्थानों का बहिष्कार करके भारतीय स्वायत्तता और आर्थिक सशक्तिकरण को बढ़ावा देना, और भारतीय मानवता और स्वायत्तता की पुनरुत्थान करना शामिल था। आंदोलन का उद्देश्य जन-आंदोलन को मोबाइलाइज़ करना और गैरहिंसात्मक प्रतिरोध की शक्ति को राजनीतिक परिवर्तन के लिए एक प्रभावशाली उपकरण के रूप में दिखाना था।"
दिए गए प्रश्न का उत्तर हिंदी में दें:,1930-1934 का नागरिक असहयोग आंदोलन क्या था?," नागरिक असहयोग आंदोलन, जिसे नमक सत्याग्रह भी कहा जाता है, महात्मा गांधी और भारतीय राष्ट्रीय कांग्रेस द्वारा 1930 में भारत में ब्रिटिश औपनिवेशिक शासन के खिलाफ आरंभ किया गया एक महत्वपूर्ण असहयोग आंदोलन था। इसका उद्देश्य ब्रिटिश नमक विधियों और अन्य अत्याचारपूर्ण नीतियों का विरोध करना था, जैसे कि नमक मार्च और ब्रिटिश वस्त्रों और संस्थानों का बहिष्कार।"
दिए गए सवाल का जवाब हिंदी में लिखें:,नागरिक असहयोग आंदोलन के मुख्य उद्देश्य क्या थे?,"नागरिक असहयोग आंदोलन के मुख्य उद्देश्य अत्याचारपूर्ण ब्रिटिश कानूनों, विशेषतः नमक कर को खत्म करने की मांग करना और भारतीय स्वायत्तता और स्वतंत्रता के अधिकारों को बचाना था। यह जन-आंदोलन को संघर्ष करने, स्वायत्तता को बढ़ावा देने, और गैरहिंसात्मक प्रतिरोध की शक्ति को राजनीतिक परिवर्तन के लिए एक माध्यम के रूप में प्रदर्शित करना था।"
दिए गए प्रश्न का समाधान हिंदी में प्रस्तुत करें:,ब्रिटिश सरकार ने नागरिक असहयोग आंदोलन का कैसे जवाब दिया?,"ब्रिटिश सरकार ने नागरिक असहयोग आंदोलन का उत्तर दंड और हिंसा के साथ दिया, हजारों भारतीय राष्ट्रवादियों को गिरफ्तार किया, जिसमें महात्मा गांधी भी थे, और प्रदर्शन और प्रदर्शनों को दमन करने के लिए बल का इस्तेमाल किया। हालांकि, आंदोलन आगे बढ़ता और व्यापक समर्थन प्राप्त करता रहा, जिससे भारतीय नेताओं और ब्रिटिश अधिकारियों के बीच परमार्श हुआ।"
पूछे गए प्रश्न का उत्तर हिंदी में प्रदान करें:, 1942 का 'भारत छोड़ो आंदोलन' क्या था?," 'भारत छोड़ो आंदोलन', जिसे अगस्त आंदोलन भी कहा जाता है, 1942 में महात्मा गांधी के नेतृत्व में भारतीय राष्ट्रीय कांग्रेस द्वारा आयोजित एक बड़ा प्रदर्शन था, जो भारत में ब्रिटिश शासन के खिलाफ समाप्ति की मांग करता था। इसने तुरंत ब्रिटिश सेना की वापसी और एक स्वतंत्र भारतीय सरकार की स्थापना की मांग की।"
बताए गए सवाल का उत्तर हिंदी में दें।,'भारत छोड़ो आंदोलन' के मुख्य उद्देश्य क्या थे?," 'भारत छोड़ो आंदोलन' के मुख्य उद्देश्य ब्रिटिश शासन से पूर्ण स्वतंत्रता प्राप्त करना, लोगों को उपनिवेशी उत्पीड़न के खिलाफ गैरहिंसात्मक संघर्ष में मोबाइलाइज़ करना और स्वायत्तता के लिए भारत की तैयारी दिखाना था। आंदोलन ने ब्रिटिश प्रशासन को व्यवस्था को बाधित करने और भारतीय स्वतंत्रता के लिए भारतीय मांगों को मानने के लिए मजबूर किया।"
Diye gaye prashn ka uttar Hindi mein dein:,भारत पर प्रथम विश्व युद्ध का क्या प्रभाव था?,"प्रथम विश्व युद्ध ने भारत पर राजनीतिक और आर्थिक दृष्टिकोण से महत्वपूर्ण प्रभाव डाला। भारत को ब्रिटिश साम्राज्य का एक उपनिवेश रूप में युद्ध में शामिल होने के कारण ब्रिटिश की ओर से लाखों भारतीय सैनिकों की भर्ती हुई और युद्ध के पक्ष में लड़ने के लिए। युद्ध ने आर्थिक विघटन, मुद्रास्फीति, और आवश्यक वस्तुओं की कमी के कारण भारतीय जनता में व्यापक पीड़ा का कारण बना। साथ ही, युद्ध के अनुभव और भारतीय योद्धाओं के लिए स्वाधीनता के लिए अधिक स्वायत्तता के लिए वादा भारतीय राष्ट्रवादी भावनाओं और स्वतंत्रता के मांग में जोड़ा।"
Diye gaye sawaal ka jawab Hindi mein likhein:, प्रथम विश्व युद्ध ने भारतीय राष्ट्रवाद के विकास में कैसे योगदान दिया?,"प्रथम विश्व युद्ध ने भारतीय राष्ट्रवाद के विकास में योगदान दिया ताकि भारतीयों को लोकतंत्र, स्वायत्तता, और स्वतंत्रता के विचारों से अवगत कराया जा सके। युद्ध में भाग लेने वाले भारतीय सैनिकों ने अपने ब्रिटिश अधिकारियों द्वारा भेदभाव और अन्याय का अनुभव किया, जिससे उन्हें ब्रिटिश शासन के प्रति विराग का अनुभव हुआ। युद्ध ने भारतीय राष्ट्रवादी नेताओं को संगठित करने और स्वतंत्रता के लिए समर्थन जुटाने के अवसर प्रदान किए, जिससे महात्मा गांधी और जवाहरलाल नेहरू जैसे नेताओं का उदय हुआ।"
Diye gaye prashn ka samadhan Hindi mein prastut karein:, द्वितीय विश्व युद्ध ने भारत पर कैसा प्रभाव डाला?,"द्वितीय विश्व युद्ध ने भारत पर गहरा प्रभाव डाला, युद्ध के दौरान और उसके बाद। भारत का ब्रिटिश साम्राज्य के रूप में युद्ध में भाग लेने से भारत ने महत्त्वपूर्ण मानविक और आर्थिक बलिदान दिया। लाखों भारतीय सैनिकों ने युद्ध के विभिन्न क्षेत्रों में लड़ा, और देश ने आर्थिक विघटन, मुद्रास्फीति, और आवश्यक वस्तुओं की कमी का अनुभव किया। इसके अलावा, युद्ध ने हिंदुओं और मुस्लिमों के बीच सांप्रदायिक टन्सन को भड़काया, जो हिंसा और दंगों में ले जाया।"
Pooche gaye prashn ka uttar Hindi mein pradaan karein:, द्वितीय विश्व युद्ध ने भारत की स्वतंत्रता के मार्ग पर कैसे प्रभाव डाला?,"द्वितीय विश्व युद्ध ने भारत के मार्ग को स्वतंत्रता की ओर तेजी से बढ़ाया। युद्ध ने ब्रिटिश साम्राज्य को आर्थिक और सैन्य रूप से कमजोर किया, जिससे ब्रिटेन को अपने उपनिवेशों के नियंत्रण को बनाए रखने में अधिक कठिनाई हो गई, भारत समेत। युद्ध के अनुभव और भारतीय सैनिकों के बलिदान के साथ, स्वतंत्रता की मांग के लिए भारतीय राष्ट्रवादी आंदोलन को ताकत मिली। ब्रिटिश सरकार की भारतीय आपत्तियों को समाधान करने में असमर्थता और विश्व भर में उपनिवेशी आंदोलनों के उदय भी भारत को 1947 में स्वतंत्रता प्रदान करने में योगदान किया।"
Bataye gaye sawaal ka jawab Hindi mein dein:, द्वितीय विश्व युद्ध के लिए भारत के कुछ दीर्घकालिक परिणाम क्या थे?,"द्वितीय विश्व युद्ध के लिए भारत के कुछ दीर्घकालिक परिणामों में देश का विभाजन 1947 में भारत और पाकिस्तान में हुआ, जिससे व्यापक हिंसा और भागीदारी हुई। युद्ध ने आर्थिक चुनौतियों का एक विरासत भी छोड़ी, क्योंकि भारत को विनाशी नुकसान से उबारने और अपनी अर्थव्यवस्था को पुनः स्थापित करने में कठिनाई हुई। साथ ही, द्वितीय विश्व युद्ध के अनुभवों ने भारत को ग्लोबल व्यवस्था में अलगाव और स्वतंत्रता के प्रति प्रतिबद्ध किया, जो स्वतंत्रता के बाद के युग में उसकी विदेश नीति को आकार दिया।"
Answer the given question in Hindi:,1947 में भारत का विभाजन क्या था?,"1947 में भारत का विभाजन ब्रिटिश भारत को दो अलग-अलग राष्ट्रों, भारत और पाकिस्तान, में विभाजित कर दिया गया। विभाजन प्राथमिकतः धार्मिक रेखाओं पर आधारित था, जिसमें अधिकांशत: मुस्लिम क्षेत्रों ने नए राष्ट्र पाकिस्तान का हिस्सा बना, जबकि अधिकांशत: हिंदू और सिख क्षेत्र भारत का हिस्सा बने। विभाजन के साथ ही व्यापक हिंसा, बड़े पैमाने पर प्रवास, और सांप्रदायिक तनाव हुआ, जिससे इतिहास में सबसे बड़े और दुखद जनसंख्या विनिमयों में से एक हुआ।"
Write your answer to the question in Hindi:,भारत के विभाजन के पीछे के मुख्य कारण क्या थे?,"भारत के विभाजन के पीछे मुख्य रूप से हिंदुओं, मुस्लिमों, और सिखों के बीच धार्मिक और सांप्रदायिक तनाव थे। एक अलग मुस्लिम गृहस्थल की मांग, जो पहले मुहम्मद अली जिन्ना के अधीन अखिल भारतीय मुस्लिम लीग द्वारा आरंभ की गई थी, संयुक्त भारत में हिन्दू शासन के भय के साथ और धार्मिक विभाजन के चलते अधिक मजबूत हुई। राजनीतिक नेताओं के विपरीत मांगों को समान करने और समुदाय के बीच संबंधों के विघटन के असमर्थता के कारण, तनाव बढ़ गए, जिससे अंतत: विभाजन हो गया।"
Provide a response to the given query in Hindi:,भारतीय विभाजन में ब्रिटिश उपनिवेशी नीतियों का क्या योगदान था?,"भारतीय विभाजन में, विशेष रूप से ब्रिटिश उपनिवेशी नीतियों ने धार्मिक और जातिगत तनाव को बढ़ावा दिया। ब्रिटिश सत्ताधारियों ने साम्प्रदायिक और जातीय अंतरों का उपयोग नियंत्रण बनाए रखने और समुदायों के बीच अविश्वास और द्वेष को बढ़ावा दिया। साथ ही, विभाजन को कुशलतापूर्वक और सामाजिक और आर्थिक परिणामों के लिए पर्याप्त विचार किए बिना तेजी से और गलती से किया गया, जो हिंसा और अराजकता को और अधिक बढ़ावा दिया।"
Answer the question in Hindi language:,भारतीय विभाजन के परिणाम क्या थे?,"भारतीय विभाजन के बहुत दूर तक परिणाम हुए, सीधे और लम्बे समय तक। यह व्यापक हिंसा, रक्तस्त्राव, और प्रवास के साथ साथ हजारों की गिनती में हिन्दुओं, मुस्लिमों, और सिखों को अपने घरों से निकालने की स्थिति में लाया। विभाजन ने अनगिनत जीवनों की हानि और संपत्ति और सांस्कृतिक विरासत के विनाश का भी कारण बनाया। साथ ही, विभाजन ने सांप्रदायिक तनावों को और बढ़ावा दिया और भारत और पाकिस्तान के बीच विश्वास की और घृणा की एक विरासत छोड़ी।"
Reply to the asked question in Hindi:,भारत कैसे विभाजन के बीच स्वतंत्रता हासिल की?,"भारत ने ब्रिटिश शासन से 15 अगस्त 1947 को स्वतंत्रता प्राप्त की, जिससे ब्रिटिश शासन के खिलाफ वर्षों से लड़ाई और विरोध के परिणामस्वरूप हुआ। महात्मा गांधी, जवाहरलाल नेहरू, और अन्यों के नेतृत्व में भारतीय राष्ट्रीय कांग्रेस ने विभिन्न माध्यमों, जैसे कि अहिंसात्मक संविधान, नागरिक असमर्थता, और ब्रिटिश प्राधिकारियों के साथ समझौतों के माध्यम से स्वतंत्रता आंदोलन का प्रयास किया। भारतीय राष्ट्रवादी आंदोलन के दबाव के साथ, द्वितीय विश्व युद्ध के बाद ब्रिटिश साम्राज्य की कमजोरी, अंतत: भारत को स्वतंत्रता प्राप्त करने के लिए प्रेरित किया।"
दिए गए प्रश्न का उत्तर हिंदी में दें:, भारत ने ब्रिटिश शासन से स्वतंत्रता कब प्राप्त की?,भारत ने 15 अगस्त 1947 को ब्रिटिश शासन से स्वतंत्रता प्राप्त की।
दिए गए सवाल का जवाब हिंदी में लिखें:, भारत में 26 जनवरी 1950 को कौन सी महत्वपूर्ण घटना हुई?,"26 जनवरी 1950 को, भारत अपने संविधान को अपनाकर गणराज्य बन गया।"
दिए गए प्रश्न का समाधान हिंदी में प्रस्तुत करें:,किस देश के पास सबसे लंबा लिखित संविधान है?,भारत के पास किसी भी देश का सबसे लंबा लिखित संविधान है।
पूछे गए प्रश्न का उत्तर हिंदी में प्रदान करें:, भारत के पाँच-वर्षीय योजनाओं का मुख्य उद्देश्य क्या था?,"भारत के पाँच-वर्षीय योजनाओं का मुख्य उद्देश्य आर्थिक विकास को बढ़ावा देना था, उद्योगीकरण, कृषि, और बुनियादी संरचना पर ध्यान केंद्रित करना।"
बताए गए सवाल का उत्तर हिंदी में दें।,भारत ने अपनी पाँच-वर्षीय योजनाओं की कब शुरुआत की?,भारत ने 1951 में अपनी पाँच-वर्षीय योजनाओं की कार्यान्वयन शुरू की।
Diye gaye prashn ka uttar Hindi mein dein:,भारत ने अपनी पाँच-वर्षीय योजनाओं के लिए किस मॉडल का पालन किया?,भारत ने अपनी पाँच-वर्षीय योजनाओं के लिए सोवियत संघ के मॉडल का पालन किया।
Diye gaye sawaal ka jawab Hindi mein likhein:, 1947 में विभाजन के बाद से भारत-पाकिस्तान युद्धों की कितनी मुख्य घटनाएँ हुई हैं?,1947 में विभाजन के बाद से तीन मुख्य भारत-पाकिस्तान युद्ध हुए हैं।
Diye gaye prashn ka samadhan Hindi mein prastut karein:,भारत-पाकिस्तान युद्ध कब लड़े गए थे?,"भारत-पाकिस्तान युद्ध 1947-1948, 1965, और 1971 में लड़े गए थे।"
Pooche gaye prashn ka uttar Hindi mein pradaan karein:, 1971 भारत-पाकिस्तान युद्ध के बाद कौन सी महत्वपूर्ण घटना हुई?, 1971 भारत-पाकिस्तान युद्ध के बाद बांग्लादेश (पूर्व में पूर्वी पाकिस्तान) का गठन हुआ।
Bataye gaye sawaal ka jawab Hindi mein dein:,भारत किस राज्य पर 1947-1948 के भारत-पाकिस्तान युद्ध केंद्रित था?,1947-1948 के भारत-पाकिस्तान युद्ध का मुख्य केंद्र जम्मू और कश्मीर राज्य था।
Answer the given question in Hindi:,भारत ने ब्रिटिश शासन से स्वतंत्रता कब प्राप्त की?,भारत ने 1947 में ब्रिटिश शासन से स्वतंत्रता प्राप्त की।
Write your answer to the question in Hindi:,भारत कब गणराज्य बना?,भारत 26 जनवरी 1950 को गणराज्य बना।
Provide a response to the given query in Hindi:, भारत के गणतंत्र दिवस की तारीख क्या है?,भारत का गणतंत्र दिवस 26 जनवरी को मनाया जाता है।
Answer the question in Hindi language:,भारतीय इतिहास में 26 जनवरी 1950 का क्या महत्व है?,26 जनवरी 1950 को भारत ने अपना संविधान अपनाया और गणराज्य बन गया।
Reply to the asked question in Hindi:,किस देश के पास सबसे लंबा लिखित संविधान है?,भारत के पास सबसे लंबा लिखित संविधान है।
दिए गए प्रश्न का उत्तर हिंदी में दें:,भारतीय संविधान की ड्राफ्टिंग समिति के अध्यक्ष कौन थे?,भारतीय संविधान की ड्राफ्टिंग समिति के अध्यक्ष डॉ। बी.आर. अंबेडकर थे।
दिए गए सवाल का जवाब हिंदी में लिखें:,भारतीय संविधान सभा में कितने सदस्य थे?,भारतीय संविधान सभा में 299 सदस्य थे।
दिए गए प्रश्न का समाधान हिंदी में प्रस्तुत करें:,भारत के पांच-वर्षीय योजनाओं का मुख्य उद्देश्य क्या था?,"भारत के पांच-वर्षीय योजनाओं का मुख्य उद्देश्य आर्थिक विकास को प्रोत्साहित करना था, उद्योगीकरण, कृषि और बुनियादी ढांचे पर ध्यान केंद्रित करना।"
पूछे गए प्रश्न का उत्तर हिंदी में प्रदान करें:,भारत में पहला पांच-वर्षीय योजना कब लागू की गई थी?, भारत में पहला पांच-वर्षीय योजना 1951 से 1956 तक लागू की गई थी।
बताए गए सवाल का उत्तर हिंदी में दें।,पहले पांच-वर्षीय योजना के दौरान भारत के प्रधानमंत्री कौन थे?,पहले पांच-वर्षीय योजना के दौरान भारत के प्रधानमंत्री जवाहरलाल नेहरू थे।
Diye gaye prashn ka uttar Hindi mein dein:,भारत की दूसरी पांच-वर्षीय योजना का मुख्य ध्यान क्या था?,भारत की दूसरी पांच-वर्षीय योजना का मुख्य ध्यान तेजी से उद्योगीकरण पर था।
Diye gaye sawaal ka jawab Hindi mein likhein:,तीसरी पांच-वर्षीय योजना कब भारत में शुरू हुई थी?, तीसरी पांच-वर्षीय योजना भारत में 1961 में शुरू हुई थी।
Diye gaye prashn ka samadhan Hindi mein prastut karein:, तीसरी पांच-वर्षीय योजना का प्रमुख ध्यान क्या था?,तीसरी पांच-वर्षीय योजना का प्रमुख ध्यान कृषि और आत्मनिर्भरता पर था।
Pooche gaye prashn ka uttar Hindi mein pradaan karein:,तीसरी पांच-वर्षीय योजना के दौरान भारत के प्रधानमंत्री कौन थे?,तीसरी पांच-वर्षीय योजना के दौरान भारत के प्रधानमंत्री जवाहरलाल नेहरू थे।
Bataye gaye sawaal ka jawab Hindi mein dein:,भारत और पाकिस्तान के बीच कितने प्रमुख युद्ध हुए हैं?,भारत और पाकिस्तान के बीच तीन प्रमुख युद्ध हुए हैं।
Answer the given question in Hindi:,पहला भारत-पाकिस्तान युद्ध कब लड़ा गया था?, पहला भारत-पाकिस्तान युद्ध 1947-1948 में लड़ा गया था।
Write your answer to the question in Hindi:,1965 के भारत-पाकिस्तान युद्ध का मुख्य कारण क्या था?,1965 के भारत-पाकिस्तान युद्ध का मुख्य कारण कश्मीर मुद्दा था।
Provide a response to the given query in Hindi:,1971 के भारत-पाकिस्तान युद्ध के दौरान कौनसा भारतीय शहर भारी बमबारी का सामना करा?,1971 के भारत-पाकिस्तान युद्ध के दौरान भारतीय शहर अमृतसर भारी बमबारी का सामना करा।
Answer the question in Hindi language:,1971 के भारत-पाकिस्तान युद्ध का परिणाम क्या था?,1971 के भारत-पाकिस्तान युद्ध का परिणाम बांग्लादेश की स्थापना थी (पूर्व पाकिस्तान के रूप में)।
Reply to the asked question in Hindi:,1971 के भारत-पाकिस्तान युद्ध के दौरान भारत के प्रधानमंत्री कौन थे?,1971 के भारत-पाकिस्तान युद्ध के दौरान इंदिरा गांधी भारत के प्रधानमंत्री थीं।
दिए गए प्रश्न का उत्तर हिंदी में दें:,1971 के भारत-पाकिस्तान युद्ध में भारतीय नौसेना की क्या भूमिका थी?, 1971 के युद्ध में भारतीय नौसेना ने पूर्व पाकिस्तान पर बंदरगाह पर प्रतिबंध लगाने में महत्वपूर्ण भूमिका निभाई।
दिए गए सवाल का जवाब हिंदी में लिखें:,1965 के भारत-पाकिस्तान युद्ध के दौरान पाकिस्तान को किस देश ने सैन्य सहायता प्रदान की थी?,चीन ने 1965 के भारत-पाकिस्तान युद्ध के दौरान पाकिस्तान को सैन्य सहायता प्रदान की थी।
दिए गए प्रश्न का समाधान हिंदी में प्रस्तुत करें:,ताशकंद समझौते का महत्व क्या था?,ताशकंद समझौता 1966 में भारत और पाकिस्तान के बीच 1965 युद्ध को समाप्त करने के लिए समझौता हस्ताक्षर किया गया था।
पूछे गए प्रश्न का उत्तर हिंदी में प्रदान करें:,ताशकंद समझौते के हस्ताक्षर करने वाले भारत और पाकिस्तान के नेता कौन थे?,लाल बहादुर शास्त्री भारत से और आयूब ख़ान पाकिस्तान से ताशकंद समझौते के हस्ताक्षर करने वाले नेता थे।
बताए गए सवाल का उत्तर हिंदी में दें।,भारत और पाकिस्तान के बीच संघर्षों को सुलझाने में संयुक्त राष्ट्र की क्या भूमिका थी?,"संयुक्त राष्ट्र ने भारत और पाकिस्तान के बीच कुछ संघर्षों में मध्यस्थता भूमिका निभाई, जिसमें कश्मीर मुद्दा शामिल है।"
Diye gaye prashn ka uttar Hindi mein dein:,भारत और पाकिस्तान के बीच मुख्य विवादित बिंदु कौन सा है?,जम्मू और कश्मीर राज्य भारत और पाकिस्तान के बीच मुख्य विवादित बिंदु रहा है।
Diye gaye sawaal ka jawab Hindi mein likhein:,भारत और पाकिस्तान के संदर्भ में लाइन ऑफ कंट्रोल (LoC) क्या है?,लाइन ऑफ कंट्रोल (LoC) एक विराम रेखा है जो भारतीय प्रशासित कश्मीर को पाकिस्तानी प्रशासित कश्मीर से अलग करती है।
Diye gaye prashn ka samadhan Hindi mein prastut karein:,भारत-पाकिस्तान संबंधों में सिमला समझौते की भूमिका क्या थी?,सिमला समझौता 1972 में हस्ताक्षरित हुआ था जो भारत और पाकिस्तान के बीच कश्मीर विवाद समेत द्विपक्षीय मुद्दों को सुलझाने का उद्देश्य रखता था।
Pooche gaye prashn ka uttar Hindi mein pradaan karein:,कौनसा युद्ध पाकिस्तान से बांग्लादेश की स्वतंत्रता का कारण बना?,1971 का भारत-पाकिस्तान युद्ध पाकिस्तान से बांग्लादेश की स्वतंत्रता का कारण बना।
Bataye gaye sawaal ka jawab Hindi mein dein:,बांग्लादेश मुक्ति युद्ध के नेता कौन थे?,शेख मुजीबुर रहमान बांग्लादेश मुक्ति युद्ध के नेता थे।
Answer the given question in Hindi:,बांग्लादेश को आधिकारिक रूप से स्वतंत्र देश के रूप में कब मान्यता दी गई थी?," बांग्लादेश को आधिकारिक रूप से स्वतंत्र देश के रूप में 16 दिसंबर, 1971 को मान्यता दी गई थी।"
Write your answer to the question in Hindi:,बांग्लादेश के निर्माण में भारतीय सशस्त्र बलों की क्या भूमिका थी?,भारतीय सशस्त्र बल ने बांग्लादेश की आजादी के लिए समर्थन दिया और बांग्लादेश के निर्माण में महत्वपूर्ण भूमिका निभाई।
Provide a response to the given query in Hindi:, बांग्लादेश में कौन-कौन सी प्रमुख नदियाँ बहती हैं?,"बांग्लादेश में मुख्य नदियाँ हैं गंगा, ब्रह्मपुत्र और मेघना।"
Answer the question in Hindi language:,ब्रिटिश भारत के विभाजन का बंगाल पर क्या प्रभाव पड़ा?,ब्रिटिश भारत के विभाजन ने बंगाल को पूर्वी बंगाल (जो बाद में पूर्वी पाकिस्तान बना और फिर बांग्लादेश) और पश्चिम बंगाल (जो भारत का हिस्सा बन गया) में विभाजित किया।
Reply to the asked question in Hindi:,स्वतंत्र भारत के पहले प्रधानमंत्री कौन थे?, स्वतंत्र भारत के पहले प्रधानमंत्री जवाहरलाल नेहरू थे।
दिए गए प्रश्न का उत्तर हिंदी में दें:,भारतीय स्वतंत्रता संग्राम में महात्मा गांधी की क्या भूमिका थी?,महात्मा गांधी भारतीय स्वतंत्रता संग्राम के प्रमुख नेता थे और विभिन्न ब्रिटिश शासन के खिलाफ अहिंसात्मक अभियानों का नेतृत्व किया।
दिए गए सवाल का जवाब हिंदी में लिखें:,कब भारत छोड़ो आन्दोलन शुरू किया गया था?,"भारत छोड़ो आन्दोलन को महात्मा गांधी ने 1942 में शुरू किया था, जिसमें भारत में ब्रिटिश शासन को समाप्त करने की मांग की गई थी।"
दिए गए प्रश्न का समाधान हिंदी में प्रस्तुत करें:,भारतीय स्वतंत्रता आंदोलन में डैंडी मार्च का क्या महत्व था?,"डैंडी मार्च, 1930 में महात्मा गांधी द्वारा नेतृत्व किया गया एक अहिंसात्मक प्रदर्शन था, जिसमें ब्रिटिश खादी की मोनोपॉली के खिलाफ प्रोटेस्ट किया गया, जो अंतरराष्ट्रीय ध्यान आकर्षित करता और ब्रिटिश सरकार पर दबाव बढ़ाता था।"
पूछे गए प्रश्न का उत्तर हिंदी में प्रदान करें:,ब्रिटिश भारत के अंतिम वायसराय कौन थे?,लॉर्ड माउंटबेटन ब्रिटिश भारत के अंतिम वायसराय थे।
बताए गए सवाल का उत्तर हिंदी में दें।,ब्रिटिश भारत के लिए विभाजन योजना क्या थी जो ब्रिटिश सरकार ने प्रस्तावित की थी?,"विभाजन योजना ने ब्रिटिश भारत को दो अलग राष्ट्रों, भारत और पाकिस्तान, में विभाजित करने का प्रस्ताव किया था।"
Diye gaye prashn ka uttar Hindi mein dein:,पार्टीशन के लिए माउंटबेटन योजना की मुख्य प्रावधान क्या थे?,"माउंटबेटन योजना ने ब्रिटिश भारत को दो डोमिनियंस, भारत और पाकिस्तान, में विभाजित करने का प्रस्ताव किया, जिसमें मुस्लिम बहुमत और हिन्दू बहुमत क्षेत्रों के लिए अलग-अलग सीमाएँ थीं।"
Diye gaye sawaal ka jawab Hindi mein likhein:,पाकिस्तान के संस्थापक कौन थे?, मुहम्मद अली जिन्ना को पाकिस्तान के संस्थापक माना जाता है।
Diye gaye prashn ka samadhan Hindi mein prastut karein:, बांग्लादेश का मूल नाम क्या था?,बांग्लादेश का मूल नाम पूर्वी पाकिस्तान था।
Pooche gaye prashn ka uttar Hindi mein pradaan karein:,भारतीय इतिहास में 15 अगस्त का क्या महत्व है?,"15 अगस्त को भारतीय इतिहास में स्वतंत्रता दिवस के रूप में मनाया जाता है, जो 1947 में भारत को ब्रिटिश शासन से स्वतंत्रता प्राप्त होने के दिन के रूप में मनाया जाता है।"
Bataye gaye sawaal ka jawab Hindi mein dein:,भारतीय इतिहास में 2 अक्टूबर का क्या महत्व है?,"2 अक्टूबर को महात्मा गांधी के जन्मोत्सव के रूप में मनाया जाता है, जिन्होंने भारत के स्वतंत्रता संग्राम में महत्वपूर्ण भूमिका निभाई।"
Answer the given question in Hindi:,भारतीय राष्ट्रीय कांग्रेस की स्थापना कब हुई थी?, भारतीय राष्ट्रीय कांग्रेस की स्थापना 1885 में हुई थी।
Write your answer to the question in Hindi:,स्वतंत्र भारत के पहले राष्ट्रपति कौन थे?, डॉ. राजेंद्र प्रसाद स्वतंत्र भारत के पहले राष्ट्रपति थे।
Provide a response to the given query in Hindi:,स्वतंत्र भारत में पहला सामान्य चुनाव कब हुआ था?, स्वतंत्र भारत में पहला सामान्य चुनाव 1951-1952 में हुआ था।
Answer the question in Hindi language:,पाकिस्तान के पहले प्रधानमंत्री कौन थे?,लियाकत अली खान पाकिस्तान के पहले प्रधानमंत्री थे।
Reply to the asked question in Hindi:,पाकिस्तान के निर्माण के संदर्भ में लाहौर प्रस्ताव का क्या महत्व था?,"लाहौर प्रस्ताव, 1940 में पारित किया गया, ने ब्रिटिश भारत में मुस्लिमों के लिए स्वतंत्र राष्ट्रों के निर्माण की मांग की, जिससे पाकिस्तान का गठन हुआ।"
दिए गए प्रश्न का उत्तर हिंदी में दें:,चीन-भारत युद्ध कब हुआ था?,चीन-भारत युद्ध 1962 में हुआ था।
दिए गए सवाल का जवाब हिंदी में लिखें:,चीन-भारत युद्ध के मुख्य कारण क्या थे?, चीन-भारत युद्ध का मुख्य कारण हिमालयी क्षेत्र में सीमा विवाद था।
दिए गए प्रश्न का समाधान हिंदी में प्रस्तुत करें:,चीन-भारत युद्ध में कौन विजयी निकला?,चीन-भारत युद्ध में चीन विजयी निकला।
पूछे गए प्रश्न का उत्तर हिंदी में प्रदान करें:,भारत के लिए चीन-भारत युद्ध का परिणाम क्या था?,चीन-भारत युद्ध का परिणाम चीन के लिए निर्णायक जीत था।
बताए गए सवाल का उत्तर हिंदी में दें।,भारत में हरित क्रांति क्या है?,"भारत में हरित क्रांति में उच्च उत्पादक बीज, आधुनिक कृषि तकनीक, और सिंचाई ढालने का प्रयास किया गया है ताकि खाद्य उत्पादन में वृद्धि हो सके।"
Diye gaye prashn ka uttar Hindi mein dein:,भारत में हरित क्रांति कब शुरू हुई?, भारत में हरित क्रांति 1960 के दशक में शुरू हुई।
Diye gaye sawaal ka jawab Hindi mein likhein:,हरित क्रांति का उद्देश्य क्या था?,हरित क्रांति का उद्देश्य भोजन उत्पादन बढ़ाना और भोजन सुरक्षा को प्राप्त करना था।
Diye gaye prashn ka samadhan Hindi mein prastut karein:,भारत में व्हाइट क्रांति को किस नाम से भी जाना जाता है?,भारत में व्हाइट क्रांति को ऑपरेशन फ्लड के नाम से भी जाना जाता है।
Pooche gaye prashn ka uttar Hindi mein pradaan karein:,व्हाइट क्रांति का क्या मुख्य ध्यान था?, व्हाइट क्रांति का मुख्य ध्यान डेयरी विकास और दूध उत्पादन में वृद्धि करने पर था।
Bataye gaye sawaal ka jawab Hindi mein dein:,भारत में व्हाइट क्रांति कब शुरू हुई?,भारत में व्हाइट क्रांति 1970 के दशक में शुरू हुई थी।
Answer the given question in Hindi:, भारत में व्हाइट क्रांति की शुरुआत किसने की थी?, भारत में व्हाइट क्रांति की शुरुआत वर्गीज कुरियन ने की थी।
Write your answer to the question in Hindi:,1975 में भारत में आपातकाल क्यों घोषित किया गया था?,1975 में भारत में आपातकाल को नागरिक स्वतंत्रताओं और राजनीतिक विरोध को निलंबित करने के लिए घोषित किया गया था।
Provide a response to the given query in Hindi:,आपातकाल के दौरान भारत के प्रधानमंत्री कौन थे?,आपातकाल के दौरान भारत के प्रधानमंत्री इंदिरा गांधी थे।
Answer the question in Hindi language:,आपातकाल के दौरान कुछ उपाय क्या थे जो भारत में लिए गए थे?,"आपातकाल के दौरान, व्यापक सेंसरशिप, मानव अधिकारों की उल्लंघन, और राजनीतिक विरोध के दमन के उपाय लिए गए थे।"
Reply to the asked question in Hindi:,भारत में आपातकाल की अवधि कितनी थी?,भारत में आपातकाल की अवधि 1975 से 1977 तक थी।
दिए गए प्रश्न का उत्तर हिंदी में दें:,भारत में आपातकाल की असर क्या थी?,भारत में आपातकाल की असर से लोकतंत्र के अधिकार और स्वतंत्रताओं का निलंबन हुआ और भारतीय लोकतंत्र की स्वास्थ्य पर संदेह उत्पन्न हुआ।
दिए गए सवाल का जवाब हिंदी में लिखें:,भारत में आपातकाल कैसे समाप्त हुआ?,भारत में आपातकाल 1977 की सामान्य चुनावों में इंदिरा गांधी की सरकार की हार के साथ समाप्त हुआ।
दिए गए प्रश्न का समाधान हिंदी में प्रस्तुत करें:,आपातकाल के बाद भारत में प्रधानमंत्री कौन थे?,आपातकाल के बाद मोरारजी देसाई भारत के प्रधानमंत्री बने।
पूछे गए प्रश्न का उत्तर हिंदी में प्रदान करें:,भारत में आपातकाल के परिणाम क्या कुछ थे?,"आपातकाल के परिणामों में राजनीतिक दमन, सेंसरशिप, और नागरिक स्वतंत्रताओं के क्षीण होना शामिल था।"
बताए गए सवाल का उत्तर हिंदी में दें।,आपातकाल के दौरान न्यायपालिका की क्या भूमिका थी भारत में?,"आपातकाल के दौरान, न्यायपालिका दबाव में आई और कुछ न्यायाधीशों ने नागरिक स्वतंत्रताओं को उल्लंघन करने वाली सरकारी कार्रवाईयों को समर्थन दिया।"
Diye gaye prashn ka uttar Hindi mein dein:,आपातकाल की अवधि ने भारतीय मीडिया पर कैसा प्रभाव डाला?," आपातकाल के दौरान, विस्तृत सेंसरशिप थी, और कई पत्रकारों को रिपोर्टिंग पर प्रतिबंध था।"
Diye gaye sawaal ka jawab Hindi mein likhein:, हरित क्रांति का भारत में आर्थिक प्रभाव क्या था?,"हरित क्रांति ने खेती की उत्पादकता में वृद्धि की, खाद्य की कमी को कम किया, और आर्थिक विकास में योगदान दिया।"
Diye gaye prashn ka samadhan Hindi mein prastut karein:, हरित क्रांति के कार्यान्वयन के दौरान कुछ चुनौतियां क्या थीं जो भारत में उठाई गईं थीं?,"हरित क्रांति के कार्यान्वयन के दौरान चुनौतियों में संसाधनों की पहुंच, पर्यावरण संबंधी चिंताएँ, और लाभों के असमान वितरण शामिल थे।"
Pooche gaye prashn ka uttar Hindi mein pradaan karein:,हरित क्रांति को भारत में समर्थन में अंतरराष्ट्रीय संगठनों की क्या भूमिका थी?,"अंतरराष्ट्रीय संगठनों ने हरित क्रांति को बढ़ावा देने के लिए तकनीकी सहायता, अनुसंधान समर्थन, और वित्तीय सहायता प्रदान की।"
Bataye gaye sawaal ka jawab Hindi mein dein:,व्हाइट क्रांति के मुख्य घटक क्या थे भारत में?,"व्हाइट क्रांति के मुख्य घटकों में डेयरी सहकारिता की स्थापना, डेयरी बुनियादी संरचना का आधुनिकीकरण, और दूध उत्पादन में वृद्धि शामिल थे।"
Answer the given question in Hindi:,व्हाइट क्रांति का भारत के डेयरी उद्योग के लिए क्या महत्व था?,व्हाइट क्रांति ने भारत को दुनिया के सबसे बड़े दूध उत्पादक देशों में से एक बना दिया और डेयरी किसानों की आजीविका में सुधार किया।
Write your answer to the question in Hindi:, व्हाइट क्रांति ने भारत के ग्रामीण आजीविकाओं पर कैसा प्रभाव डाला?,"व्हाइट क्रांति ने रोजगार के अवसर सृजित किए, ग्रामीण आयों को सुधारा, और खासकर महिलाओं को सशक्त बनाया।"
Provide a response to the given query in Hindi:,हरित क्रांति के सफलता में तकनीक की क्या भूमिका थी?,उच्च उत्पादक फसलों और मेकेनाइज्ड खेती तकनीकों जैसे तकनीकी उन्नतियों की महत्वपूर्ण भूमिका थी हरित क्रांति में।
Answer the question in Hindi language:,हरित क्रांति की भारत में पर्यावरणीय परिणाम क्या थे?,"हरित क्रांति के पर्यावरणीय परिणाम में मृदा की गिरावट, जल संसाधनों की कमी, और जैव विविधता की हानि शामिल थी।"
Reply to the asked question in Hindi:,सीनो-भारतीय युद्ध ने भारत और चीन के द्विपक्षीय संबंधों पर कैसा प्रभाव डाला?,सीनो-भारतीय युद्ध ने भारत और चीन के द्विपक्षीय संबंधों को तनावित किया और विवादित सीमा के आसपास बढ़ी तनाव को बढ़ाया।
दिए गए प्रश्न का उत्तर हिंदी में दें:,सीनो-भारतीय युद्ध की शुरुआत के पीछे कौन-कौनसी अधिकारिक विवाद थे?," भारत और चीन के बीच अधिकारिक विवाद प्रमुखतः हिमालय क्षेत्र के चारों ओर, जैसे अक्साई चिन और मैकमॉन लाइन, जैसे क्षेत्रों के चारों ओर थे।"
दिए गए सवाल का जवाब हिंदी में लिखें:,सीनो-भारतीय युद्ध का अंतर्राष्ट्रीय प्रतिक्रिया क्या था?," सीनो-भारतीय युद्ध का अंतर्राष्ट्रीय प्रतिक्रिया भिन्न-भिन्न था, कुछ देश घटना के तनाव के बढ़ने पर चिंता जताते रहे।"
दिए गए प्रश्न का समाधान हिंदी में प्रस्तुत करें:, सीनो-भारतीय युद्ध के दौरान भारत की रणनीति क्या थी?,सीनो-भारतीय युद्ध के दौरान भारत की रणनीति अपने सीमाई अखंडता की रक्षा करने के साथ-साथ संघर्ष के लिए कूटनीतिक समाधान की खोज में थी।
पूछे गए प्रश्न का उत्तर हिंदी में प्रदान करें:,सीनो-भारतीय युद्ध ने भारत की रक्षा नीतियों पर कैसा प्रभाव डाला?,सीनो-भारतीय युद्ध ने भारत को अपनी रक्षा नीतियों की पुनरावलोकन करने के लिए प्रेरित किया और अपनी सशस्त्र बलों को आधुनिकीकरण करने में निवेश करने के लिए मजबूर किया।
बताए गए सवाल का उत्तर हिंदी में दें।,सीनो-भारतीय युद्ध के भारत के सुरक्षा पोज़ीशन के लिए क्या परिणाम हुए?,सीनो-भारतीय युद्ध ने भारत के सुरक्षा पोज़ीशन में सीमा सुरक्षा और क्षेत्रीय रक्षा की महत्ता को हाइलाइट किया।
Diye gaye prashn ka uttar Hindi mein dein:,सीनो-भारतीय युद्ध को समाधान करने में अंतरराष्ट्रीय कारकों की क्या भूमिका थी?,"अंतरराष्ट्रीय कारक, जैसे कि संयुक्त राष्ट्र और संयुक्त राज्य अमेरिका, सीनो-भारतीय युद्ध को समाधान करने और आगे बढ़ने से रोकने का प्रयास किया।"
Diye gaye sawaal ka jawab Hindi mein likhein:,सीनो-भारतीय युद्ध ने दक्षिण एशिया में क्षेत्रीय स्थिरता पर कैसा प्रभाव डाला?, सीनो-भारतीय युद्ध ने दक्षिण एशिया में क्षेत्रीय अस्थिरता को बढ़ाया और क्षेत्र की भूगोलिक राजनीति को प्रभावित किया।
Diye gaye prashn ka samadhan Hindi mein prastut karein:,सीनो-भारतीय युद्ध से क्या सीखा गया?,सीनो-भारतीय युद्ध से दूत करने और सीमा प्रबंधन के महत्व के साथ-साथ सैन्य तैयारियों की महत्वपूर्ण भूमिका को समझा गया।
Pooche gaye prashn ka uttar Hindi mein pradaan karein:,1975 में भारत में आपातकाल की घोषणा करने वाले मूल कारण क्या थे?," 1975 में भारत में आपातकाल की घोषणा करने वाले मूल कारण राजनीतिक अस्थिरता, आर्थिक चुनौतियों, और राष्ट्रीय सुरक्षा के खतरों थे।"
Bataye gaye sawaal ka jawab Hindi mein dein:,आपातकाल की अवधि ने भारत में नागरिक स्वतंत्रताओं पर कैसा प्रभाव डाला?,"आपातकाल की अवधि में नागरिक स्वतंत्रताओं की निलंबन, मीडिया की सेंसरशिप, और राजनीतिक विरोध के दमन का साक्षात्कार हुआ।"
Answer the given question in Hindi:,भारत में आपातकाल के दौरान अंतरराष्ट्रीय प्रतिक्रिया क्या थी?,भारत में आपातकाल के दौरान अंतरराष्ट्रीय समुदाय ने भारतीय लोकतंत्र और मानवाधिकारों के कमजोर होने पर चिंता व्यक्त की।
Write your answer to the question in Hindi:,आपातकाल के दौरान भारत में नागरिक समाज संगठनों की क्या भूमिका थी?,"आपातकाल के दौरान नागरिक समाज संगठनों ने तानाशाही का मुकाबला किया, मानवाधिकारों की रक्षा की, और आपातकाल के दौरान राजनीतिक कैदियों का समर्थन किया।"
Provide a response to the given query in Hindi:,आपातकाल के दौरान भारतीय राजनीति को कैसे प्रभावित किया?,"आपातकाल के दौरान भारतीय राजनीति पर एक दीर्घकालिक प्रभाव पड़ा, जिसने संवैधानिक संरक्षणों, संस्थागत सुधारों, और लोकतंत्रिक जवाबदेही पर अधिक जोर दिया।"
Answer the question in Hindi language:,आपातकाल के बाद भारत में कुछ सुधार क्या किए गए?,"आपातकाल के बाद भारत में कुछ सुधारों में संवैधानिक संस्थाओं को मजबूत किया गया, नागरिक स्वतंत्रताओं की सुरक्षा की गई, और शक्ति का वितरण को बढ़ावा दिया गया।"
Reply to the asked question in Hindi:,आपातकाल का भारत में मीडिया स्वतंत्रता पर कैसा प्रभाव पड़ा?,"आपातकाल के दौरान व्यापक सेंसरशिप और मीडिया स्वतंत्रता की दमन देखी गई, जिससे पत्रकारों में आत्मनिर्भरता बढ़ी और प्रेस की स्वतंत्रता पर प्रतिबंध लगा।"
दिए गए प्रश्न का उत्तर हिंदी में दें:,आपातकाल के भारत में आर्थिक परिणाम क्या थे?," आपातकाल के दौरान आर्थिक गतिरोध, निवेशकों की अस्थिरता, और सरकारी संस्थानों में जनता के विश्वास की कमी देखी गई।"
दिए गए सवाल का जवाब हिंदी में लिखें:,आपातकाल के दौरान विपक्ष पार्टियों की क्या भूमिका थी?,"आपातकाल के दौरान विपक्ष पार्टियों को निर्देशित किया और सेंसरशिप का सामना किया, लेकिन उन्होंने गुप्त संगठनों और कानूनी चुनौतियों के माध्यम से तानाशाही का सामना किया।"
दिए गए प्रश्न का समाधान हिंदी में प्रस्तुत करें:,आपातकाल के दौरान भारत की अंतर्राष्ट्रीय में कैसा छवि थी?, आपातकाल के दौरान भारत की छवि एक प्रगतिशील लोकतंत्र के रूप में क्षय हो गई और मानवाधिकारों के उल्लंघन और तानाशाही के विरुद्ध आलोचना का सामना हुआ।
पूछे गए प्रश्न का उत्तर हिंदी में प्रदान करें:,आपातकाल के दौरान भारत में सामाजिक परिणाम क्या थे?,"भारत में आपातकाल के दौरान सामाजिक विभाजन, सरकारी संस्थानों में भरोसे की कमी, और डर और धमकी की एक संस्कृति देखी गई।"
बताए गए सवाल का उत्तर हिंदी में दें।,भारतीय लोकतंत्र के लिए आपातकाल का दीर्घकालिक परिणाम क्या था?,"आपातकाल के बाद भारतीय लोकतंत्र के भंडारण पर सोचने के लिए प्रेरित किया, जिसने संवैधानिक सुधारों, न्यायिक सक्रियता, और लोकतंत्रिक मूल्यों और नियमों पर अधिक जोर दिया।"
Diye gaye prashn ka uttar Hindi mein dein:,"1991 में भारत ने आर्थिक स्वतंत्रीकरण के रूप में महत्वपूर्ण आर्थिक सुधार किया, उसकी प्रमुख विशेषताएं क्या थीं?","1991 में भारत ने आर्थिक स्वतंत्रीकरण के रूप में महत्वपूर्ण आर्थिक सुधार किए गए, जिनमें रुपया की मूल्यांतरण, लाइसेंस राज का अनिल्दन, और प्राथमिक और विदेशी निवेश के लिए महत्वपूर्ण क्षेत्रों की खोल दी गई।"
Diye gaye sawaal ka jawab Hindi mein likhein:,पोखरण में भारतीय परमाणु परीक्षणों का भारतीय इतिहास में क्या महत्व है?," पोखरण में भारतीय परमाणु परीक्षण, 1974 और 1998 में किए गए, भारत को एक परमाणु शक्ति के रूप में स्थापित किया और इसकी सुरक्षा और विदेश नीति के लिए महत्वपूर्ण परिणाम हुए।"
Diye gaye prashn ka samadhan Hindi mein prastut karein:,पोखरण में 1998 में भारत क्यों परमाणु परीक्षण करने की क्रिया की?, 1998 में पोखरण में भारत ने सुरक्षा के आसपास के संदेह को समझ कर और अपनी परमाणु क्षमताओं को दिखाने के लिए परमाणु परीक्षण करने का निर्णय लिया।
Pooche gaye prashn ka uttar Hindi mein pradaan karein:,अंतर्राष्ट्रीय समुदाय ने पोखरण में भारत के परमाणु परीक्षणों का किस प्रकार का प्रतिक्रियात्मक किया?,1998 में पोखरण में भारत के परमाणु परीक्षणों के अंतर्राष्ट्रीय समुदाय ने निंदा और विभिन्न देशों द्वारा लगाए गए प्रतिबंधों का प्रतिक्रियात्मक किया।
Bataye gaye sawaal ka jawab Hindi mein dein:,भारत की परमाणु नीति क्या है जिसमें परमाणु हथियारों का उपयोग शामिल है?,"भारत की परमाणु नीति में ""पहले हमले का ना होना"" सिद्धांत को महत्व दिया जाता है, अर्थात यह घोषित करता है कि यह पहले किसी युद्ध में परमाणु हथियारों का उपयोग नहीं करेगा।"
Answer the given question in Hindi:,"भारत ने आर्थिक परिवर्तन के महत्वपूर्ण सुधार कब लागू किए, जिन्हें आर्थिक उदारीकरण के रूप में जाना जाता है?",भारत ने 1991 में आर्थिक उदारीकरण के रूप में महत्वपूर्ण आर्थिक सुधार लागू किए।
Write your answer to the question in Hindi:, 1991 में भारत के आर्थिक उदारीकरण के पीछे कौन-कौन से महत्वपूर्ण व्यक्तित्व थे?, प्रधानमंत्री नरसिंह राव और वित्त मंत्री मनमोहन सिंह भारत के 1991 में आर्थिक उदारीकरण के पीछे महत्वपूर्ण व्यक्तित्व थे।
Provide a response to the given query in Hindi:,1991 में भारत के आर्थिक उदारीकरण के मुख्य उद्देश्य क्या थे?," 1991 में भारत के आर्थिक उदारीकरण के मुख्य उद्देश्य अर्थव्यवस्था को उदारीकृत करना, बाजारों को नियंत्रित करना, और विदेशी निवेश को खोलना था।"
Answer the question in Hindi language:, 1991 में भारत के आर्थिक उदारीकरण के दौरान कुछ विशेष उपाय क्या थे?,"1991 में भारत के आर्थिक उदारीकरण के दौरान कुछ विशेष उपाय रुपये का मूल्यह्रास, लाइसेंस राज का अवरोधन, और कुंजीय क्षेत्रों को निजी और विदेशी निवेश के लिए खोलना शामिल थे।"
Reply to the asked question in Hindi:,1991 में भारत के आर्थिक उदारीकरण का कैसा प्रभाव हुआ?,"1991 में भारत के आर्थिक उदारीकरण से उच्च आर्थिक विकास, अधिक विदेशी निवेश, और वैश्विक अर्थव्यवस्था में एकीकरण हुआ।"
दिए गए प्रश्न का उत्तर हिंदी में दें:,पोखरण परमाणु परीक्षण का भारतीय इतिहास में क्या महत्व है?,1974 और 1998 में आयोजित पोखरण परमाणु परीक्षणों ने भारत को एक परमाणु शक्ति के रूप में स्थापित किया और इसके सुरक्षा और विदेश नीति के लिए महत्वपूर्ण परिणाम लिए।
दिए गए सवाल का जवाब हिंदी में लिखें:,1974 में भारत के पहले परमाणु परीक्षण का कोड नाम क्या था?,"1974 में भारत का पहला परमाणु परीक्षण ""स्माइलिंग बुद्ध"" के नाम से कोड नामित था।"
दिए गए प्रश्न का समाधान हिंदी में प्रस्तुत करें:,1998 में भारत को पोखरण परमाणु परीक्षण करने का क्या प्रेरित किया?,1998 में भारत ने पोखरण परमाणु परीक्षण करने के लिए सुरक्षा संदेहों के प्रतिकूल के रूप में और अपनी परमाणु क्षमताओं को आगे बढ़ाने के लिए किया।
पूछे गए प्रश्न का उत्तर हिंदी में प्रदान करें:,अंतर्राष्ट्रीय समुदाय ने पोखरण में भारत के परमाणु परीक्षणों के पर कैसे प्रतिक्रिया दी?,1998 में पोखरण में भारत के परमाणु परीक्षणों पर अंतर्राष्ट्रीय समुदाय ने आंतरिक निंदा की और विभिन्न देशों ने प्रतिबंध लगाए।
बताए गए सवाल का उत्तर हिंदी में दें।,भारत की परमाणु नीति क्या है जो परमाणु हथियारों के उपयोग के बारे में है?,"भारत की परमाणु नीति ""पहला उपयोग ना करने"" के सिद्धांत को जोर देती है, अर्थात यह वायदा करती है कि किसी विवाद में पहले परमाणु हथियारों का उपयोग नहीं किया जाएगा।"
Diye gaye prashn ka uttar Hindi mein dein:,भारत की परमाणु नीति के कुछ मुख्य विशेषताएँ क्या हैं?,"भारत की परमाणु नीति की कुछ मुख्य विशेषताएँ मान्य न्यूनतम धमकी, परमाणु हथियारों का गैर-प्रयोग गैर-परमाणु राष्ट्रों के खिलाफ नहीं उपयोग, और परमाणु हमले के मामले में प्रतिक्रिया शामिल है।"
Diye gaye sawaal ka jawab Hindi mein likhein:,क्षेत्रीय राजनीतिक पार्टियों के उदय से भारतीय राजनीति पर कैसा प्रभाव पड़ा?, भारत में क्षेत्रीय राजनीतिक पार्टियों के उदय से राष्ट्रीय स्तर पर गठबंधन सरकारें और एक अधिक वित्तीय राजनीतिक परिदृश्य में बदलाव हुआ।
Diye gaye prashn ka samadhan Hindi mein prastut karein:,भारत में क्षेत्रीय राजनीतिक पार्टियों के उदय में कौन-कौन से कारक योगदान किए?,"भारत में क्षेत्रीय राजनीतिक पार्टियों के उदय में भाषाई और सांस्कृतिक विविधता, क्षेत्रीय आकांक्षाएँ, और राष्ट्रीय पार्टियों के प्रति असंतोष जैसे कारक योगदान किए।"
Pooche gaye prashn ka uttar Hindi mein pradaan karein:,भारतीय राजनीति के संदर्भ में गठबंधन राजनीति क्या है?,भारत में गठबंधन राजनीति एक से अधिक राजनीतिक पार्टियों के संयोजन को संसद या राज्य सभाओं में अधिकांश प्राप्त करने के लिए सरकारों के गठन को संदर्भित करती है।
Bataye gaye sawaal ka jawab Hindi mein dein:,भारत में गठबंधन राजनीति ने शासन पर कैसा प्रभाव डाला है?," भारत में गठबंधन राजनीति ने जटिल शक्ति गतिकी, अक्सर सरकारों में परिवर्तन, और विभिन्न हितों को आदान-प्रदान करने के लिए नीतियों पर समझौते का कारण बनाया है।"
Answer the given question in Hindi:,भारतीय लोकतंत्र में क्षेत्रीय राजनीतिक पार्टियों का क्या योगदान है?,"भारतीय लोकतंत्र में क्षेत्रीय राजनीतिक पार्टियाँ क्षेत्रीय हितों की प्रतिनिधित्व करके, मतदाताओं को गतिशील करके, और गठबंधन राजनीति के माध्यम से राष्ट्रीय नीतियों को आकार देने में महत्वपूर्ण भूमिका निभाते हैं।"
Write your answer to the question in Hindi:,भारत में गठबंधन सरकारों के द्वारा कुछ चुनौतियां क्या हैं?," भारत में गठबंधन सरकारों के द्वारा कुछ चुनौतियाँ स्थिरता, दीर्घकालिक नीतियों को लागू करने में कठिनाई, और संघटित होने वाले हाथापाई और व्यापार को बढ़ा देती हैं।"
Provide a response to the given query in Hindi:,भारत में गठबंधन सरकारों का निर्णय लेने में कैसे प्रभाव होता है?,"भारत में गठबंधन सरकारों में आमतौर पर विविध राजनीतिक पार्टियों के बीच सम्मति बनाने और समझौते के माध्यम से निर्णय लेने की आवश्यकता होती है, जो नीतियों को धीमी गति से लाने और नीति संदेश में गतिशीलता को बढ़ा सकता है।"
Answer the question in Hindi language:,भारत में गठबंधन राजनीति के कुछ लाभ क्या हैं?," भारत में गठबंधन राजनीति के कुछ लाभ विभिन्न हितों की प्रतिनिधित्व, शक्ति पर परिक्षण और संतुलन, और क्षेत्रीय आकांक्षाओं को समाहित करने में शामिल होने में हैं।"
Reply to the asked question in Hindi:, क्षेत्रीय राजनीतिक पार्टियों के उदय ने भारतीय राष्ट्रीय नीतियों को कैसे प्रभावित किया है?,"क्षेत्रीय राजनीतिक पार्टियों के उदय ने भारतीय राष्ट्रीय नीतियों पर संघीयता, शक्ति के अंतर्राष्ट्रीय पहचान को बढ़ावा और राष्ट्रीय नीतियों में क्षेत्रीय असमानताओं की मान्यता को प्रेरित किया है।"
दिए गए प्रश्न का उत्तर हिंदी में दें:,भारतीय आर्थिक नीतियों को आकार देने में क्षेत्रीय राजनीतिक पार्टियों का क्या योगदान रहा?," क्षेत्रीय राजनीतिक पार्टियों ने अपने संबंधित राज्यों के लिए क्षेत्रीय विकास, विशेष आर्थिक पैकेज, और संसाधन आवंटन के लिए वकालत करके भारतीय आर्थिक नीतियों को प्रभावित किया है।"
दिए गए सवाल का जवाब हिंदी में लिखें:,राष्ट्रीय पार्टियां क्षेत्रीय पार्टियों के साथ गठबंधन बनाने के लिए क्या उपाय करती हैं?,"राष्ट्रीय पार्टियां अक्सर राज्य स्तर पर सत्ता साझा करने, राज्य मंत्रियों के पदों का प्रस्ताव करके, और क्षेत्रीय मांगों को समाहित करके क्षेत्रीय पार्टियों के साथ गठबंधन बनाने के लिए उपाय करती हैं।"
दिए गए प्रश्न का समाधान हिंदी में प्रस्तुत करें:,भारत में चुनावी राजनीति पर क्षेत्रीय राजनीतिक पार्टियों का क्या प्रभाव है?,"क्षेत्रीय राजनीतिक पार्टियां क्षेत्रीय पहचानों, मुद्दों, और शिकायतों के आधार पर समर्थन जुटाकर चुनावी राजनीति में महत्वपूर्ण भूमिका निभाती हैं।"
पूछे गए प्रश्न का उत्तर हिंदी में प्रदान करें:,: भारत में प्रभावशाली क्षेत्रीय राजनीतिक पार्टियों कुछ उदाहरण क्या हैं?,"भारत में प्रभावशाली क्षेत्रीय राजनीतिक पार्टियों के कुछ उदाहरण तमिलनाडु में ऑल इंडिया अन्ना द्रविड़ मुन्नेत्र काज़ागम (एआईएडीएमके), आंध्र प्रदेश में तेलुगु देसम पार्टी (टीडीपी), और महाराष्ट्र में शिव सेना हैं।"
बताए गए सवाल का उत्तर हिंदी में दें।,1989 में नेशनल फ्रंट सरकार के गठन में क्षेत्रीय राजनीतिक पार्टियों का क्या योगदान रहा?,1989 में नेशनल फ्रंट सरकार के गठन में क्षेत्रीय राजनीतिक पार्टियों ने गठबंधन को महत्वपूर्ण समर्थन प्रदान करके महत्वपूर्ण योगदान किया।
Diye gaye prashn ka uttar Hindi mein dein:, क्षेत्रीय राजनीतिक पार्टियां राष्ट्रीय स्तर पर नीति निर्माण में कैसे प्रभाव डालती हैं?,"क्षेत्रीय राजनीतिक पार्टियां अपने समर्थन का उपयोग करके गठबंधन सरकारों में नीति निर्माण पर प्रभाव डालती हैं, क्षेत्रीय हितों के लिए वकालत करती हैं, और संसदीय चर्चाओं और समितियों में भाग लेती हैं।"
Diye gaye sawaal ka jawab Hindi mein likhein:, भारत में कुछ क्षेत्रीय राजनीतिक पार्टियों द्वारा साझा की जाने वाली कुछ सामान्य लक्ष्य क्या हैं?," भारत में कुछ क्षेत्रीय राजनीतिक पार्टियों द्वारा साझा की जाने वाली कुछ सामान्य लक्ष्य राज्यों के स्वायत्त्त्य, क्षेत्रीय भाषाओं और संस्कृतियों की संरक्षा, और संसाधनों के समान वितरण शामिल हैं।"
Diye gaye prashn ka samadhan Hindi mein prastut karein:,क्षेत्रीय राजनीतिक पार्टियों के उदय से भारतीय राष्ट्रीय पार्टियों के उत्कृष्टता पर क्या प्रभाव पड़ा है?, क्षेत्रीय राजनीतिक पार्टियों के उदय से भारतीय राष्ट्रीय पार्टियों के उत्कृष्टता पर चुनौती आई है और राजनीतिक परिदृश्य को प्रतिनिधित्व के लिए वैकल्पिक मंच प्रदान करके पुनः आकार दिया गया है।
Pooche gaye prashn ka uttar Hindi mein pradaan karein:,2011 में अन्ना हजारे द्वारा प्रेरित भ्रष्टाचार विरोधी आंदोलन में क्षेत्रीय राजनीतिक पार्टियों का क्या योगदान रहा?,"2011 में अन्ना हजारे द्वारा प्रेरित भ्रष्टाचार विरोधी आंदोलन में क्षेत्रीय राजनीतिक पार्टियां भाग लिया, हालांकि वे विभिन्न स्तरों पर समर्थन और संदेह के साथ।"
Bataye gaye sawaal ka jawab Hindi mein dein:,क्षेत्रीय राजनीतिक पार्टियां राज्य स्तर की नीतियों और शासन पर कैसे प्रभाव डालती हैं?,"क्षेत्रीय राजनीतिक पार्टियां क्षेत्रीय विकास के लिए वकालत करके, राज्य-विशेष कार्यक्रम को क्रियान्वित करके, और विधायिका की कार्यशैली को आकार देकर राज्य स्तर की नीतियों और शासन पर प्रभाव डालती हैं।"
Answer the given question in Hindi:,भारतीय राजनीति में क्षेत्रीय राजनीतिक पार्टियों के उदय का कॉंग्रेस पार्टी के प्रमुखता पर क्या प्रभाव पड़ा?,क्षेत्रीय राजनीतिक पार्टियों के उदय से कॉंग्रेस पार्टी की प्रमुखता को क्षेत्रीय राजनीतिक परिदृश्य के टुकड़े करने और इसके पारंपरिक मतदाता आधार को चुनौती देकर भारतीय राजनीति में क्षेत्रीय राजनीतिक पार्टियों ने कॉंग्रेस पार्टी की प्रमुखता को कम किया।
Write your answer to the question in Hindi:, भारत में गठबंधन सरकारों की दीर्घायु के क्या कारण हैं?,"भारत में गठबंधन सरकारों की दीर्घायु के कारण में प्रभावी नेतृत्व, सहमति निर्माण की कौशल्य, गठबंधन साथियों के बीच आदर्शात्मक संगठन, और स्थिर गठबंधन शामिल हैं।"
Provide a response to the given query in Hindi:,भारत में गठबंधन सरकारों कैसे गठबंधन साथियों के बीच धार्मिक विभाजनों का प्रबंधन करती हैं?,"भारत में गठबंधन सरकारों धार्मिक विभाजनों का प्रबंधन धार्मिक, समझौते, और साझेदारी से किया जाता है, जिसमें साझेदारों के बीच सामान्य नीति लक्ष्य और शासन के सिद्धांतों को आयोजित किया जाता है।"
Answer the question in Hindi language:,भारत की विदेश नीति को आकार देने में क्षेत्रीय राजनीतिक पार्टियों का क्या योगदान रहा?," क्षेत्रीय राजनीतिक पार्टियां भारत की विदेश नीति को राज्य-विशेष हितों का वकालत करके, उप-क्षेत्रीय सहयोग को प्रोत्साहित करके, और पड़ोसी देशों के साथ डिप्लोमेटिक पहलों में शामिल होकर प्रभाव डालती हैं।"
Reply to the asked question in Hindi:,भारत में गठबंधन सरकारें किस प्रकार के दलों के बीच कल्याण योजनाओं और विकास परियोजनाओं के कार्यान्वयन को प्रभावित करती हैं?,"भारत में गठबंधन सरकारें अक्सर गठबंधन साथियों के बीच भिन्नताओं के कारण कल्याण योजनाओं और विकास परियोजनाओं के कार्यान्वयन में चुनौतियों का सामना करती हैं, ब्यूरोक्रेटिक बाधाओं, और बजट की सीमाओं के कारण।"
दिए गए प्रश्न का उत्तर हिंदी में दें:,राष्ट्रीय पार्टियां गठबंधन सरकारों के भीतर विवादों को प्रबंधित करने के लिए क्या कुछ रणनीतियाँ अपनाती हैं?,"राष्ट्रीय पार्टियां गठबंधन सरकारों के भीतर विवादों को प्रबंधित करने के लिए संवाद को बढ़ावा देती हैं, समझौते प्रस्तुत करती हैं, कैबिनेट पोर्टफोलियों को पुनः व्यवस्थित करती हैं, और गठबंधन साथियों के बीच विवादों को समाधान करती हैं।"
दिए गए सवाल का जवाब हिंदी में लिखें:,गठबंधन राजनीति ने भारत में सरकारों के स्थिरता पर क्या प्रभाव डाला?,गठबंधन राजनीति ने शक्ति के विखंडन और सरकारी नेतृत्व में बार-बार परिवर्तन करके भारत में राजनीतिक अस्थिरता और अनिश्चितता के कालों को बढ़ाया।
दिए गए प्रश्न का समाधान हिंदी में प्रस्तुत करें:,चुनावों के दौरान क्षेत्रीय राजनीतिक पार्टियां समर्थन कैसे जुटाती हैं?,"चुनावों के दौरान क्षेत्रीय राजनीतिक पार्टियां क्षेत्रीय पहचानों का लाभ उठाती हैं, स्थानीय मुद्दों पर ध्यान देती हैं, रैलियों और अभियानों का आयोजन करती हैं, और समान मतदाताओं के साथ चुनावी गठबंधन बनाती हैं।"
पूछे गए प्रश्न का उत्तर हिंदी में प्रदान करें:,भारत में क्षेत्रीय राजनीतिक पार्टियों के सामने क्या कुछ चुनौतियाँ हैं?,"भारत में क्षेत्रीय राजनीतिक पार्टियों को कुछ चुनौतियों का सामना करना पड़ता है, जैसे कीमती संसाधनों की कमी, राष्ट्रीय पार्टियों से प्रतिस्पर्धा, आंतरिक द्वंद्व, और करिश्माई नेताओं पर आश्रितता।"
बताए गए सवाल का उत्तर हिंदी में दें।,क्षेत्रीय राजनीतिक पार्टियों भारत में राज्य स्तरीय हितों को राष्ट्रीय प्राथमिकताओं के साथ कैसे संतुलित करती हैं?,"क्षेत्रीय राजनीतिक पार्टियां राष्ट्रीय प्राथमिकताओं के साथ राज्य स्तरीय हितों को उन्नति करने के लिए संवाद करके, गठबंधन बनाकर, और राष्ट्रीय स्तर पर निर्णय लेने की प्रक्रियाओं में भाग लेकर संतुलित करती हैं।"
Diye gaye prashn ka uttar Hindi mein dein:,भारतीय संसद में मुख्य विधियों के पारित होने में क्षेत्रीय राजनीतिक पार्टियों की क्या भूमिका रही?,"भारतीय संसद में मुख्य विधियों के पारित होने में क्षेत्रीय राजनीतिक पार्टियां अक्सर महत्वपूर्ण भूमिका निभाती हैं, जो संघटन सरकारों को महत्वपूर्ण समर्थन प्रदान करके और संसदीय चर्चाओं और वोटिंग पैटर्न पर प्रभाव डालकर सहायक होती हैं।"
Diye gaye sawaal ka jawab Hindi mein likhein:,भारत में शक्ति का वितरण में क्षेत्रीय राजनीतिक पार्टियां कैसे योगदान करती हैं?,"भारत में शक्ति का वितरण में क्षेत्रीय राजनीतिक पार्टियां राज्यों के लिए अधिक स्वायत्तता के लिए वकालत करके, वित्तीय संघीयता की मांग करके, और आधार स्तर पर वितरण सुधारों को बढ़ावा देकर शक्ति का वितरण में योगदान करती हैं।"
Diye gaye prashn ka samadhan Hindi mein prastut karein:, भारतीय राजनीति में क्षेत्रीय राजनीतिक पार्टियों के उदय का असर क्या रहा गरीब समुदायों के प्रतिनिधित्व में?,"क्षेत्रीय राजनीतिक पार्टियों के उदय से भारतीय राजनीति में गरीब समुदायों, जनजातियों, और नासमर्थ क्षेत्रों को अधिक प्रतिनिधित्व प्राप्त हुआ, उनकी आवाज को मजबूत किया और उनकी चिंताओं को समाधान किया।"
Pooche gaye prashn ka uttar Hindi mein pradaan karein:,भारतीय राज्यों में मुख्यमंत्रियों का चयन में क्षेत्रीय राजनीतिक पार्टियों का कैसा प्रभाव होता है?,"भारतीय राज्यों में मुख्यमंत्रियों का चयन क्षेत्रीय राजनीतिक पार्टियों के द्वारा राजनीतिक गठबंधों, क्षेत्रीय विचारों, चुनावी आदेशों, और नेतृत्व क्षमताओं के आधार पर होता है।"
Bataye gaye sawaal ka jawab Hindi mein dein:,गठबंधन गठन के लिए राष्ट्रीय पार्टियां किस प्रकार के रणनीतियाँ अपनाती हैं क्षेत्रीय राजनीतिक पार्टियों को आकर्षित करने के लिए?," गठबंधन गठन के लिए राष्ट्रीय पार्टियां क्षेत्रीय राजनीतिक पार्टियों को मंत्री पदों, नीति समझौतों, विकास परियोजनाओं, और उनके संबंधित राज्यों में आयोग की सहायता देकर आकर्षित करती हैं।"
Answer the given question in Hindi:,भारतीय संसद में विधि गतिविधियों पर क्षेत्रीय राजनीतिक पार्टियों का कैसा प्रभाव होता है?,"भारतीय संसद में क्षेत्रीय राजनीतिक पार्टियां समिति चर्चाओं, संसदीय चर्चाओं, और विधेयकों और प्रस्तावों पर वोटिंग पैटर्न पर प्रभाव डालकर विधिगतिविधियों पर प्रभाव डालती हैं।"
Write your answer to the question in Hindi:, भारत में क्षेत्रीय राजनीतिक पार्टियों द्वारा सफल नीति पहल के कुछ उदाहरण क्या हैं?,"भारत में क्षेत्रीय राजनीतिक पार्टियों द्वारा सफल नीति पहल के कुछ उदाहरण शामिल हैं कृषि अनुदान, क्षेत्रीय विकास कार्यक्रम, राज्यों के लिए विशेष स्थिति, और कमजोर समुदायों के लिए आरक्षण नीतियां।"
Provide a response to the given query in Hindi:, पर्यावरणीय चुनौतियों और प्राकृतिक संसाधन प्रबंधन में क्षेत्रीय राजनीतिक पार्टियों का क्या योगदान रहा?,"क्षेत्रीय राजनीतिक पार्टियां पर्यावरणीय चुनौतियों और प्राकृतिक संसाधन प्रबंधन में सतत विकास, संरक्षण के उपाय, और स्थानीय समुदायों की निर्णय-निर्माण प्रक्रियाओं में सहभागिता करके महत्वपूर्ण योगदान किया है।"
Answer the question in Hindi language:,भारत में गठबंधन सरकारें विदेश नीति के निर्माण और कार्यान्वयन पर किस प्रकार का प्रभाव डालती हैं?," भारत में गठबंधन सरकारें विदेश नीति के निर्माण और कार्यान्वयन पर विभिन्न हितों का संतुलन करके, राजनीतिक संयोजन को बनाए रखने, और गठबंधन साथियों के साथ रणनीतिक पहलों पर समन्वय स्थापित करने के माध्यम से प्रभाव डालती हैं।"
Reply to the asked question in Hindi:,क्षेत्रीय राजनीतिक पार्टियों ने भारत के राज्य और राष्ट्रीय स्तर पर सरकारों के गठन और स्थिरता में क्या भूमिका निभाई है?," क्षेत्रीय राजनीतिक पार्टियां ने भारत के राज्य और राष्ट्रीय स्तर पर सरकारों के गठन और स्थिरता में महत्वपूर्ण भूमिका निभाई है, संघटन व्यवस्थाओं के लिए महत्वपूर्ण समर्थन प्रदान करके, शक्ति-साझेदारी समझौतों की चर्चा करके, और शासन की संरचनाओं में क्षेत्रीय हितों की प्रतिनिधित्व सुनिश्चित करके।"
दिए गए प्रश्न का उत्तर हिंदी में दें:,कश्मीर संघर्ष क्या है?,"कश्मीर संघर्ष भारत और पाकिस्तान के बीच कश्मीर क्षेत्र पर चल रहे संपत्तिक विवाद का संदर्भ देता है, जिससे कई युद्ध हुए हैं और जारी गुप्तचर बनी है।"
दिए गए सवाल का जवाब हिंदी में लिखें:,कश्मीर संघर्ष के मुख्य कारण क्या हैं?,"कश्मीर संघर्ष के मुख्य कारणों में स्वराज्य पर ऐतिहासिक विवाद, धार्मिक और सांस्कृतिक अंतर, और भारत और पाकिस्तान के भौगोलिक रणनीतिक महत्वदायक हित शामिल हैं।"
दिए गए प्रश्न का समाधान हिंदी में प्रस्तुत करें:,कैसे कश्मीर संघर्ष ने क्षेत्र को प्रभावित किया है?,"कश्मीर संघर्ष ने हिंसा, जीवनों की हानि, जनसंख्या के पलायन, और भारत और पाकिस्तान के बीच तनाव और विकास में प्रभाव डाला है, जो क्षेत्र में स्थिरता और विकास पर प्रभाव डाला है।"
पूछे गए प्रश्न का उत्तर हिंदी में प्रदान करें:,कश्मीर संघर्ष में विद्रोह की क्या भूमिका है?,"कश्मीर संघर्ष में विद्रोह भारतीय शासन के खिलाफ सशस्त्र प्रतिरोध आंदोलनों को शामिल करता है, जिन्हें राजनीतिक अधिकार, मानवाधिकारों के उल्लंघन, और स्वतंत्रता या पाकिस्तान के साथ विलय के आकांक्षाओं से संबंधित अपराध हैं।"
बताए गए सवाल का उत्तर हिंदी में दें।,भारत और पाकिस्तान किस प्रकार कश्मीर के विभिन्न हिस्सों को संघर्ष के बावजूद नियंत्रित करते हैं?,"भारत और पाकिस्तान कश्मीर के विभिन्न हिस्सों को सैन्य उपस्थिति और प्रशासनिक प्रबंधन के माध्यम से नियंत्रित करते हैं, जिसमें लाइन ऑफ़ कंट्रोल एक वास्तविक सीमा के रूप में काम करता है।"
Diye gaye prashn ka uttar Hindi mein dein:,कश्मीर संघर्ष को सुलझाने के लिए क्या प्रयास किए गए हैं?,"कश्मीर संघर्ष को सुलझाने के प्रयासों में द्विपक्षीय बातचीत, तृतीय-पक्ष मध्यस्थता के प्रयास, आत्मविश्वास-निर्माण उपाय, और स्वायत्तता या स्व-प्रशासन के लिए प्रस्ताव शामिल हैं।"
Diye gaye sawaal ka jawab Hindi mein likhein:,क्या हैं भारत में गरीबी के मुख्य कारण?," भारत में गरीबी के मुख्य कारण में धन के असमान वितरण, शिक्षा और स्वास्थ्य की पहुंच की कमी, बेरोजगारी, ग्रामीण-शहरी विभाजन, और सामाजिक भेदभाव शामिल हैं।"
Diye gaye prashn ka samadhan Hindi mein prastut karein:,भारत कैसे असमानता के चुनौतियों का सामना करता है?,"भारत असमानता के चुनौतियों का सामना अल्पसंख्यक समुदायों के लिए शिक्षा और रोजगार में आरक्षण जैसी सकारात्मक कार्रवाई नीतियों के माध्यम से करता है, साथ ही संवेदनशील जनों को निश्चित लाभ के लिए सामाजिक कल्याण कार्यक्रमों पर ध्यान केंद्रित करता है।"
Pooche gaye prashn ka uttar Hindi mein pradaan karein:,भारत का जिनी संकेतक क्या है?,"जिनी संकेतक, आय की असमानता का एक माप, भारत में उच्च स्तर की आय की असमानता का संकेत देता है, हाल के वर्षों में लगभग 0.35-0.40 के मानों के साथ।"
Bataye gaye sawaal ka jawab Hindi mein dein:,भ्रष्टाचार भारत के विकास पर कैसे प्रभाव डालता है?,"भ्रष्टाचार शासन को अवाम की विश्वासार्हता को क्षीण करता है, आर्थिक नीतियों को विकृत करता है, कल्याण कार्यक्रमों से संसाधनों को भटकाता है, और विदेशी निवेश और आर्थिक विकास को भारत में विघ्नित करता है।"
Answer the given question in Hindi:,भारत में कुछ भ्रष्टाचार रोकथाम उपाय क्या हैं?," भारत में भ्रष्टाचार रोकथाम उपाय में भ्रष्टाचार एजेंसियों की स्थापना, पारदर्शिता पहल, डिजिटल शासन समाधान, और जन जागरूकता अभियान जैसे कानूनी सुधार शामिल हैं।"
Write your answer to the question in Hindi:,भारत में भ्रष्टाचार कैसे गरीबी और असमानता को प्रभावित करता है?," भ्रष्टाचार गरीबी और असमानता को बढ़ाता है भारत में जो की गरीबी के लिए संसाधनों को भटकाना, सार्वजनिक सेवा प्रदान को विरोधित करना, अल्पसंख्यक समुदायों की बहिष्कार, और सामाजिक न्याय तंत्र को क्षति पहुंचाता है।"
Provide a response to the given query in Hindi:,भारत में पारदर्शिता और जवाबदेही में सुधार के लिए कौन-कौन से उपाय किए जाते हैं?," पारदर्शिता और जवाबदेही में सुधार के उपाय में सही सूचना का अधिकार अधिनियम (आरटीआई), डिजिटल शासन पहल, ई-खरीद प्रणालियाँ, और सार्वजनिक सेवा में ईमानदारी और नैतिकता को बढ़ावा देने वाले संस्थागत सुधार शामिल हैं।"
Answer the question in Hindi language:,भारत में भ्रष्टाचार कैसे सार्वजनिक सेवा प्रदान को प्रभावित करता है?,"भारत में भ्रष्टाचार असमानता, घूस, देरी, और सार्वजनिक सेवाओं की गुणवत्ता में कमी की ओर ले जाता है, जैसे कि स्वास्थ्य सेवाएं, शिक्षा, बुनियादी ढांचा, और सामाजिक कल्याण कार्यक्रम, जो गरीब और अल्पसंख्यकों को अनुपातिक रूप से प्रभावित करता है।"
Reply to the asked question in Hindi:,"अंतरराष्ट्रीय संगठनों का भारत के गरीबी, असमानता, और भ्रष्टाचार के सामने यात्रा को समर्थन करने में क्या भूमिका है?","अंतरराष्ट्रीय संगठन तकनीकी सहायता, क्षमता निर्माण, ज्ञान साझा करना, वित्तीय सहायता, और साथी पहलों के माध्यम से भारत के गरीबी को कम करने, समावेशी विकास, और शासन के सुधारों को समर्थन करते हैं।"
दिए गए प्रश्न का उत्तर हिंदी में दें:,भारत में भ्रष्टाचार विदेशी निवेश पर कैसे प्रभाव डालता है?,"भ्रष्टाचार भारत में विदेशी निवेश को बढ़ाता है, बिजनेस लागतों को बढ़ाता है, निवेशकों की आत्मविश्वास को कम करता है, बाजार प्रतिस्पर्धा को विकृत करता है, विनियामक अनिश्चितता पैदा करता है, और कंपनियों के लिए कानूनी और प्रतिष्ठानित जोखिम प्रस्तुत करता है।"
दिए गए सवाल का जवाब हिंदी में लिखें:,भारत में नैतिक व्यावसायिक अभ्यासों और निगमित शासन को बढ़ावा देने के लिए कौन-कौन से उपाय किए जाते हैं?,"नैतिक व्यावसायिक अभ्यासों और निगमित शासन को बढ़ावा देने के लिए उपायों में नियामक सुधार, कॉर्पोरेट सामाजिक जिम्मेदारी (सीएसआर) पहल, कॉर्पोरेट शासन संहिताएँ, और प्रवर्तन तंत्र हैं।"
दिए गए प्रश्न का समाधान हिंदी में प्रस्तुत करें:,"भारत में गरीबी, असमानता, और भ्रष्टाचार कैसे प्रभावित होते हैं?","भारत में गरीबी, असमानता, और भ्रष्टाचार सिस्टमिक बाधाओं, संस्थागत विफलताओं, और सामाजिक अन्यायों के माध्यम से प्रभावित होते हैं, जो वंचित जनजातियों, असमर्थ और दरिद्र जनजातियों के बीच छूट, समाजिक उत्पीड़न, और वंचितता को बनाए रखते हैं, जिससे सामाजिक-आर्थिक अंतरों को बढ़ावा मिलता है।"
पूछे गए प्रश्न का उत्तर हिंदी में प्रदान करें:,"भारत में गरीबी, असमानता, और भ्रष्टाचार को समाधान करने में शिक्षा की क्या भूमिका है?"," शिक्षा भारत में गरीबी, असमानता, और भ्रष्टाचार को समाधान करने में एक परिवर्तनात्मक भूमिका निभाती है, जो व्यक्तियों को सशक्त बनाती है, सामाजिक चलावट को बढ़ाती है, समावेशी विकास को प्रोत्साहित करती है, और नैतिक नेतृत्व और नागरिकता मूल्यों को प्रोत्साहित करती है।"
बताए गए सवाल का उत्तर हिंदी में दें।,"भारत में गरीबी, असमानता, और भ्रष्टाचार को समाधान करने में राजनीतिक इच्छा की क्या भूमिका है?","राजनीतिक इच्छा नीति सुधारों को कार्यान्वित करने, संस्थाओं को मजबूत करने, जवाबदेही को मजबूत करने, और गरीबी, असमानता, और भ्रष्टाचार को समाधान करने के लिए संसाधनों को जुटाने के लिए आवश्यक है, यह सुनिश्चित करने के लिए कि सतत विकास और सामाजिक न्याय परिणाम मिलें।"
Diye gaye prashn ka uttar Hindi mein dein:,"भारत में वैश्विकीकरण गरीबी, असमानता, और भ्रष्टाचार को कैसे प्रभावित करता है?"," वैश्विकीकरण आर्थिक एकीकरण, व्यापार उदारीकरण, प्रौद्योगिकीकरण, सांस्कृतिक आदान-प्रदान, और पूंजी, माल, सेवा, और सूचना के अंतर्राष्ट्रीय धाराओं के माध्यम से भारत में गरीबी, असमानता, और भ्रष्टाचार को प्रभावित करता है, जो सामाजिक-आर्थिक गतिविधियों और शासन के चुनौतियों को आकार देता है।"
Diye gaye sawaal ka jawab Hindi mein likhein:,"भारत में आधारिक आंदोलन और नागरिक समाज संगठनों का क्या योगदान है गरीबी, असमानता, और भ्रष्टाचार को समाधान करने में?","आधारिक आंदोलन और नागरिक समाज संगठन गरीबी, असमानता, और भ्रष्टाचार को समाधान करने में महत्वपूर्ण भूमिका निभाते हैं, सामाजिक न्याय के लिए वकालत करते हैं, समुदायों को जोड़ते हैं, पारदर्शिता और जवाबदेही को प्रोत्साहित करते हैं, सरकारी नीतियों का मॉनिटरिंग करते हैं, और असमर्थ समुदायों को सशक्त करने के लिए प्रेरित करते हैं।"
Diye gaye prashn ka samadhan Hindi mein prastut karein:,भारत में सामाजिक संरक्षण गरीबी को कैसे कम करने और सामाजिक समावेशन में योगदान देता है?,"सामाजिक संरक्षण कार्यक्रम जैसे कि कल्याण योजनाएं, सुरक्षा नेट, और सामाजिक बीमा गरीबी को कम करने और सामाजिक समावेशन में योगदान देते हैं, वंचित जनजातियों को आय समर्थन, स्वास्थ्य सुविधा, शिक्षा अवसर, और आजीविका सहायता प्रदान करके, प्रतिष्ठा और स्थायित्व प्राप्त करके, और सुरक्षा और सामाजिक विकास परिणाम प्रोत्साहित करके।"
Pooche gaye prashn ka uttar Hindi mein pradaan karein:,"भारत में गरीबी, असमानता, और भ्रष्टाचार को समाधान करने के लिए कुछ नवाचारी दृष्टिकोण क्या हैं?","भारत में गरीबी, असमानता, और भ्रष्टाचार को समाधान करने के लिए कुछ नवाचारी दृष्टिकोण शामिल हैं सामाजिक उद्यमिता, प्रभाव का निवेश, प्रौद्योगिकी संचालित समाधान, सहभागी शासन मॉडल, समुदाय के विकास की पहल, और सार्वजनिक-निजी साझेदारी जो समावेशी विकास, स्थायी विकास, और नैतिक शासन अभ्यास को प्रोत्साहित करने के उद्देश्य से हैं।"
Bataye gaye sawaal ka jawab Hindi mein dein:,भारत में समावेशी आर्थिक विकास गरीबी कमी और सामाजिक विकास में कैसे योगदान देता है?,"समावेशी आर्थिक विकास गरीबी कमी और सामाजिक विकास में योगदान देता है, रोजगार के अवसरों को उत्पन्न करके, शिक्षा और स्वास्थ्य पहुंच को बढ़ाकर, आय विपरीतता को कम करके, वंचित समुदायों को सशक्त करके, और सामाजिक एकता और मानव विकास को बढ़ाकर, समान और स्थायी विकास परिणाम सुनिश्चित करते हैं।"
Answer the given question in Hindi:,विभिन्न क्षेत्रों में पुनर्जागरण आंदोलन क्या थे?," पुनर्जागरण आंदोलन विभिन्न क्षेत्रों में हुए बौद्धिक और सांस्कृतिक पुनरुत्थान होते थे, जिसकी विशेषता साहित्य, कला, विज्ञान, और दर्शन में नई रुचि की पुनरावृत्ति थी, जो अक्सर सामाजिक, राजनीतिक, और आर्थिक परिवर्तनों का कारण बनती थी।"
Write your answer to the question in Hindi:,पुनर्जागरण आंदोलन समाजिक परिवर्तन में कैसे योगदान करते थे?,"पुनर्जागरण आंदोलन समाजिक परिवर्तन में योगदान करते थे अनुशासनिक नियमों और मूल्यों को प्रतिष्ठा और प्रमोट करके, विचारशीलता को बढ़ावा देकर, ज्ञान और शिक्षा को आगे बढ़ाने, और सांस्कृतिक नवाचार और रचनात्मकता को बढ़ाने के माध्यम से।"
Provide a response to the given query in Hindi:,विभिन्न क्षेत्रों में पुनर्जागरण आंदोलनों की मुख्य विशेषताएँ क्या थीं?,"पुनर्जागरण आंदोलनों की मुख्य विशेषताओं में प्राचीन शिक्षा की पुनरावृत्ति, नए विचारों का अन्वेषण, कला के प्रायोजन, वैज्ञानिक खोज, साहित्य और दर्शन में उन्नतियाँ, और सामाजिक धाराओं और व्यवहारों में परिवर्तन शामिल थे।"
Answer the question in Hindi language:,पुनर्जागरण आंदोलन किस प्रकार सामाजिक संरचनाओं और संस्थाओं को प्रभावित करते थे?,"पुनर्जागरण आंदोलन सामाजिक संरचनाओं और संस्थाओं को मानववाद, व्यक्तिवाद, धर्मनिरपेक्षता, और तर्कशीलता को प्रोत्साहित करके प्रभावित करते थे, जिससे शासन, कानून, शिक्षा, और धार्मिक प्रथाओं में परिवर्तन होता था।"
Reply to the asked question in Hindi:,भारत में सामाजिक सुधार आंदोलनों में राजा राम मोहन राय की क्या भूमिका थी?,"भारत में राजा राम मोहन राय सामाजिक और धार्मिक सुधारों के प्रमुख वक्ता थे, जिन्होंने सती की निर्मूलन, महिलाओं की शिक्षा की प्रोत्साहना, और जातिवाद और बाल विवाह जैसी सामाजिक बुराइयों का समापन किया।"
दिए गए प्रश्न का उत्तर हिंदी में दें:, भारत में सामाजिक सुधार आंदोलनों में इश्वर चंद्र विद्यासागर के कुछ प्रमुख योगदान क्या थे?," इश्वर चंद्र विद्यासागर ने महिला अधिकारों, शिक्षा सुधार, विधवा पुनर्विवाह, और तर्कशीलता और सामाजिक न्याय की प्रोत्साहना के क्षेत्र में महत्वपूर्ण योगदान किया।"
दिए गए सवाल का जवाब हिंदी में लिखें:,ज्योतिराव फुले ने भारत में सामाजिक सुधार आंदोलनों में कैसे योगदान किया?,"ज्योतिराव फुले भारत में शिक्षा, जाति सुधार, और सामाजिक गतिविधियों के माध्यम से वंचित समुदायों के अधिकारों की वकालत करने वाले प्रमुख सामाजिक सुधारक थे।"
दिए गए प्रश्न का समाधान हिंदी में प्रस्तुत करें:, भारतीय महिलाओं के अधिकार आंदोलनों की मुख्य मांग क्या थी?,"भारतीय महिलाओं के अधिकार आंदोलनों की मुख्य मांगों में लिंग समानता की प्राप्ति, महिलाओं की शिक्षा और सशक्तिकरण, भेदभावपूर्ण कानूनों और अभ्यासों का विरोध, और महिलाओं के राजनीतिक भागीदारी और प्रतिनिधित्व का समर्थन था।"
पूछे गए प्रश्न का उत्तर हिंदी में प्रदान करें:, महिला अधिकार आंदोलनों ने भारतीय समाज पर कैसा प्रभाव डाला?,"महिला अधिकार आंदोलनों ने भारतीय समाज पर पितृसत्तावादी नोर्म्स और अभ्यासों को चुनौती देते हुए, महिलाओं की शिक्षा और रोजगार के लिए अवसरों का विस्तार किया, लिंग-आधारित हिंसा और भेदभाव के बारे में जागरूकता बढ़ाई, और महिलाओं के अधिकारों की संरक्षा के लिए कानूनी सुधार की मांग की।"
बताए गए सवाल का उत्तर हिंदी में दें।, बी.आर. अंबेडकर द्वारा नेतृत्व किए गए दलित आंदोलनों की मुख्य मांग क्या थी?," बी.आर. अंबेडकर द्वारा नेतृत्व किए गए दलित आंदोलनों की मुख्य मांगें जातिवाद और उत्पीड़न को समाप्त करने, सामाजिक समानता, राजनीतिक प्रतिनिधित्व, भूमि सुधार, शिक्षा और रोजगार के अधिकार, और स्पर्धात्मकता के समाप्ति का मांग करना था।"
Diye gaye prashn ka uttar Hindi mein dein:,भारतीय समाज में दलित आंदोलन किस प्रकार जाति-आधारित वर्गात्मकता को चुनौती देते थे?,"भारतीय समाज में दलित आंदोलन द्वारा जाति-आधारित वर्गात्मकता को चुनौती देते थे दलित समुदायों को संगठित करके, जाति-आधारित भेदभाव और अत्याचार के बारे में जागरूकता बढ़ाकर, सामाजिक और आर्थिक सुधारों की मांग करके, और कानूनी सुरक्षा और सकारात्मक कार्रवाई नीतियों के लिए आवाज़ उठाते हुए।"
Diye gaye sawaal ka jawab Hindi mein likhein:,भारतीय समाज में दलितों के सशक्तिकरण में बी.आर. अम्बेडकर की क्या भूमिका थी?,"भारतीय समाज में दलितों के सशक्तिकरण में बी.आर. अम्बेडकर की महत्वपूर्ण भूमिका थी, जो दलित आंदोलनों का नेतृत्व करके, दलितों के अधिकारों की संरक्षा के लिए कानून और नीतियों का मसूदा तैयार करके, सामाजिक न्याय और समानता की मांग करके, और शिक्षा और राजनीतिक संगठन के माध्यम से दलित मुक्ति के प्रति चितान उत्पन्न करके दलितों के सशक्तिकरण में महत्वपूर्ण भूमिका निभाई।"
Diye gaye prashn ka samadhan Hindi mein prastut karein:, सामाजिक और सांस्कृतिक आंदोलनों की अवधि में भारतीय साहित्य कैसे विकसित हुआ?," सामाजिक और सांस्कृतिक आंदोलनों की अवधि में भारतीय साहित्य ने महत्वपूर्ण परिवर्तन किए, समाजिक, राजनीतिक, और सांस्कृतिक दृश्य को प्रतिबिंबित किया, लेखकों ने पहचान, सामाजिक न्याय, राष्ट्रवाद, और मानव की स्थिति जैसे विषयों का अन्वेषण किया।"
Pooche gaye prashn ka uttar Hindi mein pradaan karein:,सामाजिक और सांस्कृतिक आंदोलनों की अवधि में भारतीय साहित्य में कुछ उल्लेखनीय साहित्यिक रचनाएं कौन-कौन सी थीं?," सामाजिक और सांस्कृतिक आंदोलनों की अवधि में भारतीय साहित्य में कुछ उल्लेखनीय साहित्यिक रचनाएं नॉवेल, कविता, निबंध, और नाटक शामिल हैं, जो सामाजिक सुधार, जाति भेदभाव, महिला अधिकार, राष्ट्रवाद, और सांस्कृतिक पहचान जैसे विषयों पर ध्यान देते हैं।"
Bataye gaye sawaal ka jawab Hindi mein dein:,भारतीय कला में सामाजिक और सांस्कृतिक आंदोलनों की भावना कैसे प्रतिबिंबित हुई?,"भारतीय कला ने सामाजिक और सांस्कृतिक आंदोलनों की भावना को छायांकित किया अधिकारिक सुधार, राष्ट्रवाद, धार्मिक सहिष्णुता, और सांस्कृतिक विविधता जैसे विषयों को दर्शाकर, कलाकारों ने नई शैलियों, तकनीकों, और विषयों के साथ सामाजिक परिवर्तन और सांस्कृतिक पुनर्जागरण का संदेश साझा किया।"
Answer the given question in Hindi:,दलित आंदोलनों ने भारतीय समाज में जाति-आधारित वर्गवाद को कैसे चुनौती दी?," दलित आंदोलनों ने भारतीय समाज में जाति-आधारित वर्गवाद को दलित समुदायों को संगठित करके, जातिवादी भेदभाव और अत्याचार के बारे में जागरूकता फैलाकर, सामाजिक और आर्थिक सुधार की मांग करके, और कानूनी सुरक्षा और सकारात्मक क्रियावली नीतियों की मांग करके जाति-आधारित वर्गवाद के खिलाफ चुनौती दी।"
Write your answer to the question in Hindi:,भारतीय समाज में दलितों के सशक्तिकरण में बी.आर. अम्बेडकर की क्या भूमिका रही?,"बी.आर. अम्बेडकर ने दलितों के सशक्तिकरण में महत्वपूर्ण भूमिका निभाई वायाँ भारत में दलित आंदोलनों का नेतृत्व करके, दलितों के अधिकारों की रक्षा के लिए कानून और नीतियों का मसौदा तैयार करके, सामाजिक न्याय और समानता की अवकाश की मांग करके, और शिक्षा और राजनीतिक संगठन के माध्यम से दलितों के मुक्ति के प्रयास का प्रचार करके दलितों के सशक्तिकरण में महत्वपूर्ण योगदान दिया।"
Provide a response to the given query in Hindi:, सामाजिक और सांस्कृतिक आंदोलनों की अवधि में भारतीय साहित्य कैसे विकसित हुआ?,"सामाजिक और सांस्कृतिक आंदोलनों की अवधि में भारतीय साहित्य में महत्वपूर्ण परिवर्तन हुआ, जो समाज, राजनीति, और सांस्कृतिक परिदृश्य का परिचायक बना, लेखकों ने पहचान, सामाजिक न्याय, राष्ट्रवाद, और मानव स्थिति जैसे विषयों का अन्वेषण किया।"
Answer the question in Hindi language:,भारतीय सामाजिक और सांस्कृतिक आंदोलनों की अवधि में कुछ महत्वपूर्ण साहित्यिक कृतियाँ कौन-कौन सी थीं?,"भारतीय सामाजिक और सांस्कृतिक आंदोलनों की अवधि में कुछ महत्वपूर्ण साहित्यिक कृतियाँ उपनाम, कविता, निबंध, और नाटक शामिल हैं जो सामाजिक सुधार, जाति भेदभाव, महिला अधिकार, राष्ट्रवाद, और सांस्कृतिक पहचान जैसे विषयों पर चर्चा करती हैं।"
Reply to the asked question in Hindi:,भारतीय कला ने सामाजिक और सांस्कृतिक आंदोलनों की आत्मा को कैसे प्रतिबिंबित किया?,"भारतीय कला ने सामाजिक और सांस्कृतिक आंदोलनों की आत्मा को सामाजिक सुधार, राष्ट्रवाद, धार्मिक सहिष्णुता, और सांस्कृतिक विविधता के विषयों को चित्रित करके प्रतिबिंबित किया, कलाकार नए शैली, तकनीक, और विषयों के साथ खिलाड़ी करते हुए सामाजिक परिवर्तन और सांस्कृतिक पुनर्जीवन के संदेश पहुंचाने का प्रयास किया।"
दिए गए प्रश्न का उत्तर हिंदी में दें:,सामाजिक और सांस्कृतिक आंदोलनों की अवधि में भारतीय सिनेमा में मुख्य विकास क्या था?,"सामाजिक और सांस्कृतिक आंदोलनों की अवधि में भारतीय सिनेमा ने महत्वपूर्ण विकास देखा, जहां फिल्मकार सामाजिक उपयुक्त विषयों का अन्वेषण करने, पारंपरिक कथाओं को चुनौती देने, और सिनेमेटिक कहानी सारणियों के माध्यम से प्रगतिशील मूल्यों की सिफारिश करने में जुटे।"
दिए गए सवाल का जवाब हिंदी में लिखें:,भारतीय सिनेमा कैसे सामाजिक सुधार संदेशों को प्रसारित करने में योगदान किया?,"भारतीय सिनेमा ने सामाजिक सुधार संदेशों के प्रसारण में योगदान किया जब उसने मार्गीकृत समुदायों की संघर्ष और आकांक्षाओं को प्रतिबिंबित किया, सामाजिक अन्यायों और असमानताओं को उजागर किया, और सिनेमेटिक कहानी के माध्यम से प्रगतिशील सामाजिक सुधार के लिए बोली।"
दिए गए प्रश्न का समाधान हिंदी में प्रस्तुत करें:,"सामाजिक और सांस्कृतिक आंदोलनों की अवधि में भारतीय साहित्य, कला, और सिनेमा में कुछ प्रभावशाली व्यक्तित्व कौन-कौन थे?","सामाजिक और सांस्कृतिक आंदोलनों की अवधि में भारतीय साहित्य, कला, और सिनेमा में कुछ प्रमुख व्यक्तित्व रवीन्द्रनाथ टैगोर, मुल्क राज आनंद, सत्यजित रे, रित्विक घाटक, अमृता शेरगिल, और एमएफ हुसैन, आदि शामिल हैं, जो भारत के सांस्कृतिक और बौद्धिक परिदृश्य को आकार देने में योगदान किया।"
पूछे गए प्रश्न का उत्तर हिंदी में प्रदान करें:,"भारतीय साहित्य, कला, और सिनेमा ने राष्ट्रवादी आंदोलन में क्या भूमिका निभाई?","भारतीय साहित्य, कला, और सिनेमा ने राष्ट्रवादी आंदोलन में प्रेरित करते हुए राष्ट्रवादी भावना को बढ़ावा दिया, राष्ट्रीय पहचान की भावना को प्रोत्साहित किया, उपनिवेशीय शासन के खिलाफ जनमत को संगठित किया, और रचनात्मक अभिव्यक्तियों के माध्यम से भारत की समृद्ध सांस्कृतिक विरासत और विविधता का जश्न मनाया।"
बताए गए सवाल का उत्तर हिंदी में दें।,भारतीय साहित्य ने सामाजिक मुद्दों के बारे में जागरूकता बढ़ाने और सामाजिक सुधार के पक्ष में आवाज उठाने में क्या भूमिका निभाई?,"भारतीय साहित्य ने लेखकों को समाजिक अन्यायों की आलोचना करने, पारंपरिक मान्यताओं का समालोचन करने, और उनकी साहित्यिक कृतियों के माध्यम से समाज के विकल्पिक दृष्टिकोणों को व्यक्त करने के लिए एक मंच प्रदान किया और इस तरह से सामाजिक मुद्दों के बारे में जागरूकता बढ़ाई।"
Diye gaye prashn ka uttar Hindi mein dein:,सामाजिक और सांस्कृतिक आंदोलनों की अवधि में भारतीय कला ने सांस्कृतिक परंपराओं और क्षेत्रीय पहचानों की विविधता को कैसे प्रतिबिंबित किया?," भारतीय कला ने फोल्क कला, शास्त्रीय परंपराओं, धार्मिक प्रतिमा चित्रण, और स्थानीय रीति-रिवाज़ से प्रेरित होकर सांस्कृतिक धरोहर और कला के व्यक्तित्व का प्रदर्शन करके भारत की सांस्कृतिक विरासत और कलात्मक अभिव्यक्ति की धरोहर और जटिलता को प्रदर्शित किया।"
Diye gaye sawaal ka jawab Hindi mein likhein:,"सामाजिक और सांस्कृतिक आंदोलनों की अवधि में भारतीय साहित्य, कला, और सिनेमा में कुछ मुख्य विषय क्या थे?","सामाजिक और सांस्कृतिक आंदोलनों की अवधि में भारतीय साहित्य, कला, और सिनेमा में कुछ मुख्य विषय शामिल हैं: सामाजिक असमानता, राजनीतिक दमन, धार्मिक सहिष्णुता, सांस्कृतिक पहचान, लिंग समानता, और स्वतंत्रता और सामाजिक न्याय के लिए संघर्ष।"
Diye gaye prashn ka samadhan Hindi mein prastut karein:,"सामाजिक और सांस्कृतिक एकता के प्रोत्साहन में भारतीय साहित्य, कला, और सिनेमा की क्या भूमिका रही?","सामाजिक और सांस्कृतिक एकता के प्रोत्साहन में भारतीय साहित्य, कला, और सिनेमा ने भारतीय सांस्कृतिक विविधता का जश्न मनाकर, धार्मिक सहिष्णुता के लिए प्रसार किया, और रचनात्मक अभिव्यक्तियों के माध्यम से विभाजक विचारधाराओं का विरोध किया जो अलग-अलग समुदायों के बीच सहजता, समझदारी, और एकता को बढ़ावा देने के लिए सहायक थे।"
Pooche gaye prashn ka uttar Hindi mein pradaan karein:," सामाजिक और सांस्कृतिक आंदोलनों की अवधि में भारतीय साहित्य, कला, और सिनेमा ने उपनिवेशीय स्टेरियोटाइप्स और यूरोसेंट्रिक कथाओं को चुनौती कैसे दी?","सामाजिक और सांस्कृतिक आंदोलनों की अवधि में भारतीय साहित्य, कला, और सिनेमा ने प्राचीन कथाओं को पुनः संग्रहित करके, अपरिपक्व आवाजों को अधिक महत्व दिया, और भारतीय सांस्कृतिक स्वतंत्रता और बौद्धिक विरासत को उत्कृष्टता के माध्यम से बचाया जो कोलोनियल शासन और सांस्कृतिक सामाजिकीकरण का विरोध किया।"
Bataye gaye sawaal ka jawab Hindi mein dein:," सामाजिक और सांस्कृतिक आंदोलनों की अवधि में भारतीय साहित्य, कला, और सिनेमा ने अवरोधित समुदायों और सामाजिक सुधार आंदोलनों की शक्तिकरण में कैसे योगदान दिया?","सामाजिक और सांस्कृतिक आंदोलनों की अवधि में भारतीय साहित्य, कला, और सिनेमा ने अवरोधित समुदायों को एक मंच प्रदान करके, उनके अनुभवों को दस्तावेज़ीकृत किया, और सामाजिक न्याय, समानता, और मानव अधिकारों की मांग किया रचनात्मक अभिव्यक्तियों के माध्यम से जो तंत्रिक अन्यायों को चुनौती देते हैं और सामाजिक परिवर्तन को प्रेरित करते हैं।"
Answer the given question in Hindi:,"सामाजिक और सांस्कृतिक आंदोलनों की अवधि में भारतीय साहित्य, कला, और सिनेमा ने साधारण लोगों के आकांक्षाओं और संघर्षों को कैसे प्रतिबिंबित किया?","सामाजिक और सांस्कृतिक आंदोलनों की अवधि में भारतीय साहित्य, कला, और सिनेमा ने साधारण लोगों के आकांक्षाओं और संघर्षों को दर्शाकर उनके दैनिक जीवन, सपने, आकांक्षाएँ, और प्रतिरोध को प्रतिबिंबित किया, सामाजिक, आर्थिक, और राजनीतिक चुनौतियों के सामने उनकी संघर्ष क्षमता और उम्मीद को बयान किया, विभिन्न पृष्ठभूमियों के दर्शकों के साथ गहरे भावनात्मक संवाद को प्रस्तुत किया।"
Write your answer to the question in Hindi:,"सामाजिक और सांस्कृतिक आंदोलनों की अवधि में भारतीय साहित्य, कला, और सिनेमा ने सार्वजनिक चर्चा को आकार देने और सामाजिक धारावाहिकों को प्रभावित करने में क्या भूमिका निभाई?","सामाजिक और सांस्कृतिक आंदोलनों की अवधि में भारतीय साहित्य, कला, और सिनेमा ने पारंपरिक ज्ञान को चुनौती देकर, सामाजिक नियमों का आलोचना करके, और समय की प्रेसिंग मुद्दों पर बहस को जगाया रचनात्मक अभिव्यक्तियों के माध्यम से जो विचार को प्रेरित करते हैं, भावनाओं को उत्तेजित करते हैं, और क्रियावान्वित करते हैं।"
Provide a response to the given query in Hindi:,"सामाजिक और सांस्कृतिक आंदोलनों की अवधि में भारतीय साहित्य, कला, और सिनेमा ने सांस्कृतिक समावेश और समाजिक सम्मिलन के लिए कैसे योगदान दिया?"," सामाजिक और सांस्कृतिक आंदोलनों की अवधि में भारतीय साहित्य, कला, और सिनेमा ने विविध आवाजों, कथाओं, और दृष्टिकोणों के लिए मंच प्रदान करके, सांस्कृतिक उत्पादन और सेवन के लिए लोकतंत्रीकरण करके, और विभिन्न समुदायों के बीच सहजता और सांस्कृतिक पहचान के लिए एक आत्मसात और सांस्कृतिक पहचान का आदान करने के लिए एक महत्वपूर्ण योगदान किया, जिससे भारतीय सांस्कृतिक विविधता को समृद्ध किया गया और सामाजिक एकता को बढ़ावा दिया गया।"
Answer the question in Hindi language:,"सामाजिक और सांस्कृतिक आंदोलनों की अवधि में भारतीय साहित्य, कला, और सिनेमा की कुछ विशिष्ट उपलब्धियां क्या थीं?","सामाजिक और सांस्कृतिक आंदोलनों की अवधि में भारतीय साहित्य, कला, और सिनेमा की कुछ विशिष्ट उपलब्धियां शामिल हैं: रबीन्द्रनाथ टैगोर, बंगाली पुनर्जागरण, प्रगतिशील लेखकों की आंदोलन, भारतीय नई लहर सिनेमा, और भारतीय सांस्कृतिक विविधता और रचनात्मक जीवंतता की प्रकाटीकरण, जो वैश्विक सांस्कृतिक विरासत और पारक्रांतिक संवाद को समृद्ध किया और वृहदांतरिक सांस्कृतिक पहलवाद और परिसंपर्क को स्थापित किया।"
Reply to the asked question in Hindi:,"सामाजिक और सांस्कृतिक आंदोलनों की अवधि में भारतीय साहित्य, कला, और सिनेमा ने राष्ट्रीय पहचान और सांस्कृतिक गर्व की पुष्टि कैसे की?","सामाजिक और सांस्कृतिक आंदोलनों की अवधि में भारतीय साहित्य, कला, और सिनेमा ने भारत की समृद्ध सांस्कृतिक विरासत का जश्न मनाकर, आदिवासी परंपराओं को प्रोत्साहित करके, और रचनात्मक अभिव्यक्तियों के माध्यम से सांस्कृतिक स्वतंत्रता और आत्म-अभिव्यक्ति की पुष्टि की, जो भारतीय लोगों के मूल्यों, आकांक्षाओं, और सामूहिक स्मृति का प्रमाण करते हैं, जिससे विभिन्न समुदायों के बीच गर्व, एकता, और सहभागिता की भावना को बढ़ाया गया।"
दिए गए प्रश्न का उत्तर हिंदी में दें:,भारतीय अंतरिक्ष अनुसंधान संगठन (इसरो) की कुछ प्रमुख उपलब्धियां क्या हैं?,"इसरो ने महत्वपूर्ण मील के पत्थर साधा है, जिसमें उपग्रहों का सफल प्रक्षेपण, चंद्रमा और मंगल के लिए मिशन, और पीएसएलवी और जीएसएलवी जैसे स्वदेशी उपग्रह प्रक्षेपण यान्त्रिकों का विकास शामिल है।"
दिए गए सवाल का जवाब हिंदी में लिखें:,भारतीय अंतरिक्ष कार्यक्रम ने सामाजिक आर्थिक विकास में कैसे योगदान दिया है?,"भारतीय अंतरिक्ष कार्यक्रम ने संचार, कृषि और आपदा प्रबंधन के लिए दूरस्थ संवेदनशीलता, नेविगेशन, और अनुसंधान की सुविधा प्रदान की है, जिससे विभिन्न क्षेत्रों में सामाजिक आर्थिक विकास में योगदान किया।"
दिए गए प्रश्न का समाधान हिंदी में प्रस्तुत करें:,भारत में कृषि में कुछ प्रमुख प्रौद्योगिकी प्रगतियाँ क्या हैं?,"भारत में कृषि में प्रौद्योगिकी की प्रगतियों में शामिल हैं: तैयारी की तकनीकों का अपनान, जेनेटिक बदलाव वाले फसलों का उपयोग, ड्रिप सिंचाई प्रणाली, और ट्रैक्टर और हार्वेस्टर्स जैसी कृषि मशीनरी।"
पूछे गए प्रश्न का उत्तर हिंदी में प्रदान करें:,तकनीकी प्रगति ने भारतीय औद्योगिक क्षेत्र को कैसे परिवर्तित किया है?," तकनीकी प्रगति ने ऑटोमेशन, वृद्धि और विविधता को बढ़ावा दिया है, जैसे रोबोटिक्स, 3डी प्रिंटिंग, इंटरनेट ऑफ थिंग्स (आईओटी), और उन्नत विनिर्माण प्रक्रियाएँ।"
बताए गए सवाल का उत्तर हिंदी में दें।,सूचना प्रौद्योगिकी ने भारत की वृद्धि में कैसा योगदान दिया है?," सूचना प्रौद्योगिकी ने भारत की वृद्धि में नवाचार को प्रोत्साहित किया है, रोजगार के अवसर बनाए रखा है, डिजिटल परिवर्तन को आगे बढ़ाया है, और भारत को एक वैश्विक आईटी केंद्र के रूप में स्थापित किया है।"
Diye gaye prashn ka uttar Hindi mein dein:,कुछ प्रमुख भारतीय वैज्ञानिक और नवाचारक कौन हैं और उनका क्या योगदान है?," कुछ प्रमुख भारतीय वैज्ञानिक और नवाचारक में सी.वी. रमन (भौतिकी में नोबेल पुरस्कार विजेता), एपीजे अब्दुल कलाम (पूर्व राष्ट्रपति और एयरोस्पेस इंजीनियर) और डॉ. एपीजे अब्दुल कलाम (परमाणु वैज्ञानिक) शामिल हैं, जिनके योगदान भौतिकी, अंतरिक्ष अनुसंधान से लेकर चिकित्सा और इंजीनियरिंग तक हैं।"
Diye gaye sawaal ka jawab Hindi mein likhein:,भारतीय अंतरिक्ष अनुसंधान संगठन (इसरो) की उपग्रह प्रौद्योगिकी ने भारत के विभिन्न क्षेत्रों को कैसे लाभ पहुंचाया है?,"इसरो की उपग्रह प्रौद्योगिकी ने संचार नेटवर्क, मौसम की पूर्वानुमान, संसाधन मैपिंग, पर्यावरणीय मॉनिटरिंग, आपदा प्रबंधन, और ग्रामीण विकास को सुधारा है, जिससे कृषि, दूरसंचार, और गवर्नेंस जैसे क्षेत्रों को बड़ा लाभ हुआ है।"
Diye gaye prashn ka samadhan Hindi mein prastut karein:,भारत में नवीनीकरणीय ऊर्जा प्रौद्योगिकी में कुछ हाल के नवाचार क्या हैं?,"भारत में नवीनीकरणीय ऊर्जा प्रौद्योगिकी में हाल के नवाचार में सौर फोटोवोल्टेक्स, पवन चक्र, बायोमास ऊर्जा, और ऊर्जा भंडारण समाधान शामिल हैं, जो सतत विकास और ऊर्जा सुरक्षा में योगदान कर रहे हैं।"
Pooche gaye prashn ka uttar Hindi mein pradaan karein:, जैव प्रौद्योगिकी में नवाचारों ने भारत में स्वास्थ्य और फार्मास्यूटिकल्स को कैसे प्रभावित किया है?,"जैव प्रौद्योगिकी में प्रगतियाँ ने भारत में वैक्सीन, डायग्नोस्टिक्स, जेनेटिक बदलाव वाली फसलें, और जैवफार्मास्यूटिकल्स के विकास में सहायक बनाया है, जिससे स्वास्थ्य आउटकम, कृषि उत्पादकता, और आर्थिक विकास में सुधार हुई है।"
Bataye gaye sawaal ka jawab Hindi mein dein:,"भारत ने विभिन्न क्षेत्रों में कृषि (फसल मॉनिटरिंग, पूर्वानुमानात्मक विश्लेषण), वित्त (धोखाधड़ी का पता लगाना, एल्गोरिदमिक ट्रेडिंग), और शिक्षा (एडाप्टिव लर्निंग प्लेटफ़ॉर्म्स, वर्चुअल ट्यूटर्स) में कृत्रिम बुद्धिमत्ता और मशीन लर्निंग का कैसे लाभ उठाया है?"," भारत ने कृषि (फसलों का मॉनिटरिंग, पूर्वानुमानात्मक विश्लेषण), वित्त (धोखाधड़ी का पता लगाना, एल्गोरिदमिक ट्रेडिंग), और शिक्षा (एडाप्टिव लर्निंग प्लेटफ़ॉर्म्स, वर्चुअल ट्यूटर्स) जैसे विभिन्न क्षेत्रों में कृत्रिम बुद्धिमत्ता और मशीन लर्निंग का लाभ उठाया है, जो नवाचार और कुशलता को बढ़ाता है।"
Answer the given question in Hindi:,ब्रिटिश पूर्व भारत कंपनी की स्थापना कब हुई थी?,ब्रिटिश पूर्व भारत कंपनी की स्थापना 1600 में हुई थी।
Write your answer to the question in Hindi:,प्लासी की लड़ाई का महत्व क्या था?,1757 में प्लासी की लड़ाई ने भारत पर ब्रिटिश नियंत्रण में एक महत्वपूर्ण परिवर्तन को दर्शाया।
Provide a response to the given query in Hindi:,प्लासी की लड़ाई किसने जीती थी?,"प्लासी की लड़ाई में ब्रिटिश पूर्व भारत कंपनी, जिसका नेतृत्व रॉबर्ट क्लाइव द्वारा किया गया था, ने बंगाल के नवाब सिराज उद-दौला के खिलाफ जीत हासिल की।"
Answer the question in Hindi language:,प्लासी की लड़ाई का परिणाम क्या था?,"प्लासी की लड़ाई का परिणाम था बंगाल में ब्रिटिश विशेषाधिकार की स्थापना, जो भारत में ब्रिटिश शासन की नींव रखने के लिए बन गई।"
Reply to the asked question in Hindi:,बक्सर की लड़ाई में क्या हुआ था?,"1764 में लड़ी गई बक्सर की लड़ाई का परिणाम था ब्रिटिश पूर्व भारत कंपनी को बंगाल, बिहार, और उड़ीसा पर नियंत्रण प्राप्त होना।"
दिए गए प्रश्न का उत्तर हिंदी में दें:,बक्सर की लड़ाई में कौन-कौन स्तरीय पक्ष थे?," बक्सर की लड़ाई में मुख्य पक्ष थे ब्रिटिश पूर्व भारत कंपनी और मुग़ल सम्राट शाह आलम द्वितीय, मीर कासिम (बंगाल के नवाब), और शुजा-उद-दौला (अवध के नवाब) के मिलकर बने हुए बल।"
दिए गए सवाल का जवाब हिंदी में लिखें:,बक्सर की लड़ाई का क्या कारण था?,बक्सर की लड़ाई का कारण था भारतीय उपमहाद्वीप में ब्रिटिश पूर्व भारत कंपनी और क्षेत्रीय शासकों के बीच नियंत्रण और प्रभाव के बारे में संघर्ष।
दिए गए प्रश्न का समाधान हिंदी में प्रस्तुत करें:,ब्रिटिश राज क्या था?,ब्रिटिश राज भारतीय उपमहाद्वीप में 1858 से 1947 तक ब्रिटिश साम्राज्य की शासन काल को संदर्भित करता है।
पूछे गए प्रश्न का उत्तर हिंदी में प्रदान करें:,ब्रिटिश राज कैसे शुरू हुआ था?,ब्रिटिश राज भारतीय विद्रोह के बाद 1857 के भारतीय विद्रोह के बाद ब्रिटिश पूर्व भारत कंपनी से ब्रिटिश मुकदमा में आधिकारिक सत्ता की स्थानांतरण के साथ शुरू हुआ।
बताए गए सवाल का उत्तर हिंदी में दें।, ब्रिटिश राज की प्रमुख विशेषताएँ क्या थीं?,"ब्रिटिश राज की विशेषताएँ थीं ब्रिटिश राजनीतिक नियंत्रण, आर्थिक शोषण, सामाजिक सुधार, और भारत पर लागू किए गए सांस्कृतिक परिवर्तन।"
Diye gaye prashn ka uttar Hindi mein dein:, ब्रिटिश राज के दौरान भारत के पहले वायसराय कौन थे?,ब्रिटिश राज के दौरान भारत के पहले वायसराय के रूप में लॉर्ड कैनिंग ने 1858 से 1862 तक कार्य किया।
Diye gaye sawaal ka jawab Hindi mein likhein:, ब्रिटिश राज का भारत की अर्थव्यवस्था पर क्या प्रभाव था?,"ब्रिटिश राज ने भारतीय अर्थव्यवस्था पर गहरा प्रभाव डाला, जिसमें पारंपरिक उद्योगों का नाश, ब्रिटिश निर्यात का प्रोत्साहन, और शोषणात्मक कर नीतियों का आमल शामिल है।"
Diye gaye prashn ka samadhan Hindi mein prastut karein:,ब्रिटिश राज ने भारतीय समाज पर कैसा प्रभाव डाला?,"ब्रिटिश राज ने भारत में महत्वपूर्ण सामाजिक परिवर्तन लाए, जैसे कि अंग्रेजी शिक्षा का परिचय, परिवहन और संचार प्रणालियों का आधुनिकीकरण, और राष्ट्रवादी आंदोलनों का उदय।"
Pooche gaye prashn ka uttar Hindi mein pradaan karein:,ब्रिटिश पूर्व भारत कंपनी ने भारत पर ब्रिटिश नियंत्रण स्थापित करने में क्या भूमिका निभाई?,"ब्रिटिश पूर्व भारत कंपनी ने अपनी सैन्य विजयों, आर्थिक निर्माण, और प्रशासनिक प्राधिकरण के माध्यम से भारत पर ब्रिटिश नियंत्रण स्थापित करने में महत्वपूर्ण भूमिका निभाई।"
Bataye gaye sawaal ka jawab Hindi mein dein:,भारत में ब्रिटिश पूर्व भारत कंपनी द्वारा नियंत्रित मुख्य उद्योग क्या थे?,"भारत में ब्रिटिश पूर्व भारत कंपनी द्वारा नियंत्रित विभिन्न उद्योग थे, जिनमें वस्त्र, मसाले, अफीम, और चाय शामिल हैं।"
Answer the given question in Hindi:,प्लासी की लड़ाई ने ब्रिटिश पूर्व भारत कंपनी की भारत में क्षमता पर कैसा प्रभाव डाला?,"प्लासी की लड़ाई ने भारत में ब्रिटिश पूर्व भारत कंपनी की शक्ति को महत्वपूर्ण रूप में बढ़ाया द्वारा उसे बंगाल, एक सबसे धनी क्षेत्र, पर नियंत्रण प्राप्त किया।"
Write your answer to the question in Hindi:,बक्सर की लड़ाई के परिणाम क्या थे भारतीय शासकों के लिए?,"बक्सर की लड़ाई ने भारतीय शासकों को ब्रिटिश प्राधिकरण के अधीन लाने के लिए ले गई, जिससे भारत के बड़े हिस्सों पर ब्रिटिश नियंत्रण को और मजबूत किया गया।"
Provide a response to the given query in Hindi:,ब्रिटिश राज ने भारत के राजनीतिक परिदृश्य को कैसे प्रभावित किया?,"ब्रिटिश राज ने भारत की राजनीतिक शक्ति को ब्रिटिश हाथों में केंद्रीयता द्वारा प्रभावित किया, स्थानीय शासकों को अपमानित किया, और सख्त कदमों के माध्यम से असहमति को दमन किया।"
Answer the question in Hindi language:,ब्रिटिश पूर्व भारत कंपनी के पतन के प्रमुख कारण क्या थे?,"ब्रिटिश पूर्व भारत कंपनी के पतन के प्रमुख कारणों में आर्थिक व्यवस्था का दुरुपयोग, भ्रष्टाचार, और भारतीय शासकों और समाज से बढ़ती हुई प्रतिरोध शामिल हैं।"
Reply to the asked question in Hindi:,ब्रिटिश राज के दौरान भारतीय राष्ट्रवादी आंदोलन के प्रमुख नेता कौन-कौन थे?,"ब्रिटिश राज के दौरान भारतीय राष्ट्रवादी आंदोलन के प्रमुख नेता महात्मा गांधी, जवाहरलाल नेहरू, सुभाष चंद्र बोस, और भगत सिंह शामिल थे।"
दिए गए प्रश्न का उत्तर हिंदी में दें:,ब्रिटिश राज ने भारतीय सांस्कृतिक विरासत पर कैसा प्रभाव डाला?, ब्रिटिश राज ने पश्चिमीकरण को प्रोत्साहित करने और स्थानीय परंपराओं को कमजोर करने वाली नीतियों के माध्यम से भारतीय सांस्कृतिक विरासत का क्षीण होना शुरू किया।
दिए गए सवाल का जवाब हिंदी में लिखें:,ब्रिटिश राज के दौरान ब्रिटिश भारतीय सेना की क्या भूमिका थी?,"ब्रिटिश भारतीय सेना ब्रिटिश साम्राज्य के मुख्य निर्माण के रूप में कार्य करती थी, विरोध को दमन करती थी, कानून और व्यवस्था को बनाए रखती थी, और भारत और विदेश में ब्रिटिश हितों की रक्षा करती थी।"
दिए गए प्रश्न का समाधान हिंदी में प्रस्तुत करें:,ब्रिटिश राज के लिए भारत के प्रशासनिक प्रणाली के लिए क्या प्रासंगिकताएं थीं?,"ब्रिटिश राज ने ब्रिटिश शासन के तत्वों पर आधारित एक केंद्रीकृत प्रशासनिक प्रणाली को प्रस्तुत किया, जिसका भारतीय राजनीतिक और ब्यूरोक्रेटिक संरचनाओं पर लंबी प्रभाव डाला।"
पूछे गए प्रश्न का उत्तर हिंदी में प्रदान करें:, ब्रिटिश राज ने भारत के शिक्षा प्रणाली को कैसे प्रभावित किया?,"ब्रिटिश राज ने भारत में आधुनिक शिक्षा की प्रारंभिक शुरुआत की, लेकिन यह मुख्य रूप से ब्रिटिश साम्राज्य के हितों की सेवा करने के लिए थी जिससे वह ब्रिटिश शासन के वफादार भारतीयों का उत्पादन कर सके।"
बताए गए सवाल का उत्तर हिंदी में दें।,ब्रिटिश पूर्व भारत कंपनी की सेना में भारतीय सिपाहीयों की क्या भूमिका थी?,"भारतीय सिपाहीयाँ ब्रिटिश पूर्व भारत कंपनी की सेना में सैनिक के रूप में सेवा करती थीं, जिन्होंने भारत में इसकी सेना के मूल बनाए रखा।"
Diye gaye prashn ka uttar Hindi mein dein:,ब्रिटिश उपनिवेशवाद का भारत पर दीर्घकालिक प्रभाव क्या था?,"ब्रिटिश उपनिवेशवाद के दीर्घकालिक प्रभाव में आर्थिक शोषण, राजनीतिक विखंडन, सामाजिक उपद्रव, और सांस्कृतिक परिवर्तन शामिल थे।"
Diye gaye sawaal ka jawab Hindi mein likhein:, ब्रिटिश पूर्व भारत कंपनी ने भारत में संप्राप्ति नियंत्रण कैसे प्राप्त किया?,"ब्रिटिश पूर्व भारत कंपनी ने भारत में संप्राप्ति नियंत्रण को सैन्य जीत, राजनीतिक संधियों, और भारतीय शासकों के साथ साझेदारियों के माध्यम से हासिल किया।"
Diye gaye prashn ka samadhan Hindi mein prastut karein:, ब्रिटिश उपनिवेशवाद ने भारत के व्यापार और वाणिज्यिक परिप्रेक्ष्य को कैसे प्रभावित किया?," ब्रिटिश उपनिवेशवाद ने भारत के पारंपरिक व्यापार नेटवर्क को गंभीर रूप में प्रभावित किया, जिससे स्थानीय उद्योगों का क्षीण होना हुआ और ब्रिटिश उत्पादित सामग्री का प्रचार हुआ।"
Pooche gaye prashn ka uttar Hindi mein pradaan karein:, ब्रिटिश शासन में धर्म का क्या भूमिका था?," ब्रिटिश शासन में धर्म ने एक जटिल भूमिका निभाई, जिसमें ब्रिटिश नियंत्रण को बनाए रखने के लिए धार्मिक विभाजनों का शोषण किया गया और इसीके साथ ही ईसाई मिशनरी की गतिविधियों को भी प्रोत्साहित किया गया।"
Bataye gaye sawaal ka jawab Hindi mein dein:,ब्रिटिश राज ने भारतीय राष्ट्रवाद के विकास पर कैसे प्रभाव डाला?, ब्रिटिश राज ने विविध भारतीय समुदायों के बीच एकता की भावना को प्रोत्साहित करके भारतीय राष्ट्रवाद के विकास को उत्तेजित किया और ब्रिटिश साम्राज्य के खिलाफ विरोध को उत्तेजित किया।
Answer the given question in Hindi:,1857 का भारतीय विद्रोह क्या था?,"1857 का भारतीय विद्रोह, जिसे सेपाई विद्रोह या भारतीय स्वतंत्रता की पहली जंग के रूप में भी जाना जाता है, भारत में ब्रिटिश शासन के खिलाफ व्यापक विद्रोह था।"
Write your answer to the question in Hindi:,1857 के भारतीय विद्रोह के कारण क्या थे?,"1857 के भारतीय विद्रोह के कारण में भारतीय सैनिकों (सेपाई) की ब्रिटिश नीतियों, आर्थिक शोषण, सांस्कृतिक उपनिवेशवाद, और चिकनी गोलियों के उपयोग पर नाराज़गी शामिल थी।"
Provide a response to the given query in Hindi:,1857 के भारतीय विद्रोह ने भारतीय शासन पर कैसा प्रभाव डाला?,"1857 के भारतीय विद्रोह ने ब्रिटिश नीतियों में महत्वपूर्ण परिवर्तन लाए, जिसमें ब्रिटिश पूर्व भारत कंपनी के शासन का अंत और सत्ता की ब्रिटिश क्राउन में हस्तांतरण शामिल था।"
Answer the question in Hindi language:,1857 के भारतीय विद्रोह में भारतीय सैनिकों (सेपाई) की क्या भूमिका थी?,"1857 के भारतीय विद्रोह में भारतीय सैनिकों (सेपाई) ने मुख्य भूमिका निभाई, उपद्रव को आरंभ किया और ब्रिटिश बलों के खिलाफ सशस्त्र प्रतिरोध का नेतृत्व किया।"
Reply to the asked question in Hindi:,1857 के भारतीय विद्रोह के नेता कौन थे?,"1857 के भारतीय विद्रोह के नेता मुख्य रूप से विभिन्न क्षेत्रों और पृष्ठभूमियों से थे, जैसे कि झांसी की रानी लक्ष्मीबाई, नाना साहिब, बहादुर शाह द्वितीय, और तात्या टोपे।"
दिए गए प्रश्न का उत्तर हिंदी में दें:,1857 के भारतीय विद्रोह का परिणाम क्या था?," 1857 के भारतीय विद्रोह का परिणाम ब्रिटिश बलों द्वारा उप्रबंधन हुआ, जिससे व्यापक हिंसा, जीवन की हानि, और भारत पर ब्रिटिश नियंत्रण का और मजबूत होना।"
दिए गए सवाल का जवाब हिंदी में लिखें:,1857 का भारतीय विद्रोह क्या था?,"1857 का भारतीय विद्रोह, जिसे सेपाई विद्रोह या भारतीय स्वतंत्रता के पहले युद्ध के रूप में भी जाना जाता है, भारत में ब्रिटिश शासन के खिलाफ एक व्यापक विद्रोह था।"
दिए गए प्रश्न का समाधान हिंदी में प्रस्तुत करें:,1857 के भारतीय विद्रोह के क्या कारण थे?,"1857 के भारतीय विद्रोह के कारण में भारतीय सैनिकों (सेपाई) के बीच ब्रिटिश नीतियों पर असंतोष, आर्थिक शोषण, सांस्कृतिक साम्राज्यवाद, और चिकने गोलियों के उपयोग शामिल थे।"
पूछे गए प्रश्न का उत्तर हिंदी में प्रदान करें:,1857 के भारतीय विद्रोह ने भारतीय शासन पर कैसा प्रभाव डाला?,"1857 के भारतीय विद्रोह ने भारतीय शासन के प्रति ब्रिटिश नीतियों में महत्वपूर्ण परिवर्तन लाया, जिसमें ब्रिटिश पूर्व भारत कंपनी के शासन का अंत हुआ और शक्ति को ब्रिटिश राज को सौंप दिया गया।"
बताए गए सवाल का उत्तर हिंदी में दें।,1857 के भारतीय विद्रोह में भारतीय सैनिकों (सेपाई) ने कौनसा भूमिका निभाई?," भारतीय सैनिक (सेपाई) ने 1857 के भारतीय विद्रोह में महत्वपूर्ण भूमिका निभाई, उप्रोध को प्रारंभ किया और ब्रिटिश बलों के खिलाफ सशस्त्र प्रतिरोध किया।"
Diye gaye prashn ka uttar Hindi mein dein:,1857 के भारतीय विद्रोह के नेता कौन थे?,"1857 के भारतीय विद्रोह के नेता विभिन्न क्षेत्रों और पृष्ठभूमियों से नेताओं में रानी लक्ष्मीबाई, नाना साहिब, बहादुर शाह II, और तात्या टोपे शामिल थे।"
Diye gaye sawaal ka jawab Hindi mein likhein:,1857 के भारतीय विद्रोह का परिणाम क्या था?,"1857 के भारतीय विद्रोह का परिणाम ब्रिटिश बलों द्वारा विद्रोह का दमन हुआ, जिससे व्यापक हिंसा, जीवन की हानि, और भारत पर ब्रिटिश नियंत्रण की मजबूती हुई।"
Diye gaye prashn ka samadhan Hindi mein prastut karein:,1885 में भारतीय राष्ट्रीय कांग्रेस (आईएनसी) का क्या निर्माण किया गया था?,1885 में भारतीय राष्ट्रीय कांग्रेस (आईएनसी) को भारतीय हितों की अभिवक्ता बनाने और अंततः स्वायत्तता प्राप्त करने के लक्ष्य के साथ एक राजनीतिक संगठन के रूप में स्थापित किया गया था।
Pooche gaye prashn ka uttar Hindi mein pradaan karein:,भारतीय राष्ट्रीय कांग्रेस (आईएनसी) के संस्थापक कौन थे?,"भारतीय राष्ट्रीय कांग्रेस (आईएनसी) के संस्थापकों में अलान ऑक्टेवियन ह्यूम, दादाभाई नौरोजी, दिन्शाह वाचा, और अन्य शामिल थे।"
Bataye gaye sawaal ka jawab Hindi mein dein:,भारतीय राष्ट्रीय कांग्रेस (आईएनसी) के प्रारंभिक उद्देश्य क्या थे?,"भारतीय राष्ट्रीय कांग्रेस (आईएनसी) के प्रारंभिक उद्देश्य सरकार में भारतीय प्रतिनिधित्व को बढ़ावा देना, नागरिक अधिकारों की रक्षा करना, और सामाजिक और आर्थिक मुद्दों को संबोधित करना शामिल थे।"
Answer the given question in Hindi:,भारतीय राष्ट्रीय कांग्रेस (आईएनसी) कैसे समय के साथ विकसित हुआ?,भारतीय राष्ट्रीय कांग्रेस (आईएनसी) एक अल्पमती स्थिति संगठन से पूरी तरह से ब्रिटिश शासन से स्वतंत्रता मांगने तक का एक बड़ा आंदोलन में बदल गया।
Write your answer to the question in Hindi:,भारतीय स्वतंत्रता के संघर्ष में भारतीय राष्ट्रीय कांग्रेस (आईएनसी) ने क्या भूमिका निभाई?,"भारतीय स्वतंत्रता के संघर्ष में भारतीय राष्ट्रीय कांग्रेस (आईएनसी) ने जनमत को मोबाइलाइज करके, प्रदर्शनों का आयोजन करके, और संवैधानिक सुधारों के लिए ब्रिटिश प्राधिकारियों के साथ समझौते करके भारतीय स्वतंत्रता के संघर्ष में महत्वपूर्ण भूमिका निभाई।"
Provide a response to the given query in Hindi:, 1905 में बंगाल का विभाजन क्या था?,"1905 में बंगाल का विभाजन ब्रिटिश उपनिवेशीय सरकार के द्वारा विवादास्पद प्रशासनिक निर्णय था जिसका उद्देश्य बंगाल प्रांत को दो अलग-अलग एंटिटी में विभाजित करना था, जिसका उद्देश्य बंगाली राष्ट्रवाद और हिन्दू-मुस्लिम एकता को कमजोर करना था।"
Answer the question in Hindi language:,1905 में बंगाल के विभाजन के पीछे क्या कारण थे?,"1905 में बंगाल के विभाजन के पीछे मुख्य रूप से ब्रिटिश प्रशासनिक चिंताओं का प्रभाव था, लेकिन इसके पॉलिटिकल मोटिव्स भी थे, जिसमें बंगाली राष्ट्रवाद को कमजोर करने और हिन्दू-मुस्लिम एकता को दरकिनार करने की इच्छा शामिल थी।"
Reply to the asked question in Hindi:,बंगाल के विभाजन का भारतीय समाज पर कैसा प्रभाव पड़ा?,"बंगाल के विभाजन ने व्यापक प्रदर्शनों और विरोध की ओर ले जाया, विशेष रूप से बंगाली बौद्धिकों, राष्ट्रवादियों, और धार्मिक समुदायों के बीच, जिन्होंने इसे एक जानबूझकर उत्तेजना का उपाय माना।"
दिए गए प्रश्न का उत्तर हिंदी में दें:,भारतीय राष्ट्रीय कांग्रेस का बंगाल के विभाजन पर प्रतिक्रिया क्या था?,भारतीय राष्ट्रीय कांग्रेस ने बंगाल के विभाजन का मजबूत विरोध किया और स्वदेशी आंदोलन शुरू किया जिसका उद्देश्य ब्रिटिश माल का बहिष्कार करना और भारतीय उत्पादों को प्रोत्साहित करना था।
दिए गए सवाल का जवाब हिंदी में लिखें:,स्वदेशी आंदोलन (1905–1908) क्या था?,"स्वदेशी आंदोलन विभाजन के प्रतिक्रिया में शुरू की गई एक जन आंदोलन था, जिसका उद्देश्य ब्रिटिश माल का बहिष्कार करना और भारतीय उत्पादों को बढ़ावा देना था जैसा कि ब्रिटिश उपनिवेशीयता के खिलाफ आर्थिक प्रतिरोध के रूप में।"
दिए गए प्रश्न का समाधान हिंदी में प्रस्तुत करें:,स्वदेशी आंदोलन के मुख्य नेता कौन थे?," स्वदेशी आंदोलन के मुख्य नेता शामिल थे व्यक्तित्वों में बाल गंगाधर टिलक, बिपिन चंद्र पाल, और लाला लाजपत राय, जो स्वायत्तता और भारतीय राष्ट्रवाद का समर्थन करते थे।"
पूछे गए प्रश्न का उत्तर हिंदी में प्रदान करें:,स्वदेशी आंदोलन के दौरान कौन-कौन सी मुख्य रणनीतियाँ अपनाई गईं थीं?,"स्वदेशी आंदोलन के दौरान अपनाई गई मुख्य रणनीतियों में ब्रिटिश माल का बहिष्कार, स्वदेशी उद्योगों का प्रोत्साहन, जनसमर्थनों का आयोजन, और राष्ट्रीय गर्व और एकता का प्रचार शामिल थे।"
बताए गए सवाल का उत्तर हिंदी में दें।,स्वदेशी आंदोलन ने भारतीय राष्ट्रवाद के विकास में कैसे योगदान दिया?,"स्वदेशी आंदोलन ने ब्रिटिश उपनिवेशन के खिलाफ भारतीय जनों को मोबाइलाइज करने, एक राष्ट्रीय अभिवादन की भावना को प्रोत्साहित करने, और भविष्य के स्वतंत्रता आंदोलनों के लिए आधार रखने में महत्वपूर्ण भूमिका निभाई।"
Diye gaye prashn ka uttar Hindi mein dein:,स्वदेशी आंदोलन के परिणाम क्या थे?,"स्वदेशी आंदोलन के परिणाम में स्वदेशी उद्योगों का प्रोत्साहन, नए नेताओं और संगठनों का उद्भव और भारतीय स्वतंत्रता के समर्थन में वृद्धि की गई। और भारतीय जनसंवेदना में वृद्धि हुई।"
Diye gaye sawaal ka jawab Hindi mein likhein:,स्वदेशी आंदोलन भारतीय इतिहास के संदर्भ में क्या महत्व था?,"स्वदेशी आंदोलन ने भारतीय स्वतंत्रता के लिए एक महत्वपूर्ण दौर में चिन्हित किया, भारतीय जनता की एकता और समर्थन को ब्रिटिश उपनिवेशवाद और आर्थिक शोषण के खिलाफ प्रतिरोध की प्रतीकता के रूप में।"
Diye gaye prashn ka samadhan Hindi mein prastut karein:,स्वदेशी आंदोलन का ब्रिटिश प्राधिकारियों द्वारा कैसा प्रतिक्रिया था?,"स्वदेशी आंदोलन का ब्रिटिश प्राधिकारियों ने उत्तराधिकारिता के साथ प्रतिक्रिया दी, जिसमें गिरफ्तारी, संवाद पर प्रतिबंध, और प्रदर्शनों और प्रदर्शनों को दमन करने के लिए बल का उपयोग शामिल था।"
Pooche gaye prashn ka uttar Hindi mein pradaan karein:,स्वदेशी आंदोलन में महिलाओं की क्या भूमिका थी?,"महिलाओं ने स्वदेशी आंदोलन में महत्वपूर्ण भूमिका निभाई, बहिष्कार, प्रदर्शनों का आयोजन करने में भाग लिया, और स्वदेशी उद्योगों को प्रोत्साहित करने में योगदान किया।"
Bataye gaye sawaal ka jawab Hindi mein dein:,स्वदेशी आंदोलन ने भारतीय सांस्कृतिक पुनर्जागरण को कैसे प्रभावित किया?,"स्वदेशी आंदोलन ने भारतीय सांस्कृतिक पुनर्जागरण को संवैधानिक गर्व और पहचान के प्रतीक के रूप में स्थानीय कला, शिल्प, साहित्य, और पारंपरिक प्रथाओं को प्रोत्साहित करके योगदान किया।"
Answer the given question in Hindi:,स्वदेशी आंदोलन ने भारतीय अर्थव्यवस्था पर दी गई लंबे समय तक के प्रभाव क्या थे?,"स्वदेशी आंदोलन ने स्वदेशी उद्योगों को प्रोत्साहित करके, उद्यमिता को बढ़ावा देने के द्वारा, और ब्रिटिश निर्मित सामग्रियों के प्रभाव को चुनौती देकर भारतीय आत्मनिर्भरता की आधारशिला रखी।"
Write your answer to the question in Hindi:,स्वदेशी आंदोलन को किन-किन चुनौतियों का सामना करना पड़ा?,"स्वदेशी आंदोलन को ब्रिटिश उपनिवेशीय रोकथाम, भारतीय राष्ट्रवादियों के आंतरिक विभाजन, और ब्रिटिश सामान पर आर्थिक निर्भरता के सम्मुख होने की कठिनाई का सामना किया गया।"
Provide a response to the given query in Hindi:, स्वदेशी आंदोलन ने भारतीय राष्ट्रवाद के विकास में कैसे योगदान दिया?,"स्वदेशी आंदोलन ने स्वायत्तता को प्रोत्साहित करके, विभिन्न भारतीय समुदायों के बीच एकता को बढ़ाकर, और ब्रिटिश आर्थिक और राजनीतिक व्यापकता को चुनौती देकर भारतीय राष्ट्रवाद के विकास में योगदान किया।"
Answer the question in Hindi language:,स्वदेशी आंदोलन में प्रेस की क्या भूमिका थी?,"प्रेस ने स्वदेशी आंदोलन में महत्वपूर्ण भूमिका निभाई, राष्ट्रवादी विचारों का प्रसार किया, जनमत को मोबाइलाइज किया, और ब्रिटिश अत्याचारों और अन्य अन्यायों को उजागर किया।"
Reply to the asked question in Hindi:,स्वदेशी आंदोलन और भारतीय राष्ट्रीय कांग्रेस के बीच क्या संबंध था?,"स्वदेशी आंदोलन भारतीय राष्ट्रीय कांग्रेस के साथ घनिष्ठ संबंध रखता था, जिसमें कांग्रेस ने आंदोलन को नेतृत्व, संगठनात्मक समर्थन, और आईडियोलॉजिकल मार्गदर्शन प्रदान किया।"
दिए गए प्रश्न का उत्तर हिंदी में दें:,स्वदेशी आंदोलन ने भारतीय राजनीतिक जागरूकता के विकास में कैसे योगदान दिया?,"स्वदेशी आंदोलन ने राष्ट्रीय एकता की भावना को बढ़ाकर, आंतरिक अभिभावकों की भागीदारी को प्रेरित करके, और भविष्य के स्वतंत्रता आंदोलनों के लिए आधारशिला रखकर भारतीय राजनीतिक जागरूकता के विकास में योगदान किया।"
दिए गए सवाल का जवाब हिंदी में लिखें:,1911 में बंगाल का विभाजन क्यों रद्द किया गया था?,1905 में हुए बंगाल के विभाजन को 1911 में ब्रिटिश सरकार ने भारतीय राष्ट्रवादियों के व्यापक प्रदर्शनों और विरोध के कारण रद्द किया।
दिए गए प्रश्न का समाधान हिंदी में प्रस्तुत करें:,1911 में बंगाल के विभाजन को क्यों रद्द किया गया था?,"1911 में बंगाल के विभाजन को मुख्य रूप से भारतीय राष्ट्रवादियों के मजबूत विरोध के कारण रद्द किया गया, जो इसे ब्रिटिश का भारतीय जनता को विभाजन और शासन करने का एक युक्ति मानते थे।"
पूछे गए प्रश्न का उत्तर हिंदी में प्रदान करें:,1911 में बंगाल के विभाजन को रद्द करने के परिणाम क्या थे?, 1911 में बंगाल के विभाजन के रद्द हो जाने से भारतीय राष्ट्रवादियों के लिए एक महत्वपूर्ण जीत हुई और सांप्रदायिक रूप में प्रांतों को विभाजन करने की नीति में एक अस्थायी रुकावट आई।
बताए गए सवाल का उत्तर हिंदी में दें।, 1911 में बंगाल के विभाजन के रद्द होने से भारतीय राजनीति पर कैसा प्रभाव पड़ा?,1911 में बंगाल के विभाजन के रद्द होने से भारतीय राष्ट्रवादी भावनाओं को ताकत मिली और ब्रिटिश औपनिवेशिक नीतियों के खिलाफ जनसमूहों के मोबाइलाइजेशन और प्रतिरोध की शक्ति का प्रदर्शन हुआ।
Diye gaye prashn ka uttar Hindi mein dein:,1916 का लखनऊ पैक्ट क्या था?,"1916 का लखनऊ पैक्ट भारतीय राष्ट्रीय कांग्रेस और ऑल इंडिया मुस्लिम लीग के बीच एक समझौता था, जिसका उद्देश्य हिंदू-मुस्लिम एकता को बढ़ावा देना और संवैधानिक सुधारों के लिए ब्रिटिश सरकार के समक्ष एक समूचा मुख्य करना था।"
Diye gaye sawaal ka jawab Hindi mein likhein:,लखनऊ पैक्ट के मुख्य प्रावधान क्या थे?,"लखनऊ पैक्ट के मुख्य प्रावधानों में मुस्लिमों के लिए अलग चुनाव, प्रांतीय विधानमंडलों में मुस्लिमों के लिए बढ़ी हुई प्रतिनिधित्व, और भारत के लिए स्व-सरकार के सिद्धांत की मान्यता शामिल थी।"
Diye gaye prashn ka samadhan Hindi mein prastut karein:,लखनऊ पैक्ट का महत्व क्या था?,लखनऊ पैक्ट महत्वपूर्ण था क्योंकि यह भारतीय राष्ट्रीय आंदोलन में हिंदू-मुस्लिम सहयोग का एक दुर्लभ मामला दर्शाता था और दोनों समुदायों के बीच भविष्य के संवैधानिक परिचर्चाओं के लिए आधार देता था।
Pooche gaye prashn ka uttar Hindi mein pradaan karein:,लखनऊ पैक्ट ने भारतीय राष्ट्रीय आंदोलन में कैसे योगदान दिया?," लखनऊ पैक्ट ने भारतीय राष्ट्रीय आंदोलन में हिंदू-मुस्लिम एकता को बढ़ावा देने, स्व-सरकार की मांग को मजबूत करने, और ब्रिटिश सरकार के साथ भविष्य की संवैधानिक बातचीतों के लिए एक ढांचा प्रदान किया।"
Bataye gaye sawaal ka jawab Hindi mein dein:,1919 का जलियांवाला बाग़ हत्याकांड क्या था?,1919 का जलियांवाला बाग़ हत्याकांड एक बर्बर घटना थी जिसमें ब्रिटिश सेना ने अमृतसर के जलियांवाला बाग़ में एक शांतिपूर्ण प्रदर्शन में इकट्ठे हुए निरंकुश भारतीय नागरिकों पर गोलियां चलाई।
Answer the given question in Hindi:,जलियांवाला बाग़ हत्याकांड क्या ले आया?,जलियांवाला बाग़ हत्याकांड को भारतीय राष्ट्रवादियों और ब्रिटिश अधिकारियों के बीच तनाव और रोलेट एक्ट जैसे कठोर उपायों के कारण उत्पन्न होने वाली तनावों ने प्रेरित किया।
Write your answer to the question in Hindi:, जलियांवाला बाग़ हत्याकांड में कितने लोग मारे गए थे?,"जलियांवाला बाग़ हत्याकांड में सैंकड़ों निरसंज्ञा नागरिकों की मौत हुई थी, और हजारों को घायल किया गया था, जो भारत की स्वतंत्रता के संघर्ष में सबसे काले पन्नों में से एक रहा है।"
Provide a response to the given query in Hindi:,जलियांवाला बाग़ हत्याकांड के तत्काल परिणाम क्या थे?,"जलियांवाला बाग़ हत्याकांड ने भारत और अंतरराष्ट्रीय स्तर पर व्यापक आक्रोश और निंदा का संचार किया, जिससे भारतीय स्वायत्तता की अधिक मांग और ब्रिटिश भारत से वापसी के लिए बढ़ी।"
Answer the question in Hindi language:,जलियांवाला बाग़ हत्याकांड ने भारतीय राष्ट्रवादी भावनाओं पर कैसा प्रभाव डाला?," जलियांवाला बाग़ हत्याकांड ने भारतीय राष्ट्रवादी भावनाओं को ऊर्जित किया, ब्रिटिश विरोधी भावनाओं को भड़काया और भारतीयों के स्वतंत्रता के लिए लड़ने के संकल्प को मजबूत किया।"
Reply to the asked question in Hindi:, 1920–1922 का गैर-सहयोग आंदोलन क्या था?,"1920 में महात्मा गांधी द्वारा शुरू किए गए एक बड़े स्तर पर आंदोलन था, जिसका उद्देश्य भारतीय स्वतंत्रता को प्राप्त करने के लिए ब्रिटिश संस्थानों, वस्त्रों, और सेवाओं का बहिष्कार करना था।"
दिए गए प्रश्न का उत्तर हिंदी में दें:,गैर-सहयोग आंदोलन के मुख्य उद्देश्य क्या थे?,"गैर-सहयोग आंदोलन के मुख्य उद्देश्य भारत के लिए स्वराज (स्वायत्तता) प्राप्त करना, ब्रिटिश औपनिवेशिक नीतियों का विरोध करना, और राष्ट्रीय एकता और आत्मनिर्भरता को प्रोत्साहित करना था।"
दिए गए सवाल का जवाब हिंदी में लिखें:,गैर-सहयोग आंदोलन के दौरान अपनाई गई प्रमुख रणनीतियाँ क्या थीं?,"गैर-सहयोग आंदोलन के दौरान अपनाई गई प्रमुख रणनीतियों में ब्रिटिश संस्थानों का बहिष्कार करना, सरकारी पदों से इस्तीफा देना, खादी (स्वयं बुने कपड़े) को बढ़ावा देना, और जनसमूहों को संगठित करना शामिल था।"
दिए गए प्रश्न का समाधान हिंदी में प्रस्तुत करें:,महात्मा गांधी ने गैर-सहयोग आंदोलन में क्या भूमिका निभाई?,"महात्मा गांधी ने गैर-सहयोग आंदोलन को संगठित करने और नेतृत्व करने में मुख्य भूमिका निभाई, अहिंसात्मक प्रतिरोध का समर्थन किया, और जनमास को ब्रिटिश शासन के खिलाफ जुटाने में मदद की।"
पूछे गए प्रश्न का उत्तर हिंदी में प्रदान करें:, गैर-सहयोग आंदोलन ने भारतीय शासन पर कैसा प्रभाव डाला?," गैर-सहयोग आंदोलन ने भारतीय शासन के आधारों को हिला दिया था, उनकी अधिकारिता को कमजोर किया था, और जनसमूहों की शक्ति का प्रदर्शन किया था।"
बताए गए सवाल का उत्तर हिंदी में दें।,1922 में गैर-सहयोग आंदोलन को रोकने के कारण क्या थे?," 1922 में गैर-सहयोग आंदोलन को रोकने के कारण उत्तर प्रदेश के चौरी चौरा में हिंसा के आउटब्रेक के बाद था, जहां प्रदर्शनकारी विरोधी प्राथमिकताएं पुलिस के साथ झड़प की, जिससे घायल हो गए।"
Diye gaye prashn ka uttar Hindi mein dein:, गैर-सहयोग आंदोलन की विरासत क्या थी?,"गैर-सहयोग आंदोलन ने अहिंसात्मक प्रतिरोध के प्रभावकारीता को दर्शाकर, भविष्य के स्वतंत्रता आंदोलनों को प्रेरित किया, और भारतीयों के बीच एकता और आत्मनिर्भरता की भावना को प्रोत्साहित किया।"
Diye gaye sawaal ka jawab Hindi mein likhein:,गैर-सहयोग आंदोलन ने भारतीय राष्ट्रवाद के विकास में कैसे योगदान दिया?,गैर-सहयोग आंदोलन ने भारतीय राष्ट्रवाद के विकास में योगदान किया अद्यापक राष्ट्रीय आंदोलन के माध्यम से लाखों भारतीयों को ब्रिटिश औपनिवेशिकता के खिलाफ एकजुट संघर्ष में संगठित किया और स्वराज (स्वायत्तता) की विचारधारा को बढ़ावा दिया।
Diye gaye prashn ka samadhan Hindi mein prastut karein:,गैर-सहयोग आंदोलन को क्या-क्या चुनौतियों का सामना करना पड़ा?,"गैर-सहयोग आंदोलन को ब्रिटिश दमन, भारतीय राष्ट्रीय कांग्रेस के आंतरिक विभाजन, और लंबे समय तक जनसमूहों को अभिवृद्धि में संजोधन की कठिनाई जैसी चुनौतियों का सामना करना पड़ा।"
Pooche gaye prashn ka uttar Hindi mein pradaan karein:,गैर-सहयोग आंदोलन के लिए ब्रिटिश प्राधिकारियों का प्रतिसाद क्या था?,"गैर-सहयोग आंदोलन के लिए ब्रिटिश प्राधिकारियों का प्रतिसाद दमन, गिरफ्तारी, और हिंसा के माध्यम से हुआ, लेकिन उन्होंने भारतीय राष्ट्रीयों को संतोषित करने के लिए सीमित सुधारों का भी अनुदान किया।"
Bataye gaye sawaal ka jawab Hindi mein dein:, गैर-सहयोग आंदोलन ने भारत की स्वतंत्रता के लिए कैसे प्रभाव डाला?," गैर-सहयोग आंदोलन ने भारत की स्वतंत्रता के लिए महत्वपूर्ण भूमिका निभाई द्वारा जन सहभागिता को उत्तेजित किया, अंतरराष्ट्रीय जागरूकता उत्पन्न की, और भविष्य के आंदोलनों की आधारशिला रखी।"
Answer the given question in Hindi:,गैर-सहयोग आंदोलन ने भारत के सामाजिक संरचना पर कैसा प्रभाव डाला?,"गैर-सहयोग आंदोलन ने भारत के विभिन्न परिवारों और क्षेत्रों के लोगों को एक साथ लाकर राष्ट्रीय एकता और समरसता की भावना को प्रोत्साहित किया, जैसे ही जाति, धर्म, या मजहब का कोई महत्व नहीं था।"
Write your answer to the question in Hindi:,गैर-सहयोग आंदोलन की महात्मा गांधी की अहिंसा के दर्शन के संदर्भ में महत्व क्या था?," गैर-सहयोग आंदोलन ने महात्मा गांधी के अहिंसा (अहिंसा) के दर्शन का महत्वपूर्ण उदाहरण प्रस्तुत किया, सामाजिक और राजनीतिक परिवर्तन के लिए उसकी ताकत को दिखाते हुए, जिसके द्वारा जन-संघर्ष के विरुद्ध प्रतिरोध को संगठित किया जा सकता है।"
Provide a response to the given query in Hindi:, गैर-सहयोग आंदोलन ने भारत में ब्रिटिश आर्थिक हितों पर कैसा प्रभाव डाला?," गैर-सहयोग आंदोलन ने भारत में ब्रिटिश आर्थिक हितों को व्यावसायिक उत्थान करके उनका प्रभाव कम किया, उनकी आर्थिक नियंत्रण को कमजोर किया, और स्वदेशी उद्योगों के विकास को प्रोत्साहित किया।"
Answer the question in Hindi language:,गैर-सहयोग आंदोलन में महिलाओं की क्या भूमिका थी?," गैर-सहयोग आंदोलन में महिलाओं ने महत्वपूर्ण भूमिका निभाई, बहिष्कार, प्रदर्शनों का आयोजन किया, और स्वदेशी उद्योगों और खादी उत्पादन को बढ़ावा देने में योगदान किया।"
Reply to the asked question in Hindi:,गैर-सहयोग आंदोलन के दीर्घकालिक प्रभाव क्या थे भारतीय राजनीति पर?,"गैर-सहयोग आंदोलन ने भारतीय राजनीति में भविष्य के जन संघर्षों और राजनीतिक उत्थानों की आधारशिला रखी, जिससे भारतीय राजनीति के पथ को आकार दिया और अंततः ब्रिटिश शासन से स्वतंत्रता प्राप्त की गई।"
दिए गए प्रश्न का उत्तर हिंदी में दें:,गैर-सहयोग आंदोलन ने भारतीय उपनिवेशवाद के लिए वैश्विक धारणाओं को कैसे प्रभावित किया?," गैर-सहयोग आंदोलन ने अधिकारिक शासन के खिलाफ अहिंसात्मक प्रतिरोध के लिए अंतरराष्ट्रीय ध्यान और प्रशंसा प्राप्त की, जो दुनिया भर में स्वतंत्रता और सामाजिक न्याय के लिए समान आंदोलनों को प्रेरित किया।"
दिए गए सवाल का जवाब हिंदी में लिखें:,1922 की चौरी चौरा घटना क्या थी?,"चौरी चौरा घटना एक हिंसक झड़प थी जो उत्तर प्रदेश के चौरी चौरा में हुई थी, गैर-सहयोग आंदोलन के दौरान, जिसमें कई पुलिस अधिकारियों की मौत हो गई।"
दिए गए प्रश्न का समाधान हिंदी में प्रस्तुत करें:,चौरी चौरा घटना की उत्पत्ति क्या थी?,"चौरी चौरा घटना को बढ़ती हुई टन्शन के कारणों ने प्रेरित किया, जो प्रदर्शनकारियों और पुलिस के बीच एक हिंसक संघर्ष में उत्तरदायी थे, जो गैर-सहयोग आंदोलन का हिस्सा था।"
पूछे गए प्रश्न का उत्तर हिंदी में प्रदान करें:,चौरी चौरा घटना के परिणाम क्या थे?,"चौरी चौरा घटना के परिणामस्वरूप महात्मा गांधी ने गैर-सहयोग आंदोलन को स्थगित करने का फैसला किया, क्योंकि उन्हें यह मान्यता थी कि आंदोलन ने अपनी अहिंसात्मक चरित्र खो दिया था और इसे वर्तमान रूप में आगे बढ़ाया नहीं जा सकता।"
बताए गए सवाल का उत्तर हिंदी में दें।,चौरी चौरा घटना ने भारतीय राष्ट्रीय आंदोलन पर कैसा प्रभाव डाला?,"चौरी चौरा घटना ने भारतीय राष्ट्रीय आंदोलन पर गहरा प्रभाव डाला जिससे रणनीतियों और तकनीकों का पुनरावलोकन हुआ, और अधिक अनुशासित और अहिंसात्मक प्रतिरोध की ओर रुख किया गया।"
Diye gaye prashn ka uttar Hindi mein dein:,1930 का नमक सँघर्ष क्या था?,"नमक सँघर्ष, जिसे दंडी मार्च भी कहा जाता है, महात्मा गांधी द्वारा ब्रिटिश नमक कर के खिलाफ एक अहिंसात्मक प्रदर्शन था, जिसका परिणामस्वरूप दंडी, गुजरात में समुद्री पानी से नमक बनाने की प्रतीक्षा थी।"
Diye gaye sawaal ka jawab Hindi mein likhein:,नमक सँघर्ष के उद्देश्य क्या थे?,"नमक सँघर्ष के उद्देश्य थे ब्रिटिश नमक उत्पादन और वितरण पर प्रतिष्ठान को चुनौती देना, भारतीय स्वतंत्रता आंदोलन के लिए जन समर्थन को संगठित करना, और अहिंसात्मक प्रतिरोध की शक्ति को प्रदर्शित करना।"
Diye gaye prashn ka samadhan Hindi mein prastut karein:,नमक सँघर्ष ने भारतीय स्वतंत्रता आंदोलन में कैसे योगदान दिया?,"नमक सँघर्ष ने भारतीय स्वतंत्रता आंदोलन में जन सहभागिता को उत्तेजित किया, ब्रिटिश औपनिवेशिक दमन के अंतर्राष्ट्रीय जागरूकता को बढ़ाया, और भविष्य के अहिंसात्मक अनुशासन और प्रतिरोध के क्रियान्वयन को प्रेरित किया।"
Pooche gaye prashn ka uttar Hindi mein pradaan karein:,नमक सँघर्ष में महात्मा गांधी के अहिंसा दर्शन का महत्व क्या था?,"नमक सँघर्ष महात्मा गांधी के अहिंसा (अहिंसा) के दर्शन का एक महत्वपूर्ण उदाहरण था, सामाजिक और राजनीतिक परिवर्तन के लिए इसकी शक्ति को प्रदर्शित करता है, जो उपनिवेशी दमन के खिलाफ जन-संघर्ष को संगठित करने के लिए एक्टिव है।"
Bataye gaye sawaal ka jawab Hindi mein dein:,नमक सँघर्ष पर ब्रिटिश प्राधिकारियों का प्रतिसाद क्या था?,"नमक सँघर्ष पर ब्रिटिश प्राधिकारियों की प्रतिक्रिया ने दमन, गिरफ्तारी, और प्रदर्शनकारियों के प्रति हिंसा के साथ होती थी, लेकिन उन्होंने अपने कठोर तरीकों के लिए अंतर्राष्ट्रीय आलोचना का सामना भी किया।"
Answer the given question in Hindi:,नमक सँघर्ष ने भारत पर ब्रिटिश नियंत्रण का कैसा प्रभाव डाला?,"नमक सँघर्ष ने भारत पर ब्रिटिश प्रतिष्ठा और अधिकार को कमजोर किया व्यापकता, औपनिवेशिक नीतियों की अन्यायपूर्ण प्रकृति का प्रकट किया, और भारतीय स्वतंत्रता आंदोलन के लिए जन समर्थन को संगठित किया।"
Write your answer to the question in Hindi:,1930–1934 में नागरिक अविनय आन्दोलन क्या था?,"1930–1934 में नागरिक अविनय आन्दोलन महात्मा गांधी द्वारा ब्रिटिश साम्राज्यवाद के खिलाफ आरंभित एक असंख्य संघर्ष का अभियान था, जिसका उद्देश्य भारतीय स्वतंत्रता और सामाजिक सुधार को प्राप्त करना था।"
Provide a response to the given query in Hindi:,नागरिक अविनय आन्दोलन के मुख्य उद्देश्य क्या थे?,"नागरिक अविनय आन्दोलन के मुख्य उद्देश्य ब्रिटिश प्राधिकार को चुनौती देना, राजनीतिक और आर्थिक स concessions मांगना, और भारत में सामाजिक न्याय और समानता को प्रोत्साहित करना था।"
Answer the question in Hindi language:,नागरिक अविनय आन्दोलन ने भारतीयों को कैसे जुटाया?,"नागरिक अविनय आन्दोलन ने विविध जीवन के भारतीयों को अधिकारिक वस्त्रों के बहिष्कार, टैक्स के अव्यय, और अन्यायपूर्ण कानूनों के खिलाफ अविनय आचरण के क्रियाकलापों के माध्यम से जोड़ा।"
Reply to the asked question in Hindi:,नागरिक अविनय आन्दोलन के दौरान कौन-कौन से मुख्य रणनीतियाँ अपनाई गईं?,"नागरिक अविनय आन्दोलन के दौरान अपनाई गई मुख्य रणनीतियों में अहिंसात्मक प्रदर्शन, बहिष्कार, हड़तालें, और देशज उद्योगों और आत्मनिर्भरता का प्रोत्साहन शामिल था।"
दिए गए प्रश्न का उत्तर हिंदी में दें:, नागरिक अविनय आन्दोलन में महात्मा गांधी का क्या भूमिका था?,"महात्मा गांधी ने नागरिक अविनय आन्दोलन को संगठित करने और नेतृत्व करने में एक केंद्रीय भूमिका निभाई, अहिंसात्मक विरोध के लिए वकालत की, और करोड़ों भारतीयों को स्वतंत्रता के लिए संघर्ष करने के लिए प्रेरित किया।"
दिए गए सवाल का जवाब हिंदी में लिखें:,नागरिक अविनय आन्दोलन की प्रमुख उपलब्धियाँ क्या थीं?,"नागरिक अविनय आन्दोलन की प्रमुख उपलब्धियों में ब्रिटिश अन्यायों के बारे में जागरूकता बढ़ाना, स्वतंत्रता आंदोलन में बड़ी संख्या में भागीदारी को जोड़ना, और भविष्य की ब्रिटिश सरकार के साथ वार्तालापों के लिए मार्ग बनाना शामिल था।"
दिए गए प्रश्न का समाधान हिंदी में प्रस्तुत करें:,नागरिक अविनय आन्दोलन ने भारत में ब्रिटिश शासन पर कैसा प्रभाव डाला?,"नागरिक अविनय आन्दोलन ने भारत में ब्रिटिश शासन की वैधता पर चुनौती दी, उनके आर्थिक और प्रशासनिक नियंत्रण को कमजोर किया, और उन्हें सीमित सुधारों के रूप में छोटे बदलाव करने पर मजबूर किया।"
पूछे गए प्रश्न का उत्तर हिंदी में प्रदान करें:, नागरिक अविनय आन्दोलन ने कौन-कौन सी चुनौतियों का सामना किया?,"नागरिक अविनय आन्दोलन को ब्रिटिश दमन, भारतीय राष्ट्रीय कांग्रेस के आंतरिक विभाजन, और लंबे समय तक संघर्ष को बनाए रखने की कठिनाई जैसी चुनौतियों का सामना किया।"
बताए गए सवाल का उत्तर हिंदी में दें।,1935 की भारत सरकार कानून क्या था?," 1935 की भारत सरकार कानून ब्रिटिश संसद द्वारा पारित एक संवैधानिक सुधार था, जिसने प्रांतों की स्वायत्तता को प्रस्थापित किया और भारतियों की प्रांतों की शासन में विस्तार की भूमिका को बढ़ाया।"
Diye gaye prashn ka uttar Hindi mein dein:, 1935 की भारत सरकार कानून के मुख्य प्रावधान क्या थे?,"1935 की भारत सरकार कानून के मुख्य प्रावधानों में प्रांतों की स्वायत्तता की स्थापना, द्विसभावी विधानसभाओं की प्रस्थापना, और मतदाताओं के विस्तार शामिल थे।"
Diye gaye sawaal ka jawab Hindi mein likhein:,1935 की भारत सरकार कानून के प्रति भारतीय राष्ट्रवादियों की प्रतिक्रिया क्या थी?,"भारतीय राष्ट्रवादियों ने, 1935 की भारत सरकार कानून के कुछ पहलुओं का स्वागत करते हुए, इसे पूर्ण स्वायत्तता प्रदान करने में पर्याप्त नहीं बताया और रक्षा और वित्त जैसे महत्वपूर्ण क्षेत्रों पर भारी ब्रिटिश नियंत्रण को बनाए रखने के लिए इसे आलोचना की।"
Diye gaye prashn ka samadhan Hindi mein prastut karein:,1935 की भारत सरकार कानून का भारतीय शासन पर कैसा प्रभाव हुआ?,"1935 की भारत सरकार कानून ने भारतीय स्वायत्तता की दिशा में एक महत्वपूर्ण परिवर्तन का संकेत दिया, प्रांत सरकारों को बढ़ी हुई आजादी प्रदान की और भविष्य के संवैधानिक विकास की आधार रखी।"
Pooche gaye prashn ka uttar Hindi mein pradaan karein:,1935 की भारत सरकार कानून की क्या सीमाएं थीं?," 1935 की भारत सरकार कानून ने रक्षा, वित्त, और संचार जैसे महत्वपूर्ण क्षेत्रों पर भारी ब्रिटिश नियंत्रण को बनाए रखा, और यह भारतीय राष्ट्रवादियों की पूर्ण स्वायत्तता के लिए मांगों को संतुष्ट नहीं किया।"
Bataye gaye sawaal ka jawab Hindi mein dein:,1942 का क्विट इंडिया आंदोलन क्या था?,"क्विट इंडिया आंदोलन, जिसे अगस्त आंदोलन भी कहा जाता है, महात्मा गांधी के नेतृत्व में भारतीय राष्ट्रीय कांग्रेस द्वारा आयोजित एक बड़ा प्रदर्शन था, जिसमें भारतीय स्वतंत्रता के लिए ब्रिटिश साम्राज्यवाद के अंत की मांग की गई।"
Answer the given question in Hindi:,क्विट इंडिया आंदोलन के उद्देश्य क्या थे?,"क्विट इंडिया आंदोलन के उद्देश्य भारत के लिए तत्काल स्वतंत्रता प्राप्त करना, स्वतंत्रता के लिए समूचे में भागीदारी को जुटाना, और ब्रिटिश सरकार को भारत छोड़ने के लिए मजबूर करना था।"
Write your answer to the question in Hindi:,क्विट इंडिया आंदोलन में महात्मा गांधी की क्या भूमिका थी?,"महात्मा गांधी ने क्विट इंडिया आंदोलन को संगठित करने और नेतृत्व करने में एक केंद्रीय भूमिका निभाई, अहिंसात्मक प्रतिरोध के लिए वकालत की, और करोड़ों भारतीयों को स्वतंत्रता के लिए संघर्ष करने के लिए प्रेरित किया।"
Provide a response to the given query in Hindi:, ब्रिटिश प्राधिकारियों ने क्विट इंडिया आंदोलन का कैसे प्रतिक्रिया किया?,"ब्रिटिश प्राधिकारियों ने क्विट इंडिया आंदोलन का दमन, गिरफ्तारियाँ, और प्रदर्शनकारियों के प्रति हिंसा के साथ प्रतिक्रिया की, लेकिन उन्हें भी अपनी कठोर तरीकों के लिए अंतर्राष्ट्रीय आलोचना का सामना करना पड़ा।"
Answer the question in Hindi language:,क्विट इंडिया आंदोलन की प्रमुख उपलब्धियाँ क्या थीं?,"क्विट इंडिया आंदोलन की प्रमुख उपलब्धियों में स्वतंत्रता संघर्ष में बड़ी संख्या में भागीदारी को जुटाना, ब्रिटिश साम्राज्यवाद की अंतर्राष्ट्रीय निंदा को बढ़ाना, और भारतीय स्वतंत्रता की प्रक्रिया को तेजी से आगे बढ़ाना शामिल था।"
Reply to the asked question in Hindi:,क्विट इंडिया आंदोलन के दीर्घकालिक परिणाम क्या थे?,"क्विट इंडिया आंदोलन ने भारतीय स्वतंत्रता की प्रक्रिया को तेजी से आगे बढ़ाया और अंतर्राष्ट्रीय दबाव को डिकोलनाइजेशन के लिए बढ़ावा दिया, जिससे भारत को एक स्वायत्त राष्ट्र के रूप में स्थापित करने का मार्ग खोला।"
दिए गए प्रश्न का उत्तर हिंदी में दें:, क्विट इंडिया आंदोलन ने भारतीय राष्ट्रवाद के विकास में कैसे योगदान दिया?," क्विट इंडिया आंदोलन ने भारतीय स्वतंत्रता आंदोलन में बड़ी संख्या में भागीदारी को जुटाया, भारतीयों में एकता और सहनशीलता की भावना को बढ़ाया, और राजनीतिक परिवर्तन को प्राप्त करने में जनसंख्या के साधन की शक्ति को दिखाया।"
दिए गए सवाल का जवाब हिंदी में लिखें:,1947 में भारतीय स्वतंत्रता के किस परिपेक्ष में ले आया?,"1947 में भारतीय स्वतंत्रता ब्रिटिश साम्राज्यवाद के खिलाफ दशकों की संघर्ष के परिणाम में थी, जिसमें भारतीयों की बड़ी संख्या का संगठन, प्रदर्शन और स्वराज के लिए वार्ता शामिल थे।"
दिए गए प्रश्न का समाधान हिंदी में प्रस्तुत करें:, 1947 में भारतीय स्वतंत्रता में योगदान देने वाले मुख्य कारक क्या थे?,"1947 में भारतीय स्वतंत्रता में योगदान देने वाले मुख्य कारकों में भारतीयों का बड़ा संघर्ष, द्वितीय विश्व युद्ध के बाद ब्रिटिश शक्ति की कमजोरी, और स्वतंत्रता के पक्ष में भारतीय नेताओं और संगठनों के प्रयास शामिल थे।"
पूछे गए प्रश्न का उत्तर हिंदी में प्रदान करें:, द्वितीय विश्व युद्ध ने भारतीय स्वतंत्रता पर कैसा प्रभाव डाला?,"द्वितीय विश्व युद्ध ने ब्रिटिश साम्राज्यवादी शक्ति को कमजोर किया और उनके साम्राज्य की कमजोरियों को प्रकट किया, जिससे भारतीय राष्ट्रवादी द्वारा स्वतंत्रता की अधिक मांगें बढ़ी और अंततः स्वतंत्रता को प्रदान किया गया।"
बताए गए सवाल का उत्तर हिंदी में दें।,महात्मा गांधी की भारतीय स्वतंत्रता आंदोलन में क्या भूमिका थी?,"महात्मा गांधी ने भारतीय स्वतंत्रता आंदोलन में अहिंसात्मक प्रतिरोध की वकालत करके, बड़े पैमाने पर भागीदारी को संगठित करके और भारतीय स्वतंत्रता के लिए ब्रिटिश प्राधिकारियों के साथ बातचीत करके मुख्य भूमिका निभाई।"
Diye gaye prashn ka uttar Hindi mein dein:,1947 में भारत का विभाजन क्या था?," 1947 में भारत का विभाजन ब्रिटिश भारत को धार्मिक आधार पर दो अलग-अलग राष्ट्रों, भारत और पाकिस्तान, में विभाजित करना था, जिससे भारत और पाकिस्तान के स्वतंत्र राज्यों की स्थापना हुई।"
Diye gaye sawaal ka jawab Hindi mein likhein:,1947 में भारत के विभाजन के मुख्य कारण क्या थे?,"1947 में भारत के विभाजन के मुख्य कारण धार्मिक विवाद थे, हिंदू और मुस्लिमों के बीच, एक अलग मुस्लिम होमलैंड की मांग, और एक समझौते पर संगठित एकीकरण के मुद्दे पर एकमत नहीं होना।"
Diye gaye prashn ka samadhan Hindi mein prastut karein:,भारत के विभाजन का भारतीय उपमहाद्वीप पर कैसा प्रभाव पड़ा?,"भारत के विभाजन ने विशाल हिंसा, व्याप्त हिंदू, मुस्लिम और सिखों के प्रस्थान, और जीवन की हानि के रूप में भारत और पाकिस्तान के बीच लाखों लोगों के स्थानांतरण का कारण बना, जिससे इतिहास में सबसे बड़े मानव प्रस्थानों में से एक हुआ।"
Pooche gaye prashn ka uttar Hindi mein pradaan karein:,भारत के विभाजन के परिणाम क्या थे?,"भारत के विभाजन के परिणाम में साम्प्रदायिक हिंसा, करोड़ों लोगों के प्रस्थान, जीवन और संपत्ति की हानि, और भारत और पाकिस्तान के बीच दीर्घकालिक शत्रुता की स्थापना शामिल थी।"
Bataye gaye sawaal ka jawab Hindi mein dein:,भारत के विभाजन ने राज्यों को कैसे प्रभावित किया?,"भारत के विभाजन ने राज्यों को इसके बीच शामिल होने के लिए भारत या पाकिस्तान में से किसी एक का चयन करने के लिए मजबूर किया, जिससे उनके नए स्वतंत्र राष्ट्रों में संगठन और समझौतों के लिए जटिल बातचीत और समझौतों की हुई।"
Answer the given question in Hindi:, भारत के विभाजन के दौरान किस प्रकार की चुनौतियों का सामना किया गया?,"भारत के विभाजन के दौरान चुनौतियों का सामना किया गया, जैसे कि साम्प्रदायिक हिंसा, जनसंख्या के विस्थापन, प्रशासनिक अराजकता, और भारत और पाकिस्तान के बीच संपत्ति और संसाधनों का बाँटवारा।"
Write your answer to the question in Hindi:,भारत और पाकिस्तान के नेताओं ने विभाजन के परिणामों का प्रबंधन कैसे किया?,"भारत और पाकिस्तान के नेताओं ने, जैसे जवाहरलाल नेहरू और मुहम्मद अली जिन्ना, भारत और पाकिस्तान के विभाजन के परिणामों का प्रबंधन करने का भारी कार्य सामना किया, जिसमें क्रमबद्धता को पुनः स्थापित करना, परदेशी बसेरापन को सुविधाजनक बनाना, और नए प्रशासनिक संरचनाओं की स्थापना करना शामिल था।"
Provide a response to the given query in Hindi:,भारत के विभाजन में रैडक्लिफ रेखा की क्या भूमिका थी?,"रैडक्लिफ रेखा ब्रिटिश भारत को भारत और पाकिस्तान में विभाजित करने के लिए ब्रिटिश वकील सर सिरिल रैडक्लिफ द्वारा खींची गई सीमा निर्धारण रेखा थी, जो धार्मिक जनसंख्या और प्रशासनिक विचारों पर आधारित थी।"
Answer the question in Hindi language:,भारत के विभाजन का सांस्कृतिक और सामाजिक ढांचा किस प्रकार प्रभावित हुआ?," भारत के विभाजन ने सांस्कृतिक और सामाजिक ढांचा पर गहरा प्रभाव डाला, जिससे समुदायों का स्थानांतरण हुआ, सांस्कृतिक विरासत का नुकसान हुआ, और धार्मिक के आधार पर नए राष्ट्रीय पहचानों का निर्माण हुआ।"
Reply to the asked question in Hindi:,1947–1950 में रिजेंट्रेशन का क्या मतलब था?,1947-1950 में रिजेंट्रेशन ऑफ़ प्रिंसिपल राज्यों का अर्थ था कि भारत के स्वतंत्रता के बाद भारतीय महासागर या पाकिस्तान के डोमिनियन में स्वतंत्र राज्यों को संघटित किया गया।
दिए गए प्रश्न का उत्तर हिंदी में दें:,स्वतंत्रता के बाद भारत में प्रिंसिपल राज्यों को कैसे एकीकृत किया गया?,"स्वतंत्रता के बाद प्रिंसिपल राज्यों को भारत में नेगोशिएशन, संधि, और समझौतों की संविधान की धारा और प्रिंसिपल राज्यों के राजाओं के साथ भारतीय सरकार के बीच सम्झौतों के द्वारा संघटित किया गया, जिसमें सरदार वल्लभभाई पटेल जैसे नेताओं के प्रयास शामिल थे।"
दिए गए सवाल का जवाब हिंदी में लिखें:,स्वतंत्रता के बाद प्रिंसिपल राज्यों का एकीकरण नये स्वतंत्र भारत के टेरिटोरियल एकता में कैसे योगदान दिया?,प्रिंसिपल राज्यों का एकीकरण भारत की टेरिटोरियल एकता को मजबूत कर दिया अलग-अलग क्षेत्रों को एकीकृत एक एकीकृत राष्ट्र-राष्ट्र बनाने और आंतरिक संघर्ष और सेकेशनिज़्म के संभावित स्रोतों को हल कर दिया।
दिए गए प्रश्न का समाधान हिंदी में प्रस्तुत करें:,1950 में भारत का संविधान क्या था?," 1950 में भारत का संविधान, भारतीय गणराज्य का उच्चतम कानून है, जो शासन, अधिकारों, और संस्थाओं के ढांचे को प्रदान करता है, और भारत को स्वतंत्र, समाजवादी, धर्मनिरपेक्ष, और लोकतान्त्रिक गणराज्य के रूप में स्थापित करता है।"
पूछे गए प्रश्न का उत्तर हिंदी में प्रदान करें:,भारत के संविधान के मुख्य विशेषताएँ क्या थीं?,"भारत के संविधान की मुख्य विशेषताएँ में मौलिक अधिकार, संसदीय प्रणाली का प्रणाली, संघीयता, शक्तियों का विभाजन, सामाजिक न्याय और समानता, सेक्युलरिज़्म, आदि शामिल हैं।"
बताए गए सवाल का उत्तर हिंदी में दें।,भारतीय संविधान के मुख्य रचनाकार कौन थे?,"भारतीय संविधान के मुख्य रचनाकार डॉ. बी.आर. अंबेडकर थे, जिन्होंने आवेदन समिति की कमेटी का कार्यस्थान दायित्व संभाला, और संविधान सभा के अन्य सदस्य, जो विविध विचारधाराओं और क्षेत्रीय हितों का प्रतिनिधित्व करते थे।"
Diye gaye prashn ka uttar Hindi mein dein:,भारतीय संविधान का महत्व क्या था?,"भारतीय संविधान का महत्व इसलिए है क्योंकि यह लोकतंत्र, धर्मनिरपेक्षता, सामाजिक न्याय, और मौलिक अधिकारों के सिद्धांतों को स्थापित करता है, प्रशासन के लिए एक ढांचा प्रदान करता है और नागरिकों के अधिकार और स्वतंत्रता की सुरक्षा सुनिश्चित करता है।"
Diye gaye sawaal ka jawab Hindi mein likhein:, भारतीय संविधान ने राष्ट्र के विविध सामाजिक और सांस्कृतिक संरचना का कैसे सम्मान किया?,"भारतीय संविधान ने विभिन्न धर्मों, भाषाओं, जातियों, और जातियों से संबंधित व्यक्तियों और समुदायों के अधिकारों को मान्यता देकर राष्ट्र के विविध सामाजिक और सांस्कृतिक संरचना का सम्मान किया।"
Diye gaye prashn ka samadhan Hindi mein prastut karein:, भारतीय संविधान की ड्राफ्टिंग की प्रक्रिया क्या थी?,"भारतीय संविधान की ड्राफ्टिंग को संविधान सभा ने कराया, जिसने लगभग तीन साल के कालावधि में विभिन्न प्रावधानों पर बहस और विचार किया, कानूनी विशेषज्ञता और लोकतांत्रिक सिद्धांतों पर आधारित होकर।"
Pooche gaye prashn ka uttar Hindi mein pradaan karein:,भारतीय संविधान को अन्य संवैधानिक मॉडलों कैसे प्रभावित किया गया था?,"भारतीय संविधान को विभिन्न संवैधानिक मॉडलों का प्रभाव था, जिसमें ब्रिटेन, संयुक्त राज्य, कनाडा, ऑस्ट्रेलिया, और आयरलैंड शामिल हैं, भारत के अद्वितीय ऐतिहासिक और सामाजिक-राजनीतिक परिस्थितियों के अनुकूल तत्वों को अनुकरण और समाहित किया गया।"
Bataye gaye sawaal ka jawab Hindi mein dein:,भारतीय संविधान ने प्रशासन प्रणाली में जांच और संतुलन कैसे सुनिश्चित किया?,"भारतीय संविधान ने प्रशासन प्रणाली में जांच और संतुलन को केंद्रीय, विधायिका, और न्यायिक शाखाओं के बीच शक्ति के अलगाव के माध्यम से सुनिश्चित किया, साथ ही न्यायिक समीक्षा और संघवाद के माध्यम से।"
Answer the given question in Hindi:,भारतीय संविधान में मौलिक अधिकारों की क्या भूमिका थी?,"मौलिक अधिकार, भारतीय संविधान के भाग III में प्रतिष्ठित हैं, सभी नागरिकों को नागरिक स्वतंत्रता और स्वतंत्रता सुनिश्चित करते हैं, उन्हें अर्बिट्रेरी राज्यीय क्रियाओं से बचाते हैं और कानून के सामने समानता सुनिश्चित करते हैं।"
Write your answer to the question in Hindi:,भारतीय संविधान ने लोकतांत्रिक प्रशासन की नींव कैसे रखी?,"भारतीय संविधान ने लोकतांत्रिक प्रशासन की नींव रखी ताकि एक पार्लियामेंटरी प्रणाली, मुक्त और निष्पक्ष चुनाव, स्वतंत्र न्यायपालिका, और प्रशासन में जवाबदेही और पारदर्शिता के लिए योजनाओं को स्थापित किया।"
Provide a response to the given query in Hindi:,भारतीय संविधान की प्रमाणिकता की प्रक्रिया क्या थी?,"भारतीय संविधान को संविधान सभा ने एक मतदान प्रक्रिया के माध्यम से प्रमाणित किया, जिसमें उसके सदस्यों का अधिकांश अंतिम मसौदे को मंजूरी देते हुए, जो फिर उसके अध्यक्ष, डॉ. राजेंद्र प्रसाद, द्वारा 26 जनवरी 1950 को हस्ताक्षर किया गया।"
Answer the question in Hindi language:,भारतीय संविधान ने भारतीय जनता की इंसाफ़ी और समावेशी समाज की आकांक्षाओं को कैसे प्रतिबिंबित किया?,"भारतीय संविधान ने सभी नागरिकों को सामाजिक, आर्थिक, और राजनीतिक अधिकारों की गारंटी देकर भारतीय जनता की इंसाफ़ी और समावेशी समाज की आकांक्षाओं को प्रतिबिंबित किया, समानता, धर्मनिरपेक्षता, और सामाजिक न्याय को प्रोत्साहित किया, और गरिमा, स्वतंत्रता, और बंधुत्व पर आधारित समाज का कल्पना किया।"
Reply to the asked question in Hindi:,नेहरूवादी युग (1947–1964) क्या था?,"नेहरूवादी युग, 1947 से 1964 तक की समय-अवधि को कहा जाता है, जिसमें स्वतंत्र भारत के पहले प्रधानमंत्री जवाहरलाल नेहरू के नेतृत्व और शासन का काल है, जिसे उनके धर्मनिरपेक्षता, समाजवाद, और गैर-व्यवस्थितता के दृष्टिकोण के साथ चिन्हित किया गया।"
दिए गए प्रश्न का उत्तर हिंदी में दें:,नेहरूवादी युग की मुख्य विशेषताएँ क्या थीं?," नेहरूवादी युग की मुख्य विशेषताएँ लोकतंत्र, धर्मनिरपेक्षता, और समाजवाद को प्रोत्साहित करना, आर्थिक विकास के लिए पंचवर्षीय योजनाओं का कार्यान्वयन करना, और अंतरराष्ट्रीय संबंधों में अनलाइनमेंट की एक नीति के पीछे होना शामिल है।"
दिए गए सवाल का जवाब हिंदी में लिखें:, नेहरूवादी युग के दौरान जवाहरलाल नेहरू ने आधुनिक भारत के विकास को कैसे प्रभावित किया?," नेहरूवादी युग के दौरान जवाहरलाल नेहरू ने राष्ट्र-निर्माण में अपने नेतृत्व के माध्यम से भारत के विकास को प्रभावित किया, वैज्ञानिक और औद्योगिक विकास पर जोर दिया, शिक्षा और सामाजिक कल्याण को प्रोत्साहित किया, और लोकतांत्रिक मूल्यों के प्रति प्रतिबद्ध रहा।"
दिए गए प्रश्न का समाधान हिंदी में प्रस्तुत करें:,नेहरूवादी युग के प्रमुख उपलब्धियाँ क्या थीं?,"नेहरूवादी युग की प्रमुख उपलब्धियों में लोकतांत्रिक संस्थाओं की स्थापना, औद्योगिकीकरण और कृषि सुधारों के माध्यम से आर्थिक आधुनिकीकरण, और शिक्षा और वैज्ञानिक अनुसंधान का प्रोत्साहन शामिल है।"
पूछे गए प्रश्न का उत्तर हिंदी में प्रदान करें:,नेहरू की विदेश नीति ने नेहरूवादी युग के दौरान भारत के अंतरराष्ट्रीय संबंधों को कैसे आकार दिया?,"नेहरूवादी युग के दौरान नेहरू की विदेश नीति ने गैर-संबंध, राष्ट्रों के बीच शांतिपूर्ण सहयोग की प्रोत्साहन, उपनिवेशीकरण को प्रोत्साहित किया, और भारत की संप्रभुता और स्वतंत्रता को एक वैश्विक संदर्भ में बनाए रखने का प्रयास किया।"
बताए गए सवाल का उत्तर हिंदी में दें।,भारतीय राष्ट्रीय सेना (INA) क्या थी?," भारतीय राष्ट्रीय सेना (INA) एक सैन्य बल था, जिसमें प्रमुखतः भारतीय सैनिक थे जो पूर्व में ब्रिटिश भारतीय सेना में सेवा कर चुके थे और जो द्वितीय विश्व युद्ध के दौरान भारतीय स्वतंत्रता के लिए जापान के साथ मिलकर लड़ने के लिए आगे आए थे।"
Diye gaye prashn ka uttar Hindi mein dein:,भारतीय राष्ट्रीय सेना (INA) का महत्व भारतीय स्वतंत्रता संघर्ष में क्या था?,"भारतीय राष्ट्रीय सेना (INA) ने ब्रिटिश साम्राज्य के खिलाफ बगावत के प्रतीक के रूप में महत्वपूर्ण भूमिका निभाई थी, भारतीय सैनिकों और नागरिकों को जुटाकर, और अंततः स्वतंत्रता की अधिकारी होने में योगदान दिया।"
Diye gaye sawaal ka jawab Hindi mein likhein:,भारतीय राष्ट्रीय सेना (INA) के प्रमुख नेता कौन थे?,"भारतीय राष्ट्रीय सेना (INA) के प्रमुख नेता सुभाष चंद्र बोस थे, जिन्हें प्रमुख सेनाध्यक्ष के रूप में नियुक्त किया गया था, और अन्य प्रमुख भारतीय राष्ट्रवादी व्यक्तियों में कैप्टन मोहन सिंह और कर्नल गुरबक्ष सिंह ढिल्लों शामिल थे।"
Diye gaye prashn ka samadhan Hindi mein prastut karein:,भारतीय राष्ट्रीय सेना (INA) के लक्ष्य और उद्देश्य क्या थे?,"भारतीय राष्ट्रीय सेना (INA) के लक्ष्य और उद्देश्यों में भारतीय साम्राज्य से मुक्ति, एक स्वतंत्र और स्वतंत्र भारतीय सरकार की स्थापना, और एक एकजुट और संयमित भारतीय राष्ट्र का निर्माण शामिल था।"
Pooche gaye prashn ka uttar Hindi mein pradaan karein:,भारतीय राष्ट्रीय सेना (INA) ने भारतीय स्वतंत्रता आंदोलन में कैसे योगदान दिया?,"भारतीय राष्ट्रीय सेना (INA) ने ब्रिटिश साम्राज्य के खिलाफ सशस्त्र प्रतिरोध उठाकर, भारतीय सैनिकों और नागरिकों को जुटाकर, और भारतीय उपमहाद्वीप में ब्रिटिश प्राधिकरण को चुनौती देकर भारतीय स्वतंत्रता आंदोलन में योगदान किया।"
Bataye gaye sawaal ka jawab Hindi mein dein:,भारतीय राष्ट्रीय सेना (INA) में सुभाष चंद्र बोस की क्या भूमिका थी?,"सुभाष चंद्र बोस ने भारतीय राष्ट्रीय सेना (INA) में महत्वपूर्ण भूमिका निभाई, जैसे कि इसके संस्थापक और नेता के रूप में, अपने करिश्माई नेतृत्व के साथ सैनिकों को प्रेरित करना, सैन्य अभियानों का संगठन करना, और भारत की स्वतंत्रता के पक्ष में आवाज़ उठाना।"
Answer the given question in Hindi:,भारतीय राष्ट्रीय सेना (INA) ने भारतीय राष्ट्रवाद के ब्रिटिश धार्मिक धारणाओं पर कैसा प्रभाव डाला?,"भारतीय राष्ट्रीय सेना (INA) ने भारतीय राष्ट्रवाद के ब्रिटिश धार्मिक धारणाओं पर प्रभाव डालकर, भारतीय सैनिकों की इच्छा का प्रदर्शन करके की, उनकी साम्राज्यवादी शासन पर लड़ाई करने की, और भारतीयों की संघर्ष में एकता और संकल्प को उजागर किया।"
Write your answer to the question in Hindi:,"1961 में गोवा, दमन, और दीव की स्वतंत्रता क्या कारण थी?","1961 में गोवा, दमन, और दीव की स्वतंत्रता भारतीय सशस्त्र बलों द्वारा इन क्षेत्रों को पुर्तगाल की औपनिवेशिक शासन से मुक्त कराने के लिए एक सैन्य अभियान के परिणामस्वरूप हुई, जो कई वर्षों की कूटनीतिक प्रयासों और बातचीतों के परिणाम थे।"
Provide a response to the given query in Hindi:," गोवा, दमन, और दीव का संयुक्ताधिन किया जाने के क्या कारण थे?"," गोवा, दमन, और दीव का संयुक्ताधिन भारत में पुर्तगाली औपनिवेशिक शासन को समाप्त करने, भारत के पूरे क्षेत्र पर आपातता दिखाने, और स्थानीय जनता की स्वतंत्रता के लिए उत्कृष्टता को पूरा करने की इच्छा से प्रेरित था।"
Answer the question in Hindi language:,"गोवा, दमन, और दीव का संयुक्ताधिन भारत के अंतर्राष्ट्रीय संबंधों और अंतर्राष्ट्रीय समुदाय के साथ कैसे प्रभाव डाला?","गोवा, दमन, और दीव का संयुक्ताधिन भारत के अंतर्राष्ट्रीय संबंधों को पुर्तगाल के साथ तनाव में डाला और अंतर्राष्ट्रीय निंदा को उत्पन्न किया, लेकिन यह अंततः स्वतंत्रता के लिए एक वैध स्वाधीनता और उपनिवेशीकरण के कार्य के रूप में मान्य किया गया।"
Reply to the asked question in Hindi:,"गोवा, दमन, और दीव के संयुक्ताधिन के परिणाम क्या थे भारत की अखंडता के लिए?","गोवा, दमन, और दीव का संयुक्ताधिन भारत की अखंडता को मजबूत किया गया, इन क्षेत्रों को भारतीय स्वाधीनता के अधीन लाकर भारत की पूरी भू-स्वराज्यता को स्थापित करके, भारतीय उपमहाद्वीप से यूरोपीय साम्राज्यवाद के अंतिम अवशेषों को हटा दिया।"
दिए गए प्रश्न का उत्तर हिंदी में दें:,"गोवा, दमन, और दीव के मुक्ति भारत की स्व-छवि में एक उपनिवेशी राष्ट्र के रूप में कैसे सहायक रही?","गोवा, दमन, और दीव की मुक्ति ने भारत के बिना-साम्राज्यवाद के और स्व-निर्धारिता के प्रति भरोसा को पुनः प्रमाणित किया, इसे उत्कृष्टता का प्रतीक बनाकर, और उपनिवेशीकरण और साम्राज्यवाद के मुकाबले में एक नेता के रूप में स्वीकार किया।"
दिए गए सवाल का जवाब हिंदी में लिखें:,"1947, 1965, और 1971 के भारत-पाकिस्तानी युद्ध क्या थे?","1947, 1965, और 1971 के भारत-पाकिस्तानी युद्ध भारत और पाकिस्तान के बीच भू-संघर्षों की एक श्रृंखला थी, जो कि कश्मीर के क्षेत्रों के मामलों पर प्रमुखतः थे, जिसके परिणामस्वरूप महत्वपूर्ण सैन्य संघर्ष और भू-राजनीतिक परिणाम हुए।"
दिए गए प्रश्न का समाधान हिंदी में प्रस्तुत करें:, 1947 के भारत-पाकिस्तानी युद्ध के क्या कारण थे?,"1947 के भारत-पाकिस्तानी युद्ध के कारण में ब्रिटिश भारत का विभाजन, जम्मू और कश्मीर के रियासी राज्य पर विवाद, हिन्दुओं और मुसलमानों के बीच सांप्रदायिक तनाव, और शांतिपूर्ण समाधान के माध्यम से समझौते की असफलता शामिल थी।"
पूछे गए प्रश्न का उत्तर हिंदी में प्रदान करें:,1947 के भारत-पाकिस्तानी युद्ध ने क्षेत्र को कैसे प्रभावित किया?,"1947 के भारत-पाकिस्तानी युद्ध के परिणामस्वरूप जम्मू और कश्मीर को भारतीय-प्रशासित और पाकिस्तानी-प्रशासित क्षेत्रों में विभाजित किया गया, भारत और पाकिस्तान के बीच तनावों को बढ़ावा दिया, और क्षेत्र के मामलों पर लगातार झगड़े हुए।"
बताए गए सवाल का उत्तर हिंदी में दें।,1965 के भारत-पाकिस्तान युद्ध के क्या कारण थे?,"1965 के भारत-पाकिस्तान युद्ध के कारण में सीमांत विवाद, विशेष रूप से कश्मीर क्षेत्र पर, सीमांत-पार घुसपैठ, और 1947 के भारत-पाकिस्तान युद्ध के परिणामस्वरूप उत्पन्न तनाव शामिल थे।"
Diye gaye prashn ka uttar Hindi mein dein:,1965 के भारत-पाकिस्तान युद्ध के दौरान प्रमुख सैन्य इंगजमेंट क्या थे?,1965 के भारत-पाकिस्तान युद्ध के दौरान प्रमुख सैन्य इंगजमेंट में पाकिस्तान द्वारा कश्मीर में बगावत उत्पन्न करने के लिए आरंभ किया गया ऑपरेशन गिब्राल्टर और जम्मू के छंब क्षेत्र में पाकिस्तानी आक्रमण के लिए ऑपरेशन ग्रैंड स्लैम शामिल थे।
Diye gaye sawaal ka jawab Hindi mein likhein:, 1965 के भारत-पाकिस्तान युद्ध का भारत और पाकिस्तान पर क्या प्रभाव हुआ?,"1965 के भारत-पाकिस्तान युद्ध के परिणामस्वरूप भारत और पाकिस्तान के बीच गतिरोध रहा, जहां दोनों पक्ष जीत की दावेदारी करते रहे लेकिन महत्वपूर्ण हानियों और आर्थिक नुकसान से पीड़ित हो गए, और यह शांति को पुनर्स्थापित करने के लिए तशकंद समझौते के साइनिंग के लिए लेकर आया।"
Diye gaye prashn ka samadhan Hindi mein prastut karein:,1971 के भारत-पाकिस्तान युद्ध के क्या कारण थे?," 1971 के भारत-पाकिस्तान युद्ध के कारण में पश्चिमी पाकिस्तान (वर्तमान पाकिस्तान) और पूर्वी पाकिस्तान (वर्तमान बांग्लादेश) के बीच राजनीतिक और नस्लीय तनाव, पूर्वी पाकिस्तान में स्वायत्तता और भाषाई अधिकारों के लिए संघर्ष, और बंगाली बोलने वाले जनसंख्या की शिकायतों के पाकिस्तानी सरकार की असफलता शामिल थे।"
Pooche gaye prashn ka uttar Hindi mein pradaan karein:,1971 के भारत-पाकिस्तान युद्ध के पहले के प्रमुख घटनाक्रम क्या थे?,"1971 के भारत-पाकिस्तान युद्ध के पहले के प्रमुख घटनाक्रम में 1970 में पाकिस्तान में सामान्य चुनाव शामिल हैं, जिसका परिणाम पूर्वी पाकिस्तान में अवामी लीग की जीत थी, पाकिस्तानी सैन्य के बंगाली राष्ट्रवादियों पर क्रैकडाउन, और बांग्लादेश के स्वतंत्रता के घोषणा शामिल हैं।"
Bataye gaye sawaal ka jawab Hindi mein dein:,भारत ने 1971 के भारत-पाकिस्तान युद्ध में कैसे शामिल हुआ?,"भारत 1971 के भारत-पाकिस्तान युद्ध में बांग्लादेश की स्वतंत्रता की लड़ाई के समर्थन में शामिल हुआ, मुक्ति बाहिनी (बांग्लादेशी स्वतंत्रता सेनानियों) को सैन्य और मानवीय सहायता प्रदान करके और अंततः बांग्लादेश की स्थापना में सहायता के लिए सैन्य रूप से हस्तक्षेप किया।"
Answer the given question in Hindi:,1971 के भारत-पाकिस्तान युद्ध के दौरान प्रमुख सैन्य अभियान क्या थे?," 1971 के भारत-पाकिस्तान युद्ध के दौरान प्रमुख सैन्य अभियानों में पाकिस्तानी सैन्य द्वारा बंगाली राष्ट्रवादी आंदोलन को दबाने के लिए आरंभ किया गया ऑपरेशन सर्चलाइट, और भारतीय नौसेना द्वारा पाकिस्तानी बंदरगाहों को बंद करने और बांग्लादेश की स्वतंत्रता की सहायता करने के लिए ऑपरेशन ट्राइडेंट और ऑपरेशन पाइथन शामिल थे।"
Write your answer to the question in Hindi:, 1971 के भारत-पाकिस्तान युद्ध के परिणाम क्या थे?,"1971 के भारत-पाकिस्तान युद्ध के परिणाम में पाकिस्तानी सैन्य का पूर्वी पाकिस्तान में आत्मसमर्पण, बांग्लादेश की स्वतंत्रता, युद्धबंधकों का रिहाई कराया गया, और भारत और पाकिस्तान के बीच संबंधों को सामान्य करने के लिए शिमला समझौते के साइनिंग शामिल थे।"
Provide a response to the given query in Hindi:,भारत-पाकिस्तानी युद्ध ने दक्षिण एशिया के भूराजनैतिक गतिविधियों के भूगोलीय गतिविधियों को कैसे आकार दिया?,"भारत-पाकिस्तानी युद्ध ने दक्षिण एशिया की भूराजनैतिक गतिविधियों को आकार देने में योगदान दिया द्वारा भारत और पाकिस्तान के बीच तनावों को तीव्र करने के द्वारा, क्षेत्र की सैन्यकरण करके, और पड़ोसी देशों के बीच संबंधों और सामरिक गणनाओं को प्रभावित करके।"
Answer the question in Hindi language:, भारत-पाकिस्तानी युद्धों के दीर्घकालिक परिणाम भारत और पाकिस्तान के लिए क्या थे?,"भारत और पाकिस्तान के लिए भारत-पाकिस्तानी युद्धों के दीर्घकालिक परिणाम में उनकी संबंधित राष्ट्रीय पहचानों की समेकन, आपसी अविश्वास और दुश्मनी की स्थिरता, और असमाधानित कश्मीर जैसे विपक्षी क्षेत्रों की अविवादित विवादों की दृढ़ता शामिल थे।"
Reply to the asked question in Hindi:,1960s–1970s की हरित क्रांति क्या थी?,"1960s–1970s की हरित क्रांति एक कृषि नवाचार का काल था जिसमें उच्च उत्पादकता को बढ़ावा देने और खाद्य की कमी को समाधान करने के लक्ष्य से उच्च उत्पादकता फसल जातियों, आधुनिक सिंचाई तकनीकों, और रासायनिक खाद्य और कीटनाशकों की परिचय के साथ विशेष रूप से चिह्नित था।"
दिए गए प्रश्न का उत्तर हिंदी में दें:,हरित क्रांति के मुख्य विशेषताएँ क्या थीं?,"हरित क्रांति की मुख्य विशेषताओं में उच्च उत्पादकता फसलों के साथ अपनाए गए, आधुनिक कृषि प्रौद्योगिकियों का उपयोग, सिंचाई बुनियादी ढांचा का विस्तार, और कृषिकीट इनपुट के प्रचार-प्रसार को शामिल किया गया।"
दिए गए सवाल का जवाब हिंदी में लिखें:,हरित क्रांति ने खाद्य उत्पादन और कृषि व्यवसाय को कैसे प्रभावित किया?,"हरित क्रांति ने खाद्य उत्पादन और फसल उत्पाद को बहुत अधिक बढ़ा दिया, और मेकेनिज़ेशन, अधिकीकरण, और विशेषज्ञता को बढ़ावा देकर कृषि प्रथाओं को परिवर्तित किया, लेकिन यह भी पर्यावरण सततता और सामाजिक न्याय के बारे में चिंताओं को उत्पन्न किया।"
दिए गए प्रश्न का समाधान हिंदी में प्रस्तुत करें:, हरित क्रांति के लाभ और चुनौतियाँ क्या थीं?,"हरित क्रांति ने बढ़ती हुई खाद्य सुरक्षा, उच्च कृषि आय, और कुछ क्षेत्रों में आर्थिक विकास लाया, लेकिन यह भी पर्यावरण के गिरावट, मिट्टी की उपचार की कमी, जल की उपेक्षा, और संसाधनों की समानता और पहुंच के बीच अंतर को बढ़ा दिया।"
पूछे गए प्रश्न का उत्तर हिंदी में प्रदान करें:,नॉर्मन बोरलॉग ने हरित क्रांति में किस भूमिका निभाई थी?,"नॉर्मन बोरलॉग, एक अमेरिकी कृषिविज्ञानी और नोबेल पुरस्कार विजेता, ने हरित क्रांति में उच्च उत्पादकता गेहूं जातियों का विकास करके और वैश्विक भूख और गरीबी के खिलाफ लड़ने के लिए आधुनिक कृषि प्रथाओं के अपनाने का समर्थन करके हरित क्रांति में महत्वपूर्ण भूमिका निभाई।"
बताए गए सवाल का उत्तर हिंदी में दें।,1975–1977 में भारत में आपातकाल क्या था?,"1975–1977 में भारत में आपातकाल एक अधिकारी शासन का काल था, जिसे प्रधानमंत्री इंदिरा गांधी द्वारा लागू किया गया था, जिसमें मौलिक अधिकारों को निलंबित किया गया, राजनीतिक विपक्ष को दबाया गया, और नागरिक स्वतंत्रता को सीमित किया गया।"
Diye gaye prashn ka uttar Hindi mein dein:,भारत में आपातकाल के लागू होने के कारण क्या थे?,"भारत में आपातकाल के लागू होने के कारणों में राजनीतिक अस्थिरता, आर्थिक चुनौतियाँ, सामाजिक अशांति, और प्रधानमंत्री इंदिरा गांधी के खिलाफ कई अदालती निर्णय, जिसके परिणामस्वरूप उन्होंने नियंत्रण और स्थिरता बनाए रखने के लिए आपातकाल की स्थिति की घोषणा की।"
Diye gaye sawaal ka jawab Hindi mein likhein:,आपातकाल ने भारतीय राजनीति और समाज पर कैसा प्रभाव डाला?," आपातकाल ने भारतीय राजनीति और समाज के लिए दूरदृष्टि के परिणाम होते हैं, शक्ति का केंद्रीकरण, विरोध के दमन, प्रजातांत्रिक संस्थाओं की कमजोरी, और व्यापक मानव अधिकार उल्लंघन की दिशा में, लेकिन यह भी प्रतिरोध को उत्प्रेरित करता है और अंततः प्रजातंत्र की पुनर्स्थापना में योगदान करता है।"
Diye gaye prashn ka samadhan Hindi mein prastut karein:,आपातकाल के दौरान क्या प्रमुख उपाय किए गए थे?,"आपातकाल के दौरान, सरकार ने सिविल अधिकारों को निलंबित करने, मीडिया और विपक्षी आवाजों की सेंसरशिप, राजनीतिक प्रतिद्वंद्वियों की गिरफ्तारी और निरोधन, और बलात्कारी नियंत्रण कार्यक्रमों के कार्रवाई की।"
Pooche gaye prashn ka uttar Hindi mein pradaan karein:,भारत में आपातकाल के प्रति जनता की क्या प्रतिक्रिया थी?," भारत में आपातकाल के प्रति जनता की प्रतिक्रिया विविध थी, कुछ समुदायों ने कानून और व्यवस्था को बनाए रखने के लिए सरकार के कदमों का समर्थन किया, जबकि अन्य लोग लोकतंत्रिक स्वतंत्रताओं की कमी और सूबेदार शासन के खिलाफ विरोध किया।"
Bataye gaye sawaal ka jawab Hindi mein dein:,भारत में आपातकाल के समापन का क्या कारण था?,"भारत में आपातकाल के समापन का कारण विभिन्न कारकों का संयोजन था, जिसमें लोकप्रिय विरोध, अंतरराष्ट्रीय आलोचना, कानूनी विवाद, और प्रशासकीय पार्टी के चुनावी हानियों का सामना था, जो अंततः सामान्य चुनावों को बुलाने और प्रजातांत्रिक शासन को पुनर्स्थापित करने में सफल हुआ।"
Answer the given question in Hindi:,1984 में ऑपरेशन ब्लू स्टार क्या था?," 1984 में ऑपरेशन ब्लू स्टार भारतीय सेना द्वारा जून 1984 में अमृतसर, पंजाब के गोल्डन टेम्पल कॉम्प्लेक्स में सिख आतंकवादियों को हटाने के लिए आयोजित एक सैन्य अभियान था, जिससे मंदिर पर भारी नुकसान और बहुत सारे हताहत हुए।"
Write your answer to the question in Hindi:,ऑपरेशन ब्लू स्टार के कारण क्या थे?,"ऑपरेशन ब्लू स्टार के प्रमुख कारण सिख आतंकवादियों को बाहर निकालना था, जिनका नेतृत्व जर्नेल सिंह भिंडरावाले ने किया था, जिन्होंने गोल्डन टेम्पल कॉम्प्लेक्स को एक मजबूत गढ़ बनाया और हिंसा और आतंकवाद के कार्यों में लिया था, और पंजाब में कानून और क्रम को पुनर्स्थापित करना।"
Provide a response to the given query in Hindi:,ऑपरेशन ब्लू स्टार ने भारत में सिख-मुस्लिम संबंधों को कैसे प्रभावित किया?,"ऑपरेशन ब्लू स्टार ने भारतीय राज्य और सिखों के बीच तनाव को बढ़ाया, जिससे सिखों के बीच विस्तृत आक्रोश और आपत्ति उत्पन्न हुई, जो सिखों द्वारा आत्मा की सच्चाई का उल्लंघन माने गए और अपने पहचान और स्वतंत्रता पर हमला किया गया।"
Answer the question in Hindi language:, ऑपरेशन ब्लू स्टार के परिणाम क्या थे?,"ऑपरेशन ब्लू स्टार के परिणामों में जीवनों की हानि, धार्मिक और सांस्कृतिक विरासत का नाश, सामुदायिक विभाजनों का गहराव, सिख युवाओं का उत्कृष्टकरण, और पंजाब और भारत के अन्य हिस्सों में हिंसा और आतंकवाद में तेजी से वृद्धि शामिल है।"
Reply to the asked question in Hindi:,करनाल का युद्ध 1739 में क्या था?,"करनाल का युद्ध, 1739 में मुग़ल साम्राज्य के फौजों और नादिर शाह द्वारा नेतृत्व किए गए पार्सी सेना के बीच लड़ा गया था, जिसमें पार्सी फौजों के लिए एक निर्णायक जीत हुई और दिल्ली का अधिकार पार्सी बलों द्वारा हासिल किया गया, जिससे मुग़ल साम्राज्य का पतन हुआ।"
दिए गए प्रश्न का उत्तर हिंदी में दें:,करनाल के युद्ध के क्या कारण थे?,"करनाल के युद्ध के कारण मुग़ल साम्राज्य और पार्सी साम्राज्य के बीच सीमांत विवाद, व्यापार मार्गों और रणनीतिक क्षेत्रों के नियंत्रण पर संघर्ष और दक्षिण एशिया में क्षेत्रीय शासकों के बीच शक्ति संघर्ष शामिल थे।"
दिए गए सवाल का जवाब हिंदी में लिखें:,करनाल के युद्ध के परिणाम कैसे मुग़ल साम्राज्य पर प्रभाव डाले?,"करनाल के युद्ध के परिणाम ने मुग़ल साम्राज्य को उसकी सैन्य कमजोरियों को प्रकट करके कमजोर किया, उसकी प्राधिकरण और मर्यादा को अवहेलना की, और क्षेत्र में पार्सी प्रभाव के और विस्तार को सहारा दिया।"
दिए गए प्रश्न का समाधान हिंदी में प्रस्तुत करें:,इलाहाबाद की संधि 1765 में क्या थी?,"इलाहाबाद की संधि, 1765 में ब्रिटिश पूर्व भारत कंपनी और मुग़ल सम्राट शाह आलम द्वारा साइन की गई थी, जिसमें कंपनी को बंगाल, बिहार, और उड़ीसा के दिवानी (राजस्व संग्रह अधिकार) प्राप्त हुआ, जिससे भारत में ब्रिटिश राजनीतिक और आर्थिक प्रभुता की शुरुआत हुई।"
पूछे गए प्रश्न का उत्तर हिंदी में प्रदान करें:,इलाहाबाद की संधि के क्या शर्तें और प्रावधान थे?,"इलाहाबाद की संधि ने ब्रिटिश पूर्व भारत कंपनी को बंगाल, बिहार, और उड़ीसा से राजस्व (दिवानी) वसूलने का अधिकार प्रदान किया, मुग़ल सम्राट को एक वार्षिक श्रद्धांजलि के लिए, जबकि कंपनी को मुग़ल कार्यों पर बड़ा प्रभाव डालने की अनुमति दी।"
बताए गए सवाल का उत्तर हिंदी में दें।,इलाहाबाद की संधि ने मुग़ल साम्राज्य और ब्रिटिश पूर्व भारत कंपनी को कैसे प्रभावित किया?,"इलाहाबाद की संधि ने मुग़ल साम्राज्य को और अधिक उसकी संप्रभुता को कम करके इसे ब्रिटिश नियंत्रण के तले एक पुतला राज्य में कम कर दिया, जबकि ब्रिटिश पूर्व भारत कंपनी की आर्थिक और राजनीतिक प्रभुता को मजबूत किया।"
Diye gaye prashn ka uttar Hindi mein dein:,इलाहाबाद की संधि के दीर्घकालिक परिणाम क्या थे?,"इलाहाबाद की संधि के दीर्घकालिक परिणाम में ब्रिटिश शासन की संघटन, ब्रिटिश क्षेत्रीय नियंत्रण का विस्तार, स्थानीय प्राधिकरण और स्वायत्तता की कमी, और सामाजिक-आर्थिक असमानता और अन्याय की भड़ास शामिल है।"
Diye gaye sawaal ka jawab Hindi mein likhein:,1813 का चार्टर अधिनियम क्या था?,"1813 का चार्टर अधिनियम ब्रिटिश संसद का एक कानून था जो ब्रिटिश भारत के शासन-प्रणाली को संशोधित किया, विशेष रूप से व्यापार विनियमन, प्रचारक गतिविधियों, और न्याय प्रबंधन के संबंध में।"
Diye gaye prashn ka samadhan Hindi mein prastut karein:,1813 के चार्टर अधिनियम के प्रमुख प्रावधान क्या थे?,"1813 के चार्टर अधिनियम के प्रमुख प्रावधानों में ईस्ट इंडिया कंपनी के चार्टर को और 20 साल के लिए नवीनीकरण, भारतीय व्यापार को ब्रिटिश व्यापारियों और प्रचारकों के लिए खोलना, और भारत में शिक्षा को प्रोत्साहित करने के लिए एक कोष स्थापित किया गया।"
Pooche gaye prashn ka uttar Hindi mein pradaan karein:,1813 के चार्टर अधिनियम ने भारत में ब्रिटिश शासन पर कैसा प्रभाव डाला?,"1813 के चार्टर अधिनियम ने व्यापार विनियमन को उदारण करके भारत में ब्रिटिश प्रभाव को बढ़ाया, प्रचारकों और धार्मिक संगठनों के प्रवेश की अनुमति दी, और भविष्य के शिक्षात्मक सुधार और सांस्कृतिक हस्तक्षेपों के लिए मूलभूत आधार रखा।"
Bataye gaye sawaal ka jawab Hindi mein dein:,"भारतीय सिविल सेवा जो 1858 में स्थापित की गई थी, उसका महत्व क्या था?"," भारतीय सिविल सेवा (आईसीएस), 1858 में ब्रिटिश उपनिवेशीय प्रशासन द्वारा स्थापित की गई थी, एक प्रतिष्ठित प्रशासनिक निकाय था जिसका कार्य ब्रिटिश भारत का प्रशासन करना, उपनिवेशीय नीतियों को क्रियान्वित करना, और ब्यूरोक्रेसी का प्रबंधन करना था।"
Answer the given question in Hindi:,भारतीय सिविल सेवा की स्थापना ने ब्रिटिश भारत के प्रशासनिक संरचना को कैसे बदल दिया?,"भारतीय सिविल सेवा की स्थापना ने ब्रिटिश हाथों में प्रशासनिक नियंत्रण को केंद्रीकृत किया, ड्यूल प्रशासन की मौजूदा प्रणाली को एक समूहित प्रशासनिक ढांचे से बदल दिया, और एक पेशेवर ब्यूरोक्रेसी के माध्यम से ब्रिटिश शासन को संस्थापित किया।"
Write your answer to the question in Hindi:,भारतीय सिविल सेवा के लिए योग्यता और भर्ती प्रक्रिया क्या थी?,"भारतीय सिविल सेवा ने ब्रिटेन में आयोजित प्रतियोगी परीक्षाओं के माध्यम से उम्मीदवारों की भर्ती की, जिनमें क़ानून, इतिहास, साहित्य, और भाषाओं जैसे विषयों का ज्ञान और बुद्धिमत्ता का महत्व था।"
Provide a response to the given query in Hindi:,कोलोनियल भारत में भारतीय सिविल सेवा के सदस्यों का क्या भूमिका थी?,"कोलोनियल भारत में भारतीय सिविल सेवा के सदस्य मुख्य प्रशासनिक पदों पर थे, जैसे कि जिला कलेक्टर, मजिस्ट्रेट, राजस्व अधिकारी, और कमिश्नर, और स्थानीय प्रशासन और राजस्व प्रशासन में बहुतायती अधिकार और सवालजवाबदारी का अधिकार रखते थे।"
Answer the question in Hindi language:,भारतीय सिविल सेवा ने भारतीय उपनिवेशवाद में कैसे योगदान दिया?,"भारतीय सिविल सेवा ने भारतीय उपनिवेशवाद में प्रशासनिक नींव का प्रदान किया, ब्रिटिश उपनिवेशीय नीतियों के क्रियान्वन, कानून और क्रम की रखरखाव, और राजस्व की वसूली सुनिश्चित की, जबकि आर्थिक विकास और सामाजिक इंजीनियरिंग को भी सुगम किया।"
Reply to the asked question in Hindi:,1883 में इल्बर्ट बिल विवाद क्या था?,"1883 में इल्बर्ट बिल विवाद एक विवादमय बहस थी जिसमें एक प्रस्तावित विधायी उपाय पर चर्चा हुई जो भारतीय न्यायाधीशों को ब्रिटिश भारत में यूरोपीय दोषियों के मामलों में न्याय करने की शक्ति प्रदान करने का प्रयास कर रहा था, जो रास्त्रीय और कानूनी वर्गीकरणों को चुनौती देता था।"
दिए गए प्रश्न का उत्तर हिंदी में दें:,इल्बर्ट बिल के प्रावधान क्या थे?,"इल्बर्ट बिल ने भारतीय न्यायाधीशों को यूरोपीय दोषियों के मामलों में न्याय करने की अनुमति देने की प्रस्तावना की, जिससे जाति और नस्ल के आधार पर भिन्न अधिकारिकता के अभ्यास को समाप्त किया जा सकता था, और कानूनी समानता को प्रोत्साहित किया जा सकता था।"
दिए गए सवाल का जवाब हिंदी में लिखें:,इल्बर्ट बिल के विरोध के क्या कारण थे?,"इल्बर्ट बिल के विरोध का कारण जातीय पूर्वाग्रह, यूरोपीय बसेरेदारों की वांछित लाभ, सामाजिक स्थिति और विशेषाधिकारों को खोने का भय, और भारत में कानूनी प्रणाली पर ब्रिटिश प्राधिकरण और नियंत्रण की कमजोरी के संदेह थे।"
दिए गए प्रश्न का समाधान हिंदी में प्रस्तुत करें:,भारतीय राष्ट्रवादी इल्बर्ट बिल विवाद का कैसे प्रतिक्रिया की?,"भारतीय राष्ट्रवादी ने इल्बर्ट बिल विवाद को उपनिवेशीय अन्याय और भेदभाव का प्रतीक माना, जनमत और राजनीतिक क्रियावली को समर्थन करके कानूनी सुधारों का समर्थन किया और कोलोनियल संस्थानों में जातीय भेदभाव को चुनौती दी।"
पूछे गए प्रश्न का उत्तर हिंदी में प्रदान करें:,इल्बर्ट बिल विवाद के परिणाम क्या थे?,"इल्बर्ट बिल विवाद के परिणाम में बिल की दायरा में सीमा लगाने की समझौता, उच्च न्यायालयों में भिन्न अधिकारिकता की रखरखाव, और कोलोनियल कानूनी संस्थानों में रास्त्रीय अधिकारिता और असमानताओं को मजबूत किया गया।"
बताए गए सवाल का उत्तर हिंदी में दें।,इल्बर्ट बिल विवाद ने उपनिवेशीय भारत में भारतीयों और यूरोपीयों के बीच संबंधों पर कैसा प्रभाव डाला?," इल्बर्ट बिल विवाद ने उपनिवेशीय भारत में भारतीयों और यूरोपीयों के बीच जातीय टन्शन और अविश्वास को बढ़ाया, जो उपनिवेशीय विधायक प्रणाली और समाज में घुसे गहरे असमानताओं और पूर्वाग्रहों को उजागर करता है।"
Diye gaye prashn ka uttar Hindi mein dein:,इल्बर्ट बिल विवाद के उपनिवेशीय भारत में ब्रिटिश उपनिवेशवाद के लिए विस्तार से क्या परिणाम हुए?,"इल्बर्ट बिल विवाद ने ब्रिटिश उपनिवेशीय शासन में रोदगार और अन्याय के आत्मसात कराए, राष्ट्रवादी भावनाओं और स्वायत्तता की मांगों को उत्तेजित किया, और भारतीय अभिजात और बौद्धिक वर्गों के बीच ब्रिटिश उपनिवेशीय आधिपत्य के प्रति बढ़ते विश्वास को बढ़ाया।"
Diye gaye sawaal ka jawab Hindi mein likhein:,इल्बर्ट बिल विवाद से उपनिवेशीय प्रशासन और विरोध को समझने में क्या सीख मिल सकती है?,"इल्बर्ट बिल विवाद उपनिवेशीय प्रशासन के जटिल गतिविधियों, कानूनी, जातीय, और राजनीतिक मुद्दों के छेद की चित्रण करता है, और उपनिवेशिय लोगों द्वारा उपनिवेशीय दमन और अन्याय का सामना करने के लिए अपनाए गए प्रतिरोध और अनुकूलन की रणनीतियों का परिचय देता है।"
Diye gaye prashn ka samadhan Hindi mein prastut karein:,इल्बर्ट बिल विवाद कैसे दोपहर के 19वीं सदी में जातीय समानता और उपनिवेशवाद के बारे में व्यापक बहस का प्रतिनिधित्व करता था?," इल्बर्ट बिल विवाद दोपहर के 19वीं सदी में जातीय समानता, कानूनी सुधार, और उपनिवेशीय प्रशासन के व्यापक बहस का प्रतिनिधित्व करता था, जिसमें न्याय के उदारता के सिद्धांतों और जातीय भेदभाव और उपनिवेशीय अधिपत्य की वास्तविकताओं के बीच की विरोधिता का प्रकटीकरण किया गया।"
Pooche gaye prashn ka uttar Hindi mein pradaan karein:,सार्वजनिक राय और मीडिया ने इल्बर्ट बिल विवाद को आकार देने में कैसे भूमिका निभाई?," सार्वजनिक राय और मीडिया ने इल्बर्ट बिल विवाद को जानकारी प्रसारित करके, समर्थन या विरोध को मोबाइलाइज करके, और राष्ट्रवाद, उदारता, और जातिवादी पहचान के ब्रॉडर बहसों के अंतर्गत वार्ता का ढंग बनाकर इस विवाद को आकार दिया।"
Bataye gaye sawaal ka jawab Hindi mein dein:,उपनिवेशीय अधिकारी और राजनेताओं ने इल्बर्ट बिल विवाद की जटिलताओं का सामना कैसे किया?," उपनिवेशीय अधिकारी और राजनेताओं ने इल्बर्ट बिल विवाद की जटिलताओं का सामना करके, प्रतिस्पर्धी हितों का संतुलन बनाए रखकर, उपनिवेशीय अधिमत्ता को प्रबंधित करके, और सामाजिक व्यवस्था और राजनीतिक स्थिरता को बनाए रखने के लिए समझौते की चर्चा की।"
Answer the given question in Hindi:,इल्बर्ट बिल विवाद के लिए उपनिवेशीय कानूनी और राजनीतिक संस्थानों के लिए क्या विरासत थी?,"इल्बर्ट बिल विवाद की विरासत में शामिल हैं उपनिवेशीय कानूनी संस्थानों में जातीय असमानताओं और भेदभावपूर्ण अभ्यासों का प्रसार, उपनिवेशीय विभाजनों और शक्ति संरचनाओं के पुनर्निर्माण, और कानूनी और राजनीतिक सुधारों के लिए राष्ट्रवादी आंदोलनों के प्रोत्साहन।"
Write your answer to the question in Hindi:,इल्बर्ट बिल विवाद ने भारतीय राष्ट्रवादी जागरूकता और प्रतिरोध के विकास में कैसे योगदान दिया?,"इल्बर्ट बिल विवाद ने भारतीय राष्ट्रवादी जागरूकता और प्रतिरोध में योगदान किया द्वारा, उपनिवेशीय शासन के अन्याय का प्रकटीकरण करके, जातीय भेदभाव के खिलाफ जनसमर्थन को संगठित करके, और संवैधानिक सुधारों और स्वायत्तता के लिए मांगों को प्रेरित करके।"
Provide a response to the given query in Hindi:,इल्बर्ट बिल विवाद का भारतीय कोलोनियलवाद के प्रति मार्ग किस प्रकार के थे?,"इल्बर्ट बिल विवाद ने भारतीय कोलोनियलवाद के प्रति एक्षिक प्रभाव डाला द्वारा, साम्राज्यिक शासन की विरोधिता और राजनीतिक स्वायत्ता की मांगों को प्रेरित करके, और अंततः ब्रिटिश कोलोनियल नियंत्रण को ध्वस्त करने में योगदान किया।"
Answer the question in Hindi language:,इल्बर्ट बिल विवाद ने भारतीय समाज और शासन के प्रति कोलोनियल धारणाओं को कैसे आकार दिया?,"इल्बर्ट बिल विवाद ने भारतीय समाज और शासन के प्रति कोलोनियल धारणाओं को आकार दिया द्वारा, जातीय उत्कृष्टता और सांस्कृतिक उत्कृष्टता के धारणाओं को प्रतिस्थापित करके, कोलोनियल प्रशासन की जटिलताओं को उजागर करके, और क्रान्ति के हक और गरिमा को मान्यता देते हुए उपनिवेशित लोगों के कार्यशीलता और प्रतिरोध को हार्दिक बधाई देता है।"
Reply to the asked question in Hindi:,1905 में बंगाल का विभाजन क्या था?,"1905 में बंगाल का विभाजन एक विवादास्पद प्रशासनिक पुनर्व्यवस्थापन था जो ब्रिटिश भारत के बंगाल प्रांत को दो अलग-अलग एकाइयों में विभाजित करने का था, जिसका उद्देश्य प्रशासनिक दक्षता को बढ़ावा देना था, लेकिन इससे व्यापक प्रदर्शन और राजनीतिक अशांति हो गई।"
दिए गए प्रश्न का उत्तर हिंदी में दें:,बंगाल के विभाजन के पीछे क्या कारण थे?," बंगाल के विभाजन की शुरुआत भारत के वायसराय लॉर्ड कर्जन द्वारा की गई थी, जिनके घोषित उद्देश्य थे प्रशासनिक दक्षता में सुधार, आर्थिक विकास को बढ़ावा देना, और बंगाल में प्रशासनिक चुनौतियों का सामना करना, लेकिन इसे प्रांत में राष्ट्रवादी भावनाओं को विभाजन और कमजोर करने की रणनीति भी माना गया।"
दिए गए सवाल का जवाब हिंदी में लिखें:,बंगाल के विभाजन का भारतीय समाज और राजनीति पर क्या प्रभाव हुआ?," बंगाल के विभाजन ने भारतीय राष्ट्रवादियों के बीच व्यापक विरोध और प्रदर्शनों को उत्पन्न किया, जिससे स्वदेशी आंदोलन और ब्रिटिश माल का बहिष्कार हुआ, और यह भारत में हिन्दू-मुस्लिम एकता और राष्ट्रवादी चेतना को बढ़ावा दिया।"
दिए गए प्रश्न का समाधान हिंदी में प्रस्तुत करें:,ब्रिटिश उपनिवेशीय शासन के लिए बंगाल के विभाजन के परिणाम क्या थे?,"बंगाल के विभाजन के परिणाम में शामिल थे उपनिवेशीय भावनाओं और राष्ट्रवादी आंदोलन का और तेज हो जाना, नए प्रकार के राजनीतिक जुटाव और प्रतिरोध की उत्पत्ति, और 1911 में भारतीय नेताओं और जनसंख्या के दबाव के कारण विभाजन का परिणामान्तरण हो जाना।"
पूछे गए प्रश्न का उत्तर हिंदी में प्रदान करें:,1909 के मॉर्ली-मिंटो सुधार क्या थे?,"1909 के मॉर्ली-मिंटो सुधार, जिसे भारतीय काउंसिल अधिनियम 1909 के रूप में भी जाना जाता है, ब्रिटिश भारत में सीमित चुनावी सुधारों को प्रस्तुत किया, विधायिका परिषदों को विस्तारित किया और भारतीय प्रतिनिधियों के समावेश की अनुमति दी, हालांकि सीमित चुनावाधिकार और शक्तियों के साथ।"
बताए गए सवाल का उत्तर हिंदी में दें।,मॉर्ली-मिंटो सुधारों के उद्देश्य क्या थे?,"मॉर्ली-मिंटो सुधारों के उद्देश्यों में ब्रिटिश भारत में प्रतिनिधित्व सरकार की एक प्रतिरूप उपलब्ध कराना, मध्यम भारतीय श्रेणियों को उपनिवेशीय प्रशासन में शामिल करना, और राजनीतिक भागीदारी और संवैधानिक सुधार की वृद्धि के लिए बढ़ते मांगों का समाधान करना शामिल थे।"
Diye gaye prashn ka uttar Hindi mein dein:, मॉर्ली-मिंटो सुधारों ने भारतीय राजनीतिक गतिविधियों पर कैसा प्रभाव डाला?,"मॉर्ली-मिंटो सुधारों ने भारतीय राष्ट्रवादियों के बीच राजनीतिक जुटाव और क्रियाशीलता को बढ़ावा दिया, जिन्होंने सीमित समझौतों को पर्याप्त नहीं माना और अधिक सुधार और अधिक स्वायत्तता की मांग की, जिससे भारतीय राष्ट्रीय कांग्रेस का एक बड़ा राजनीतिक आंदोलन उत्पन्न हुआ।"
Diye gaye sawaal ka jawab Hindi mein likhein:,मॉर्ली-मिंटो सुधारों के आलोचनाएँ क्या थीं?,"मॉर्ली-मिंटो सुधारों की आलोचनाओं में कुंजीय नीति क्षेत्रों पर उपनिवेशीय नियंत्रण की धारणा, विधायिका परिषदों में भारतीयों की अपर्याप्त प्रतिनिधित्व, सामान्य चुनावाधिकार की अभाव, और श्रेणिवादी और भेदभावपूर्ण अमल की निरंतरता शामिल थी।"
Diye gaye prashn ka samadhan Hindi mein prastut karein:,मॉर्ली-मिंटो सुधारों ने भारतीय राष्ट्रवाद को आकार देने में क्या भूमिका निभाई?,मॉर्ली-मिंटो सुधारों ने भारतीय राष्ट्रवाद को बढ़ावा देने के द्वारा भारतीय राष्ट्रवाद के सीमित सुधारों की सीमाओं को दिखाकर भारतीय राजनीतिक जागरूकता और एकता की भावना को प्रोत्साहित किया।
Pooche gaye prashn ka uttar Hindi mein pradaan karein:, होम रूल आंदोलन (1916–1918) क्या था?," होम रूल आंदोलन, जो 1916 में बाल गंगाधर तिलक और ऐनी बेसेंट द्वारा शुरू किया गया था, एक राष्ट्रवादी अभियान था जो ब्रिटिश साम्राज्य के भीतर भारत के लिए स्वायत्तता और राजनीतिक स्वायत्तता का प्रचार करता था, कनाडा और ऑस्ट्रेलिया जैसे देशों की तरह स्वायत्तता की मॉडल पर आधारित था।"
Bataye gaye sawaal ka jawab Hindi mein dein:,होम रूल आंदोलन के लक्ष्य और उद्देश्य क्या थे?,"होम रूल आंदोलन के लक्ष्य और उद्देश्य में भारत के लिए स्वायत्तता मांगना, संवैधानिक सुधारों और लोकतांत्रिक अधिकारों को सुनिश्चित करना, राष्ट्रवादी मांगों के लिए जनता का समर्थन जुटाना, और विभिन्न समुदायों और क्षेत्रों के बीच एकता को प्रोत्साहित करना शामिल था।"
Answer the given question in Hindi:, होम रूल आंदोलन ने जनता के समर्थन को कैसे जुटाया?," होम रूल आंदोलन ने जनता के समर्थन को महाज अभियान, जनसभाओं, पम्फलेटों, और भारत भर में होम रूल संघों और संगठनों की स्थापना के माध्यम से जुटाया, जिसमें समाज के विभिन्न वर्गों को स्वायत्तता के लिए संघर्ष में शामिल किया गया।"
Write your answer to the question in Hindi:, होम रूल आंदोलन में बाल गंगाधर तिलक और ऐनी बेसेंट के क्या योगदान थे?," बाल गंगाधर तिलक और ऐनी बेसेंट होम रूल आंदोलन के प्रमुख नेता थे, जो आदर्शवादी नेतृत्व, संगठनात्मक मार्गदर्शन, और राजनीतिक जनसंचार प्रदान करते थे, और अपने संबंधित अखबारों और जनता भाषणों के माध्यम से राष्ट्रवादी मांगों का समर्थन करते थे।"
Provide a response to the given query in Hindi:, ब्रिटिश सरकार ने होम रूल आंदोलन का कैसे प्रतिक्रिया दी?,"ब्रिटिश सरकार ने होम रूल आंदोलन का विरोध करके, संवाद को प्रतिबंधित करके, और राष्ट्रवादी नेताओं को गिरफ्तार करके प्रतिक्रिया दी, जबकि समय-समय पर मध्यम तत्त्वों को समाहित करने और उत्तेजना को निराकरण करने के लिए सीमित संवैधानिक सम्मतियों की प्रस्तावना की।"
Answer the question in Hindi language:, भारतीय राष्ट्रवाद के इतिहास में होम रूल आंदोलन का क्या महत्व था?,"होम रूल आंदोलन ने स्वायत्तता के लिए संघर्ष को ऊर्जावान किया, राष्ट्रीय आंदोलन में जनमानस की भागीदारी को प्रेरित किया, और भविष्य के संवैधानिक सुधारों और स्वतंत्रता के लिए मूलभूत आधार रखा।"
Reply to the asked question in Hindi:,खिलाफत आंदोलन (1919–1924) क्या था?,"खिलाफत आंदोलन, 1919 में भारतीय मुस्लिमों द्वारा प्रारंभ किया गया था जवाब में, जब प्रथम विश्व युद्ध के बाद संघर्ष के बाद ओटोमन खिलाफत को विभाजित किया गया, जिसका उद्देश्य खिलाफत की आध्यात्मिक और राजनीतिक अधिकार की रक्षा करना और पैन-इस्लामिक एकता को प्रोत्साहित करना था।"
दिए गए प्रश्न का उत्तर हिंदी में दें:,खिलाफत आंदोलन के उद्भव के क्या कारण थे?,"खिलाफत आंदोलन के उद्भव के पीछे भारतीय मुस्लिमों के बीच धार्मिक एकता और चिंता के भाव का महसूस करना था, जो ओटोमन खिलाफत के भाग्य पर था, जो मुस्लिम एकता और संवैधानिकता का प्रतीक माना गया था।"
दिए गए सवाल का जवाब हिंदी में लिखें:, खिलाफत आंदोलन ने भारतीय राष्ट्रवाद के साथ कैसे जुड़ा?,"खिलाफत आंदोलन ने भारतीय राष्ट्रवाद के साथ मुस्लिमों और हिन्दुओं के बीच संघर्ष में संघर्ष में संघर्ष करने के लिए संबंध बनाए, विशेष रूप से भारतीय राष्ट्रीय कांग्रेस के साथ, जो ब्रिटिश साम्राज्यवाद और उपनिवेशीयता के खिलाफ एक सामान्य संघर्ष में युद्ध किया।"
दिए गए प्रश्न का समाधान हिंदी में प्रस्तुत करें:,खिलाफत आंदोलन के परिणाम क्या थे?," खिलाफत आंदोलन के परिणाम में हिंदू-मुस्लिम एकता का मजबूत होना, राजनीतिक बहस का रड़िकलाईकरण, जनसमूहों के बड़े पैमाने पर उत्तेजना और प्रदर्शन तकनीकों का विस्तार, और आखिरकार आंदोलन की उद्देश्यों को प्राप्त न कर पाने के कारण आंदोलन का असफलता शामिल था।"
पूछे गए प्रश्न का उत्तर हिंदी में प्रदान करें:,खिलाफत आंदोलन का ब्रिटिश उपनिवेशवादी सरकार का कैसे प्रतिक्रिया था?,"खिलाफत आंदोलन का उपनिवेशवादी ब्रिटिश सरकार ने नियंत्रण, नेताओं की गिरफ्तारी, और सार्वजनिक प्रदर्शनों पर अधिकारियों के प्रतिष्ठान से जवाब दिया, जबकि आंदोलन के भीतर विभाजनों का उपयोग करने और मध्यम तत्त्वों को सम्मिलित करने के प्रयास भी किए गए।"
बताए गए सवाल का उत्तर हिंदी में दें।,1919 का रोलेट अधिनियम क्या था?,"1919 का रोलेट अधिनियम, जिसे ग़ैर विधिक और क्रांतिकारी अपराधों का अधिनियम भी कहा जाता है, भारत में ब्रिटिश उपनिवेशवादी सरकार द्वारा पारित एक निरंतर अधिनियम था, जिसमें अधिकारियों को बिना अदालती न्याय के व्यक्तियों को गिरफ्तार करने और नागरिक स्वतंत्रताओं को कम करने की अधिकारी दिया गया था, जो विश्वासित राजनीतिक अशांति और देशद्रोह के संदर्भ में था।"
Diye gaye prashn ka uttar Hindi mein dein:,रोलेट अधिनियम के क्या प्रावधान और परिणाम थे?,"रोलेट अधिनियम ने उपनिवेशवादी अधिकारियों को धारा की संदेहित या राजनीतिक उपद्रव के आरोप में गिरफ्तार और निर्वाचित करने की अधिकारी दिया, हेबास कोर्पस के अधिकारों को निलंबित किया, और नागरिक स्वतंत्रताओं को दमन किया, जिससे भारत भर में व्यापक प्रदर्शन और विरोध हुआ।"
Diye gaye sawaal ka jawab Hindi mein likhein:,रोलेट अधिनियम ने भारत में व्यापक विरोध और प्रदर्शनों को कैसे त्रिगुणित किया?," रोलेट अधिनियम ने भारत में व्यापक विरोध और प्रदर्शनों को त्रिगुणित किया द्वारा, नागरिक स्वतंत्रताओं को कम करके, विधि के आदान-प्रदान को कमजोर करके, और भारतीय राष्ट्रवादियों को प्रतिबंधित करके, जो इसे एक कठोर उपाय के रूप में देख रहे थे और विरोध को दबाने और उपनिवेशवादी शासन को जारी रखने के लिए किया गया।"
Diye gaye prashn ka samadhan Hindi mein prastut karein:, रोलेट अधिनियम का भारतीय राष्ट्रवाद के लिए क्या अर्थ था?,"रोलेट अधिनियम का भारतीय राष्ट्रवाद के लिए अर्थ था कि राजनीतिक बहस का रड़िकलाईकरण, उपनिवेशवाद के प्रति अधिकारियों की अतिशय शक्ति प्रदान, और स्वाधीनता के प्रति मांग को बढ़ावा देने के लिए एक राष्ट्रीय स्तर पर प्रतिक्रिया के रूप में भारतीय राष्ट्रवादियों की अधिकतम विरोध और प्रतिक्रिया को उत्पन्न करना।"
Pooche gaye prashn ka uttar Hindi mein pradaan karein:,रोलेट अधिनियम ने कैसे उपनिवेशवादी भारतीय राजनीति का रड़िकलाईकरण किया?,"रोलेट अधिनियम ने उपनिवेशवादी भारतीय राजनीति का रड़िकलाईकरण किया द्वारा, बड़े पैमाने पर विरोध, राष्ट्रवादी बहस, और विविध समुदायों में एकता के लिए एक सामाजिक और राजनीतिक एकता की आवश्यकता को प्रोत्साहित किया, जिससे भारतीय राष्ट्रवाद के लिए एक उच्च स्तर पर सक्रियता और आदिवासीयता का संविदा पैदा हुआ।"
Bataye gaye sawaal ka jawab Hindi mein dein:,रोलेट अधिनियम के भारतीय राजनीतिक और सामाजिक गतिविधियों के लिए लंबे समय तक क्या परिणाम थे?,"रोलेट अधिनियम के भारतीय राजनीतिक और सामाजिक गतिविधियों के लिए लंबे समय तक के परिणाम में ब्रिटिश उद्देश्यों में विश्वास की कमी, राजनीतिक सक्रियता का रड़िकलाईकरण, हिंदू-मुस्लिम एकता का मजबूत होना, और संवैधानिक सुधारों और स्वतंत्रता के लिए मांगों के लिए क्रिस्टलाइजेशन, भारतीय राष्ट्रवाद और उपनिवेशवादी संघर्ष के रास्ते की पथ-निर्धारण की।"
Answer the given question in Hindi:,1927 में साइमन आयोग क्या था?,"साइमन आयोग, आधिकारिक रूप से भारतीय सांविधिक आयोग के रूप में जाना जाता था, जो 1927 में ब्रिटिश भारत के भविष्य के संवैधानिक ढांचे की समीक्षा करने और सिफारिशें देने के लिए स्थापित ब्रिटिश संसदीय समिति था, जिसने भारतीय राष्ट्रवादियों द्वारा व्यापक प्रदर्शनों और बहिष्कार का कारण बनाया।"
Write your answer to the question in Hindi:,साइमन आयोग के उद्देश्य और संयोजन क्या थे?,"साइमन आयोग के उद्देश्य थे भारत सरकार अधिनियम 1919 के कार्यान्वयन का मूल्यांकन करना, भारत में संवैधानिक सुधारों की प्रगति की जांच करना, और आगे के संवैधानिक परिवर्तनों के लिए सिफारिश करना, जबकि आयोग में केवल ब्रिटिश सदस्यों का समावेश था, किसी भारतीय प्रतिनिधित्व के बिना, जो इसे भारतीय स्वायत्तता के लिए एक अपमान माना गया।"
Provide a response to the given query in Hindi:,भारतीय राष्ट्रवादियों ने साइमन आयोग के प्रति कैसे प्रतिक्रिया दी?,"भारतीय राष्ट्रवादियों ने साइमन आयोग के प्रति व्यापक प्रदर्शनों, बहिष्कारों और प्रदर्शनों के साथ प्रतिक्रिया दी, ""साइमन वापिस जाओ"" मांग की और भारतीय स्वराज और संवैधानिक सुधारों की मांग को दृढ़ता से दिखाया।"
Answer the question in Hindi language:,साइमन आयोग का भारतीय राजनैतिक गतिविधियों के लिए क्या अर्थ था?," साइमन आयोग का मतलब था भारतीय राजनैतिक गतिविधियों के लिए राष्ट्रवादी भावनाओं की विक्रमीकरण, स्वायत्तता और स्वतंत्रता के लिए मांगों का क्रिस्टलाइजेशन, और ब्रिटिश साम्राज्यवाद के खिलाफ जनमानस के उत्पन्न होने के साथ राजनैतिक गठबंधनों और जन आंदोलनों का उदय।"
Reply to the asked question in Hindi:, 1930 में पूर्ण स्वराज प्रस्ताव क्या था?,"1930 में लाहौर सत्र में भारतीय राष्ट्रीय कांग्रेस द्वारा अपनाया गया पूर्ण स्वराज प्रस्ताव, ब्रिटिश साम्राज्यवाद से भारत के पूर्ण स्वतंत्रता (स्वराज) को प्राप्त करने के लिए पार्टी की प्रतिबद्धता को घोषित किया, जो भारतीय राष्ट्रवादी आंदोलन में एक महत्वपूर्ण मील का पत्थर था।"
दिए गए प्रश्न का उत्तर हिंदी में दें:,पूर्ण स्वराज प्रस्ताव की मुख्य विशेषताएं और महत्व क्या थे?,"पूर्ण स्वराज प्रस्ताव भारतीय राष्ट्रीय कांग्रेस की ब्रिटिश साम्राज्यवादी प्राधिकरण की अस्वीकृति और स्वराज के अधिकार का दावा किया, जिससे पूरे स्वतंत्रता और भारत के विविध राजनीतिक स्पेक्ट्रम में एक संयुक्त राष्ट्रवादी अभियान की ओर महत्वपूर्ण कदम उठाया गया।"
दिए गए सवाल का जवाब हिंदी में लिखें:,पूर्ण स्वराज प्रस्ताव को अपनाने से भारतीय राष्ट्रवादी राजनीति पर कैसा प्रभाव पड़ा?,"पूर्ण स्वराज प्रस्ताव को अपनाने से भारतीय राष्ट्रवादी राजनीति को संगठित करने के लिए प्रेरित किया गया और विभिन्न फ्रैक्शन्स और समूहों को स्वतंत्रता के लिए एक सामान्य मांग के तहत एकत्रित किया, अंधोलन और उपयुक्त अधिकारिक प्रतिनिधित्व में लोगों का मोबाइलाइजेशन किया और उपनिवेशवादी शासन के खिलाफ संघर्ष में भागीदारी के लिए आधार रखा।"
दिए गए प्रश्न का समाधान हिंदी में प्रस्तुत करें:,पूर्ण स्वराज प्रस्ताव के अदोपशन से ब्रिटिश साम्राज्यवादी सरकार की प्रतिक्रिया क्या थी?," पूर्ण स्वराज प्रस्ताव के अदोपशन पर ब्रिटिश साम्राज्यवादी सरकार ने दमन, राष्ट्रवादी नेताओं की गिरफ्तारी और नागरिक अविनय अभियानों पर कार्रवाई के साथ प्रतिक्रिया दी, जबकि धीमे तत्वों को शामिल करने का प्रयास किया और विरोध को शांत करने के लिए सीमित संवैधानिक संशोधन प्रस्तावित किए।"
पूछे गए प्रश्न का उत्तर हिंदी में प्रदान करें:,पूर्ण स्वराज प्रस्ताव ने भारतीय राष्ट्रवादी संघर्ष के रास्ते को कैसे आकार दिया?,"पूर्ण स्वराज प्रस्ताव ने भारतीय राष्ट्रवादी संघर्ष के रास्ते को भारतीय राष्ट्रीय आन्दोलनों में पूर्ण स्वतंत्रता का एक स्पष्ट और असंदिग्ध लक्ष्य प्रदान करके, जनमानस को प्रेरित किया, अहिंसात्मक प्रतिरोध को एक प्रभावी उपकरण के रूप में स्वीकार किया।"
बताए गए सवाल का उत्तर हिंदी में दें।,1930–1932 में राउंड टेबल कांफ्रेंस क्या थीं?,"राउंड टेबल कांफ्रेंसें 1930 से 1932 के बीच लंदन में आयोजित तीन कांफ्रेंसों की एक श्रृंखला थी, जिनका उद्देश्य ब्रिटिश भारत के लिए संवैधानिक सुधारों पर विचार करना और भारतीय राजनीतिक नेताओं और ब्रिटिश अधिकारियों के बीच संवाद को सुगम बनाना था।"
Diye gaye prashn ka uttar Hindi mein dein:,राउंड टेबल कांफ्रेंसेस का क्या उद्देश्य था?,"राउंड टेबल कांफ्रेंसेस के उद्देश्य में ब्रिटिश भारत के लिए संवैधानिक सुधारों की चर्चा और बहस, सांप्रदायिक तनावों और अल्पसंख्यक अधिकारों के संदर्भ में विचार करना शामिल था, और ब्रिटिश भारत की प्रशासन में भारतीय भागीदारी के लिए तंत्रों का निर्माण।"
Diye gaye sawaal ka jawab Hindi mein likhein:,राउंड टेबल कांफ्रेंसेस के परिणाम क्या थे?,"राउंड टेबल कांफ्रेंसेस के परिणाम सीमित रहे, क्योंकि ये भारतीय राजनीतिक नेताओं और ब्रिटिश अधिकारियों के बीच प्रतिनिधित्व, चुनावी प्रणाली, और अल्पसंख्यक समुदायों के लिए संरक्षा जैसे मुद्दों पर सहमति हासिल करने में असफल रहे, जिससे अंततः बातचीत की असफलता हो गई।"
Diye gaye prashn ka samadhan Hindi mein prastut karein:,राउंड टेबल कांफ्रेंसेसों में भारतीय राजनीतिक नेताओं ने कैसे भाग लिया?,"भारतीय राजनीतिक नेताओं ने राउंड टेबल कांफ्रेंसेस में विभिन्न राजनीतिक पार्टियों और समुदायों के प्रतिनिधित्व के रूप में भाग लिया, अपनी मांगों, शिकायतों, और संवैधानिक सुधारों के प्रस्ताव प्रस्तुत किए, लेकिन उनके प्रयासों को अक्सर विभाजन और असहमति ने रोका।"
Pooche gaye prashn ka uttar Hindi mein pradaan karein:,राउंड टेबल कांफ्रेंसेस के दौरान किस प्रकार के चुनौतियां और बाधाएं आईं?,"राउंड टेबल कांफ्रेंसेस के दौरान चुनौतियों और बाधाओं में सांप्रदायिक तनाव, भारतीय राजनीतिक नेताओं के बीच विरोधी हित, ब्रिटिश का पूर्ण स्वतंत्रता को स्वीकार करने में अनिच्छा, और भारत के भविष्य के लिए प्रतिस्पर्धी मांगों और दृष्टियों को मिलाने की असमर्थता शामिल थी।"
Bataye gaye sawaal ka jawab Hindi mein dein:, राउंड टेबल कांफ्रेंसेस के परिणाम भारतीय राष्ट्रवादी राजनीति को किस प्रकार प्रभावित किया?,"राउंड टेबल कांफ्रेंसेस के परिणामों ने भारतीय राष्ट्रवादी राजनीति के भीतर विभाजन को गहरा किया, बहुत से लोगों को संवैधानिक बातचीतों के दृष्टिकोण से निराश किया, और स्वतंत्रता प्राप्ति के लिए सीधे कार्रवाई और जन आंदोलन के लिए कहावतों को मजबूत किया।"
Answer the given question in Hindi:,1935 का भारतीय सरकार अधिनियम क्या था?,"1935 का भारतीय सरकार अधिनियम ब्रिटिश संसद द्वारा अधिक अहम संवैधानिक विधानन के रूप में पारित एक महत्वपूर्ण संवैधानिक विधानन था, जिससे ब्रिटिश भारत की प्रशासन ढांचे का सुधार किया गया, प्रांतों को आत्मनिर्भरता देना, संघीय विशेषताएँ प्रस्तुत करना, और सीमित लोकतंत्रिक प्रतिनिधित्व का प्रसार करना।"
Write your answer to the question in Hindi:,भारतीय सरकार अधिनियम 1935 की मुख्य प्रावधान और विशेषताएँ क्या थीं?,"भारतीय सरकार अधिनियम 1935 की मुख्य प्रावधान और विशेषताएँ में प्रांतीय सरकारों के निर्माण के साथ निर्वाचित विधानसभाओं और मंत्रिमंडलों की स्थापना, स्वतंत्र प्रांतों और केंद्रीय सरकारों के अलग विधानसभाओं का निर्माण, और सीमित मताधिकार और निर्वाचनीय प्रतिनिधित्व का विस्तार शामिल था।"
Provide a response to the given query in Hindi:,भारतीय सरकार अधिनियम 1935 ने ब्रिटिश भारत के प्रशासन ढांचे को कैसे बदल दिया?,"भारतीय सरकार अधिनियम 1935 ने ब्रिटिश भारत के प्रशासन ढांचे को महत्वपूर्ण रूप से बदल दिया, प्रांतीय सरकारों को अधिक शक्तियों का प्राप्त करने, चुनावी भागीदारी का विस्तार, और संघीय प्रणाली के लिए आधार रखने के द्वारा।"
Answer the question in Hindi language:, भारतीय सरकार अधिनियम 1935 के प्रति भारतीय राजनीतिक नेताओं की प्रतिक्रिया क्या थी?,"भारतीय सरकार अधिनियम 1935 के प्रति भारतीय राजनीतिक नेताओं की प्रतिक्रिया में सावधान आशावाद और आलोचना का मिश्रण था, कुछ प्रावधानों का स्वागत करते हुए जैसे प्रांतीय आत्मनिर्भरता, जबकि अन्यों को अपर्याप्त मानते हुए पूर्ण स्वतंत्रता के लिए मांग बनाए रखते थे।"
Reply to the asked question in Hindi:,भारतीय सरकार अधिनियम 1935 ने भारतीय राष्ट्रवादी राजनीति और आंदोलनों को कैसे प्रभावित किया?,"भारतीय सरकार अधिनियम 1935 ने भारतीय राष्ट्रवादी राजनीति और आंदोलनों को प्रभावित किया उसके द्वारा राजनीतिक भागीदारी और निर्वाचनीय राजनीति के लिए एक मंच प्रदान किया, प्रांतीय पहचानों और राजनीतिक पार्टियों की समेकन को सुनिश्चित किया, और स्वतंत्रता प्राप्ति के लिए संवैधानिक रणनीतियों के विकास में योगदान किया।"
दिए गए प्रश्न का उत्तर हिंदी में दें:,भारत सरकार अधिनियम 1935 की क्या सीमाएँ और आलोचनाएँ थीं?,"भारत सरकार अधिनियम 1935 की सीमाएँ और आलोचनाएँ में ब्रिटिश उपनिवेशवादी नियंत्रण की महत्वपूर्ण क्षेत्रों जैसे रक्षा और वित्त में उसकी ज़रूरी अधिकारिता, भारतीय हितों के अपर्याप्त प्रतिनिधित्व, और साम्प्रदायिक तनावों और सामाजिक-आर्थिक असमानताओं का समाधान नहीं होना शामिल था।"
दिए गए सवाल का जवाब हिंदी में लिखें:,भारत सरकार अधिनियम 1935 ने ब्रिटिश भारत में प्रांतीय आत्मनिर्भरता के उदय में कैसे योगदान दिया?,"भारत सरकार अधिनियम 1935 ने ब्रिटिश भारत में प्रांतीय आत्मनिर्भरता के उदय में सांविधानिक और कार्यकारी शक्तियों को प्रांतीय सरकारों को सौंपकर, निर्वाचित मंत्रिमंडलों के गठन की अनुमति दी, और स्थानीय मामलों में सीमित स्वतंत्रता प्रदान की।"
दिए गए प्रश्न का समाधान हिंदी में प्रस्तुत करें:,कैसे भारत सरकार अधिनियम 1935 ने उपनिवेशी भारत के राजनैतिक परिदृश्य को आकार दिया?,"भारत सरकार अधिनियम 1935 ने प्रांतीय आत्मनिर्भरता को संस्थागत करके, राजनीतिक पार्टियों और चुनावी राजनीति के विकास को प्रोत्साहित करके, और स्वतंत्रता प्राप्ति के बाद के संघीयवाद के लिए आधार रखकर कोलोनियल भारत के राजनैतिक परिदृश्य को महत्वपूर्ण रूप में आकार दिया।"
पूछे गए प्रश्न का उत्तर हिंदी में प्रदान करें:,1935 की भारत सरकार अधिनियम की सीमाओं और आलोचनाएँ क्या थीं?,"1935 के भारत सरकार अधिनियम की सीमाओं और आलोचनाएँ में ब्रिटिश साम्राज्य की नियंत्रण जमाना, रक्षा और वित्त जैसे महत्वपूर्ण नीति क्षेत्रों पर ब्रिटिश उपनिवेशीय नियंत्रण की रखरखाव, भारतीय हितों की अपर्याप्त प्रतिनिधित्व, और साम्प्रदायिक टन्सन और सामाजिक-आर्थिक असमानताओं का सामना शामिल था।"
बताए गए सवाल का उत्तर हिंदी में दें।,1935 के भारत सरकार अधिनियम ने ब्रिटिश भारत में प्रांतीय स्वायत्तता के उदय में कैसे सहायक रहा?,"1935 के भारत सरकार अधिनियम ने प्रांतीय सरकारों को विधायिकीय और कार्यकारी शक्तियों को प्रांतीय सरकारों को सौंपने के द्वारा ब्रिटिश भारत में प्रांतीय स्वायत्तता के उदय में योगदान दिया, निर्वाचित मंत्रिमंडलों का गठन करने की अनुमति दी, और स्थानीय कार्यों में सीमित स्वराज को दिया।"
Diye gaye prashn ka uttar Hindi mein dein:,और भारत सरकार अधिनियम 1935 का राजनैतिक परिदृश्य के निर्माण में क्या भूमिका रही?," 1935 के भारत सरकार अधिनियम ने प्रांतीय स्वायत्तता को संस्थागत करने की महत्वपूर्ण भूमिका निभाई, राजनीतिक दलों और निर्वाचनी राजनीति के विकास को बढ़ावा दिया, और स्वतंत्रता के पश्चात संघीयता की आधारशिला रखी।"
Diye gaye sawaal ka jawab Hindi mein likhein:,1942 में क्रिप्स मिशन क्या था?,"सर स्टैफोर्ड क्रिप्स द्वारा नेतृत्वित क्रिप्स मिशन, 1942 में ब्रिटिश सरकार द्वारा भारत में भेजी गई एक राजनैतिक पहल थी, जिसमें संवैधानिक सुधारों के प्रस्तावों और फासिस्टता के खिलाफ लड़ाई में भारतीय भागीदारी के लिए प्रस्ताव पेश किए गए।"
Diye gaye prashn ka samadhan Hindi mein prastut karein:,क्रिप्स मिशन के उद्देश्य और प्रस्ताव क्या थे?,"क्रिप्स मिशन के उद्देश्यों में अल्लाहाबाद की आलाकमान के लिए भारतीय समर्थन खोजना, स्वायत्तता के लिए भारतीय राष्ट्रवादी मांगों को संबोधित करना, और संविधानिक सुधारों के लिए समझौता करना, जिसमें आपकी अधिकार बाद राज्य का वादा था।"
Pooche gaye prashn ka uttar Hindi mein pradaan karein:, क्रिप्स मिशन के प्रस्तावों का भारतीय राजनैतिक नेताओं ने कैसे प्रतिक्रिया की?,"क्रिप्स मिशन के प्रस्तावों के प्रति भारतीय राजनैतिक नेताओं, जैसे कि भारतीय राष्ट्रीय कांग्रेस और मुस्लिम लीग, ने संदेह और अस्वीकृति की दृष्टि से प्रतिक्रिया दी, उन्हें अपर्याप्त मानकर और पूरी स्वतंत्रता और तत्काल स्वायत्तता की मांग के लिए समझा।"
Bataye gaye sawaal ka jawab Hindi mein dein:,क्रिप्स मिशन की असफलता के कारण क्या थे?,"क्रिप्स मिशन की असफलता के कई कारण थे, जिसमें पूरी स्वतंत्रता को मानने में ब्रिटिश अनिच्छा, भारतीय राष्ट्रवादी मांगों के लिए तत्काल स्वायत्तता, और भारत के भविष्य के लिए विभिन्न हितों और दृष्टियों के बीच अंतर को पार करने की अक्षमता शामिल थी।"
Answer the given question in Hindi:,क्रिप्स मिशन की असफलता का भारतीय राष्ट्रवादी राजनीति और द्वितीय विश्वयुद्ध के पथ पर कैसा प्रभाव पड़ा?," क्रिप्स मिशन की असफलता ने भारतीय राष्ट्रवादी और ब्रिटिश सरकार के बीच अविश्वास को गहरा किया, सीधे कार्रवाई और नागरिक अवज्ञा के लिए कड़ा प्रतिष्ठान दिया, और द्वितीय विश्वयुद्ध के दौरान स्वतंत्रता के खिलाफ आंदोलनों और साम्प्रदायिक टन्सन की तनाव को बढ़ाया।"
Write your answer to the question in Hindi:,क्रिप्स मिशन के दीर्घकालिक परिणाम भारतीय स्वतंत्रता के लिए क्या थे?,"क्रिप्स मिशन के दीर्घकालिक परिणामों में भारतीय राष्ट्रवादी राजनीति की रेडिकलीकरण, रणनीतियों का जन संगठन और नागरिक अवज्ञा के प्रति पुनरुत्थान, और पूर्ण स्वतंत्रता के लिए मुख्य उद्देश्य के रूप में पूर्ण स्वतंत्रता की मांग के पुनः पुष्टि शामिल थी।"
Provide a response to the given query in Hindi:,क्रिप्स मिशन ने भारतीय स्वतंत्रता के लिए पोस्ट-युद्ध विकास और रणनीतियों को कैसे आकार दिया?," क्रिप्स मिशन ने भारतीय स्वतंत्रता के लिए पोस्ट-युद्ध विकास और रणनीतियों को आकार देकर भारतीय राष्ट्रवादी आकांक्षाओं और ब्रिटिश साम्राज्यीय हितों के बीच असमंजस्यता की अनबुझी विभिन्नताओं को हाइलाइट किया, स्वतंत्रता के प्राप्ति के लिए नई आंदोलनों और राजनैतिक पहलों की ओर मोड़ बनाया।"
Answer the question in Hindi language:,1945 में भारतीय राष्ट्रीय सेना (आईएनए) ट्रायल्स क्या थे?," 1945 में भारतीय राष्ट्रीय सेना (आईएनए) ट्रायल्स एक सीरीज हार्ट्स हैं आयोजित की गई थीं ब्रिटिश उपनिवेशीय सत्ताधारियों द्वारा भारत में, जिनमें आईएनए के गिरफ्तार सदस्यों का मुकदमा चलाया गया था, जिन्हें दुर्वासा और विद्रोह का आरोप लगाया गया था कि द्वीप संघर्ष के दौरान एक्सिस शक्तियों के साथ मिलकर काम किया गया।"
Reply to the asked question in Hindi:,आईएनए ट्रायल्स के मुख्य घटनाक्रम और परिणाम क्या थे?,"आईएनए ट्रायल्स के मुख्य घटनाक्रमों में आईएनए कर्मचारियों की गिरफ्तार और ट्रायल, उनमें सुभाष चंद्र बोस की आईएनए के शामिल होना, दुर्वासा और दुश्मन के साथ सहयोग के आरोपों पर, आईएनए डिफेंडेंट्स के समर्थन में लोगों के प्रोत्साहन और प्रदर्शन, और अंततः जनप्रतिकूलता और लोकप्रिय दबाव के कारण अनेक आईएनए कैदियों का क्षमा और रिहाई होना शामिल था।"
दिए गए प्रश्न का उत्तर हिंदी में दें:,आईएनए ट्रायल्स ने भारतीय राष्ट्रवादी भावनाओं को कैसे प्रभावित किया?,"आईएनए ट्रायल्स ने भारतीय राष्ट्रवादी भावनाओं को प्रेरित किया वायुसेना सैनिकों की बलिदान और वीरता को हाइलाइट करके, ब्रिटिश उपनिवेशीय शासन की अन्यायपूर्णता का प्रकट करके, और स्वतंत्रता और ब्रिटिश उपनिवेशवाद के समापन की मांगों को बढ़ावा देकर भारतीय राष्ट्रवादी भावनाओं को प्रभावित किया।"
दिए गए सवाल का जवाब हिंदी में लिखें:,भारतीय स्वतंत्रता आंदोलन में आईएनए ट्रायल्स की क्या भूमिका थी?,"आईएनए ट्रायल्स ने भारतीय स्वतंत्रता आंदोलन में महत्वपूर्ण भूमिका निभाई, जनसमर्थन और साइबर समर्थन के लिए आईएनए और उसके कारण की एकता को एकत्रित किया, भारतीय समाज के विभिन्न वर्गों को ब्रिटिश उपनिवेशवाद के खिलाफ एक साथ लाने में मदद की, और स्वतंत्रता की दिशा में गति योगदान किया।"
दिए गए प्रश्न का समाधान हिंदी में प्रस्तुत करें:,1947 में माउंटबेटन योजना क्या थी?,"1947 में माउंटबेटन योजना, आधिकारिक रूप से भारतीय स्वतंत्रता अधिनियम 1947 के रूप में जानी जाती थी, भारत के अंतिम वायसराय लोर्ड लुईस माउंटबेटन द्वारा डिवाइस की गई एक योजना थी, जिसमें ब्रिटिश उपनिवेशीय शासन को भारतीय उपनेता नेताओं के पास सत्ता का स्थानांतरण के लिए एक ढांचा प्रदान किया गया, हालांकि इसने विभाजन और भारतीय उपनिवेशीय संस्थाओं, भारत और पाकिस्तान, के बीच धार्मिक रेखाओं के लिए बाध्य किया, प्रत्येक उपनेता स्वतंत्रता और संप्रभुता प्राप्त हो गया, लेकिन यह भी समुदायिक हिंसा, जनसंख्या का स्थानांतरण, और असमाधानित कश्मीर संघर्ष में परिणाम के रूप में था।"
पूछे गए प्रश्न का उत्तर हिंदी में प्रदान करें:, माउंटबेटन योजना के प्रमुख प्रावधान और प्रभाव क्या थे?,"माउंटबेटन योजना ने भारतीय स्वतंत्रता की मांगों को पत्र देकर ब्रिटिश उपनिवेशीय शासन से सत्ता के स्थानांतरण के लिए एक ढांचा प्रदान किया, भले ही विभाजन और अलग उपनिवेशीय संस्थाओं, भारत और पाकिस्तान, के बीच धार्मिक रेखाओं के लिए बाध्य किया, प्रत्येक उपनेता स्वतंत्रता और संप्रभुता प्राप्त हो गया।, लेकिन यह भी समुदायिक हिंसा, जनसंख्या का स्थानांतरण, और असमाधानित कश्मीर संघर्ष में परिणाम के रूप में था।"
बताए गए सवाल का उत्तर हिंदी में दें।,माउंटबेटन योजना ने भारतीय स्वतंत्रता की मांगों का समाधान कैसे किया?,"माउंटबेटन योजना ने भारतीय स्वतंत्रता की मांगों का समाधान द्वारा ब्रिटिश उपनिवेशीय शासन से सत्ता के स्थानांतरण के लिए एक ढांचा प्रदान किया, हालांकि विभाजन और अलग उपनिवेशीय संस्थाओं, भारत और पाकिस्तान, के बीच धार्मिक रेखाओं के लिए बाध्य किया गया।"
Diye gaye prashn ka uttar Hindi mein dein:,भारतीय नेताओं ने माउंटबेटन योजना के प्रति किस प्रतिक्रिया दी?,"भारतीय नेताओं ने माउंटबेटन योजना के साथ स्वीकृति और अनिच्छा का एक मिश्रित प्रतिक्रिया दिया, विभाजन को अनिवार्य मानते हुए, लेकिन उन्होंने धार्मिक हिंसा और मानवाधिकारों के संकट के बारे में चिंता जताई।"
Diye gaye sawaal ka jawab Hindi mein likhein:,माउंटबेटन योजना ने भारत के विभाजन और पाकिस्तान के गठन के लिए कैसे सहायक हुई?,"माउंटबेटन योजना ने भारत के विभाजन और पाकिस्तान के गठन को सुगम बनाने के लिए एक कानूनी और प्रशासनिक ढांचा प्रदान किया, सीमाओं को व्यक्त करके, और विभाजन और स्वतंत्रता की योजना और व्यवस्था के लिए व्यवस्थित किया।"
Diye gaye prashn ka samadhan Hindi mein prastut karein:,कश्मीर संघर्ष (1947–वर्तमान) क्या था?," 1947 से चल रहा है, कश्मीर संघर्ष भारत और पाकिस्तान के बीच कश्मीर क्षेत्र पर एक प्रादेशिक विवाद है, जो दोनों देशों द्वारा पूरे कश्मीर का दावा किया गया है और कई युद्ध, संघर्षों और अंतर्राष्ट्रीय हस्तक्षेपों का विषय रहा है।"
Pooche gaye prashn ka uttar Hindi mein pradaan karein:,कश्मीर संघर्ष के उत्पत्ति और कारण क्या थे?," कश्मीर संघर्ष की उत्पत्ति और कारणों का पता 1947 में ब्रिटिश भारत के विभाजन, जम्मू और कश्मीर के राज्य की भारत के साथ शामिलता, सांप्रदायिक हिंसा के बीच और भारत और पाकिस्तान के बीच के बादी भूटले विवादों में खोजा जा सकता है।"
Bataye gaye sawaal ka jawab Hindi mein dein:, कश्मीर संघर्ष अब तक किस प्रकार विकसित हुआ है?,"कश्मीर संघर्ष समय के साथ एक भारत और पाकिस्तान के बीच भूटले विवाद से एक जटिल भौगोलिक चिन्हित समस्या बन गया है, जिसमें धार्मिक, जातीय और राष्ट्रीय आयाम शामिल हैं, बहुसंख्यक हितधारकों और अंतरराष्ट्रीय हितों के साथ।"
Answer the given question in Hindi:,कश्मीर संघर्ष में मुख्य चरण और विकास क्या था?,"कश्मीर संघर्ष के मुख्य चरण और विकास में 1947, 1965, और 1971 के भारत-पाकिस्तानी युद्ध, 1980 और 1990 के विद्रोह और सैन्य गतिविधियों, 1999 की कारगिल युद्ध, और क्षेत्र में जारी सुरक्षा के चुनौतियों और मानवाधिकार उल्लंघन शामिल हैं।"
Write your answer to the question in Hindi:, कश्मीर संघर्ष ने क्षेत्र के लोगों के जीवन पर कैसा प्रभाव डाला है?,"कश्मीर संघर्ष का गहरा मानवाधिकार की परिणामकारी परिणाम है, जिसमें बेहतरी, हिंसा, मानवाधिकारों की उल्लंघन, और आर्थिक कठिनाइयों के बारे में गहन निष्कर्ष है, क्षेत्र में करोड़ों लोगों के जीवन को प्रभावित करते हैं और सांप्रदायिक टन्सन और सामाजिक विभाजनों को बढ़ावा देते हैं।"
Provide a response to the given query in Hindi:,कश्मीर संघर्ष को सुलझाने के लिए क्या प्रयास किए गए हैं?,"कश्मीर संघर्ष को सुलझाने के लिए विभिन्न प्रयास किए गए हैं, जिसमें कूटनीतिक बातचीत, द्विपक्षीय संवाद, शांति पहल, और संगठनों जैसे संगठनों द्वारा अंतर्राष्ट्रीय संधि प्रयास है, लेकिन एक स्थायी समाधान का अभिलाषा दृढ़ पोजीशन और भौगोलिक जटिलताओं के कारण मुश्किल है।"
Answer the question in Hindi language:,पहली पंचवर्षीय योजना (1951–1956) का महत्व क्या था?,"पहली पंचवर्षीय योजना, 1951 में प्रधानमंत्री जवाहरलाल नेहरू के अधीन सरकार द्वारा शुरू की गई थी, भारत की स्वतंत्रता के बाद उद्योगीकरण, कृषि विकास, और सामाजिक कल्याण को बढ़ावा देने के लिए एक समग्र आर्थिक विकास रणनीति थी।"
Reply to the asked question in Hindi:,पहली पंचवर्षीय योजना के मुख्य उद्देश्य और प्राथमिकताएं क्या थीं?," पहली पंचवर्षीय योजना के मुख्य उद्देश्य और प्राथमिकताएं तेजी से उद्योगीकरण, कृषि के आधुनिकीकरण और भूमि सुधार, बुनियादी ढांचे के विकास, और सामाजिक असमानताओं और गरीबी का समाधान शामिल था।"
दिए गए प्रश्न का उत्तर हिंदी में दें:, पहली पंचवर्षीय योजना को भारत में कैसे किया गया था?,"पहली पंचवर्षीय योजना को केंद्रीय योजना और अर्थव्यवस्था के कुंजी क्षेत्रों में सरकारी हस्तक्षेप के माध्यम से किया गया था, जैसे उद्योग, कृषि, ऊर्जा, और बुनियादी ढांचे, जहां सार्वजनिक निवेश, राज्य निर्देशित विकास परियोजनाओं, और समाजवादी सिद्धांतों का जोर था।"
दिए गए सवाल का जवाब हिंदी में लिखें:,पहली पंचवर्षीय योजना के उपलब्धियाँ और कमियाँ क्या थीं?,"पहली पंचवर्षीय योजना की उपलब्धियों में उद्योगीकरण, ढांचे के विकास, और सामाजिक कल्याण कार्यक्रमों में भारी प्रगति थी, लेकिन इसने संसाधन सीमाओं, कार्यान्वयन बॉटलनेक्स, और क्षेत्रीय विकास में असमानता जैसी चुनौतियों का सामना किया।"
दिए गए प्रश्न का समाधान हिंदी में प्रस्तुत करें:, पहली पंचवर्षीय योजना ने भारत के आर्थिक विकास में कैसे योगदान दिया?,"पहली पंचवर्षीय योजना ने भारत के आर्थिक विकास के लिए आधार रखा जिससे राज्य-निर्देशित उद्योगीकरण, कृषि उत्पादकता को प्रोत्साहित किया, और सामाजिक कल्याण कार्यक्रमों को विस्तारित किया गया, जिससे परे प्लानिंग प्रयासों और आर्थिक सुधारों के लिए मंच बन गया।"
पूछे गए प्रश्न का उत्तर हिंदी में प्रदान करें:, हिंदी-उर्दू विवाद क्या था?,"हिंदी-उर्दू विवाद एक भाषाई और राजनीतिक विवाद था भारत के स्वतंत्रता के बाद, राष्ट्रीय भाषा के चयन पर, हिंदी के प्रोत्साहकों को उर्दू के प्रोत्साहकों के खिलाफ खड़ा करने के लिए, और भाषा नीति और सांस्कृतिक पहचान पर तनाव के कारण।"
बताए गए सवाल का उत्तर हिंदी में दें।,हिंदी-उर्दू विवाद के ऐतिहासिक और सांस्कृतिक रूप क्या थे?,"हिंदी-उर्दू विवाद के ऐतिहासिक और सांस्कृतिक रूप भारत की भाषाई विविधता, औद्योगिक भाषा नीतियों की विरासत, और हिंदू और मुस्लिम पहचानों के बीच प्रतिस्पर्धा में थे, जिन्हें हिंदी और उर्दू द्वारा प्रतिनिधित किया गया था।"
Diye gaye prashn ka uttar Hindi mein dein:,हिंदी-उर्दू विवाद किस प्रकार भारतीय राष्ट्रवाद के साथ जुड़ा?,"हिंदी-उर्दू विवाद भारतीय राष्ट्रवाद के साथ जुड़ता था, राष्ट्रीय पहचान, भाषाई विविधता, और सांस्कृतिक बहुवाद के बारे में बहसों को प्रतिबिंबित करके, और भिन्न भाषाई समुदायों को एक समूहीकृत राष्ट्रीय राज्य के ढाँचे में समाहित करने की चुनौतियों को हाइलाइट करके।"
Diye gaye sawaal ka jawab Hindi mein likhein:,हिंदी-उर्दू विवाद के आसपास नीति बहस और निर्णय क्या थे?,"हिंदी-उर्दू विवाद के आसपास नीति बहस और निर्णय में हिंदी को भारत की आधिकारिक भाषा के रूप में स्वीकृति, हिंदी भाषा शिक्षा और साहित्य का प्रोत्साहन, और उर्दू को अल्पसंख्यक भाषा और सांस्कृतिक विरासत के रूप में मान्यता शामिल थी।"
Diye gaye prashn ka samadhan Hindi mein prastut karein:,हिंदी-उर्दू विवाद ने भारतीय समाज और राजनीति को कैसे प्रभावित किया?,"हिंदी-उर्दू विवाद ने भारतीय समाज और राजनीति को भाषा नीतियों, शैक्षिक पाठ्यक्रम, और सांस्कृतिक चर्चा के माध्यम से प्रभावित किया, और राजनीतिक जुटाव, पहचान की राजनीति, और भाषाई स्वायत्तता के लिए क्षेत्रीय आंदोलनों को प्रभावित किया।"
Pooche gaye prashn ka uttar Hindi mein pradaan karein:, हिंदी-उर्दू विवाद को सुलझाने के क्या प्रयास किए गए थे?,"हिंदी-उर्दू विवाद को सुलझाने के प्रयास में भाषा सुधार, भाषाई समझौते, और बहुभाषीयता और सांस्कृतिक बहुवाद को प्रोत्साहित किया गया, साथ ही हिंदी और उर्दू वक्ताओं के बीच साथी समझौते और सम्मान को बढ़ावा देने के प्रयास भी किए गए।"
Bataye gaye sawaal ka jawab Hindi mein dein:,हिंदी-उर्दू विवाद का समकालिक भारत में क्या महत्व है?," हिंदी-उर्दू विवाद का समकालिक भारत में भाषा नीति, भाषाई विविधता, और सांस्कृतिक पहचान के बारे में बहसों के माध्यम से महत्व है, और भाषाई अधिकार, अल्पसंख्यक भाषा संरक्षण, और समावेशी भाषा योजना के लिए जारी लड़ाई के माध्यम से भी महत्वपूर्ण है।"
Answer the given question in Hindi:,हिंदी-उर्दू विवाद का भारतीय भाषा राजनीति के लिए क्या परिणाम निकले?,"हिंदी-उर्दू विवाद के परिणाम भारतीय भाषा राजनीति के लिए भारतीय लोकतंत्र के मौलिक सिद्धांत के रूप में भाषाई विविधता की मान्यता, भाषा अधिकारों और सांस्कृतिक बहुवाद को प्रोत्साहित करना, और विविध भाषाई समुदायों को समावेशी भाषा नीतियों की आवश्यकता को शामिल करता है।"
Write your answer to the question in Hindi:,हिंदी-उर्दू विवाद ने भारत में राष्ट्रीय एकीकरण के बारे में चर्चा को कैसे आकर्षित किया?,"हिंदी-उर्दू विवाद ने भारत में राष्ट्रीय एकीकरण के बारे में चर्चा को भाषाई पहचान की जटिलताओं, भाषाई विविधता की चुनौतियों, और समावेशी भाषा नीतियों के महत्व को हाइलाइट करके आकर्षित किया।"
Provide a response to the given query in Hindi:,1956 में राज्यों के पुनर्गठन अधिनियम क्या था?,"1956 में भारतीय संसद द्वारा पारित किया गया राज्यों के पुनर्गठन अधिनियम एक महत्वपूर्ण विधेयक था जो भारतीय राज्यों और केंद्रशासित प्रदेशों की सीमाओं को भाषाई आधार पर पुनर्गठित किया, देश में प्रशासनिक और भाषाई विविधता के मुद्दों का समाधान करने का उद्देश्य रखता था।"
Answer the question in Hindi language:,राज्यों के पुनर्गठन अधिनियम के मुख्य उद्देश्य और प्रावधान क्या थे?,"राज्यों के पुनर्गठन अधिनियम के मुख्य उद्देश्य थे स्थानीयता और सांस्कृतिक समानता के आधार पर राज्यों और केंद्रशासित प्रदेशों को बनाना, अधिक कुशल प्रशासन और शासन को सुविधाजनक बनाना, और भारत में भाषाई समानता और क्षेत्रीय विकास को प्रोत्साहित करना।"
Reply to the asked question in Hindi:,राज्यों के पुनर्गठन अधिनियम ने भारत के राजनीतिक और प्रशासनिक परिदृश्य को कैसे प्रभावित किया?,"राज्यों के पुनर्गठन अधिनियम ने भारत के राजनीतिक और प्रशासनिक परिदृश्य को बड़े पैमाने पर प्रभावित किया, भाषाई आधार पर राज्य सीमाओं को पुनर्गठित करके, प्रशासनिक अधिकार को विस्तारित करके, और क्षेत्रीय पहचान और विकास को प्रोत्साहित किया।"
दिए गए प्रश्न का उत्तर हिंदी में दें:,राज्यों के पुनर्गठन अधिनियम का भारत में भाषाई अल्पसंख्यकों और सांस्कृतिक विविधता के लिए क्या परिणाम था?,"राज्यों के पुनर्गठन अधिनियम का भारत में भाषाई अल्पसंख्यकों और सांस्कृतिक विविधता के लिए न केवल सकारात्मक बल्कि नकारात्मक परिणाम भी थे, क्योंकि यह भाषाई समानता और मान्यता को बढ़ावा दिया, लेकिन यह भी भाषा, पहचान, और सीमांत दावों पर टकराव और विवाद ले आया।"
दिए गए सवाल का जवाब हिंदी में लिखें:,राज्यों के पुनर्गठन अधिनियम ने भारत में राष्ट्रनिर्माण और क्षेत्रीय विकास में कैसे योगदान दिया?," राज्यों के पुनर्गठन अधिनियम ने भारत में राष्ट्रनिर्माण और क्षेत्रीय विकास में लिंगीय और सांस्कृतिक पहचान के एक भावनात्मक अहसास को बढ़ावा दिया, प्रशासनिक कुशलता और शासन का प्रभावी बनाया, और स्थानीय सरकारों और समुदायों को सशक्त किया।"
दिए गए प्रश्न का समाधान हिंदी में प्रस्तुत करें:,दूसरा पंचवर्षीय योजना (1956–1961) क्या था?,"1956 में भारत सरकार द्वारा शुरू की गई दूसरी पंचवर्षीय योजना एक व्यापक आर्थिक विकास रणनीति थी जिसका उद्देश्य औद्योगिकीकरण को तेजी से बढ़ाना, कृषि सुधारों को बढ़ावा देना और सामाजिक कल्याण और बुनियादी ढांचा विकास को बढ़ावा देना था।"
पूछे गए प्रश्न का उत्तर हिंदी में प्रदान करें:,दूसरी पंचवर्षीय योजना के मुख्य उद्देश्य और प्राथमिकताएं क्या थीं?,"दूसरी पंचवर्षीय योजना के मुख्य उद्देश्य और प्राथमिकताएं तेजी से औद्योगिक विकास, कृषि उत्पादकता और ग्रामीण विकास को बढ़ावा देना, सामाजिक कल्याण कार्यक्रमों का विस्तार करना, और सामाजिक-आर्थिक असमानता और गरीबी को कम करना शामिल थे।"
बताए गए सवाल का उत्तर हिंदी में दें।,भारत में दूसरी पंचवर्षीय योजना कैसे कार्यान्वित की गई?," दूसरी पंचवर्षीय योजना को आर्थिक क्षेत्र के महत्वपूर्ण क्षेत्रों में केंद्रीय योजनाबद्ध और सरकारी हस्तक्षेप के माध्यम से कार्यान्वित किया गया, जैसे औद्योगिक, कृषि, ऊर्जा, और सामाजिक सेवाओं में, साथ ही सार्वजनिक निवेश, राज्य-नेतृत्व विकास परियोजनाओं, और समाजवादी सिद्धांतों पर जोर दिया गया।"
Diye gaye prashn ka uttar Hindi mein dein:,दूसरी पंचवर्षीय योजना की उपलब्धियां और दोष क्या थे?,"दूसरी पंचवर्षीय योजना की उपलब्धियों में औद्योगिक उत्पादन, कृषि उत्पादन, और सामाजिक कल्याण सूचकांकों में विशेष प्रगति शामिल थी, लेकिन इसका सामर्थ्य सीमाओं, कार्यान्वयन में अवरोधों, और क्षेत्रीय विकास में असमानता जैसी चुनौतियों का सामना भी हुआ।"
Diye gaye sawaal ka jawab Hindi mein likhein:,तीसरी पंचवर्षीय योजना (1961–1966) क्या था?,"1961 में भारत सरकार द्वारा शुरू की गई तीसरी पंचवर्षीय योजना एक व्यापक आर्थिक विकास रणनीति थी जिसका उद्देश्य पिछली योजनाओं के लाभों को मजबूत करना, संतुलित विकास को बढ़ावा देना, और उभरती चुनौतियों और प्राथमिकताओं का सामना करना था।"
Diye gaye prashn ka samadhan Hindi mein prastut karein:,तीसरी पंचवर्षीय योजना के मुख्य उद्देश्य और प्राथमिकताएं क्या थीं?,"तीसरी पंचवर्षीय योजना के मुख्य उद्देश्य और प्राथमिकताएं तेजी से आर्थिक वृद्धि को बनाए रखना, प्रौद्योगिकी उन्नति और औद्योगिक विविधता को बढ़ावा देना, कृषि उत्पादकता और ग्रामीण विकास को बढ़ावा देना, और सामाजिक कल्याण कार्यक्रमों का विस्तार करना शामिल थे।"
Pooche gaye prashn ka uttar Hindi mein pradaan karein:,भारत में तीसरी पंचवर्षीय योजना कैसे कार्यान्वित की गई?," तीसरी पंचवर्षीय योजना को आर्थिक क्षेत्र के महत्वपूर्ण क्षेत्रों में केंद्रीय योजनाबद्ध और सरकारी हस्तक्षेप के माध्यम से कार्यान्वित किया गया, जैसे औद्योगिक, कृषि, बुनियादी ढांचा, और सामाजिक सेवाओं में, साथ ही सार्वजनिक निवेश, राज्य-नेतृत्व विकास परियोजनाओं, और प्रौद्योगिकी नवाचार पर जोर दिया गया।"
Bataye gaye sawaal ka jawab Hindi mein dein:, तीसरी पंचवर्षीय योजना की उपलब्धियां और दोष क्या थे?,"तीसरी पंचवर्षीय योजना की उपलब्धियों में आर्थिक वृद्धि, औद्योगिक विस्तार, और सामाजिक कल्याण सूचकांकों में सुधार शामिल था, लेकिन इसका सामर्थ्य सीमाओं, वित्तीय दबाव, भुगतान की असंतुलना, और विकास में क्षेत्रीय असमानता जैसी चुनौतियों का सामना भी हुआ।"
Answer the given question in Hindi:,तीसरी पंचवर्षीय योजना ने भारत के आर्थिक विकास में कैसे सहायक बनाया?," तीसरी पंचवर्षीय योजना ने पिछली योजनाओं के लाभों को मजबूत करने, औद्योगिक विविधता और प्रौद्योगिकी उन्नति को बढ़ाने, बुनियादी ढांचा और सामाजिक कल्याण कार्यक्रमों को विस्तारित करने, और उभरती चुनौतियों और प्राथमिकताओं का सामना करने के माध्यम से भारत के आर्थिक विकास में सहायक बनाया।"
Write your answer to the question in Hindi:,1969–1974 में चौथा पंचवर्षीय योजना क्या थी?,"1969 में भारत सरकार द्वारा प्रारंभ की गई चौथी पंचवर्षीय योजना, एक व्यापक आर्थिक विकास रणनीति थी जो गरीबी को कम करने, ग्रामीण विकास को बढ़ावा देने, सामाजिक न्याय को बढ़ावा देने का लक्ष्य रखती थी, साथ ही मुद्रास्फीति और खाद्य की कमी जैसी चुनौतियों का समाधान करती थी।"
Provide a response to the given query in Hindi:,चौथी पंचवर्षीय योजना की मुख्य उद्देश्य और प्राथमिकताएँ क्या थीं?,"चौथी पंचवर्षीय योजना के मुख्य उद्देश्य और प्राथमिकताएं गरीबी और आय असमानता को कम करना, ग्रामीण विकास और कृषि सुधारों को बढ़ावा देना, खाद्य उत्पादन में स्वायत्तता प्राप्त करना, और सामाजिक कल्याण कार्यक्रमों का विस्तार करना शामिल थे।"
Answer the question in Hindi language:,चौथी पंचवर्षीय योजना को भारत में कैसे किया गया था?,"चौथी पंचवर्षीय योजना को कृषि, उद्योग, बुनियादी ढांचे, और सामाजिक सेवाओं जैसे कुँजी खेत्रों में केंद्रीय योजना और सरकारी हस्तक्षेप के माध्यम से कार्यान्वित किया गया, गरीबी कमी, रोजगार सृजन और समान विकास पर जोर दिया गया।"
Reply to the asked question in Hindi:,चौथी पंचवर्षीय योजना की उपलब्धियाँ और कमियाँ क्या थीं?,"चौथी पंचवर्षीय योजना की उपलब्धियों में गरीबी कमी, ग्रामीण विकास, और सामाजिक कल्याण पहलों में प्रगति थी, लेकिन इसने मुद्रास्फीति, वित्तीय घाटे, और कार्यान्वयन और परिणामों में अंतरों जैसी चुनौतियों का सामना किया।"
दिए गए प्रश्न का उत्तर हिंदी में दें:,चौथी पंचवर्षीय योजना ने भारत के आर्थिक विकास में कैसे योगदान दिया?," चौथी पंचवर्षीय योजना ने गरीबी कमी, ग्रामीण विकास, और सामाजिक न्याय पर ध्यान केंद्रित करके भारत के आर्थिक विकास में योगदान किया, कृषि सुधार और ग्रामीण ढांचे को प्रोत्साहित किया, और गरीब और वंचित समुदायों तक सामाजिक कल्याण कार्यक्रमों का विस्तार किया।"
दिए गए सवाल का जवाब हिंदी में लिखें:,चौथी पंचवर्षीय योजना के दौरान शुरू की गई मुख्य पहलें और कार्यक्रम क्या थे?,"चौथी पंचवर्षीय योजना के दौरान शुरू की गई मुख्य पहलें और कार्यक्रम ग्रीन क्रांति, ग्रामीण विकास योजनाएं जैसे एकीकृत ग्रामीण विकास कार्यक्रम (आईआरडीपी), रोजगार सृजन कार्यक्रम जैसे राष्ट्रीय ग्रामीण रोजगार कार्यक्रम (एनआरईपी), और गरीब और संवेदनशील समाज के लक्ष्य करने वाली सामाजिक कल्याण योजनाएं शामिल थे।"
दिए गए प्रश्न का समाधान हिंदी में प्रस्तुत करें:,चौथी पंचवर्षीय योजना ने मुद्रास्फीति और खाद्य की कमी जैसी चुनौतियों का कैसे समाधान किया?," चौथी पंचवर्षीय योजना ने कृषि उत्पादन को बढ़ाने, सिंचाई सुविधाओं का विस्तार, उच्च उत्पादक फसलों को प्रोत्साहित करने, और महत्वपूर्ण वस्त्रादि के लिए मूल्य स्थिरता और सार्वजनिक वितरण प्रणालियों के माध्यम से मुद्रास्फीति और खाद्य की कमी जैसी चुनौतियों का समाधान किया।"
पूछे गए प्रश्न का उत्तर हिंदी में प्रदान करें:, चौथी पंचवर्षीय योजना के दौरान की गई मुख्य नीति परिवर्तन और रणनीतियाँ क्या थीं?,"चौथी पंचवर्षीय योजना के दौरान की गई मुख्य नीति परिवर्तन और रणनीतियाँ गरीबी कमी और सामाजिक न्याय पर ध्यान केंद्रित करने, ग्रामीण विकास और कृषि सुधारों को प्रोत्साहित करने, सामाजिक कल्याण कार्यक्रमों का विस्तार करने, और उद्योग क्षेत्र में आत्मनिर्भरता और आयात प्रतिस्थापन पर जोर दिया गया।"
बताए गए सवाल का उत्तर हिंदी में दें।,चौथी पंचवर्षीय योजना ने भारत की बदलती प्राथमिकताओं और सामाजिक-आर्थिक संदर्भ को कैसे प्रतिबिंबित किया?,"चौथी पंचवर्षीय योजना ने गरीबी, असमानता, और ग्रामीण विकास जैसी चुनौतियों का सामना करके भारत की बदलती प्राथमिकताओं और सामाजिक-आर्थिक संदर्भ को प्रतिबिंबित किया, जबकि मुद्रास्फीति, भुगतान के घाटे, और वैश्विक आर्थिक अनिश्चितताओं जैसी बाहरी दबावों का जवाब भी दिया।"
Diye gaye prashn ka uttar Hindi mein dein:,चौथी पंचवर्षीय योजना का भारत के विकास प्रस्थान पर दीर्घकालिक प्रभाव और विरासत क्या था?,"चौथी पंचवर्षीय योजना का भारत के विकास प्रस्थान पर दीर्घकालिक प्रभाव और विरासत में गरीबी कमी, ग्रामीण विकास, और सामाजिक कल्याण सूचकों में सुधार, साथ ही कृषि सुधार, औद्योगिक विकास, और मानव विकास परिणामों की समेकन, भारत के आर्थिक और सामाजिक प्रगति के मार्ग को प्रभावित करते हुए, उसकी विकास मार्ग को आगे बढ़ाया।"
Diye gaye sawaal ka jawab Hindi mein likhein:,1974–1978 में पांचवीं पंचवर्षीय योजना क्या थी?,"1974 से 1978 तक भारत सरकार द्वारा कार्यान्वित की गई पांचवीं पंचवर्षीय योजना का लक्ष्य गरीबी, बेरोजगारी, और क्षेत्रीय असमानताओं का समाधान करना था, जबकि कृषि विकास, आत्मनिर्भरता, और सामाजिक न्याय पर ध्यान केंद्रित था।"
Diye gaye prashn ka samadhan Hindi mein prastut karein:,पांचवीं पंचवर्षीय योजना के मुख्य उद्देश्य और प्राथमिकताएँ क्या थीं?,"पांचवीं पंचवर्षीय योजना के मुख्य उद्देश्य और प्राथमिकताएँ गरीबी और असमानता को कम करना, ग्रामीण विकास और रोजगार सृजन को प्रोत्साहित करना, खाद्य उत्पादन में स्वायत्तता प्राप्त करना, और सामाजिक कल्याण कार्यक्रमों को मजबूत करना शामिल थे।"
Pooche gaye prashn ka uttar Hindi mein pradaan karein:,पांचवीं पंचवर्षीय योजना को भारत में कैसे किया गया था?,"पांचवीं पंचवर्षीय योजना को केंद्रीय योजना और अर्थव्यवस्था के प्रमुख क्षेत्रों में सरकारी हस्तक्षेप के माध्यम से कार्यान्वित किया गया, जिसमें कृषि सुधार, औद्योगिक विकास, बुनियादी ढांचे का विकास, और गरीबी के उन्मूलन उपायों पर जोर दिया गया।"
Bataye gaye sawaal ka jawab Hindi mein dein:,पांचवीं पंचवर्षीय योजना की उपलब्धियाँ और कमियाँ क्या थीं?,"पांचवीं पंचवर्षीय योजना की उपलब्धियों में कृषि उत्पादकता, ग्रामीण ढांचा, और सामाजिक कल्याण सूचकों में सुधार था, लेकिन इसने मुद्रास्फीति, वित्तीय घाटा, और गरीबी के उन्मूलन में धीमी प्रगति जैसी चुनौतियों का सामना किया।"
Answer the given question in Hindi:,पांचवीं पंचवर्षीय योजना ने भारत के आर्थिक और सामाजिक विकास में कैसे योगदान दिया?,"पांचवीं पंचवर्षीय योजना ने कृषि आधुनिकीकरण, ग्रामीण विकास, और गरीबी के उन्मूलन उपायों के आधार को रखकर भारत के आर्थिक और सामाजिक विकास में योगदान किया, साथ ही औद्योगिक विकास और सामाजिक कल्याण पहलों को प्रोत्साहित किया।"
Write your answer to the question in Hindi:, ऑपरेशन फ्लड (1970 के दशक - 1990 के दशक) क्या था?,"ऑपरेशन फ्लड, जिसे सफेद क्रांति के रूप में भी जाना जाता है, भारत में 1970 के दशक में शुरू किए गए एक डेयरी विकास कार्यक्रम था जिसका उद्देश्य दूध उत्पादन को बढ़ाना, ग्रामीण आय को बढ़ाना, और सहकारी डेयरी क्षेत्र के माध्यम से गरीबी को कम करना था।"
Provide a response to the given query in Hindi:,ऑपरेशन फ्लड के मुख्य उद्देश्य और रणनीतियाँ क्या थीं?,"ऑपरेशन फ्लड के मुख्य उद्देश्य दूध उत्पादन को बढ़ाना, दूध प्रसंस्करण और वितरण प्रणालियों को सुधारना, डेयरी सहकारियों और किसान संगठनों को बढ़ावा देना, और ग्रामीण जीवनों और पोषण को सुधारना था।"
Answer the question in Hindi language:,ऑपरेशन फ्लड कैसे कार्यान्वित किया गया और इसके प्रमुख चरण क्या थे?,"ऑपरेशन फ्लड को चरणों में कार्यान्वित किया गया, जिसमें डेयरी सहकारियों की स्थापना, आधुनिक डेयरी प्रौद्योगिकियों का परिचय, दूध संग्रह और प्रसंस्करण केंद्रों का संगठन, और डेयरी विपणन नेटवर्क का विस्तार शामिल था।"
Reply to the asked question in Hindi:,ऑपरेशन फ्लड के लाभ और प्रभाव क्या थे?,"ऑपरेशन फ्लड के लाभ और प्रभाव में दूध उत्पादन में व्यापक वृद्धि, मजबूत डेयरी उद्योग की स्थापना, सहकारियों के माध्यम से डेयरी किसानों का सशक्तिकरण, और ग्रामीण जीवन और पोषण का सुधार शामिल था।"
दिए गए प्रश्न का उत्तर हिंदी में दें:,ऑपरेशन फ्लड ने भारतीय आर्थिक और सामाजिक विकास में कैसे योगदान दिया?,"ऑपरेशन फ्लड ने भारतीय आर्थिक और सामाजिक विकास में ग्रामीण उद्यमिता को बढ़ावा देकर, छोटे पैमाने के डेयरी किसानों को सशक्त करके, रोजगार के अवसर पैदा करके, और बढ़े हुए दूध की उपलब्धता के माध्यम से खाद्य सुरक्षा और पोषण को सुधारकर भागीदारी की।"
दिए गए सवाल का जवाब हिंदी में लिखें:,1985 में शाह बानो मामला क्या था?,"1985 में शाह बानो मामला भारत में एक महत्वपूर्ण कानूनी मामला था जिसमें इस्लामिक कानून (शरिया) के तहत तलाक के बाद महिलाओं को निर्धारित धनराशि (अलीमोनी) के अधिकारों के बारे में बहस की गई, जिसने धर्म, लिंग समानता, और कानूनी न्याय के संबंध पर एक राष्ट्रीय बहस को जलाया।"
दिए गए प्रश्न का समाधान हिंदी में प्रस्तुत करें:,शाह बानो मामले के आसपास क्या मुख्य मुद्दे और विवाद थे?,"शाह बानो मामले के चारों ओर के मुख्य मुद्दे और विवाद महिला भेदभाव, धार्मिक व्यक्तिगत कानून, और संवैधानिक अधिकारों, साथ ही धर्मनिरपेक्षता, अल्पसंख्यक अधिकार, और परिवार मामलों में राज्य की भूमिका पर विचार करते थे।"
पूछे गए प्रश्न का उत्तर हिंदी में प्रदान करें:, शाह बानो मामले में कानूनी और न्यायिक प्रक्रियाएँ क्या थीं?,"शाह बानो मामले में, भारत के सर्वोच्च न्यायालय ने शाह बानो के पक्ष में फैसला किया, उन्हें भारतीय दंड प्रक्रिया के अंतर्गत धनराशि (अलीमोनी) का अधिकार प्रदान किया, लेकिन बाद में भारतीय संसद ने संवेदनशील मुस्लिम समूहों के दबाव में इस निर्णय को पलटा।"
बताए गए सवाल का उत्तर हिंदी में दें।,शाह बानो मामले के राजनीतिक और सामाजिक प्रभाव क्या थे?," शाह बानो मामले के बड़े राजनीतिक और सामाजिक प्रभाव थे, जिसने धार्मिकनिरपेक्षता, लिंग समानता, और अल्पसंख्यक अधिकारों पर तर्कों को जलाया, और मुस्लिम महिलाओं को निर्धारित धनराशि मांगने के अधिकारों को सीमित करने वाले मुस्लिम महिला (तलाक पर हकों की संरक्षण) अधिनियम के पारित होने की राह खोली।"
Diye gaye prashn ka uttar Hindi mein dein:,शाह बानो मामले ने भारत में महिला अधिकारों और धार्मिक स्वतंत्रताओं पर चर्चा कैसे प्रभावित किया?,"शाह बानो मामले ने भारत में महिला अधिकारों और धार्मिक स्वतंत्रताओं पर चर्चा को प्रभावित किया, जिससे धार्मिक व्यक्तिगत कानूनों और लिंग समानता के बीच की तनावों को हाइलाइट किया, और विभिन्न धार्मिक समुदायों के बीच कानूनी अधिकारों की समानता और प्रवर्तन के सवालों पर सवाल उठाया।"
Diye gaye sawaal ka jawab Hindi mein likhein:,राम जन्मभूमि आंदोलन क्या था?," राम जन्मभूमि आंदोलन भारत में एक सामाजिक-राजनीतिक अभियान था जो भगवान राम के जन्मस्थल पर मंदिर के निर्माण की प्रतिस्थापना की मांग करता था, जो उत्तर प्रदेश के अयोध्या में स्थित है, जो भारतीय समाज में एक विवादास्पद धार्मिक और राजनीतिक मुद्दा बन गया।"
Diye gaye prashn ka samadhan Hindi mein prastut karein:,राम जन्मभूमि आंदोलन की ऐतिहासिक और धार्मिक उत्पत्तियाँ क्या थीं?,"राम जन्मभूमि आंदोलन की ऐतिहासिक और धार्मिक उत्पत्तियाँ उस विश्वास की ओर जा सकती हैं कि अयोध्या में बाबरी मस्जिद को भगवान राम के जन्मस्थल पर बनाया गया था, जिसके कारण हिन्दू समुदाय ने मंदिर की पुनर्निर्माण की मांग की।"
Pooche gaye prashn ka uttar Hindi mein pradaan karein:,राम जन्मभूमि आंदोलन में क्या मुख्य घटनाएँ और मील के पत्थर थे?,"राम जन्मभूमि आंदोलन में मुख्य घटनाएँ और मील के पत्थर बाबरी मस्जिद के 1992 में हिन्दू राष्ट्रवादी कार्यकर्ताओं द्वारा तोड़ दिया गया, उसके पश्चात सांप्रदायिक हिंसा और दंगे, और विवादित स्थल के स्वामित्व और उपयोग पर कानूनी और राजनीतिक विवाद।"
Bataye gaye sawaal ka jawab Hindi mein dein:, राम जन्मभूमि आंदोलन के राजनीतिक और सामाजिक प्रभाव क्या थे?,"राम जन्मभूमि आंदोलन के बड़े राजनीतिक और सामाजिक प्रभाव थे, जो सांप्रदायिक तनावों को बढ़ाने, धार्मिक समुदायों को विभाजित करने, और भारतीय राजनीतिक परिदृश्य को पुनर्गठित करने की क्षमता रखते थे, जिससे धार्मिकता, बहुलता, और कानून के नियमों पर बहस होती थी।"
Answer the given question in Hindi:,राम जन्मभूमि आंदोलन ने भारतीय राजनीति और समाज पर कैसा प्रभाव डाला?,"राम जन्मभूमि आंदोलन ने भारतीय राजनीति और समाज पर हिन्दू राष्ट्रवादी भावनाओं को सक्रिय किया, दक्षिण-पंथी राजनीतिक पार्टियों के समर्थन को प्रेरित किया, और धार्मिक विभाजन को गहरा किया, साथ ही सांप्रदायिक सद्भाव और धार्मिक सहिष्णुता के संदर्भ में चिंताएं भी उठाई।"
Write your answer to the question in Hindi:,राम जन्मभूमि विवाद से संबंधित कानूनी और न्यायिक प्रक्रियाएँ क्या थीं?,"राम जन्मभूमि विवाद से संबंधित कानूनी और न्यायिक प्रक्रियाएँ अयोध्या में विवादित स्थल के स्वामित्व और उपयोग पर कई अदालती मामलों और कानूनी चुनौतियों को शामिल करती थीं, जिसका परिणाम 2019 में भारत के सर्वोच्च न्यायालय के निर्णय में आया।"
Provide a response to the given query in Hindi:,राम जन्मभूमि विवाद ने भारतीय धार्मिकता और सांप्रदायिक सद्भाव को कैसे प्रभावित किया?,"राम जन्मभूमि विवाद ने भारतीय धार्मिकता और सांप्रदायिक सद्भाव को धार्मिक आधारों पर विभाजित करके, संवैधानिक हिंसा और सांप्रदायिक तनावों को बढ़ाकर, और धार्मिक बहुमत्ता और सहयोग के सिद्धांतों को चुनौती देकर भारतीय सामाजिक तंत्र को प्रभावित किया।"
Answer the question in Hindi language:,1980 में मंडल आयोग रिपोर्ट क्या थी?,"मंडल आयोग रिपोर्ट, आधिकारिक रूप से सामाजिक और शैक्षिक पिछड़ा वर्गों की पहचान पर मंडल आयोग रिपोर्ट के रूप में जानी जाती थी, भारत में एक महत्वपूर्ण दस्तावेज था जो सामाजिक असमानता को संशोधित करने और सामाजिक न्याय को बढ़ावा देने के लिए सरकारी नौकरियों और शैक्षणिक संस्थानों में अन्य पिछड़ा वर्गों (OBCs) के लिए आरक्षण की सिफारिश की।"
Reply to the asked question in Hindi:,मंडल आयोग रिपोर्ट की मुख्य खोज और सिफारिशें क्या थीं?,"मंडल आयोग रिपोर्ट की मुख्य खोजों में भारतीय जनसंख्या का एक महत्वपूर्ण अंश को सामाजिक और शैक्षिक रूप से पिछड़ा बताया गया था, और इसकी सिफारिशों में सरकारी नौकरियों और शैक्षणिक संस्थानों में अन्य पिछड़ा वर्गों (OBCs) के लिए आरक्षण को लागू करने की सिफारिश शामिल थी, ताकि उन्हें आगे बढ़ने के लिए अवसर प्रदान किया जा सके।"
दिए गए प्रश्न का उत्तर हिंदी में दें:, मंडल आयोग रिपोर्ट का भारतीय समाज और राजनीति पर क्या प्रभाव था?,"मंडल आयोग रिपोर्ट ने भारतीय समाज और राजनीति पर गहरा प्रभाव डाला जिसके कारण सकारात्मक क्रिया, जाति आधारित आरक्षण, और सामाजिक न्याय पर बहसों को उत्पन्न किया, और व्यापक प्रदर्शन, राजनीतिक जनसंचार, और नीति सुधारों के लिए कार्यवाही करवाई।"
दिए गए सवाल का जवाब हिंदी में लिखें:,मंडल आयोग रिपोर्ट के लिए विभिन्न राजनीतिक और सामाजिक समूहों की प्रतिक्रिया क्या थी?,"मंडल आयोग रिपोर्ट के प्रति प्रतिक्रियाएँ विभिन्न राजनीतिक और सामाजिक समूहों में भिन्न-भिन्न थीं, कुछ इसकी सिफारिशों का समर्थन करते हुए, इसे ऐतिहासिक अन्यायों को समाधान करने और समानता को बढ़ावा देने का एक साधन मानते हुए, जबकि अन्य इसका विरोध करते थे, प्रतिष्ठा के आधार पर और जाति के आधार पर कोटे के संदेहों को दर्शाते हुए।"
दिए गए प्रश्न का समाधान हिंदी में प्रस्तुत करें:,मंडल आयोग रिपोर्ट के कार्यान्वयन से भारतीय शासन और सार्वजनिक संस्थानों का परिदृश्य कैसे बदल गया?,"मंडल आयोग रिपोर्ट के कार्यान्वयन से भारतीय शासन और सार्वजनिक संस्थानों का परिदृश्य बदल गया जिससे अन्य पिछड़ा वर्ग (OBCs) के प्रतिनिधित्व और समावेश के अवसर सरकारी नौकरियों, शैक्षिक संस्थानों, और अन्य क्षेत्रों में विस्तारित हो गए जो पूर्व में ऊपरी जाति के अधिकारियों द्वारा नियंत्रित थे।"
पूछे गए प्रश्न का उत्तर हिंदी में प्रदान करें:,1984 में इंदिरा गांधी का हत्याकांड क्या था?,1984 में इंदिरा गांधी का हत्याकांड एक दुखद घटना थी जिसमें भारतीय इतिहास में प्रधानमंत्री इंदिरा गांधी को उनके सिख बॉडीगार्ड्स ने उनके सिख जिहादियों के खिलाफ भारतीय सेना की कार्रवाई का प्रतिशोध के रूप में अमृतसर के स्वर्ण मंदिर संग्रहण में आक्रमण के लिए हत्या कर दी।
बताए गए सवाल का उत्तर हिंदी में दें।,इंदिरा गांधी की हत्या के किस प्रसंग और घटनाओं ने इंदिरा गांधी की हत्या को किया?,"इंदिरा गांधी की हत्या की घटना में भारतीय सरकार और सिख अलगावादियों के बीच बढ़ती तनाव को समेटते हुए, विशेष रूप से 1984 में ऑपरेशन ब्लू स्टार के बाद, जो भारतीय सेना द्वारा अमृतसर के स्वर्ण मंदिर पर सैन्य हमला करने के लिए किया गया था, से एक सामरिक हमला हुआ।"
Diye gaye prashn ka uttar Hindi mein dein:,इंदिरा गांधी की हत्या के तत्काल परिणाम और परिणाम क्या थे?,"इंदिरा गांधी की हत्या के तत्काल परिणाम और परिणाम में भारत के विभिन्न हिस्सों में सिखों के खिलाफ व्यापक दंगों और हिंसा, हजारों की मौत और पलायन, साथ ही देश में राजनीतिक अस्थिरता और अनिश्चितता शामिल थी।"
Diye gaye sawaal ka jawab Hindi mein likhein:,इंदिरा गांधी की हत्या ने भारतीय राजनीति और समाज पर कैसा प्रभाव डाला?,"इंदिरा गांधी की हत्या ने भारतीय राजनीति और समाज पर गहरा प्रभाव डाला जिससे सांप्रदायिक तनाव, धार्मिक समुदायों के बीच विपरीतता, और राजनीतिक परिदृश्य को पुनः आकार देने का परिणाम हुआ, जिससे सरकारी नीतियों और सार्वजनिक वार्तालाप में महत्वपूर्ण परिवर्तन हुए।"
Diye gaye prashn ka samadhan Hindi mein prastut karein:,इंदिरा गांधी की हत्या का भारतीय लोकतंत्र और शासन के लिए दीर्घकालिक परिणाम क्या थे?," इंदिरा गांधी की हत्या का भारतीय लोकतंत्र और शासन के लिए दीर्घकालिक परिणाम में राजनीतिक स्थिरता, राष्ट्रीय सुरक्षा, और सांप्रदायिक सद्भाव के सवालों को शामिल किया गया और भविष्य की राजनीतिक हिंसा के अवसरों को रोकने के लिए संस्थागत सुधार और उपायों की आवश्यकता को उत्पन्न किया।"
Pooche gaye prashn ka uttar Hindi mein pradaan karein:,अठारहवीं सदी में बोफोर्स घोटाला क्या था?,"अठारहवीं सदी में बोफोर्स घोटाला भारत में एक प्रमुख राजनीतिक विवाद था, जिसमें भ्रष्टाचार और किकबैक्स के आरोपों के माध्यम से भारतीय सेना के लिए स्वीडिश हथियार निर्माता एबी बोफोर्स से बोफोर्स हाउट्ज़र आर्टिलरी गन की खरीद में शामिल था।"
Bataye gaye sawaal ka jawab Hindi mein dein:,बोफोर्स घोटाले में मुख्य घटनाएँ और राज़ थे क्या?,"बोफोर्स घोटाले में मुख्य घटनाएँ और राज भ्रष्टाचार और किकबैक्स के आरोप, बोफोर्स द्वारा भारतीय अधिकारियों और राजनीतिज्ञों को अवैध भुगतान और किकबैक्स के आरोप, आरोपी दस्तावेज़ों का मीडिया को लीक होना, और इस घोटाले की बाद में जांच और जांच में शामिल होता है।"
Answer the given question in Hindi:, बोफोर्स घोटाले ने भारतीय राजनीति और जनसंचार पर कैसा प्रभाव डाला?," बोफोर्स घोटाले ने भारतीय राजनीति और जनसंचार पर बड़ा प्रभाव डाला और सरकार में विश्वास को क्षीण किया, राजनीतिज्ञों और सरकारी अधिकारियों की छवि को काले धन किया, और जनसंवेदना और शासन में जवाबदेही और पारदर्शिता की मांगों और मांगों को भड़काया।"
Write your answer to the question in Hindi:,बोफोर्स घोटाले से संबंधित कानूनी और न्यायिक प्रक्रियाएँ क्या थीं?,"बोफोर्स घोटाले से संबंधित कानूनी और न्यायिक प्रक्रियाएँ कई जांचें, अदालती मुद्दे, और सरकारी एजेंसियों के जांच और पूछताछ में शामिल थीं, लेकिन आरोपियों को दोषी पाने के प्रयास के बावजूद, घोटाला कानूनी जटिलताओं और राजनीतिक विवादों में फंसा रहा।"
Provide a response to the given query in Hindi:, बोफोर्स घोटाला भारत में रक्षा निविदा नीतियों और भ्रष्टाचार निवारण के उपायों पर कैसा प्रभाव डाला?,"बोफोर्स घोटाला ने भारत में रक्षा निविदा नीतियों और भ्रष्टाचार निवारण के उपायों पर प्रभाव डाला और सरकारी ठेकों और खरीद प्रक्रियाओं में अधिक पारदर्शिता, जवाबदेही, और निगरानी की आवश्यकता को प्रकट किया, जिससे रक्षा खरीद प्रक्रियाओं और भ्रष्टाचार विधियों में सुधार हुआ।"
Answer the question in Hindi language:, 1985 में असम समझौता क्या था?," 1985 में हस्ताक्षरित असम समझौता, भारत सरकार और असम आंदोलन के नेताओं के बीच एक ऐतिहासिक समझौता था, जिसका उद्देश्य बांग्लादेश से अवैध आवास की दीर्घकालिक समस्या को समाधान करना और प्राकृतिक असमीय लोगों के सांस्कृतिक और राजनीतिक अधिकारों की रक्षा करना था।"
Reply to the asked question in Hindi:,असम समझौते के मुख्य प्रावधान और प्रतिबद्धियाँ क्या थीं?,"असम समझौते के मुख्य प्रावधान और प्रतिबद्धियाँ में असम में 25 मार्च 1971 के बाद आए अवैध प्रवासीयों की पहचान और निर्वासन, और आगे की अवैध प्रवास को रोकने और डराने के उपायों का कार्यान्वयन और असमीय पहचान और संस्कृति की संरक्षा शामिल थी।"
दिए गए प्रश्न का उत्तर हिंदी में दें:,असम समझौते ने असम में विभिन्न हितधारकों की शिकायतें और मांगों को कैसे संबोधित किया?,"असम समझौते ने असम में विभिन्न हितधारकों की शिकायतें और मांगों को संबोधित किया और असम में जनजाति लोगों के चिंताओं को मान्यता दी, जो जनसांख्यिकीय परिवर्तन, सामाजिक-आर्थिक असमानता, और राजनीतिक प्रतिनिधित्व के मुद्दों को निर्दोषित करती हैं, और संविधानिक निरंतरता और विकास पहलों की आश्वासन प्रदान करती है।"
दिए गए सवाल का जवाब हिंदी में लिखें:,असम समझौते को कार्यान्वित करने में क्या चुनौतियाँ और सीमाएँ थीं?,"असम समझौते को कार्यान्वित करने में चुनौतियाँ और सीमाएँ अवैध प्रवासीयों की पहचान और निर्वासन करने में मुश्किलें, उसके प्रावधानों के विरोध और संविधान के मुख्य निर्धारणों की अनसुनी कानूनी उलझनों में शामिल थी, और असम में अवैध प्रवास और सामाजिक-आर्थिक असमानता के मूल कारणों का समाधान नहीं किया गया।"
दिए गए प्रश्न का समाधान हिंदी में प्रस्तुत करें:,असम समझौते ने असम के सामाजिक-राजनीतिक परिदृश्य को कैसे प्रभावित किया?,"असम समझौते ने असम के सामाजिक-राजनीतिक परिदृश्य को जनजाति संबंध, राजनीतिक संगठन, और पहचान की राजनीति को आकार दिया, साथ ही राज्य में प्रवास, नागरिकता, और क्षेत्रीय विकास से संबंधित सरकारी नीतियों और कार्यक्रमों को प्रभावित किया।"
पूछे गए प्रश्न का उत्तर हिंदी में प्रदान करें:,1986 में मिजोरम शांति समझौता क्या था?,"1986 में मिजोरम शांति समझौता, भारत सरकार और मिजो राष्ट्रीय मुक्ति मोर्चा (एमएनएफ) के बीच हस्ताक्षरित एक महत्वपूर्ण समझौता था, जिसका उद्देश्य दशकों से चली आ रही विद्रोह और हिंसा को समाप्त करना और मिजो लोगों को भारतीय मुख्यधारा में सम्मिलित करना था।"
बताए गए सवाल का उत्तर हिंदी में दें।,मिजोरम शांति समझौते के मुख्य प्रावधान और प्रतिबद्धियाँ क्या थीं?,"मिजोरम शांति समझौते के मुख्य प्रावधान और प्रतिबद्धियाँ में हिंसा और हिंसा का बंद होना, मिजो विद्रोहियों का शस्त्रबंद और प्रभावशीलता, पूर्व विद्रोहियों को क्षमा और पुनर्वास, और मिजोरम में अधिक स्वायत्तता और स्व-प्रशासन का विकास शामिल था।"
Diye gaye prashn ka uttar Hindi mein dein:,मिजोरम शांति समझौता मिजोरम में शांति निर्माण और समाधान में कैसे सहायक रहा?,"मिजोरम शांति समझौता ने संघर्ष के मूल कारणों का समाधान किया, सरकार और विद्रोहियों के बीच विश्वास और आत्मविश्वास को बढ़ावा दिया, और क्षेत्र में सामाजिक-आर्थिक विकास और राजनीतिक स्थिरता को बढ़ावा दिया।"
Diye gaye sawaal ka jawab Hindi mein likhein:,मिजोरम शांति समझौते को कार्यान्वित करने में क्या चुनौतियाँ और बाधाएँ थीं?,"मिजोरम शांति समझौते को कार्यान्वित करने में चुनौतियाँ और बाधाएँ मिजो समुदाय के कुछ धारावाहिकों से विरोध और संदेह, समझौते की प्रतिबद्धियों को पूरा करने में देरी और मुश्किलें, और मिजोरम में शांति और समाधान को स्थायी बनाए रखने की आवश्यकता शामिल थी।"
Diye gaye prashn ka samadhan Hindi mein prastut karein:,मिजोरम शांति समझौता ने मिजोरम के सामाजिक-राजनीतिक गतिविधियों पर कैसा प्रभाव डाला?," मिजोरम शांति समझौता ने मिजोरम के सामाजिक-राजनीतिक गतिविधियों पर विद्रोह से भरे राज्य को शांतिपूर्ण और स्थिर क्षेत्र में बदल दिया, पूर्व विद्रोहियों को मुख्य समाज में सम्मिलित करने में सहायता की, और स्थानीय प्रशासन और विकास पहलों को शक्तिशाली बनाया।"
Pooche gaye prashn ka uttar Hindi mein pradaan karein:,1993 में बोडो समझौता क्या था?,"1993 में हस्ताक्षरित बोडो समझौता, भारत सरकार, असम राज्य सरकार, और बोडो समुदाय के प्रतिनिधियों के बीच एक महत्वपूर्ण समझौता था, जिसका उद्देश्य असम में बोडो समुदाय की स्वायत्ता और सामाजिक-आर्थिक विकास की मांगों का समाधान करना था।"
Bataye gaye sawaal ka jawab Hindi mein dein:,बोडो समझौते के मुख्य प्रावधान और उद्देश्य क्या थे?,"बोडो समझौते के मुख्य प्रावधान और उद्देश्य में बोडोलैंड स्वायत्त परिषद (बीएसी) का गठन सीमित विधायिकी और कार्यकारी शक्तियों के साथ, बोडो समुदाय के सामाजिक-आर्थिक उत्थान के लिए विशेष विकास कार्यक्रमों का कार्यान्वयन, और सशस्त्र संघर्ष और हिंसा का बंद होना शामिल था।"
Answer the given question in Hindi:,बोडो समझौता ने असम में शांति निर्माण और समाधान में कैसे सहायक रहा?,"बोडो समझौता ने असम में शांति निर्माण और समाधान में बोडो समुदाय की शिकायतों और मांगों का समाधान करके, दशकों से चली आ रही सशस्त्र विद्रोह और हिंसा को समाप्त करके, और सरकार और बोडो प्रतिनिधियों के बीच विश्वास और सहयोग को बढ़ावा दिया।"
Write your answer to the question in Hindi:,बोडो समझौते को कार्यान्वित करने में क्या चुनौतियाँ और सीमाएँ थीं?,"बोडो समझौते को कार्यान्वित करने में चुनौतियाँ और सीमाएँ इसकी प्रतिबद्धियों को पूरा करने में देरी और मुश्किलें, संसाधनों और शक्तियों के वितरण पर असहमति और संघर्ष, और बोडोलैंड में मौजूद सामाजिक-आर्थिक असमानता और पहचान समस्याओं का समाधान करने की आवश्यकता शामिल थी।"
Provide a response to the given query in Hindi:,बोडो समझौता ने असम के सामाजिक-राजनीतिक परिदृश्य को कैसे प्रभावित किया?,"बोडो समझौता ने असम के सामाजिक-राजनीतिक परिदृश्य को जाति समाधान को बढ़ावा देने, बोडोलैंड में स्थानीय प्रशासन और विकास पहलों को सशक्त बनाने, और राज्य के राजनीतिक संस्थानों में नृविशेष समुदायों की अधिक स्वायत्तता और प्रतिनिधित्व के लिए मार्ग खोला।"
