instruction,input,output
प्रदान किए गए जीव विज्ञान के प्रश्न का उत्तर दें:,"इसकी भौतिक विशेषताओं के आधार पर निम्नलिखित जीव के वैज्ञानिक नाम की पहचान कीजिएः उत्तरी अमेरिका के जंगलों में पाया जाने वाला एक छोटा, लोमड़ीदार स्तनपायी जिसकी झाड़ीदार पूंछ, गोल कान और तेज पंजे हैं।","वर्णित भौतिक विशेषताओं के आधार पर, जीव एक साइरस कैरोलिनेंसिस हो सकता है, जिसे आमतौर पर पूर्वी धूसर गिलहरी के रूप में जाना जाता है। हालाँकि, यह ध्यान रखना महत्वपूर्ण है कि उत्तरी अमेरिका में समान विशेषताओं वाले कई छोटे, लोमड़े स्तनधारी हैं, और एक निश्चित वैज्ञानिक नाम प्रदान करने के लिए अधिक विस्तृत विवरण आवश्यक होगा।"
Diye gaye jeev vigyan ke prashn ka samadhan prastut karein:,"एक ऐसे जीवित जीव के राज्य और वंश की पहचान करें जिसमें सममित शरीर, कई ऊतक परतें, केवल एक द्वार के साथ एक पाचन तंत्र और आंदोलन के लिए एक मांसपेशियों वाला पैर हो।",इन विशेषताओं वाला जीवित जीव किंगडम एनिमलिया और फाइलम मोलुस्का से संबंधित है।
Diye gaye jeev vigyan ke prashn ka samadhan prastut karein:,वर्गीकरण के अनुसार उनके विकासवादी संबंधों की वर्तमान समझ के आधार पर मनुष्यों और चिंपांज़ी का सबसे हालिया सामान्य पूर्वज (एम. आर. सी. ए.) क्या है?,"अनुमान है कि मनुष्यों और चिंपांज़ी के सबसे हाल के सामान्य पूर्वज (एम. आर. सी. ए.) 5 से 7 मिलियन साल पहले के बीच रहते थे। इस पैतृक प्रजाति की अभी तक निश्चित रूप से पहचान नहीं की गई है, लेकिन माना जाता है कि यह होमिनिडे परिवार के भीतर होमिनिनी जनजाति का हिस्सा है। एम. आर. सी. ए. ने दो वंशों को जन्म दिया होगाः एक मनुष्यों (जीनस होमो) की ओर ले जाता है और दूसरा चिंपांज़ी और बोनोबोस (जीनस पैन) की ओर ले जाता है। यह ध्यान रखना महत्वपूर्ण है कि एम. आर. सी. ए. न तो मनुष्य था और न ही चिंपांज़ी, बल्कि एक अलग प्रजाति थी जिससे दोनों वंश विकसित हुए थे।"
Respond to the provided biology question:,होमो सेपियन्स और चिंपांज़ी के वर्गीकरण के आधार पर उनके बीच विकासवादी संबंध क्या है?,"होमो सेपियन्स (मनुष्य) और चिंपांज़ी (पैन ट्रोग्लोडाइट) अपने वर्गीकरण के आधार पर एक करीबी विकासवादी संबंध साझा करते हैं। दोनों प्रजातियाँ एक ही वर्गीकरण क्रम, प्राइमेट्स और एक ही परिवार, होमिनिडे से संबंधित हैं। होमिनिडे परिवार के भीतर, मनुष्य और चिंपांज़ी उप-परिवार होमिनिने का हिस्सा हैं, जिसे महान वानर के रूप में भी जाना जाता है।

मनुष्यों और चिंपांज़ी के बीच विकासवादी संबंध का पता एक सामान्य पूर्वज से लगाया जा सकता है जो लगभग 5-7 मिलियन साल पहले रहता था। समय के साथ, वंश दो अलग-अलग शाखाओं में विभाजित हो गया, एक मनुष्यों (जीनस होमो) के विकास की ओर ले जाता है और दूसरा चिंपांज़ी (जीनस पैन) के विकास की ओर ले जाता है।

आनुवंशिक अध्ययनों से पता चला है कि मनुष्य और चिंपांज़ी अपने डीएनए का लगभग 98-99% साझा करते हैं, जिससे वे पशु साम्राज्य में हमारे सबसे करीबी जीवित रिश्तेदार बन जाते हैं। यह घनिष्ठ आनुवंशिक संबंध दोनों प्रजातियों के बीच कई आकृति विज्ञान, व्यवहार और संज्ञानात्मक समानताओं में भी परिलक्षित होता है। हालाँकि, इन समानताओं के बावजूद, मनुष्यों और चिंपांज़ी ने मस्तिष्क के आकार, भाषा क्षमताओं और द्वि-पक्षीय गति जैसे लक्षणों में भी अलग-अलग अंतर विकसित किए हैं।"
दिए गए जीव विज्ञान के प्रश्न का समाधान प्रस्तुत करें:Pradan kiye gaye jeev vigyan ke prashn ka uttar dein:,समान भौतिक विशेषताओं को साझा करने वाली निकटता से संबंधित प्रजातियों के बीच विकासवादी संबंधों को निर्धारित करने के लिए सबसे सटीक विधि क्या है?,"समान भौतिक विशेषताओं को साझा करने वाली निकटता से संबंधित प्रजातियों के बीच विकासवादी संबंधों को निर्धारित करने के लिए सबसे सटीक विधि आणविक जातिजनन के माध्यम से है। इस दृष्टिकोण में समानताओं और अंतरों की पहचान करने के लिए रुचि की प्रजातियों से डीएनए या प्रोटीन अनुक्रमों की तुलना करना शामिल है। इन आणविक आंकड़ों के आधार पर एक जातिजन्य वृक्ष का निर्माण करके, वैज्ञानिक प्रजातियों के बीच विकासवादी संबंधों और सामान्य वंशावली का अनुमान लगा सकते हैं। यह विधि पूरी तरह से भौतिक विशेषताओं पर भरोसा करने की तुलना में अधिक सटीक है, क्योंकि यह आनुवंशिक संबंध का अधिक प्रत्यक्ष माप प्रदान करती है।"
Diye gaye jeev vigyan ke prashn ka samadhan pradan karein:,आणविक साक्ष्य के आधार पर चिंपांज़ी और मनुष्यों के बीच जातिजन्य संबंध क्या है?,"आणविक साक्ष्यों के आधार पर, मनुष्य और चिंपांज़ी एक करीबी जातिजन्य संबंध साझा करते हैं। दोनों प्रजातियाँ होमिनिडे परिवार से संबंधित हैं, जिन्हें महान वानर के रूप में भी जाना जाता है, जिसमें गोरिल्ला और ओरंगुटन भी शामिल हैं।

आणविक अध्ययनों, विशेष रूप से डी. एन. ए. अनुक्रमण और तुलना से जुड़े अध्ययनों से पता चला है कि मनुष्य और चिंपांज़ी में उच्च स्तर की आनुवंशिक समानता है। यह अनुमान लगाया गया है कि मानव और चिंपांज़ी जीनोम लगभग 98-99% समान हैं। आनुवंशिक समानता के इस उच्च स्तर से पता चलता है कि मनुष्य और चिंपांज़ी एक समान पूर्वज साझा करते हैं।

माना जाता है कि मनुष्यों और चिंपांज़ी के बीच अंतर 5 से 7 मिलियन साल पहले हुआ था। इस विचलन के बाद, दोनों वंश अलग-अलग विकसित हुए, मनुष्यों ने अंततः होमो वंश और चिंपांज़ी वंश को पैन वंश में जन्म दिया। चिम्पांजी की दो मौजूदा प्रजातियाँ आम चिम्पांजी (पैन ट्रोग्लोडाइट) और बोनोबो (पैन पैनिस्कस) हैं।

संक्षेप में, आणविक साक्ष्य मनुष्यों और चिंपांज़ी के बीच घनिष्ठ जातिजन्य संबंध का समर्थन करते हैं, दोनों प्रजातियाँ एक समान पूर्वज साझा करती हैं और होमिनिडे परिवार से संबंधित हैं। दोनों प्रजातियों के बीच उच्च स्तर की आनुवंशिक समानता उनके विकासवादी संबंध को उजागर करती है।"
Solve the biology question presented:,निम्नलिखित प्रजातियों के वंश की पहचान कीजिएः कैनिस ल्यूपस।,कैनिस ल्यूपस प्रजाति का वंश कैनिस है।
Offer a solution to the stated biology question:,"दी गई प्रजाति ""कैनिस ल्यूपस परिचित"" के लिए सही वंश की पहचान करें।","प्रजाति ""कैनिस ल्यूपस परिचित"" के लिए सही वंश कैनिस है।"
प्रदान किए गए जीव विज्ञान के प्रश्न का उत्तर दें:,"अमेज़न वर्षावन में खोजी गई एक नई प्रजाति को किस वंश का नाम दिया जाना चाहिए जिसमें निम्नलिखित विशेषताएं हैंः यह एक स्तनधारी है जिसकी फर, चार पैर, एक लंबी पूंछ है, और यह ज्यादातर फलों और कीड़ों को खाता है?","अमेज़न वर्षावन में वर्णित विशेषताओं के साथ खोजी गई एक नई प्रजाति को एक जीनस नाम देने के लिए, हमें पहले इसके आकृति विज्ञान, आनुवंशिक और पारिस्थितिक लक्षणों का विस्तार से विश्लेषण करने की आवश्यकता होगी। इसमें नई प्रजातियों की तुलना ज्ञात प्रजातियों और उनके वर्गीकरण से करना शामिल होगा।

हालाँकि, दी गई जानकारी के आधार पर, नई प्रजाति परिवार डिडेलफिडे (ओपोसम) या परिवार प्रोसिओनिडे (रैकून और रिश्तेदार) के सदस्यों के साथ कुछ समानताएँ साझा करती प्रतीत होती है। दोनों परिवारों में फर वाले स्तनधारी, चार पैर, लंबी पूंछ और सर्वभक्षी आहार शामिल हैं जिनमें फल और कीड़े शामिल हैं।

यदि नई प्रजाति ओपोसम से निकटता से संबंधित पाई जाती है, तो एक संभावित जीनस नाम ""नियोडिडेलफिस"" (जिसका अर्थ है ""नया ओपोसम"") हो सकता है। यदि यह रैकून और उनके रिश्तेदारों से अधिक निकटता से संबंधित पाया जाता है, तो एक संभावित जीनस नाम ""नियोप्रोसिओन"" (जिसका अर्थ है ""नया रैकून"") हो सकता है।

कृपया ध्यान दें कि ये केवल काल्पनिक सुझाव हैं, और वास्तविक वंश नाम का निर्धारण गहन वैज्ञानिक अनुसंधान और विश्लेषण के बाद किया जाना चाहिए। इसके अतिरिक्त, एक नए वंश के नामकरण को अंतर्राष्ट्रीय प्राणी नामकरण संहिता द्वारा निर्धारित नियमों और दिशानिर्देशों का पालन करना चाहिए।"
दिए गए जीव विज्ञान के प्रश्न का समाधान प्रस्तुत करें:Pradan kiye gaye jeev vigyan ke prashn ka uttar dein:,"""पैंथेरा पार्डस"" प्रजाति वर्गीकरण पदानुक्रम में किस वंश से संबंधित है?","प्रजाति ""पैंथेरा पार्डस"" वर्गीकरण पदानुक्रम में पैंथेरा वंश से संबंधित है।"
Diye gaye jeev vigyan ke prashn ka samadhan pradan karein:,"पैंथेरा पार्डस प्रजाति के लिए सही वंश की पहचान करें, जिसे आमतौर पर किस प्रकार की बड़ी बिल्ली के रूप में जाना जाता है?","पैंथेरा पार्डस प्रजाति के लिए सही वंश, जिसे आमतौर पर तेंदुए के रूप में जाना जाता है, पैंथेरा है।"
Address the biology problem provided:,"प्रजाति ""कैनिस ल्यूपस"" के लिए सही वंश कौन सा है?","प्रजाति ""कैनिस ल्यूपस"" के लिए सही वंश कैनिस है।"
दिए गए जीव विज्ञान के प्रश्न का समाधान प्रदान करें:,"निम्नलिखित विशेषताओं के साथ तितली की एक प्रजाति के लिए सही वंश की पहचान करेंः 6 सेंटीमीटर के पंख, काले और सफेद धारीदार पेट, और छोटे सफेद धब्बों के मंद पैटर्न के साथ नीले और काले रंग के पंख।","दी गई विशेषताओं के आधार पर, यह संभावना है कि तितली ग्रेफियम वंश से संबंधित है। ग्रैफियम तितलियाँ, जिन्हें तलवार की पूंछ या स्वेलोटेल के रूप में भी जाना जाता है, अपने काले और सफेद धारीदार पेट के साथ-साथ सफेद धब्बों वाले अपने नीले और काले रंग के पंखों के लिए जानी जाती हैं। हालांकि, यह ध्यान रखना महत्वपूर्ण है कि एक अधिक सटीक पहचान के लिए अतिरिक्त जानकारी और नमूने की पूरी तरह से जांच की आवश्यकता होगी।"
प्रदान की गई जीव विज्ञान की समस्या का समाधान करें:,कैनिस ल्यूपस प्रजाति के लिए सही वंश क्या है?,प्रजाति कैनिस ल्यूपस के लिए सही वंश कैनिस है।
दिए गए जीव विज्ञान के प्रश्न का समाधान प्रस्तुत करें:Pradan kiye gaye jeev vigyan ke prashn ka uttar dein:,क्या आप निम्नलिखित प्रजातियों के लिए जीनस की सही पहचान कर सकते हैंः कैनिस ल्यूपस?,"हां, प्रजाति कैनिस ल्यूपस के लिए जीनस कैनिस है।"
Diye gaye jeev vigyan ke prashn ka samadhan pradan karein:,कैनिस ल्यूपस परिचित प्रजाति के लिए सही वंश क्या है?,कैनिस ल्यूपस परिचित प्रजाति के लिए सही वंश कैनिस है।
Prastut kiye gaye jeev vigyan ke prashn ko hal karein:,उर्सस मैरिटिमस प्रजाति के लिए सही वंश क्या है?,"उर्सस मैरीटिमस प्रजाति के लिए सही वंश, जिसे आमतौर पर ध्रुवीय भालू के रूप में जाना जाता है, उर्सस है।"
Pradan ki gayi jeev vigyan ki samasya ka samadhan karein:,"वर्गीकरण वर्गीकरण में ""कैनिस ल्यूपस"" किस प्रजाति से संबंधित है?","प्रजाति ""कैनिस ल्यूपस"" वर्गीकरण में कैनिस वंश से संबंधित है।"
Diye gaye jeev vigyan ke prashn ka samadhan prastut karein:,पैंथेरा टाइग्रिस (जिसे आमतौर पर बाघ के रूप में जाना जाता है) प्रजाति के लिए सही वंश वर्गीकरण क्या है?,पैंथेरा टाइग्रिस (आमतौर पर बाघ के रूप में जाना जाता है) प्रजाति के लिए सही वंश वर्गीकरण पैंथेरा है।
Respond to the provided biology question:,"दी गई प्रजाति ""कैनिस ल्यूपस"" किस वंश से संबंधित है, और इसकी वर्गीकरण संबंधी विशेषताएं क्या हैं?","प्रजाति ""कैनिस ल्यूपस"" कैनिस वंश से संबंधित है। कैनिस कैनिडे परिवार का एक वंश है, जिसमें कुत्ते, भेड़िये, कोयोट और सियार शामिल हैं। कैनिस वंश की वर्गीकरण विशेषताएँ इस प्रकार हैंः

राज्यः पशु
फैलमः चोरडाटा
वर्गः स्तनपायी
आदेशः कार्निवोरा
परिवारः कैनिडे
वंशः कैनिस

कैनिस वंश के सदस्यों की विशेषता उनके मध्यम से बड़े आकार, लंबे अंग और गैर-खींचने योग्य पंजे हैं। उनके पास सूंघने की अच्छी तरह से विकसित भावना, मजबूत जबड़े और मांसाहारी आहार के लिए अनुकूलित तेज दांत हैं। कैनिड्स सामाजिक जानवर हैं, जो अक्सर समूह या पारिवारिक समूहों में रहते हैं, और मुखरता, शरीर की भाषा और सुगंध अंकन सहित जटिल संचार विधियों का प्रदर्शन करते हैं।"
Provide an answer to the given biology query:,"किसी दी गई प्रजाति के लिए सही वंश की पहचान कीजिएः क्या आप जानवरों या पौधों की निम्नलिखित प्रजातियों-पैंथेरा टाइग्रिस, कैनिस ल्यूपस, फेलिस कैटस, होमो सेपियन्स, मुस्का डोमेस्टिका, इक्विसेटम आर्वेन्स के वंश की सही पहचान कर सकते हैं?","हां, मैं इनमें से प्रत्येक प्रजाति के लिए वंश की पहचान कर सकता हूंः

1. पैंथेरा टाइग्रिस-यह जीनस पैंथेरा है, और इसे आमतौर पर बाघ के नाम से जाना जाता है।
2. कैनिस ल्यूपस-यह जीनस कैनिस है, और इसे आमतौर पर ग्रे वुल्फ के रूप में जाना जाता है।
3. फेलिस कैटस-वंश फेलिस है, और इसे आमतौर पर घरेलू बिल्ली के रूप में जाना जाता है।
4. होमो सेपियन्स-यह वंश होमो है, और इसे आमतौर पर मानव के रूप में जाना जाता है।
5. मुस्का डोमेस्टिका-यह वंश मुस्का है, और इसे आमतौर पर हाउसफ्लाई के रूप में जाना जाता है।
6. इक्विसिटम आर्वेन्स-यह वंश इक्विसिटम है, और इसे आमतौर पर फील्ड हॉर्सटेल के रूप में जाना जाता है।"
Solve the biology question presented:,"दी गई प्रजाति ""फेलिस कैटस"" के लिए सही वंश की पहचान करें और इस बारे में एक संक्षिप्त विवरण दें कि आप अपने निष्कर्ष पर कैसे पहुंचे।","दी गई प्रजाति ""फेलिस कैटस"" के लिए सही वंश फेलिस है। जीवित जीवों को वर्गीकृत करने के लिए उपयोग की जाने वाली द्विपद नामकरण प्रणाली में, नाम का पहला भाग वंश का प्रतिनिधित्व करता है, और दूसरा भाग प्रजाति का प्रतिनिधित्व करता है। इस मामले में, ""फेलिस"" जीनस है, और ""कैटस"" प्रजाति है। फेलिस जीनस फेलिडे परिवार से संबंधित है, जिसमें छोटी से मध्यम आकार की बिल्लियाँ शामिल हैं।"
Address the biology problem provided:,"निम्नलिखित में से किस वंश का नमूना दिया गया हैः कैनिस, फेलिस या पैंथेरा?","एक भाषा मॉडल ए. आई. के रूप में, मैं भौतिक नमूनों को नहीं देख सकता या उनका विश्लेषण नहीं कर सकता। कृपया नमूने का विवरण या विशेषताएँ प्रदान करें, और मैं आपको यह निर्धारित करने में मदद करने की कोशिश करूंगा कि यह किस वंश से संबंधित है।"
Offer a solution to the stated biology question:,पैंथेरा टाइग्रिस प्रजाति के लिए सही वंश क्या है?,"पैंथेरा टाइग्रिस प्रजाति के लिए सही वंश, जो बाघ का वैज्ञानिक नाम है, पैंथेरा है।"
प्रदान किए गए जीव विज्ञान के प्रश्न का उत्तर दें:,निम्नलिखित में से कौन सा कथन किसी दिए गए पौधे की प्रजाति के लिए वंश की पहचान करने के सही तरीके का प्रतिनिधित्व करता है?,"किसी दिए गए पौधे की प्रजाति के लिए वंश की पहचान करने का सही तरीका पौधे की आकृति विज्ञान, शारीरिक और आनुवंशिक विशेषताओं की जांच करना है, और फिर इन विशेषताओं की तुलना अन्य ज्ञात पौधों की प्रजातियों से करना है। इन विशेषताओं में सबसे अधिक समानता वाले पौधों की प्रजातियाँ संभवतः एक ही वंश से संबंधित होंगी। इसके अतिरिक्त, वर्गीकरण कुंजी, वैज्ञानिक साहित्य और विशेषज्ञ राय से परामर्श करने से पौधे की प्रजाति के वंश की सटीक पहचान करने में मदद मिल सकती है।"
दिए गए जीव विज्ञान के प्रश्न का समाधान प्रस्तुत करें:Pradan kiye gaye jeev vigyan ke prashn ka uttar dein:,वर्गीकरण प्रणाली में लाल पांडा (एलुरस फुलजेन्स) किस परिवार से संबंधित है?,लाल पांडा (एलुरस फुलजेन्स) वर्गीकरण प्रणाली में एलुरिडे परिवार से संबंधित है।
Solve the biology question presented:,"प्रजाति ""कैनिस ल्यूपस परिचित"" के लिए सही परिवार क्या है?","प्रजाति ""कैनिस ल्यूपस परिचित"" के लिए सही परिवार कैनिडे है।"
Address the biology problem provided:,"प्रजाति ""कैनिस ल्यूपस"" वर्गीकरण पदानुक्रम में किस परिवार से संबंधित है?","प्रजाति ""कैनिस ल्यूपस"" वर्गीकरण पदानुक्रम में कैनिडे परिवार से संबंधित है।"
Offer a solution to the stated biology question:,"क्या आप दी गई प्रजाति ""प्यूमा कॉन्कलर"" के लिए सही परिवार की पहचान कर सकते हैं?","हां, प्रजाति प्यूमा कॉन्कलर, जिसे आमतौर पर कौगर, पहाड़ी शेर या प्यूमा के रूप में जाना जाता है, फेलिडे परिवार से संबंधित है। इस परिवार में शेर, बाघ और तेंदुए जैसी अन्य बड़ी बिल्लियाँ शामिल हैं।"
प्रदान की गई जीव विज्ञान की समस्या का समाधान करें:,पैंथेरा टाइग्रिस (बाघ) प्रजाति के लिए सही पारिवारिक वर्गीकरण क्या है?,पैंथेरा टाइग्रिस (बाघ) प्रजाति के लिए सही पारिवारिक वर्गीकरण फेलिडे है।
दिए गए जीव विज्ञान के प्रश्न का समाधान प्रस्तुत करें:Pradan kiye gaye jeev vigyan ke prashn ka uttar dein:,पशु साम्राज्य की नवीनतम वर्गीकरण प्रणाली के अनुसार प्रजाति फेलिस कैटस (घरेलू बिल्ली) किस परिवार से संबंधित है?,पशु साम्राज्य की नवीनतम वर्गीकरण प्रणाली के अनुसार प्रजाति फेलिस कैटस (घरेलू बिल्ली) फेलिडे परिवार से संबंधित है।
Pradan ki gayi jeev vigyan ki samasya ka samadhan karein:,उर्सस आर्क्टोस प्रजाति वर्गीकरण के लिनियन पदानुक्रम में किस क्रम से संबंधित है?,"उर्सस आर्क्टोस प्रजाति, जिसे आमतौर पर भूरे भालू के रूप में जाना जाता है, वर्गीकरण के लिनियन पदानुक्रम में कार्निवोरा क्रम से संबंधित है।"
Diye gaye jeev vigyan ke prashn ka samadhan prastut karein:,"निम्नलिखित प्रजातियों के लिए सही क्रम की पहचान करेंः फेलिस कैटस, कैनिस ल्यूपस, इक्वस कैबेलस और ओविस मेष।","निम्नलिखित प्रजातियों के लिए सही क्रम हैः

1. फेलिस कैटस (घरेलू बिल्ली)
2. कैनिस ल्यूपस (ग्रे वुल्फ, जिसमें घरेलू कुत्ता उप-प्रजाति के रूप में शामिल है)
3. इक्वस कैबेलस (घरेलू घोड़ा)
4. ओविस मेष (घरेलू भेड़)"
Respond to the provided biology question:,उर्सस अमेरिकेनस नामक प्रजाति के लिए सही क्रम क्या है?,"उर्सस अमेरिकेनस प्रजाति के लिए सही क्रम, जिसे आमतौर पर अमेरिकी काला भालू के रूप में जाना जाता है, कार्निवोरा है।"
Provide an answer to the given biology query:,"किसी दी गई प्रजाति के लिए सही क्रम क्या है यदि यह एव्स वर्ग, ऑर्डर पासेरिफॉर्म्स, परिवार फ्रिंजिलिडे और जीनस स्पिनस से संबंधित है?","एव्स वर्ग, ऑर्डर पासेरिफॉर्म्स, परिवार फ्रिंजिलिडे और जीनस स्पिनस से संबंधित किसी प्रजाति के लिए सही क्रम पासेरिफॉर्म्स है।"
Address the biology problem provided:,"किसी दी गई प्रजाति, ""फेलिस कैटस"" के लिए सही क्रम की पहचान करें।","प्रजाति ""फेलिस कैटस"" (घरेलू बिल्ली) के लिए सही क्रम कार्निवोरा है।"
प्रदान किए गए जीव विज्ञान के प्रश्न का उत्तर दें:,"दिए गए प्रजाति नाम ""फेलिस कैटस"" के लिए सही क्रम यानी परिवार, वंश और प्रजातियों की पहचान करें।","दी गई प्रजाति के नाम ""फेलिस कैटस"" का सही क्रम इस प्रकार हैः

परिवारः फेलिडे
जीनसः फेलिस
प्रजातिः फेलिस कैटस"
प्रदान की गई जीव विज्ञान की समस्या का समाधान करें:,दी गई प्रजाति कैनिस ल्यूपस परिचित के लिए सही क्रम क्या है?,"प्रजाति कैनिस ल्यूपस परिचित (घरेलू कुत्ता) के लिए सही वर्गीकरण क्रम इस प्रकार हैः

1. राज्यः पशु
2. वंशावलीः कोर्डाटा
3. वर्गः स्तनपायी
4. क्रमः कार्निवोरा
5. परिवारः कैनिडे
6. वंशावलीः कैनिस
7. प्रजातियाँः कैनिस ल्यूपस
8. उप-प्रजातियाँः कैनिस ल्यूपस परिचित"
दिए गए जीव विज्ञान के प्रश्न का समाधान प्रस्तुत करें:Pradan kiye gaye jeev vigyan ke prashn ka uttar dein:,दी गई प्रजाति के लिए सही वर्गीकरण क्रम क्या हैः उर्सस आर्क्टोस?,"उर्सस आर्क्टोस के लिए सही वर्गीकरण क्रम, जिसे भूरे भालू के रूप में भी जाना जाता है, निम्नानुसार हैः

1. क्षेत्रः यूकार्या
2. राज्यः पशु
3. वंशावलीः कोर्डाटा
4. वर्गः स्तनपायी
5. क्रमः कार्निवोरा
6. परिवारः उर्सिडे
7. उत्पत्तिः उर्सस
8. प्रजातियाँः उर्सस आर्क्टोस"
Diye gaye jeev vigyan ke prashn ka samadhan pradan karein:,दी गई प्रजाति के लिए सही क्रम की पहचान करेंः उर्सस मैरिटिमस।,"दी गई प्रजाति, उर्सस मैरिटिमस (ध्रुवीय भालू) के लिए सही क्रम इस प्रकार हैः

1. क्षेत्रः यूकार्या
2. राज्यः पशु
3. वंशावलीः कोर्डाटा
4. वर्गः स्तनपायी
5. क्रमः कार्निवोरा
6. परिवारः उर्सिडे
7. उत्पत्तिः उर्सस
8. प्रजातियाँः उर्सस मारिटिमस"
Prastut kiye gaye jeev vigyan ke prashn ko hal karein:,"किसी दी गई प्रजाति का सही क्रम क्या है यदि यह एव्स, क्लेड थेरोपोडा और परिवार ड्रोमेओसॉरिडे वर्ग से संबंधित है?","एव्स, क्लेड थेरोपोडा और परिवार ड्रोमेओसॉरिडे से संबंधित किसी भी प्रजाति का सही क्रम सौरिशिया है। इस क्रम में थेरोपोड्स शामिल हैं, जो द्वि-पक्षीय, मुख्य रूप से मांसाहारी डायनासोर का एक समूह हैं।"
Pradan ki gayi jeev vigyan ki samasya ka samadhan karein:,"निम्नलिखित में से किस श्रेणी की प्रजाति ""कैनिस ल्यूपस"" से संबंधित हैः कार्निवोरा, प्राइमेट्स या रोडेन्टिया? एक संक्षिप्त स्पष्टीकरण के साथ अपने उत्तर को उचित ठहराएँ।","प्रजाति ""कैनिस ल्यूपस"" कार्निवोरा क्रम से संबंधित है। इस क्रम में स्तनधारियों को मुख्य रूप से अन्य जानवरों को पकड़ने और खाने के लिए अनुकूलित किया जाता है, हालांकि कुछ प्रजातियां सर्वभक्षी या शाकाहारी के रूप में विकसित हुई हैं। कैनिस ल्यूपस, जिसे आमतौर पर ग्रे वुल्फ के रूप में जाना जाता है, एक बड़ा मांसाहारी स्तनधारी है जो मुख्य रूप से गुच्छेदार और अन्य छोटे स्तनधारियों का शिकार करता है। यह प्राइमेट्स से संबंधित नहीं है, जिसमें मनुष्य, बंदर और बंदर शामिल हैं, या रोडेन्टिया, जिसमें चूहे, चूहे और गिलहरी जैसे कृन्तक शामिल हैं।"
Respond to the provided biology question:,दी गई प्रजातियों के लिए सही क्रम की पहचान करें-मानव-होमो सेपियन्स।,"दी गई प्रजाति, होमो सेपियन्स (मानव) के लिए सही क्रम इस प्रकार हैः

1. क्षेत्रः यूकार्या
2. राज्यः पशु
3. वंशावलीः कोर्डाटा
4. वर्गः स्तनपायी
5. क्रमः नरवानर
6. परिवारः होमिनिडे
7. वंशावलीः होमो
8. प्रजातियाँः होमो सेपियन्स"
Solve the biology question presented:,"एक प्रजाति को किस वर्गीकरण क्रम से संबंधित होना चाहिए यदि इसकी निम्नलिखित विशेषताएँ हैंः बाहरी गिल और स्कैललेस त्वचा, तीन कक्षों वाला हृदय और ठंडे खून वाली प्रकृति?","बाहरी गिल्स, स्केललेस त्वचा, तीन-कक्ष वाले हृदय और ठंडे खून वाली प्रकृति वाली एक प्रजाति वर्ग उभयचर के भीतर वर्गीकरण क्रम यूरोडेला (या कौडाटा) से संबंधित होगी। ये विशेषताएँ आमतौर पर सैलामैंडर और न्यूट्स में पाई जाती हैं, जो इस क्रम के सदस्य हैं।"
Address the biology problem provided:,वैज्ञानिक नाम फेलिस कॉन्कलर के साथ प्रजातियों का क्रम क्या है? अपने तर्क और सही क्रम निर्धारित करने के लिए उपयोग किए जाने वाले स्रोतों की एक संक्षिप्त व्याख्या प्रदान करें।,"वैज्ञानिक नाम फेलिस कॉन्कलर वाली प्रजाति, जिसे आमतौर पर कौगर, माउंटेन लायन या प्यूमा के रूप में जाना जाता है, कार्निवोरा क्रम से संबंधित है।

इस वर्गीकरण के लिए मेरा तर्क इस प्रजाति के वर्गीकरण पदानुक्रम पर आधारित है। फेलिस कॉन्कलर फेलिडे परिवार का एक सदस्य है, जिसमें सभी बिल्ली प्रजातियाँ शामिल हैं। फेलिडे परिवार कार्निवोरा क्रम का हिस्सा है, जिसमें स्तनधारी शामिल हैं जो मुख्य रूप से मांसाहारी आहार लेते हैं और उनके शिकार को पकड़ने और खाने के लिए विशेष दांत और पंजे होते हैं।

सही क्रम निर्धारित करने के लिए उपयोग किए जाने वाले स्रोतों में प्रतिष्ठित वैज्ञानिक डेटाबेस और संसाधन शामिल हैं, जैसे कि एकीकृत वर्गीकरण सूचना प्रणाली (आई. टी. आई. एस.), जीवन विश्वकोश (ई. ओ. एल.), और प्रकृति संरक्षण के लिए अंतर्राष्ट्रीय संघ (आई. यू. सी. एन.)। ) लाल सूची।

संदर्भः
1. एकीकृत वर्गीकरण सूचना प्रणाली (आई. टी. आई. एस.): https://www.itis.gov/servlet/SingleRpt/SingleRpt?search_topic=TSN&search_value=180542#null 
2. एनसाइक्लोपीडिया ऑफ लाइफ (ई. ओ. एल.): https://eol.org/pages/328672 
3. प्रकृति संरक्षण के लिए अंतर्राष्ट्रीय संघ (आई. यू. सी. एन.) लाल सूचीः https://www.iucnredlist.org/species/18868/97216466"
दिए गए जीव विज्ञान के प्रश्न का समाधान प्रस्तुत करें:Pradan kiye gaye jeev vigyan ke prashn ka uttar dein:,फेलिस कैटस प्रजाति के लिए सही क्रम क्या है?,"प्रजाति फेलिस कैटस (घरेलू बिल्ली) के लिए सही क्रम कार्निवोरा है। पूरा वर्गीकरण इस प्रकार हैः

राज्यः पशु
फैलमः चोरडाटा
वर्गः स्तनपायी
आदेशः कार्निवोरा
परिवारः फेलिडे
जीनसः फेलिस
प्रजातिः फेलिस कैटस"
Diye gaye jeev vigyan ke prashn ka samadhan pradan karein:,"निम्नलिखित प्रजातियाँ किस वर्गीकरण क्रम से संबंधित हैंः

1. पैंथेरा लियो
2. कैनिस ल्यूपस
3. उर्सस मारिटिमस
4. इक्वस कैबेलस
5. फेलिस कैटस

उपरोक्त प्रजातियों को उनके सही वर्गीकरण क्रम में व्यवस्थित करें और उनके क्रम का वैज्ञानिक नाम प्रदान करें।","1. पैंथेरा लियो-क्रमः कार्निवोरा
2. कैनिस ल्यूपस-क्रमः कार्निवोरा
3. उर्सस मारिटिमस-क्रमः कार्निवोरा
4. इक्वस कैबेलस-क्रमः पेरिसोडैक्टिला
5. फेलिस कैटस-क्रमः कार्निवोरा

प्रजाति पैंथेरा लियो, कैनिस ल्यूपस, उर्सस मैरिटिमस और फेलिस कैटस कार्निवोरा क्रम से संबंधित हैं, जबकि इक्वस कैबेलस पेरिसोडैक्टिला क्रम से संबंधित है।"
Prastut kiye gaye jeev vigyan ke prashn ko hal karein:,"कार्ल लिनियस द्वारा विकसित वर्गीकरण प्रणाली के अनुसार दी गई प्रजाति ""कैनिस ल्यूपस परिचित"" का सही क्रम क्या है?","कार्ल लिनियस द्वारा विकसित वर्गीकरण प्रणाली के अनुसार प्रजाति ""कैनिस ल्यूपस परिचित"" का सही क्रम इस प्रकार हैः

1. राज्यः पशु (पशु)
2. वंशः कोरडाटा (कोरडेट्स)
3. वर्गः स्तनधारी (स्तनधारी)
4. क्रमः मांसाहारी (मांसाहारी)
5. परिवारः कैनिडे (कुत्ते, भेड़िये, लोमड़ी और रिश्तेदार)
6. वंशावलीः कैनिस (कुत्ते, भेड़िये और रिश्तेदार)
7. प्रजातियाँः कैनिस ल्यूपस परिचित (घरेलू कुत्ता)

यह वर्गीकरण प्रणाली जीवित जीवों के पदानुक्रमित संगठन पर आधारित है, जो व्यापक श्रेणी (राज्य) से शुरू होकर सबसे विशिष्ट (प्रजाति) की ओर बढ़ रही है।"
Pradan ki gayi jeev vigyan ki samasya ka samadhan karein:,वर्गीकरण प्रणाली में पैंथेरा टाइग्रिस प्रजाति का सही क्रम क्या है?,"वर्गीकरण प्रणाली में पैंथेरा टाइग्रिस प्रजाति का सही क्रम इस प्रकार हैः

1. क्षेत्रः यूकार्या
2. राज्यः पशु
3. वंशावलीः कोर्डाटा
4. वर्गः स्तनपायी
5. क्रमः कार्निवोरा
6. परिवारः फेलिडे
7. उत्पत्तिः पैंथेरा
8. प्रजातियाँः पैंथेरा टाइग्रिस"
Provide an answer to the given biology query:,उर्सस आर्क्टोस प्रजाति का सही वर्ग क्या है?,"उर्सस आर्क्टोस प्रजाति का सही वर्ग, जिसे भूरे भालू के रूप में भी जाना जाता है, स्तनपायी है।"
Solve the biology question presented:,इसकी विशेषताओं और विकासवादी वंशावली के आधार पर होमो सेपियन्स प्रजाति का उचित वर्ग क्या है?,"होमो सेपियन्स प्रजाति का उचित वर्ग, इसकी विशेषताओं और विकासवादी वंशावली के आधार पर, स्तनपायी है। होमो सेपियन्स फाइलम कोर्डाटा, सबफाइलम वर्टेब्राटा, वर्ग स्तनपायी, ऑर्डर प्राइमेट्स, परिवार होमिनिडे, जीनस होमो और प्रजाति होमो सेपियन्स से संबंधित हैं। स्तनधारियों के बाल या फर, स्तन ग्रंथियाँ जो उनके बच्चों को पोषण देने के लिए दूध का उत्पादन करती हैं, मस्तिष्क में एक नियोकॉर्टेक्स और तीन मध्य कान की हड्डियाँ होती हैं।"
Offer a solution to the stated biology question:,"वर्गीकरण वर्गीकरण प्रणाली में ""राणा टेम्पोरेरिया"" प्रजाति किस वर्ग के जानवरों से संबंधित है?","प्रजाति ""राणा टेम्पोरेरिया"" वर्गीकरण प्रणाली में उभयचर वर्ग से संबंधित है।"
प्रदान किए गए जीव विज्ञान के प्रश्न का उत्तर दें:,उर्सस आर्क्टोस प्रजाति के लिए सही वर्ग क्या है?,उर्सस आर्क्टोस (भूरा भालू) प्रजाति के लिए सही वर्ग स्तनपायी है।
प्रदान की गई जीव विज्ञान की समस्या का समाधान करें:,फेलिस कैटस (घरेलू बिल्ली) प्रजाति के लिए सही वर्ग क्या है और यह प्रजाति कैनिस ल्यूपस (ग्रे वुल्फ) और उर्सस मैरिटिमस (ध्रुवीय भालू) के सही ढंग से पहचाने गए वर्गों से कैसे अलग है?,"फेलिस कैटस (घरेलू बिल्ली) प्रजाति के लिए सही वर्ग स्तनपायी है, जो कैनिस ल्यूपस (ग्रे वुल्फ) और उर्सस मैरिटिमस (ध्रुवीय भालू) के लिए एक ही वर्ग है। हालाँकि, वे स्तनपायी वर्ग के भीतर अलग-अलग परिवारों से संबंधित हैं।

फेलिस कैटस फेलिडे परिवार से संबंधित है, जिसमें बिल्लियाँ और अन्य बिल्लियों की प्रजातियाँ शामिल हैं। कैनिस ल्यूपस कैनिडे परिवार से संबंधित है, जिसमें कुत्ते, भेड़िये और अन्य कैनिड प्रजातियाँ शामिल हैं। उर्सस मैरिटिमस उर्सिडे परिवार से संबंधित है, जिसमें भालू और अन्य भालू प्रजातियाँ शामिल हैं।

इन परिवारों के बीच अंतर उनकी आकृति विज्ञान, आनुवंशिक और व्यवहार संबंधी विशेषताओं में निहित है। फेलिडे की विशेषता आम तौर पर उनके पीछे हटने योग्य पंजे, पतले शरीर और मांस को फाड़ने के लिए विशेष दांत होते हैं। कैनिडे में गैर-खींचने योग्य पंजे होते हैं, एक अधिक विविध आहार होता है, और अक्सर पैक व्यवहार प्रदर्शित करता है। उर्सिडे को उनके बड़े आकार, पौधेदार पैरों और सर्वभक्षी आहार की विशेषता है।"
दिए गए जीव विज्ञान के प्रश्न का समाधान प्रस्तुत करें:Pradan kiye gaye jeev vigyan ke prashn ka uttar dein:,"किसी प्रजाति का सही वर्ग क्या है यदि उसके पंख, गर्म रक्त वाला चयापचय और चोंच है?","पंखों, गर्म खून वाले चयापचय और चोंच वाली प्रजाति का सही वर्ग एव्स है, जिसे आमतौर पर पक्षियों के रूप में जाना जाता है।"
Respond to the provided biology question:,"जानवर की एक प्रजाति के लिए सही वर्ग क्या है जिसके पंख, चोंच और अंडे देते हैं?","पंखों, चोंच और अंडे देने वाले जानवरों की एक प्रजाति के लिए सही वर्ग एव्स है, जिसे आमतौर पर पक्षियों के रूप में जाना जाता है।"
Provide an answer to the given biology query:,उर्सस आर्क्टोस प्रजाति किस वर्गीकरण वर्ग से संबंधित है?,"प्रजाति उर्सस आर्क्टोस, जिसे भूरे भालू के रूप में भी जाना जाता है, वर्गीकरण वर्ग स्तनपायी से संबंधित है।"
Solve the biology question presented:,"पैंथेरा टाइग्रिस प्रजाति के लिए सही वर्ग क्या है, जिसे आमतौर पर बाघ के रूप में जाना जाता है, और कौन सी विशेषताएँ इसे इस वर्ग से संबंधित बनाती हैं?","पैंथेरा टाइग्रिस प्रजाति के लिए सही वर्ग, जिसे आमतौर पर बाघ के रूप में जाना जाता है, स्तनपायी है। जो विशेषताएं इसे इस वर्ग से संबंधित बनाती हैं वे हैंः

1. गर्म रक्त वालेः बाघ, सभी स्तनधारियों की तरह, गर्म रक्त वाले होते हैं, जिसका अर्थ है कि वे अपने शरीर के तापमान को आंतरिक रूप से नियंत्रित कर सकते हैं।

2. कशेरुकीः बाघों की रीढ़ की हड्डी और आंतरिक कंकाल होता है, जो सभी स्तनधारियों की विशेषता है।

3. बाल या फरः बाघों के शरीर में फर होते हैं, जो स्तनधारियों की एक सामान्य विशेषता है।

4. स्तन ग्रंथियाँः सभी स्तनधारियों की तरह मादा बाघों में भी स्तन ग्रंथियाँ होती हैं जो अपने बच्चों को पोषण देने के लिए दूध का उत्पादन करती हैं।

5. जीवित जन्मः बाघ कुछ अन्य पशु वर्गों की तरह अंडे देने के बजाय जीवित युवा को जन्म देते हैं।

6. तीन मध्य कान की हड्डियाँः बाघों सहित स्तनधारियों में तीन मध्य कान की हड्डियाँ (मैलियस, इंकस और स्टेप्स) होती हैं जो आंतरिक कान में ध्वनि कंपन संचारित करने में मदद करती हैं।

7. विशेष दांतः अन्य स्तनधारियों की तरह बाघों के भी विभिन्न कार्यों के लिए विशेष दांत होते हैं, जैसे काटने के लिए चीरा, फाड़ने के लिए कुत्ते और भोजन पीसने के लिए दाढ़।

ये विशेषताएँ स्तनपायी वर्ग को अन्य पशु वर्गों से अलग करती हैं और बाघ को इस वर्ग में रखती हैं।"
Diye gaye jeev vigyan ke prashn ka samadhan prastut karein:,पैंथेरा टाइग्रिस किस वर्गीकरण वर्ग की प्रजाति है?,"प्रजाति पैंथेरा टाइग्रिस, जिसे आमतौर पर बाघ के रूप में जाना जाता है, वर्गीकरण वर्ग स्तनपायी से संबंधित है।"
Respond to the provided biology question:,"एक ऐसी प्रजाति के सही वर्ग की पहचान करें जिसमें निम्नलिखित विशेषताएं हैंः इसमें फर होते हैं, अपने बच्चों को दूध खिलाते हैं, गर्म खून वाले होते हैं, और अंडे देते हैं।","इन विशेषताओं वाली प्रजाति के लिए सही वर्ग स्तनपायी है, विशेष रूप से, उपवर्ग प्रोटोथेरिया (जिसे मोनोट्रेम्स के रूप में भी जाना जाता है)। मोनोट्रेम्स स्तनधारियों के बीच अद्वितीय हैं क्योंकि वे जीवित रहने के लिए जन्म देने के बजाय अंडे देते हैं। मोनोट्रेम्स के सबसे प्रसिद्ध उदाहरण प्लैटिपस और इकिडना हैं।"
Address the biology problem provided:,उर्सस आर्क्टोस प्रजाति के लिए सही वर्ग क्या है?,उर्सस आर्क्टोस (भूरा भालू) प्रजाति के लिए सही वर्ग स्तनपायी है।
Offer a solution to the stated biology question:,"एक प्रजाति के सही वंश की पहचान करें जिसमें एक पृष्ठीय खोखली तंत्रिका कॉर्ड, गिल स्लिट्स और एक पोस्ट-गुदा पूंछ है।","पृष्ठीय खोखली तंत्रिका कॉर्ड, गिल स्लिट्स और पोस्ट-एनल टेल वाली प्रजाति के लिए सही फैलम चोरडाटा है।"
प्रस्तुत किए गए जीव विज्ञान के प्रश्न को हल करें:,"आर्थ्रोपोडा प्रजाति के लिए सही वंश वर्गीकरण क्या है, जो अपने जुड़े हुए उपांगों और खंडित निकायों के लिए जाना जाता है?","आर्थ्रोपोडा प्रजाति के लिए सही वंश वर्गीकरण फाइलम आर्थ्रोपोडा है। आर्थ्रोपोडा स्वयं वंश है, जिसमें जुड़े हुए उपांगों और खंडित निकायों वाले जीव शामिल हैं, जैसे कि कीड़े, अराक्निड, क्रस्टेशियन और मायरियापॉड।"
Provide an answer to the given biology query:,इसकी शारीरिक विशेषताओं और विकासवादी इतिहास के आधार पर प्रजाति मेगालोडॉन शार्क (ओटोडस मेगालोडॉन) के लिए सही वंश वर्गीकरण क्या है?,"मेगालोडॉन शार्क (ओटोडस मेगालोडॉन) प्रजाति के लिए सही वंश वर्गीकरण कोर्डाटा है। इस वंश में एक नोटोकॉर्ड, एक पृष्ठीय खोखली तंत्रिका कॉर्ड, ग्रसनी दरार और उनके विकास के किसी बिंदु पर एक पोस्ट-एनल टेल वाले जानवर शामिल हैं। मेगालोडॉन शार्क, एक प्रकार की कार्टिलाजिनस मछली के रूप में, इन विशेषताओं को फाइलम कोर्डाटा के अन्य सदस्यों के साथ साझा करती है। वे चॉन्ड्रिच्थियस वर्ग से संबंधित हैं, जिसमें शार्क, किरणें और स्केट्स शामिल हैं।"
Offer a solution to the stated biology question:,"विभाजित शरीर, एक एक्सोस्केलेटन, जुड़े हुए उपांगों और यौगिक आंखों वाले जानवर की दी गई प्रजाति के लिए सही वंशावली क्या है?","खण्डित शरीर, एक एक्सोस्केलेटन, जुड़े हुए उपांगों और यौगिक आंखों वाले जानवर के लिए सही फैलम आर्थ्रोपोडा है।"
दिए गए जीव विज्ञान के प्रश्न का समाधान प्रदान करें:,"एक नरम शरीर वाली प्रजाति के सही वंश की पहचान करें, जो अक्सर एक कठोर कवच द्वारा संरक्षित होती है, जिसमें गति के लिए एक मांसपेशियों वाला पैर होता है, और एक आवरण होता है जो आमतौर पर एक कवच का उत्पादन करता है। इस प्रजाति में खाने के लिए एक रेडुला भी होता है, और विकास के दौरान मरोड़ से गुजरता है। वंश क्या है?",इस प्रजाति के लिए सही वंशक्रम मोलुस्का है।
प्रदान की गई जीव विज्ञान की समस्या का समाधान करें:,"मीठे पानी के जानवर के वंश को बेलनाकार शरीर के आकार के साथ पहचानें, कोई विभाजन नहीं, और एक कठोर एक्सोस्केलेटन। अपनी पहचान का समर्थन करने के लिए दो भौतिक विशेषताएँ प्रदान करें।","एक मीठे पानी के जानवर का वंश एक बेलनाकार शरीर के आकार के साथ, कोई विभाजन नहीं, और एक कठोर एक्सोस्केलेटन संभवतः आर्थ्रोपोडा है।

इस पहचान का समर्थन करने के लिए दो भौतिक विशेषताएं हैंः

1. संयुक्त उपांगः आर्थ्रोपोड्स के अंग और उपांग जुड़े होते हैं, जो उन्हें कुशलता से चलने और भोजन, अपने पर्यावरण को महसूस करने और संभोग जैसे विभिन्न कार्यों को करने की अनुमति देते हैं।

2. द्वैपाक्षिक समरूपताः आर्थ्रोपोड्स द्वैपाक्षिक समरूपता प्रदर्शित करते हैं, जिसका अर्थ है कि उनके शरीर को एक केंद्रीय अक्ष के साथ दो बराबर हिस्सों में विभाजित किया जा सकता है। यह शरीर योजना उनके जुड़े हुए उपांगों की कुशल गति और समन्वय की अनुमति देती है।"
दिए गए जीव विज्ञान के प्रश्न का समाधान प्रस्तुत करें:Pradan kiye gaye jeev vigyan ke prashn ka uttar dein:,"आणविक विश्लेषण द्वारा निर्धारित अपनी भौतिक विशेषताओं और आनुवंशिक बनावट के आधार पर ""आर्टेमिया सेलिना"" प्रजाति किस वंश से संबंधित है?","आर्टेमिया सेलिना, जिसे आमतौर पर खारे झींगे के रूप में जाना जाता है, फैलम आर्थ्रोपोडा से संबंधित है। यह वर्गीकरण इसकी भौतिक विशेषताओं पर आधारित है, जैसे कि एक खंडित शरीर, जुड़े हुए उपांग और एक एक्सोस्केलेटन होने के साथ-साथ आणविक विश्लेषण द्वारा निर्धारित आनुवंशिक बनावट।"
Diye gaye jeev vigyan ke prashn ka samadhan prastut karein:,"एक खंडित शरीर, जुड़े हुए उपांगों और एक्सोस्केलेटन के साथ एक समुद्री जानवर के वंश की पहचान करें, जो गिल्स के माध्यम से सांस लेता है और जिसकी यौगिक आंखें होती हैं।",आपने जिस समुद्री जानवर का वर्णन किया है वह फैलम आर्थ्रोपोडा से संबंधित है।
Provide an answer to the given biology query:,"संयुक्त पैर, चिटिनस एक्सोस्केलेटन और यौगिक आंखों वाले नए खोजे गए समुद्री जीव को किस वंश के तहत वर्गीकृत किया जाना चाहिए?","नए खोजे गए समुद्री जीव को जुड़े हुए पैर, चिटिनस एक्सोस्केलेटन और यौगिक आंखों के साथ फैलम आर्थ्रोपोडा के तहत वर्गीकृत किया जाना चाहिए।"
प्रस्तुत किए गए जीव विज्ञान के प्रश्न को हल करें:,चोरडाटा प्रजाति किस वंश से संबंधित है और कौन सी प्रमुख विशेषताएं इस वंश को परिभाषित करती हैं? इस वंश से संबंधित जानवरों के तीन उदाहरण प्रदान करें।,"चोरडाटा प्रजातियाँ फ़ायलम चोरडाटा से संबंधित हैं। इस फ़ायलम को परिभाषित करने वाली प्रमुख विशेषताओं में शामिल हैंः

1. एक नोटोकॉर्ड की उपस्थितिः एक लचीली, छड़ जैसी संरचना जो समर्थन प्रदान करती है और सभी कॉर्डेट के विकास में किसी स्तर पर मौजूद होती है।
2. डोरसल खोखली तंत्रिका कॉर्डः एक ट्यूबलर, खोखली तंत्रिका कॉर्ड जो जीव के पिछले (पृष्ठीय) हिस्से के साथ चलती है, जो अधिकांश कॉर्डेट्स में केंद्रीय तंत्रिका तंत्र (मस्तिष्क और रीढ़ की हड्डी) में भिन्न होती है।
3. ग्रसनी छिद्र या गिल छिद्रः ग्रसनी में ऐसे द्वार जो पाचन तंत्र से गुजरने के बिना पानी को शरीर से बाहर निकलने देते हैं, जिनका उपयोग फ़िल्टर फीडिंग, श्वसन या दोनों के लिए किया जाता है।
4. गुदा के बाद की पूंछः एक मांसपेशियों वाली, लंबी संरचना जो गुदा से परे फैली होती है और जिसमें कंकाल तत्व और मांसपेशियां होती हैं, जो जलीय प्रजातियों में गति का स्रोत प्रदान करती हैं।

फ़ायलम कोर्डाटा से संबंधित जानवरों के तीन उदाहरण हैंः

1. मछली (जैसे सैल्मन, टूना और ट्राउट)
2. पक्षी (जैसे, चील, पेंगुइन और तोते)
3. स्तनधारी (जैसे, मनुष्य, हाथी और व्हेल)"
प्रदान की गई जीव विज्ञान की समस्या का समाधान करें:,"आप किस राज्य में चिटिन से बनी कोशिका दीवारों वाले जीव को रखेंगे, और पोषण का एक ऐसा तरीका जो हेटेरोट्रोफिक है और मृत या क्षयकारी कार्बनिक पदार्थों से पोषक तत्वों को अवशोषित करता है?","चिटिन से बनी कोशिका दीवारों वाला एक जीव, और पोषण का एक हेटेरोट्रोफिक मोड जो मृत या क्षयकारी कार्बनिक पदार्थों से पोषक तत्वों को अवशोषित करता है, को कवक साम्राज्य में रखा जाएगा।"
दिए गए जीव विज्ञान के प्रश्न का समाधान प्रस्तुत करें:Pradan kiye gaye jeev vigyan ke prashn ka uttar dein:,"ऐसी प्रजाति के लिए सही राज्य क्या है जिसमें यूकेरियोटिक कोशिकाएँ हैं, कार्बनिक यौगिकों से ऊर्जा प्राप्त करती हैं, और जिसमें कोशिका दीवारों का अभाव है?","यूकेरियोटिक कोशिकाओं वाली, कार्बनिक यौगिकों से ऊर्जा प्राप्त करने वाली और कोशिका दीवारों की कमी वाली प्रजाति के लिए सही राज्य किंगडम एनिमलिया है।"
Diye gaye jeev vigyan ke prashn ka samadhan pradan karein:,कैनिस ल्यूपस प्रजाति के लिए सही राज्य क्या है?,प्रजाति कैनिस ल्यूपस (ग्रे वुल्फ) के लिए सही राज्य एनिमलिया है।
Pradan ki gayi jeev vigyan ki samasya ka samadhan karein:,एस्चेरिचिया कोलाई बैक्टीरिया किस राज्य से संबंधित है?,"एस्चेरिचिया कोलाई (ई. कोलाई) मोनेरा राज्य से संबंधित है, जिसमें बैक्टीरिया और साइनोबैक्टीरिया जैसे सभी प्रोकैरियोटिक जीव शामिल हैं। कुछ आधुनिक वर्गीकरण प्रणालियों में, इस राज्य को दो क्षेत्रों द्वारा प्रतिस्थापित किया जाता हैः बैक्टीरिया और आर्किया। इस मामले में, ई. कोलाई बैक्टीरिया क्षेत्र से संबंधित होगा।"
Provide an answer to the given biology query:,"आप एक ऐसे जीव को कौन सा राज्य देंगे जिसमें यूकेरियोटिक कोशिकाएं, बहुकोशिकीय संरचना है, और प्रकाश संश्लेषण के माध्यम से कार्बनिक पोषक तत्व स्वचालित रूप से प्राप्त करता है?","यूकेरियोटिक कोशिकाओं, बहुकोशिकीय संरचना और प्रकाश संश्लेषण के माध्यम से स्वचालित रूप से कार्बनिक पोषक तत्वों को प्राप्त करने वाले जीव को किंगडम प्लांटे को सौंपा जाएगा।"
Address the biology problem provided:,"""स्ट्रेप्टोकोकस पायोजीन्स"" प्रजाति के लिए सही राज्य वर्गीकरण क्या है और किन विशेषताओं ने उस पहचान को जन्म दिया?","""स्ट्रेप्टोकोकस पायोजीन्स"" प्रजाति के लिए सही राज्य वर्गीकरण बैक्टीरिया है। जिन विशेषताओं के कारण यह पहचान हुई उनमें शामिल हैंः

1. प्रोकैरियोटिक कोशिका संरचनाः स्ट्रेप्टोकोकस पायोजीन्स में नाभिक या झिल्ली से बंधे अंगों के बिना एक सरल कोशिका संरचना होती है, जो बैक्टीरिया की एक विशेषता है।

2. कोशिका दीवार संरचनाः स्ट्रेप्टोकोकस पायोजीन्स की कोशिका दीवार में पेप्टिडोग्लाइकन होता है, जो जीवाणु कोशिका दीवारों में पाया जाने वाला एक अनूठा घटक है।

3. प्रजननः स्ट्रेप्टोकोकस पायोजीन्स द्विआधारी विखंडन के माध्यम से अलैंगिक रूप से प्रजनन करते हैं, जो बैक्टीरिया में प्रजनन का एक सामान्य तरीका है।

4. आकृति विज्ञानः स्ट्रेप्टोकोकस पायोजीन्स एक गोलाकार, ग्राम-पॉजिटिव बैक्टीरिया है जो अक्सर श्रृंखला या जोड़े बनाता है, जो बैक्टीरिया साम्राज्य के भीतर स्ट्रेप्टोकोकस वंश की एक विशिष्ट विशेषता है।

5. चयापचयः स्ट्रेप्टोकोकस पायोजीन्स एक संकलक अवायवीय है, जिसका अर्थ है कि यह ऑक्सीजन-समृद्ध और ऑक्सीजन-गरीब दोनों वातावरणों में जीवित रह सकता है, एक विशेषता जो कई बैक्टीरिया द्वारा साझा की जाती है।

ये विशेषताएँ सामूहिक रूप से बैक्टीरिया साम्राज्य के भीतर स्ट्रेप्टोकोकस पायोजीन्स को वर्गीकृत करती हैं।"
प्रदान की गई जीव विज्ञान की समस्या का समाधान करें:,प्रजाति वल्प्स वल्प्स (सामान्य नाम लाल लोमड़ी) के लिए सही राज्य क्या है?,वल्प्स वल्प्स (लाल लोमड़ी) प्रजाति के लिए सही राज्य एनिमलिया है।
Diye gaye jeev vigyan ke prashn ka samadhan pradan karein:,फेलिस कैटस किस राज्य की प्रजाति है?,"प्रजाति फेलिस कैटस, जिसे आमतौर पर घरेलू बिल्ली के रूप में जाना जाता है, राज्य एनिमलिया से संबंधित है।"
Prastut kiye gaye jeev vigyan ke prashn ko hal karein:,"ऐसी प्रजाति के लिए सही राज्य क्या है जो बहुकोशिकीय, यूकेरियोटिक है और अवशोषण के माध्यम से पोषक तत्व प्राप्त करती है?","बहुकोशिकीय, यूकेरियोटिक और अवशोषण के माध्यम से पोषक तत्व प्राप्त करने वाली प्रजाति के लिए सही राज्य राज्य कवक है।"
Pradan ki gayi jeev vigyan ki samasya ka samadhan karein:,फेलिस कैटस (घरेलू बिल्ली) प्रजाति के लिए सही राज्य क्या है?,फेलिस कैटस (घरेलू बिल्ली) प्रजाति के लिए सही राज्य एनिमलिया है।
Diye gaye jeev vigyan ke prashn ka samadhan prastut karein:,आपको एक बहुकोशिकीय जीव को कौन सा राज्य देना चाहिए जो प्रकाश संश्लेषित है और जिसमें सेल्यूलोज कोशिका दीवारें हैं?,"एक बहुकोशिकीय जीव जो प्रकाश संश्लेषित है और जिसमें सेलूलोज कोशिका दीवारें हैं, उसे प्लैन्टे साम्राज्य को सौंपा जाना चाहिए।"
Provide an answer to the given biology query:,"आप किस राज्य को एक एककोशिकीय जीव के रूप में वर्गीकृत करेंगे जिसका कोई नाभिक नहीं है, जो चरम स्थितियों में जीवित रह सकता है, और प्रकाश संश्लेषण से नहीं गुजरता है?","एक एककोशिकीय जीव जिसका कोई नाभिक नहीं है, चरम स्थितियों में जीवित रह सकता है, और प्रकाश संश्लेषण से नहीं गुजरता है, उसे आर्किया राज्य के तहत वर्गीकृत किया जाएगा। ये जीव प्रोकैरियोट्स हैं और उच्च तापमान, उच्च लवणता या अत्यधिक पी. एच. स्तर जैसे चरम वातावरण में पनपने की अपनी क्षमता के लिए जाने जाते हैं।"
Solve the biology question presented:,पेनिसिलियम क्रिसोजेनम किस राज्य की प्रजाति है?,प्रजाति पेनिसिलियम क्रिसोजेनम कवक राज्य से संबंधित है।
Address the biology problem provided:,"पाँच में से किस राज्य में बहुकोशिकीय, विषमरोधी और गतिशील विशेषताओं वाला एक यूकेरियोटिक जीव होगा?","बहुकोशिकीय, विषमरोधी और गतिशील विशेषताओं वाला एक यूकेरियोटिक जीव किंगडम एनिमलिया से संबंधित होगा।"
प्रदान किए गए जीव विज्ञान के प्रश्न का उत्तर दें:,"आप किस राज्य में दी गई प्रजाति होमो सेपियन्स को वर्गीकृत करेंगे, और क्यों?","होमो सेपियन्स, जिन्हें आमतौर पर मनुष्य के रूप में जाना जाता है, राज्य एनिमलिया से संबंधित हैं। वर्गीकरण कई विशेषताओं पर आधारित है जो मनुष्य इस राज्य में अन्य जानवरों के साथ साझा करते हैं। इन विशेषताओं में शामिल हैंः

1. बहुकोशिकीयः मनुष्य, अन्य जानवरों की तरह, कई कोशिकाओं से बने होते हैं जो ऊतकों, अंगों और अंग प्रणालियों को बनाने के लिए एक साथ काम करते हैं।

2. हेटेरोट्रोफिकः मनुष्य पौधों की तरह प्रकाश संश्लेषण के माध्यम से अपने स्वयं के भोजन का उत्पादन करने के बजाय अन्य जीवों, या तो पौधों या अन्य जानवरों का सेवन करके अपने पोषक तत्व प्राप्त करते हैं।

3. यूकेरियोटिकः अन्य जानवरों की तरह मानव कोशिकाओं में भी नाभिक और झिल्ली से बंधे अंग होते हैं, जो उन्हें बैक्टीरिया जैसे प्रोकैरियोटिक जीवों से अलग करते हैं।

4. गतिः अन्य जानवरों की तरह मनुष्यों में भी मांसपेशियों या अन्य विशेष संरचनाओं के उपयोग के माध्यम से गति करने की क्षमता होती है।

5. प्रजननः मनुष्य यौन रूप से प्रजनन करते हैं, जिसमें नर और मादा युग्मकों के संयोजन के माध्यम से संतानें बनती हैं, जो जानवरों में एक सामान्य विशेषता है।

6. विकासः मनुष्य, अन्य जानवरों की तरह, एक कोशिकीय युग्मजंतु से एक बहुकोशिकीय वयस्क जीव में विकास की प्रक्रिया से गुजरता है।

ये साझा विशेषताएँ होमो सेपियन्स को राज्य एनिमलिया के भीतर रखती हैं।"
प्रदान की गई जीव विज्ञान की समस्या का समाधान करें:,"ऐसी प्रजाति के लिए सही राज्य वर्गीकरण क्या है जिसमें यूकेरियोटिक कोशिकाएं, बहुकोशिकीय संरचना, प्रकाश संश्लेषण और सेलूलोज से बनी कोशिका दीवार है?","इन विशेषताओं वाली प्रजाति (यूकेरियोटिक कोशिकाएं, बहुकोशिकीय संरचना, प्रकाश संश्लेषण और सेलूलोज-आधारित कोशिका दीवारें) के लिए सही राज्य वर्गीकरण प्लांटे साम्राज्य है।"
Diye gaye jeev vigyan ke prashn ka samadhan pradan karein:,"आप एक ऐसे जीव को किस राज्य में रखेंगे जिसमें यूकेरियोटिक कोशिकाएँ, बहुकोशिकीय और ऑटोट्रॉफिक हों, और कोशिका दीवारें सेलूलोज से बनी हों?","प्लैन्टे साम्राज्य में यूकेरियोटिक कोशिकाओं, बहुकोशिकीय और ऑटोट्रॉफिक विशेषताओं और सेलूलोज से बनी कोशिका दीवारों वाला एक जीव रखा जाएगा।"
Pradan ki gayi jeev vigyan ki samasya ka samadhan karein:,दी गई प्रजातियों के लिए सही क्षेत्र की पहचान करें-थर्मस एक्वेटिकस।,"दी गई प्रजाति, थर्मस एक्वेटिकस के लिए सही क्षेत्र बैक्टीरिया है।"
Diye gaye jeev vigyan ke prashn ka samadhan prastut karein:,"किस क्षेत्र (आर्किया, बैक्टीरिया, या यूकेरिया) में एकल-कोशिकीय जीव की एक विशेष प्रजाति को वर्गीकृत किया जाना चाहिए जिसमें कोई नाभिक नहीं है और पेप्टिडोग्लाइ से बनी कोशिका दीवार को इसके भीतर वर्गीकृत किया जाना चाहिए?","एकल-कोशिकीय जीव की विशेष प्रजाति जिसमें कोई नाभिक नहीं है और पेप्टिडोग्लाइकन से बनी कोशिका दीवार को बैक्टीरिया के क्षेत्र में वर्गीकृत किया जाना चाहिए। बैक्टीरिया प्रोकैरियोटिक जीव होते हैं, जिसका अर्थ है कि उनके पास नाभिक की कमी होती है, और उनकी कोशिका दीवारें आमतौर पर पेप्टिडोग्लाइकन से बनी होती हैं।"
Respond to the provided biology question:,ई. कोलाई प्रजाति किस क्षेत्र से संबंधित है?,प्रजाति एस्चेरिचिया कोलाई (ई. कोलाई) बैक्टीरिया क्षेत्र से संबंधित है।
Provide an answer to the given biology query:,एस्चेरिचिया कोलाई जीवाणु किस क्षेत्र से संबंधित है?,एस्चेरिचिया कोलाई (ई. कोलाई) जीवाणु बैक्टीरिया क्षेत्र से संबंधित है।
Address the biology problem provided:,ई. कोलाई प्रजाति किस क्षेत्र से संबंधित है?,प्रजाति एस्चेरिचिया कोलाई (ई. कोलाई) बैक्टीरिया क्षेत्र से संबंधित है।
Offer a solution to the stated biology question:,स्ट्रेप्टोकोकस पायोजीन्स बैक्टीरिया किस क्षेत्र से संबंधित है?,स्ट्रेप्टोकोकस पायोजीन्स जीवाणु क्षेत्र बैक्टीरिया से संबंधित है।
प्रदान किए गए जीव विज्ञान के प्रश्न का उत्तर दें:,"आर्किया बैक्टीरिया समूह किस क्षेत्र से संबंधित हैः बैक्टीरिया, आर्किया या यूकेरिया?",आर्किया बैक्टीरिया समूह आर्किया क्षेत्र से संबंधित है।
दिए गए जीव विज्ञान के प्रश्न का समाधान प्रदान करें:,"ऐसी प्रजाति के लिए सही क्षेत्र क्या है जिसमें प्रोकैरियोटिक कोशिकाएँ हैं, झिल्ली-बद्ध नाभिक का अभाव है, और जिसमें पेप्टिडोग्लाइकन से बनी कोशिका दीवार है?","एक प्रजाति के लिए सही क्षेत्र बैक्टीरिया है जिसमें प्रोकैरियोटिक कोशिकाएँ हैं, जिसमें झिल्ली-बद्ध नाभिक का अभाव है, और जिसमें पेप्टिडोग्लाइकन से बनी एक कोशिका दीवार है।"
प्रस्तुत किए गए जीव विज्ञान के प्रश्न को हल करें:,"निम्नलिखित विशेषताओं वाली प्रजाति के लिए सही क्षेत्र क्या हैः यह बहुकोशिकीय है, एक नाभिक है, और प्रकाश संश्लेषण के माध्यम से अपनी ऊर्जा प्राप्त करता है?",इन विशेषताओं वाली प्रजाति के लिए सही क्षेत्र यूकेरिया है। यूकेरिया वह क्षेत्र है जिसमें नाभिक और अन्य झिल्ली-बद्ध अंगों वाली कोशिकाओं वाले सभी जीव शामिल हैं। प्रकाश संश्लेषण के माध्यम से अपनी ऊर्जा प्राप्त करने वाले बहुकोशिकीय जीव के लिए यूकेरिया के भीतर विशिष्ट राज्य प्लैंटे है।
प्रदान की गई जीव विज्ञान की समस्या का समाधान करें:,होमो सेपियन्स किस क्षेत्र से संबंधित है?,होमो सेपियन्स प्रजाति यूकार्या क्षेत्र से संबंधित है।
Prastut kiye gaye jeev vigyan ke prashn ko hal karein:,ई. कोलाई प्रजाति किस क्षेत्र से संबंधित है?,प्रजाति एस्चेरिचिया कोलाई (ई. कोलाई) बैक्टीरिया क्षेत्र से संबंधित है।
Diye gaye jeev vigyan ke prashn ka samadhan prastut karein:,"आप किस क्षेत्र में एक ऐसी प्रजाति को वर्गीकृत करेंगे जिसमें प्रोकैरियोटिक कोशिका संरचना है, जिसमें झिल्ली-बद्ध नाभिक का अभाव है, और गर्म झरनों और अम्लीय पूल जैसे चरम वातावरण में रहता है?","प्रोकैरियोटिक कोशिका संरचना वाली एक प्रजाति, जिसमें झिल्ली-बद्ध नाभिक की कमी होती है, और गर्म झरनों और अम्लीय पूल जैसे चरम वातावरण में रहने वाली प्रजाति को आर्किया क्षेत्र में वर्गीकृत किया जाएगा।"
Address the biology problem provided:,आप बैक्टीरिया की एक प्रजाति को कौन सा विशिष्ट क्षेत्र देंगे जिसमें नाभिक की कमी है और जिसमें पेप्टिडोग्लाइकन से बनी कोशिका दीवार है?,"बैक्टीरिया की एक प्रजाति के लिए विशिष्ट क्षेत्र जिसमें नाभिक की कमी होती है और जिसमें पेप्टिडोग्लाइकन से बनी एक कोशिका दीवार होती है, वह क्षेत्र बैक्टीरिया है।"
Offer a solution to the stated biology question:,आप किस क्षेत्र में एक बहुकोशिकीय जीव को एक नाभिक और चिटिन से बनी कोशिका दीवारों के साथ रखेंगे?,"एक नाभिक और चिटिन से बनी कोशिका दीवारों के साथ एक बहुकोशिकीय जीव को यूकेरिया क्षेत्र में रखा जाएगा। विशेष रूप से, यह कवक राज्य से संबंधित होगा, क्योंकि चिटिन कवक कोशिका दीवारों का एक विशिष्ट घटक है।"
दिए गए जीव विज्ञान के प्रश्न का समाधान प्रदान करें:,"तीन क्षेत्रों में से कौन सा क्षेत्र-आर्किया, बैक्टीरिया और यूकेरिया, एककोशिकीय जीवों की एक नई खोजी गई प्रजाति को सौंपा जाना चाहिए जिसमें एक कोशिका दीवार है लेकिन न तो एक नाभिक है और न ही अन्य झिल्ली से बंधे अंग? अपने उत्तर के लिए एक संक्षिप्त स्पष्टीकरण दें।","एककोशिकीय जीवों की नई खोजी गई प्रजातियों को बैक्टीरिया क्षेत्र को सौंपा जाना चाहिए। इस वर्गीकरण के पीछे का तर्क वर्णित विशेषताओं पर आधारित हैः एक कोशिका दीवार की उपस्थिति और एक नाभिक और अन्य झिल्ली-बद्ध अंगों की अनुपस्थिति।

बैक्टीरिया प्रोकैरियोटिक जीव होते हैं, जिसका अर्थ है कि उनके पास नाभिक और झिल्ली से बंधे अंगों की कमी होती है। उनकी एक कोशिका दीवार भी होती है, जो संरचनात्मक समर्थन और सुरक्षा प्रदान करती है। इसके विपरीत, आर्किया, प्रोकैरियोटिक होने के साथ-साथ, अक्सर चरम वातावरण में पाए जाते हैं और बैक्टीरिया की तुलना में उनकी कोशिका भित्ति संरचना और अन्य आणविक विशेषताओं में अलग-अलग अंतर होते हैं। दूसरी ओर, यूकेरिया यूकेरियोटिक जीव हैं, जिसका अर्थ है कि उनके पास एक नाभिक और झिल्ली से बंधे अंग हैं, जो उन्हें नई खोजी गई प्रजातियों के लिए एक अनुपयुक्त वर्गीकरण बनाता है।"
प्रदान की गई जीव विज्ञान की समस्या का समाधान करें:,ई. कोलाई प्रजाति किस क्षेत्र से संबंधित है?,प्रजाति एस्चेरिचिया कोलाई (ई. कोलाई) बैक्टीरिया क्षेत्र से संबंधित है।
दिए गए जीव विज्ञान के प्रश्न का समाधान प्रस्तुत करें:Pradan kiye gaye jeev vigyan ke prashn ka uttar dein:,आप किस क्षेत्र में एक नई सूक्ष्मजीव प्रजाति की पहचान करेंगे जिसमें पेप्टिडोग्लाइकन से बनी कोशिका दीवार है और जिसमें नाभिक का अभाव है?,"पेप्टिडोग्लाइकन से बनी कोशिका दीवार वाली और नाभिक की कमी वाली एक नई सूक्ष्मजीव प्रजाति को बैक्टीरिया डोमेन के तहत वर्गीकृत किया जाएगा। बैक्टीरिया प्रोकैरियोटिक जीव हैं, जिसका अर्थ है कि उनके पास झिल्ली-बद्ध नाभिक या अन्य झिल्ली-बद्ध अंग नहीं हैं। कोशिका दीवार में पेप्टिडोग्लाइकन की उपस्थिति अधिकांश बैक्टीरिया की एक विशेषता है।"
Prastut kiye gaye jeev vigyan ke prashn ko hal karein:,"किसी दी गई प्रजाति की विशेषताओं के आधार पर, क्या आप पहचान सकते हैं कि यह किस क्षेत्र से संबंधित है?","हां, मैं आपको किसी प्रजाति की विशेषताओं के आधार पर उसके क्षेत्र की पहचान करने में मदद कर सकता हूं। जीवन के तीन क्षेत्र बैक्टीरिया, आर्किया और यूकेरिया हैं। कृपया उन प्रजातियों की विशेषताएँ प्रदान करें जिन्हें आप वर्गीकृत करना चाहते हैं, और मैं आपको इसके क्षेत्र को निर्धारित करने में मदद करूँगा।"
Diye gaye jeev vigyan ke prashn ka samadhan prastut karein:,बैसिलस सबटिलिस जीवाणु का डोमेन वर्गीकरण क्या है?,बैसिलस सबटिलिस जीवाणु का डोमेन वर्गीकरण बैक्टीरिया है।
Provide an answer to the given biology query:,आप बैक्टीरिया की एक नई खोजी गई प्रजाति को कौन सा क्षेत्र देंगे जिसमें नाभिक का अभाव है और जिसमें पेप्टिडोग्लाइकन से बनी कोशिका दीवार है?,"मैं बैक्टीरिया की नई खोजी गई प्रजातियों को बैक्टीरिया के क्षेत्र में नियुक्त करूँगा। वर्णित विशेषताएँ, जैसे कि एक नाभिक (प्रोकैरियोटिक) की कमी और पेप्टिडोग्लाइकन से बनी कोशिका दीवार, बैक्टीरिया क्षेत्र से संबंधित जीवों की विशिष्ट विशेषताएं हैं।"
Solve the biology question presented:,पैंथेरा लियो (शेर) जीव के लिए सही वर्गीकरण श्रेणी क्या है?,"पैंथेरा लियो (शेर) जीव के लिए वर्गीकरण श्रेणी इस प्रकार हैः

- राज्यः पशु (पशु)
- वंशः कोर्डाटा (कोर्डेट्स)
- वर्गः स्तनपायी (स्तनधारी)
- क्रमः मांसाहारी (मांसाहारी)
- परिवारः फेलिडे (बिल्लियाँ)
- जीनसः पैंथेरा
- प्रजातियाँः पैंथेरा लियो (शेर)"
Address the biology problem provided:,एक आम फल मक्खी (ड्रोसोफिला मेलानोगास्टर) के लिए सही वर्गीकरण वर्गीकरण क्या है और यह किस वर्गीकरण श्रेणी से संबंधित है? इस श्रेणी में इसे अलग करने वाली विशेषताओं का संक्षिप्त विवरण दें।,"एक आम फल मक्खी (ड्रोसोफिला मेलानोगास्टर) के लिए सही वर्गीकरण निम्नानुसार हैः

राज्यः पशु
फैलमः आर्थ्रोपोडा
वर्गः कीट
आदेशः डिप्टेरा
परिवारः ड्रोसोफिलिडे
वंशः ड्रोसोफिला
प्रजातियाँः ड्रोसोफिला मेलानोगास्टर

ड्रोसोफिला मेलानोगास्टर के लिए वर्गीकरण श्रेणी प्रजाति स्तर है। इस श्रेणी में इसे अलग करने वाली विशेषताओं में शामिल हैंः

1. छोटा आकारः वयस्क फल मक्खियाँ आम तौर पर 3 से 4 मिमी लंबी होती हैं।
2. रंगः उनके शरीर का रंग पीला-भूरा या टैन होता है और पेट पर काली पट्टियाँ होती हैं।
3. आंखेंः इनकी बड़ी, लाल यौगिक आंखें होती हैं।
4. पंखः उनके पंख एक विशिष्ट वेनेशन पैटर्न के साथ स्पष्ट होते हैं।
5. व्यवहारः फलों की मक्खियाँ किण्वित करने वाले फलों और अन्य जैविक पदार्थों की ओर आकर्षित होती हैं, जहाँ वे अपने अंडे देती हैं।
6. प्रजननः उनका एक छोटा जीवन चक्र होता है, जिसमें इष्टतम परिस्थितियों में लगभग 10-12 दिनों का उत्पादन समय होता है।

प्रजाति स्तर पर, ड्रोसोफिला मेलानोगास्टर अपनी विशिष्ट आकृति विज्ञान, आनुवंशिक और व्यवहार विशेषताओं के कारण अन्य निकटता से संबंधित प्रजातियों से अलग है।"
Offer a solution to the stated biology question:,"एक नए जीव के लिए सही वर्गीकरण श्रेणी क्या है जिसमें निम्नलिखित विशेषताएं हैंः बहुकोशिकीय, यूकेरियोटिक, प्रकाश संश्लेषित, और सेलूलोज से बनी एक कोशिका दीवार है?","दी गई विशेषताओं के आधार पर, नए जीव को किंगडम प्लांटे के तहत वर्गीकृत किया जा सकता है। उल्लिखित विशेषताएँ पौधों के अनुरूप हैं, जो बहुकोशिकीय, यूकेरियोटिक, प्रकाश संश्लेषित हैं और जिनमें सेलूलोज से बनी कोशिका दीवारें हैं। आगे के वर्गीकरण के लिए जीव की संरचना, प्रजनन और अन्य विशेषताओं के बारे में अधिक विशिष्ट जानकारी की आवश्यकता होगी।"
प्रदान किए गए जीव विज्ञान के प्रश्न का उत्तर दें:,"जीव ""फेलिस कैटस"" के लिए सही वर्गीकरण श्रेणी की पहचान करें।","जीव ""फेलिस कैटस"" प्रजाति वर्गीकरण श्रेणी से संबंधित है। इसे आमतौर पर घरेलू बिल्ली के रूप में जाना जाता है।"
दिए गए जीव विज्ञान के प्रश्न का समाधान प्रदान करें:,"यूकेरिया, किंगडम एनिमलिया, फाइलम आर्थ्रोपोडा, क्लास इंसेक्टा और ऑर्डर लेपिडोप्टेरा डोमेन से संबंधित जीव के लिए सही वर्गीकरण श्रेणी क्या है?","यूकेरिया, किंगडम एनिमलिया, फाइलम आर्थ्रोपोडा, क्लास इंसेक्टा और ऑर्डर लेपिडोप्टेरा डोमेन से संबंधित जीव के लिए सही वर्गीकरण श्रेणी ""ऑर्डर"" है। जीव को लेपिडोप्टेरा क्रम के तहत वर्गीकृत किया गया है, जिसमें तितलियाँ और पतंग शामिल हैं।"
प्रस्तुत किए गए जीव विज्ञान के प्रश्न को हल करें:,निम्नलिखित में से कौन सा वर्गीकरण श्रेणी किसी जीव के लिए सबसे विशिष्ट वर्गीकरण का प्रतिनिधित्व करता है?,किसी जीव के लिए सबसे विशिष्ट वर्गीकरण श्रेणी प्रजाति का स्तर है।
प्रदान की गई जीव विज्ञान की समस्या का समाधान करें:,"एक जीव को किस वर्गीकरण श्रेणी से संबंधित होना चाहिए यदि इसकी निम्नलिखित विशेषताएं हैंः बहुकोशिकीय, यूकेरियोटिक, ऑटोट्रॉफिक, और बीजाणुओं द्वारा प्रजनन?","इन विशेषताओं वाला एक जीव (बहुकोशिकीय, यूकेरियोटिक, ऑटोट्रॉफिक और बीजाणुओं द्वारा प्रजनन) संभवतः फैलम के वर्गीकरण श्रेणी से संबंधित होगा। विशेष रूप से, यह फैलम क्लोरोफाइटा (हरे शैवाल) या फैलम स्ट्रेप्टोफाइटा (भूमि पौधे) से संबंधित होगा, जो दोनों किंगडम प्लांटे के तहत हैं। ये जीव प्रकाश संश्लेषण में सक्षम हैं, एक यूकेरियोटिक कोशिका संरचना है, और बीजाणुओं का उपयोग करके प्रजनन करते हैं।"
दिए गए जीव विज्ञान के प्रश्न का समाधान प्रस्तुत करें:Pradan kiye gaye jeev vigyan ke prashn ka uttar dein:,"वैज्ञानिक नाम ""कैनिस ल्यूपस परिचित"" के साथ किसी दिए गए जीव के लिए सही वर्गीकरण श्रेणी क्या है और यह व्यापक वर्गीकरण पदानुक्रम के भीतर कैसे फिट बैठता है?","वैज्ञानिक नाम ""कैनिस ल्यूपस परिचित"" घरेलू कुत्ते को संदर्भित करता है। इस नाम में, ""कैनिस"" जीनस है, ""ल्यूपस"" प्रजाति है, और ""परिचित"" उप-प्रजाति है। इसलिए, इस जीव के लिए सही वर्गीकरण श्रेणी उप-प्रजाति स्तर है।

""कैनिस ल्यूपस परिचित"" के लिए व्यापक वर्गीकरण पदानुक्रम इस प्रकार हैः

1. क्षेत्रः यूकेरिया (यूकेरियोटिक कोशिकाओं वाले जीव)
2. राज्यः पशु (पशु)
3. वंशः कोर्डाटा (नोटोकॉर्ड वाले जीव)
4. वर्गः स्तनधारी (स्तनधारी)
5. क्रमः मांसाहारी (मांसाहारी स्तनधारी)
6. परिवारः कैनिडे (कुत्ते, भेड़िये, लोमड़ी और रिश्तेदार)
7. वंशावलीः कैनिस (कुत्ते, भेड़िये और कुछ अन्य कैनिड्स)
8. प्रजातियाँः कैनिस ल्यूपस (ग्रे वुल्फ)
9. उप-प्रजातियाँः कैनिस ल्यूपस परिचित (घरेलू कुत्ता)"
Diye gaye jeev vigyan ke prashn ka samadhan pradan karein:,"""फेलिस कैटस"" नामक जीव को देखते हुए, सबसे सामान्य से लेकर सबसे विशिष्ट तक सही वर्गीकरण श्रेणी की पहचान करें। इसके अलावा, प्रजाति का नाम और उसके वर्गीकरण प्राधिकरण का नाम भी शामिल करें।","जीव ""फेलिस कैटस"" सबसे सामान्य से लेकर सबसे विशिष्ट तक निम्नलिखित वर्गीकरण श्रेणी से संबंधित हैः

1. क्षेत्रः यूकार्या
2. राज्यः पशु
3. वंशावलीः कोर्डाटा
4. वर्गः स्तनपायी
5. क्रमः कार्निवोरा
6. परिवारः फेलिडे
7. उत्पत्तिः फेलिस
8. प्रजातियाँः फेलिस कैटस

प्रजाति का नाम-फेलिस कैटस
वर्गीकरण प्राधिकरणः कार्ल लिनियस (1758)"
Prastut kiye gaye jeev vigyan ke prashn ko hal karein:,"निम्नलिखित विशेषताओं के साथ एक नए खोजे गए जीव के लिए सही वर्गीकरण श्रेणी क्या हैः यह बहुकोशिकीय है, इसकी रीढ़ है, पंख हैं और अंडे देता है?","दी गई विशेषताओं के आधार पर, नया खोजा गया जीव वर्ग के वर्गीकरण श्रेणी से संबंधित है। विशेष रूप से, इसे वर्ग पक्षियों (पक्षियों) के तहत वर्गीकृत किया जाएगा। यहाँ वर्गीकरण का विभाजन हैः

- बहुकोशिकीयः यह विशेषता जीव को यूकार्या क्षेत्र में रखती है।
- रीढ़ की हड्डीः यह विशेषता जीव को फैलम कोर्डाटा में रखती है।
- पंख और अंडे देते हैंः ये विशेषताएँ जीव को पक्षियों (पक्षियों) के वर्ग में रखती हैं।

तो, इस जीव के लिए सही वर्गीकरण श्रेणी वर्ग है, और यह वर्ग पक्षियों से संबंधित है।"
Pradan ki gayi jeev vigyan ki samasya ka samadhan karein:,निम्नलिखित जीव के लिए सही वर्गीकरण श्रेणी क्या हैः फेलिस कैटस?,"फेलिस कैटस, जिसे आमतौर पर घरेलू बिल्ली के रूप में जाना जाता है, प्रजाति वर्गीकरण श्रेणी से संबंधित है। यहाँ फेलिस कैटस के लिए पूरा वर्गीकरण हैः

- राज्यः एनिमलिया
- फैलमः चोरडाटा
- वर्गः स्तनपायी
- क्रमः कार्निवोरा
- परिवारः फेलिडे
- जीनसः फेलिस
- प्रजातियाँः फेलिस कैटस"
Respond to the provided biology question:,"किसी दिए गए जीव ""उर्सस आर्क्टोस"" के लिए सही वर्गीकरण श्रेणी की पहचान करें और इस वर्गीकरण श्रेणी की विशेषताओं की संक्षेप में व्याख्या करें।","उर्सस आर्क्टोस जीव के लिए सही वर्गीकरण श्रेणी प्रजाति स्तर है। द्विपद नामकरण प्रणाली में, नाम का पहला भाग (उर्सस) वंश का प्रतिनिधित्व करता है, और दूसरा भाग (आर्क्टोस) प्रजाति का प्रतिनिधित्व करता है।

प्रजाति स्तर वर्गीकरण पदानुक्रम में सबसे विशिष्ट श्रेणी है, और यह उन जीवों को एक साथ समूहित करता है जो निकटता से संबंधित हैं और उपजाऊ संतान पैदा करने के लिए आपस में प्रजनन कर सकते हैं। एक ही प्रजाति के भीतर जीव समान भौतिक और आनुवंशिक विशेषताओं को साझा करते हैं। उर्सस आर्क्टोस के मामले में, इसे आमतौर पर भूरे भालू के रूप में जाना जाता है और इसमें कई उप-प्रजातियां शामिल हैं जो उत्तरी गोलार्ध के विभिन्न क्षेत्रों में रहती हैं।"
Address the biology problem provided:,निम्नलिखित विशेषताओं वाले जीव के लिए सही वर्गीकरण श्रेणी क्या हैः यह एक बहुकोशिकीय यूकेरियोट है जिसमें एक नाभिक और चिटिन से बनी कोशिका दीवारें होती हैं; यह पोषक तत्वों के अवशोषण के माध्यम से ऊर्जा प्राप्त करता है; इसमें फल देने वाली संरचनाएँ होती हैं। मशरूम कहा जाता है; और यह बीजाणुओं का उत्पादन करके प्रजनन करता है?,"इन विशेषताओं वाले जीव के लिए सही वर्गीकरण श्रेणी वंश स्तर है, विशेष रूप से राज्य कवक के भीतर वंश बेसिडियोमाइकोटा। इस वंश में जीवों को आमतौर पर क्लब कवक के रूप में जाना जाता है, जिसमें मशरूम, पफबॉल और ब्रैकेट कवक शामिल हैं। वे अपनी बहुकोशिकीय, यूकेरियोटिक प्रकृति, चिटिन कोशिका दीवारों, पोषक तत्वों के अवशोषण और बेसिडियोकार्प्स (जैसे, मशरूम) नामक फल देने वाली संरचनाओं के माध्यम से बीजाणु प्रजनन द्वारा चिह्नित हैं।"
Offer a solution to the stated biology question:,ऐसे जीव को कौन सा वर्गीकरण श्रेणी दी जानी चाहिए जिसमें अपने निकटतम रिश्तेदारों से अलग रूपात्मक और शारीरिक विशेषताएं हों और जो जातिजन्य वृक्ष पर एक अलग शाखा बनाता हो?,"अपने निकटतम रिश्तेदारों से अलग रूपात्मक और शारीरिक विशेषताओं वाले जीव और जातिजन्य वृक्ष पर एक अलग शाखा बनाने वाले जीव को उपयुक्त वंश के भीतर एक नई प्रजाति को सौंपा जाना चाहिए। प्रजाति श्रेणी वर्गीकरण पदानुक्रम में सबसे बुनियादी और मौलिक इकाई है, और इसका उपयोग उन जीवों को वर्गीकृत करने के लिए किया जाता है जो एक सामान्य जीन पूल साझा करते हैं और उपजाऊ संतान पैदा करने के लिए आपस में प्रजनन कर सकते हैं। यदि अंतर काफी महत्वपूर्ण हैं, तो यह संबंधित जीवों से विचलन की सीमा के आधार पर एक नए वंश या उच्च वर्गीकरण श्रेणी के निर्माण की भी गारंटी दे सकता है।"
प्रदान किए गए जीव विज्ञान के प्रश्न का उत्तर दें:,"निम्नलिखित विशेषताओं के साथ एक नए खोजे गए जीव की सही वर्गीकरण श्रेणी (प्रजाति, वंश, परिवार, क्रम, वर्ग, वंश या राज्य) की पहचान करेंः इसमें दोहरे फंसे हुए डीएनए होते हैं, बहुकोशिकीय होते हैं, एक खंडित शरीर होता है, एक्सोस्केलेटन, और जुड़े हुए अंग, और आर्थ्रोपोडा वंश से संबंधित हैं।","इस नए खोजे गए जीव के लिए सही वर्गीकरण श्रेणी आर्थ्रोपोडा वंश के भीतर ""वर्ग"" है। प्रदान की गई विशेषताएं वर्ग कीट या वर्ग अराक्निडा के अनुरूप हैं, लेकिन सटीक वर्ग और आगे के वर्गीकरण को निर्धारित करने के लिए अधिक विशिष्ट जानकारी की आवश्यकता है।"
दिए गए जीव विज्ञान के प्रश्न का समाधान प्रदान करें:,"निम्नलिखित विशेषताओं के साथ किसी दिए गए जीव के लिए सही वर्गीकरण श्रेणी क्या हैः यह एक बहुकोशिकीय यूकेरियोट है जिसमें क्लोरोप्लास्ट होते हैं और प्रकाश संश्लेषण करते हैं, इसकी कोशिकाओं की दीवारों में सेलूलोज होता है, और यह युग्मकों के माध्यम से यौन प्रजनन करता है?","इन विशेषताओं के साथ दिया गया जीव एक पौधा है। इस जीव के लिए सही वर्गीकरण श्रेणी होगीः

राज्यः प्लैन्टे"
प्रस्तुत किए गए जीव विज्ञान के प्रश्न को हल करें:,"किसी दिए गए जीव ""कैनिस ल्यूपस परिचित"" की सही वर्गीकरण श्रेणी की पहचान करें। इसके अलावा, उस श्रेणी के चयन के कारण के लिए एक स्पष्टीकरण प्रदान करें।","दिए गए जीव ""कैनिस ल्यूपस परिचित"" की वर्गीकरण श्रेणी एक उप-प्रजाति है।

व्याख्याः
किसी जीव का वैज्ञानिक नाम आमतौर पर दो भागों से बना होता हैः वंश और प्रजाति, जो त्रिकोणीय में लिखी जाती है। ""कैनिस ल्यूपस परिचित"" के मामले में, नाम तीन भागों से बना हैः वंश (कैनिस), प्रजाति (ल्यूपस), और उप-प्रजाति (परिचित)।

जीनस ""कैनिस"" में कुत्तों, भेड़ियों और अन्य संबंधित जानवरों की विभिन्न प्रजातियाँ शामिल हैं। प्रजाति ""ल्यूपस"" ग्रे भेड़िये को संदर्भित करती है, जो घरेलू कुत्तों का जंगली पूर्वज है। उप-प्रजाति ""परिचित"" का उपयोग घरेलू कुत्तों को उनके जंगली समकक्षों से अलग करने के लिए किया जाता है।

संक्षेप में, ""कैनिस ल्यूपस परिचित"" घरेलू कुत्ते को संदर्भित करता है, जो ग्रे वुल्फ (कैनिस ल्यूपस) की एक उप-प्रजाति है। उप-प्रजाति श्रेणी का चयन करने का कारण नाम के अतिरिक्त तीसरे भाग (परिचित) के कारण है जो घरेलू कुत्तों को जंगली भूरे रंग के भेड़ियों की आबादी से अलग करता है।"
प्रदान की गई जीव विज्ञान की समस्या का समाधान करें:,"किसी दिए गए जीव के लिए निम्नलिखित विशेषताओं के साथ सही वर्गीकरण श्रेणी की पहचान करेंः बहुकोशिकीय, यूकेरियोटिक, हेटेरोट्रोफिक, और एक नाभिक रखता है।","दी गई विशेषताएँ किंगडम एनिमलिया से संबंधित एक जीव का वर्णन करती हैं। ऐसा इसलिए है क्योंकि इस राज्य में जीव बहुकोशिकीय, यूकेरियोटिक, हेटेरोट्रोफिक होते हैं और उनमें नाभिक वाली कोशिकाएँ होती हैं।"
Diye gaye jeev vigyan ke prashn ka samadhan pradan karein:,"वैज्ञानिक नाम कैनिस ल्यूपस परिचित के साथ जीव के लिए सही वर्गीकरण वर्गीकरण (राज्य, वंश, वर्ग, क्रम, परिवार, वंश, प्रजाति) क्या है?","वैज्ञानिक नाम कैनिस ल्यूपस परिचित वाला जीव घरेलू कुत्ता है। इसका वर्गीकरण इस प्रकार हैः

राज्यः पशु (जानवर)
फैलमः कोर्डाटा (नोटोकॉर्ड या रीढ़ की हड्डी वाले जीव)
वर्गः स्तनपायी (स्तनधारी)
क्रमः मांसाहारी (मांसाहारी)
परिवारः कैनिडे (कुत्ते, भेड़िये, लोमड़ी और रिश्तेदार)
वंशः कैनिस (कुत्ते, भेड़िये और करीबी रिश्तेदार)
प्रजातिः कैनिस ल्यूपस परिचित (घरेलू कुत्ता)"
Prastut kiye gaye jeev vigyan ke prashn ko hal karein:,"आप एक ऐसे जीव को कौन सा वर्गीकरण श्रेणी देंगे जिसमें निम्नलिखित विशेषताएं हैंः इसके फर, चार पैर हैं और यह युवा जीवन को जन्म देता है?","प्रदान की गई विशेषताओं (फर, चार पैर, और जीवित युवा को जन्म देते हैं) के आधार पर, जीव को वर्ग के वर्गीकरण श्रेणी, विशेष रूप से वर्ग स्तनपायी को सौंपा जा सकता है। स्तनधारियों की विशेषता फर या बालों की उपस्थिति, गर्म खून वाले होने, चार अंग (ज्यादातर मामलों में) होने और जीवित रहने के लिए जन्म देने (मोनोट्रेम्स जैसे कुछ अपवादों के साथ) से होती है।"
Pradan ki gayi jeev vigyan ki samasya ka samadhan karein:,"जीव ""कैनिस ल्यूपस परिचित"" के लिए सही वर्गीकरण श्रेणी की पहचान करें, और समझाएं कि यह उस विशेष श्रेणी से क्यों संबंधित है।","जीव ""कैनिस ल्यूपस परिचित"" उप-प्रजाति के वर्गीकरण श्रेणी से संबंधित है। इस वर्गीकरण का कारण कार्ल लिनियस द्वारा विकसित द्विपद नामकरण प्रणाली पर आधारित है। इस प्रणाली में, जीवों को दो भागों वाले नाम का उपयोग करके वर्गीकृत किया जाता है, जिसमें पहला भाग वंश का प्रतिनिधित्व करता है और दूसरा भाग प्रजातियों का प्रतिनिधित्व करता है।

""कैनिस ल्यूपस परिचित"" के मामले में, ""कैनिस"" जीनस है, ""ल्यूपस"" प्रजाति है, और ""परिचित"" उप-प्रजाति है। यह जीव एक घरेलू कुत्ता है, जो ग्रे वुल्फ (कैनिस ल्यूपस) की उप-प्रजाति है। घरेलू कुत्ते को हजारों वर्षों में चुनिंदा रूप से पाला गया है, जिसके परिणामस्वरूप अलग-अलग शारीरिक और व्यवहार संबंधी लक्षणों के साथ नस्लों की एक विस्तृत विविधता है। इन अंतरों के बावजूद, घरेलू कुत्तों का अभी भी ग्रे भेड़ियों के साथ घनिष्ठ आनुवंशिक संबंध है, यही कारण है कि उन्हें एक अलग प्रजाति के बजाय एक उप-प्रजाति माना जाता है।"
Diye gaye jeev vigyan ke prashn ka samadhan prastut karein:,जीव पारस मेजर के लिए सही वर्गीकरण श्रेणी क्या है?,"पारस मेजर, जिसे आमतौर पर ग्रेट टाइट के रूप में जाना जाता है, वर्गीकरण वर्गीकरण प्रणाली के भीतर एक प्रजाति है। पारस मेजर के लिए वर्गीकरण श्रेणी इस प्रकार हैः

- राज्यः पशु (पशु)
- वंशः कोर्डाटा (कोर्डेट्स)
- वर्ग-पक्षियाँ (पक्षी)
- क्रमः पासेरिफॉर्म (पर्चिंग पक्षी)
- परिवारः पारिडे (स्तन, चिकडी और टाइटमिस)
- जीनसः पारस
- प्रजातियाँः पारस मेजर (महान टाइट)

तो, जीव पारस प्रमुख के लिए सही वर्गीकरण श्रेणी ""प्रजाति"" है।"
Respond to the provided biology question:,"जीव ""फेलिस कैटस"" के लिए सही वर्गीकरण श्रेणी (परिवार, क्रम, वंश, प्रजाति, आदि) की पहचान करें और वर्गीकरण के सिद्धांतों का उपयोग करके अपने उत्तर को सही ठहराएं।","फेलिस कैटस घरेलू बिल्ली को संदर्भित करता है। इस द्विपद नामकरण में, ""फेलिस"" वंश का प्रतिनिधित्व करता है, और ""कैटस"" प्रजाति का प्रतिनिधित्व करता है। वर्गीकरण के सिद्धांतों में साझा विशेषताओं और विकासवादी संबंधों के आधार पर जीवों का वर्गीकरण करना शामिल है। कार्ल लिनियस द्वारा विकसित द्विपद नामकरण प्रणाली, प्रत्येक प्रजाति को एक अद्वितीय दो-भाग वाला नाम देती है, जिसमें पहला भाग वंश का प्रतिनिधित्व करता है और दूसरा भाग प्रजाति का प्रतिनिधित्व करता है।

फेलिस कैटस के मामले में, घरेलू बिल्ली फेलिडे परिवार से संबंधित है, जिसमें बिल्ली की सभी प्रजातियाँ शामिल हैं, दोनों बड़ी और छोटी। फेलिडे परिवार कार्निवोरा क्रम का हिस्सा है, जिसमें स्तनधारी शामिल हैं जो मुख्य रूप से मांस खाते हैं। फेलिस वंश में बिल्ली की छोटी प्रजातियाँ शामिल हैं, जैसे कि घरेलू बिल्ली, जंगली बिल्ली और रेत बिल्ली।

तो, फेलिस कैटस के संदर्भ में, ""फेलिस"" जीनस है, और ""कैटस"" प्रजाति है। यह वर्गीकरण फेलिडे परिवार और कार्निवोरा क्रम के अन्य सदस्यों के साथ घरेलू बिल्ली की साझा विशेषताओं और विकासवादी संबंधों पर आधारित है।"
Provide an answer to the given biology query:,"कौन सी वर्गीकरण श्रेणी जीवों के सबसे बड़े समूह-क्षेत्र, राज्य, वंश, या वर्ग-को उनकी विशेषताओं के आधार पर वर्णित करती है?",जीवों के सबसे बड़े समूह को उनके पास मौजूद विशेषताओं के आधार पर वर्गीकरण श्रेणी डोमेन द्वारा वर्णित किया गया है।
Solve the biology question presented:,"""पैंथेरा टाइग्रिस"" जीव के लिए सही वर्गीकरण श्रेणी क्या है?","जीव ""पैंथेरा टाइग्रिस"", जिसे आमतौर पर बाघ के रूप में जाना जाता है, निम्नलिखित वर्गीकरण श्रेणी से संबंधित हैः

- राज्यः एनिमलिया
- फैलमः चोरडाटा
- वर्गः स्तनपायी
- क्रमः कार्निवोरा
- परिवारः फेलिडे
- जीनसः पैंथेरा
- प्रजातियाँः पैंथेरा टाइग्रिस

तो, ""पैंथेरा टाइग्रिस"" के लिए सही वर्गीकरण श्रेणी प्रजाति स्तर है।"
Address the biology problem provided:,"किसी दिए गए जीव के लिए निम्नलिखित विशेषताओं के साथ सही वर्गीकरण श्रेणी की पहचान करेंः बहुकोशिकीय, यूकेरियोटिक, हेटेरोट्रोफिक, कोशिका दीवारों में चिटिन रखता है, और बाहरी पाचन से गुजरता है।","बहुकोशिकीय, यूकेरियोटिक, हेटेरोट्रोफिक, कोशिका दीवारों में चिटिन रखने और बाहरी पाचन से गुजरने की विशेषताओं वाला दिया गया जीव राज्य कवक से संबंधित है।"
Offer a solution to the stated biology question:,किस वर्गीकरण श्रेणी का उपयोग एक ऐसे जीव को वर्गीकृत करने के लिए किया जाना चाहिए जो होमो सेपियन्स के समान वंश से संबंधित है लेकिन एक अलग प्रजाति से संबंधित है?,"एक ऐसे जीव को वर्गीकृत करने के लिए जो होमो सेपियन्स के समान वंश से संबंधित है लेकिन एक अलग प्रजाति से संबंधित है, आपको ""प्रजाति"" के वर्गीकरण श्रेणी का उपयोग करना चाहिए। वर्गीकरण में, प्रजाति वर्गीकरण की मूल इकाई है और सबसे विशिष्ट श्रेणी है। यह उन जीवों के समूह को संदर्भित करता है जो प्रजनन कर सकते हैं और उपजाऊ संतान पैदा कर सकते हैं। इसलिए, यदि जीव एक ही वंश (होमो) से संबंधित है लेकिन एक अलग प्रजाति है, तो आप इसे प्रजाति स्तर पर वर्गीकृत करेंगे। उदाहरण के लिए, होमो निएंडरथैलेंसिस होमो सेपियन्स के समान वंश के भीतर एक अलग प्रजाति है।"
प्रदान किए गए जीव विज्ञान के प्रश्न का उत्तर दें:,"जीनस कैनिस में, आप एक घरेलू कुत्ते (कैनिस ल्यूपस परिचित) के लिए वर्गीकरण श्रेणी की सही पहचान कैसे करेंगे?","कैनिस वंश के भीतर एक घरेलू कुत्ते (कैनिस ल्यूपस परिचित) के लिए वर्गीकरण श्रेणी की सही पहचान करने के लिए, हम जीव विज्ञान में पदानुक्रमित वर्गीकरण प्रणाली का पालन कर सकते हैं। यहाँ एक घरेलू कुत्ते के लिए वर्गीकरण श्रेणी का विभाजन हैः

1. क्षेत्रः यूकेरिया (यूकेरियोटिक कोशिकाओं वाले जीव)
2. राज्यः पशु (पशु)
3. वंशः कोर्डाटा (नोटोकॉर्ड वाले जीव)
4. वर्गः स्तनधारी (स्तनधारी)
5. क्रमः मांसाहारी (मांसाहारी स्तनधारी)
6. परिवारः कैनिडे (कुत्ते, भेड़िये, लोमड़ी और रिश्तेदार)
7. वंशावलीः कैनिस (कुत्ते, भेड़िये और करीबी रिश्तेदार)
8. प्रजातियाँः कैनिस ल्यूपस (ग्रे वुल्फ)
9. उप-प्रजातियाँः कैनिस ल्यूपस परिचित (घरेलू कुत्ता)

तो, घरेलू कुत्ता (कैनिस ल्यूपस परिचित) कैनिस ल्यूपस प्रजाति के भीतर एक उप-प्रजाति है, जो कैनिस वंश से संबंधित है।"
दिए गए जीव विज्ञान के प्रश्न का समाधान प्रदान करें:,आमतौर पर किलर व्हेल के रूप में जाने जाने वाले जीव का सही वैज्ञानिक नाम क्या है? इसके वंश और प्रजाति दोनों का नाम दें।,"आमतौर पर किलर व्हेल के रूप में जाने जाने वाले जीव का सही वैज्ञानिक नाम ऑर्सिनस ऑर्का है, जहाँ ""ऑर्सिनस"" जीनस है और ""ऑर्का"" प्रजाति का नाम है।"
प्रस्तुत किए गए जीव विज्ञान के प्रश्न को हल करें:,आम तौर पर अफ्रीकी हाथी के रूप में जाने जाने वाले जीव का सही वैज्ञानिक नाम क्या है और लिनियन वर्गीकरण प्रणाली के अनुसार इसका वर्गीकरण क्या है?,"आमतौर पर अफ्रीकी हाथी के रूप में जाने जाने वाले जीव का सही वैज्ञानिक नाम लोक्सोडोंटा अफ्रीकाना है। लिनियन वर्गीकरण प्रणाली के अनुसार इसका वर्गीकरण इस प्रकार हैः

- राज्यः पशु (पशु)
- वंशः कोर्डाटा (कोर्डेट्स)
- वर्गः स्तनपायी (स्तनधारी)
- क्रमः प्रोबोसिडिया (हाथी और उनके विलुप्त रिश्तेदार)
परिवारः हाथी (हाथी)
- वंशावलीः लोक्सोडोंटा (अफ्रीकी हाथी)
- प्रजातियाँः लोक्सोडोंटा अफ्रीकाना (अफ्रीकी हाथी)"
प्रदान की गई जीव विज्ञान की समस्या का समाधान करें:,"उत्तरी अमेरिका के खेतों में आम तौर पर पाए जाने वाले संकीर्ण, नुकीले पत्तियों और आकर्षक, पीले फूलों वाले पौधे के जीव के लिए सही वैज्ञानिक नाम (वंश और प्रजाति) की पहचान करें।","उत्तरी अमेरिका के खेतों में आमतौर पर पाए जाने वाले संकीर्ण, नुकीले पत्तियों और आकर्षक, पीले फूलों वाले पौधे के जीव का सही वैज्ञानिक नाम सॉलिडेगो कैनाडेंसिस है, जिसे आमतौर पर कनाडा गोल्डनरोड या कैनेडियन गोल्डनरोड के रूप में जाना जाता है।"
Diye gaye jeev vigyan ke prashn ka samadhan pradan karein:,"किसी अज्ञात जीव के नमूने को देखते हुए, क्या आप वर्गीकरण के सिद्धांतों और जीव की विशेषताओं का उपयोग करके इसके वैज्ञानिक नाम की सही पहचान कर सकते हैं?","एक जीवविज्ञानी के रूप में, मैं निश्चित रूप से वर्गीकरण के सिद्धांतों और इसकी विशेषताओं का उपयोग करके अज्ञात जीव की पहचान करने का प्रयास कर सकता हूं। हालाँकि, मुझे जीव की विशेषताओं के बारे में अधिक जानकारी की आवश्यकता होगी, जैसे कि इसकी आकृति विज्ञान, निवास, व्यवहार और किसी भी अन्य प्रासंगिक लक्षण।

एक बार जब मुझे यह जानकारी मिल जाती है, तो मैं जीव की पहचान करने के लिए इन सामान्य चरणों का पालन कर सकता हूंः

1. जीव की विशेषताओं का अवलोकन करें और किसी भी विशिष्ट विशेषता पर ध्यान दें।
2. कोशिकीय संरचना और अन्य विशेषताओं के आधार पर जीव (बैक्टीरिया, आर्किया या यूकेरिया) के क्षेत्र का निर्धारण करें।
3. यदि जीव यूकेरिया क्षेत्र से संबंधित है, तो इसकी विशेषताओं के आधार पर इसके राज्य (एनिमलिया, प्लांटे, कवक या प्रोटिस्टा) की पहचान करें।
4. जीव के वंश, वर्ग, क्रम, परिवार और वंश की पहचान करके वर्गीकरण को और कम करें।
5. विशिष्ट विशेषण का निर्धारण करने के लिए जीव की विशेषताओं की तुलना पहचान की गई वंश के भीतर ज्ञात प्रजातियों से करें, जिसके परिणामस्वरूप पूर्ण वैज्ञानिक नाम (वंश प्रजाति) हो जाता है।

कृपया जीव के बारे में अधिक जानकारी प्रदान करें, और मैं इसके वैज्ञानिक नाम की पहचान करने में आपकी मदद करने की पूरी कोशिश करूंगा।"
Prastut kiye gaye jeev vigyan ke prashn ko hal karein:,"एक आम घर की बिल्ली का सही वैज्ञानिक नाम क्या है, और इस जीव पर चर्चा करते समय या अध्ययन करते समय सही वैज्ञानिक नाम का उपयोग करना क्यों महत्वपूर्ण है?","एक आम घर की बिल्ली का सही वैज्ञानिक नाम फेलिस कैटस है। कई कारणों से इस जीव पर चर्चा या अध्ययन करते समय सही वैज्ञानिक नाम का उपयोग करना महत्वपूर्ण हैः

1. स्पष्टता और सटीकताः वैज्ञानिक नाम प्रत्येक प्रजाति के लिए अद्वितीय हैं, जो सामान्य नामों का उपयोग करने से उत्पन्न होने वाले भ्रम से बचने में मदद करते हैं। सामान्य नाम क्षेत्र, भाषा या संस्कृति के अनुसार भिन्न हो सकते हैं, जबकि वैज्ञानिक नाम सार्वभौमिक रूप से मान्यता प्राप्त हैं।

2. वर्गीकरणः वैज्ञानिक नाम जैविक वर्गीकरण प्रणाली के व्यापक संदर्भ में जीव के वर्गीकरण के बारे में जानकारी प्रदान करते हैं। फेलिस कैटस के मामले में, ""फेलिस"" जीनस को संदर्भित करता है, जिसमें छोटी बिल्लियों की अन्य निकटता से संबंधित प्रजातियाँ शामिल हैं, जबकि ""कैटस"" विशेष प्रजाति को निर्दिष्ट करता है।

3. अनुसंधान में निरंतरताः सही वैज्ञानिक नाम का उपयोग यह सुनिश्चित करता है कि शोधकर्ता एक ही जीव का अध्ययन कर रहे हैं और वैज्ञानिक समुदाय में दूसरों के साथ अपने निष्कर्षों की सटीक तुलना कर सकते हैं और साझा कर सकते हैं।

4. संचारः वैज्ञानिक नाम वैज्ञानिकों, शिक्षकों और जनता के बीच संवाद की सुविधा प्रदान करते हैं, यह सुनिश्चित करते हुए कि भाषा की बाधाओं या सामान्य नामों में क्षेत्रीय अंतर की परवाह किए बिना हर कोई एक ही जीव पर चर्चा कर रहा है।"
Pradan ki gayi jeev vigyan ki samasya ka samadhan karein:,आम तौर पर अफ्रीकी हाथी के रूप में जाने जाने वाले जीव का सही वैज्ञानिक नाम क्या है और लिनियन प्रणाली के अनुसार इसका वर्गीकरण क्या है?,"अफ्रीकी हाथी को वैज्ञानिक रूप से लोक्सोडोंटा अफ्रीकाना के नाम से जाना जाता है। लिनियन प्रणाली के अनुसार इसका वर्गीकरण निम्नानुसार हैः

- राज्यः पशु (जानवर)
- वंशः कोर्डाटा (कशेरुकी और संबंधित अकशेरुकी)
- वर्गः स्तनपायी (स्तनधारी)
- क्रमः प्रोबोसिडिया (हाथी और उनके विलुप्त रिश्तेदार)
परिवारः हाथी (हाथी)
- वंशावलीः लोक्सोडोंटा (अफ्रीकी हाथी)
- प्रजातियाँः लोक्सोडोंटा अफ्रीकाना (अफ्रीकी हाथी)"
Respond to the provided biology question:,"निम्नलिखित विशेषताओं वाले जीव का सही वैज्ञानिक नाम क्या हैः हरा, बहुकोशिकीय, प्रकाश संश्लेषित और बीजाणुओं के माध्यम से प्रजनन?","इन विशेषताओं वाला जीव संभवतः पादप प्रभाग टेरिडोफाइटा का सदस्य है, जिसमें फर्न शामिल हैं। हालाँकि, अधिक विशिष्ट जानकारी के बिना, एक सटीक वैज्ञानिक नाम (वंश और प्रजाति) प्रदान करना मुश्किल है।"
Provide an answer to the given biology query:,कृन्तक की एक नई खोजी गई प्रजाति के लिए सही वैज्ञानिक नाम की पहचान करें जिसमें इसकी भौतिक विशेषताओं और आवासों के आधार पर चूहे और हैम्स्टर दोनों के समान विशेषताएं हैं।,"कृन्तकों की एक नई खोजी गई प्रजाति के लिए सही वैज्ञानिक नाम की सटीक पहचान करने के लिए, हमें इसकी भौतिक विशेषताओं, आनुवंशिक बनावट और आवास का गहन विश्लेषण करने की आवश्यकता होगी। हालाँकि, प्रदान की गई जानकारी के आधार पर, हम इस कृन्तक के लिए एक काल्पनिक वैज्ञानिक नाम का सुझाव दे सकते हैं।

यह मानते हुए कि यह नई प्रजाति मुरीडे परिवार (जिसमें चूहे और हैम्स्टर शामिल हैं) से संबंधित है, हम एक जीनस नाम और एक प्रजाति के नाम को मिलाकर एक वैज्ञानिक नाम बना सकते हैं। आइए वंश नाम ""मुरोहैमस्टेरस"" (मुस का एक संयोजन, चूहों के लिए वंश, और क्रिकेटुलस, हैम्स्टर के लिए वंश) और प्रजाति नाम ""हाइब्रिडस"" (इसकी संकर जैसी विशेषताओं को दर्शाता है) का उपयोग करें। इसलिए, इस नए खोजे गए कृन्तक का काल्पनिक वैज्ञानिक नाम मुरोहैमस्टेरस हाइब्रिडस होगा।

कृपया ध्यान दें कि यह एक अटकलबाजी वाला नाम है और इसके लिए वैज्ञानिक समुदाय द्वारा आगे के शोध और सत्यापन की आवश्यकता होगी।"
Solve the biology question presented:,"आमतौर पर ""हाथी"" के रूप में संदर्भित जीव का सही वैज्ञानिक नाम क्या है?","अफ्रीकी हाथी का वैज्ञानिक नाम लोक्सोडोंटा अफ्रीकाना है, जबकि एशियाई हाथी का वैज्ञानिक नाम एलिफास मैक्सिमस है। दोनों प्रजातियाँ एलिफेंटिडे परिवार से संबंधित हैं।"
प्रदान किए गए जीव विज्ञान के प्रश्न का उत्तर दें:,आम तौर पर अफ्रीकी हाथी के रूप में जाने जाने वाले जीव का सही वैज्ञानिक नाम क्या है और प्रजाति स्तर पर इसका वर्गीकरण क्या है?,"आमतौर पर अफ्रीकी हाथी के रूप में जाने जाने वाले जीव का सही वैज्ञानिक नाम लोक्सोडोंटा अफ्रीकाना है। प्रजाति स्तर पर इसका वर्गीकरण निम्नानुसार हैः

राज्यः पशु
फैलमः चोरडाटा
वर्गः स्तनपायी
क्रमः प्रोबोसिडिया
परिवारः एलिफेंटिडे
वंशावलीः लोक्सोडोंटा
प्रजातियाँः एल. अफ्रीकाना"
दिए गए जीव विज्ञान के प्रश्न का समाधान प्रदान करें:,आम तौर पर किंग कोबरा के रूप में वर्गीकृत जीव का सही वैज्ञानिक नाम क्या है?,आमतौर पर किंग कोबरा के रूप में वर्गीकृत जीव का सही वैज्ञानिक नाम ओफियोफैगस हन्ना है।
प्रस्तुत किए गए जीव विज्ञान के प्रश्न को हल करें:,आम तौर पर घरेलू बिल्ली के रूप में जाने जाने वाले जीव का सही वैज्ञानिक नाम क्या है?,आमतौर पर घरेलू बिल्ली के रूप में जाने जाने वाले जीव का सही वैज्ञानिक नाम फेलिस कैटस है।
प्रदान की गई जीव विज्ञान की समस्या का समाधान करें:,"आम घर की बिल्ली का सही वैज्ञानिक नाम क्या है, और यह किस वर्गीकरण श्रेणी में आता है?","आम घर की बिल्ली का सही वैज्ञानिक नाम फेलिस कैटस है। जिस वर्गीकरण श्रेणी के तहत यह आता है वह हैः

1. राज्यः पशु (पशु)
2. वंशः कोरडाटा (कोरडेट्स)
3. वर्गः स्तनधारी (स्तनधारी)
4. क्रमः मांसाहारी (मांसाहारी)
5. परिवारः फेलिडे (बिल्लियाँ)
6. उत्पत्तिः फेलिस
7. प्रजातियाँः फेलिस कैटस"
दिए गए जीव विज्ञान के प्रश्न का समाधान प्रस्तुत करें:Pradan kiye gaye jeev vigyan ke prashn ka uttar dein:,"क्या आप निम्नलिखित विशेषताओं को देखते हुए प्रजाति कैनिस ल्यूपस परिचित (घरेलू कुत्ता) के एक नमूने के वैज्ञानिक नाम की सही पहचान कर सकते हैंः चार पैर, फर कोट, लंबा थूथन, और विनम्र व्यवहार?","हां, दी गई विशेषताओं (चार पैर, फर कोट, लंबा थूथन और विनम्र व्यवहार) के साथ नमूने का वैज्ञानिक नाम कैनिस ल्यूपस परिचित है, जो घरेलू कुत्ता है।"
Diye gaye jeev vigyan ke prashn ka samadhan pradan karein:,किस वैज्ञानिक नाम का उपयोग उस जीव की पहचान करने के लिए किया जाना चाहिए जो फेलिस वंश से संबंधित है और जिसकी प्रजाति का नाम कैटस है?,जीव का वैज्ञानिक नाम जो फेलिस वंश से संबंधित है और जिसकी प्रजाति का नाम कैटस है वह फेलिस कैटस है। यह घरेलू बिल्ली का वैज्ञानिक नाम है।
Prastut kiye gaye jeev vigyan ke prashn ko hal karein:,"सूक्ष्मदर्शी के तहत एक सर्पिल आकार के जीव के रूप में दिखाई देने वाले बैक्टीरिया का सही वैज्ञानिक नाम क्या है, जो मनुष्यों में गैस्ट्रिक अल्सर का कारण बन सकता है, और पेट के अत्यधिक अम्लीय वातावरण में जीवित रहने में सक्षम है?",आप जिस बैक्टीरिया का वर्णन कर रहे हैं उसका सही वैज्ञानिक नाम हेलिकोबैक्टर पाइलोरी है।
Pradan ki gayi jeev vigyan ki samasya ka samadhan karein:,"आम तौर पर किंग पेंगुइन के रूप में जाने जाने वाले जीव का सही वैज्ञानिक नाम क्या है, और यह नाम वर्गीकरण के नियमों के अनुसार कैसे लिया गया है?","आमतौर पर किंग पेंगुइन के रूप में जाने जाने वाले जीव का सही वैज्ञानिक नाम एप्टेनोडाइट्स पेटागोनिकस है। यह नाम वर्गीकरण के नियमों के अनुसार लिया गया है, जो द्विपद नामकरण प्रणाली का पालन करते हैं। इस प्रणाली में, प्रत्येक प्रजाति को दो भागों में नाम दिया जाता हैः पहला भाग जीनस का नाम (एप्टेनोडाइट्स) है और दूसरा भाग प्रजाति का नाम (पेटागोनिकस) है।

जीनस का नाम, एप्टेनोडाइट्स, यूनानी शब्दों ""एप्टेनो"" से आया है जिसका अर्थ है ""बिना पंखों के"" और ""डाइट्स"" का अर्थ है ""गोताखोर"", जो पेंगुइन की उड़ान रहित प्रकृति और गोता लगाने और तैरने की इसकी क्षमता को संदर्भित करता है। प्रजाति का नाम, पेटागोनिकस, दक्षिण अमेरिका में पेटागोनिया के क्षेत्र को संदर्भित करता है, जहाँ राजा पेंगुइन की खोज पहली बार यूरोपीय खोजकर्ताओं द्वारा की गई थी।"
Diye gaye jeev vigyan ke prashn ka samadhan prastut karein:,आपके पिछवाड़े में पाए जाने वाले मशरूम की प्रजाति का सही वैज्ञानिक नाम क्या है? द्विपद नामकरण प्रणाली के अनुसार वंश और प्रजाति का नाम प्रदान करें।,"एक भाषा मॉडल ए. आई. के रूप में, मैं आपके पिछवाड़े में पाए जाने वाले विशिष्ट मशरूम को नहीं देख सकता या उसकी पहचान नहीं कर सकता। हालाँकि, मैं आपको कई पिछवाड़े में पाई जाने वाली एक आम मशरूम प्रजाति का एक उदाहरण दे सकता हूंः अगरिकस कैंपेस्ट्रिस, जिसे फील्ड मशरूम के रूप में भी जाना जाता है। कृपया ध्यान दें कि यह सिर्फ एक उदाहरण है, और आपके पिछवाड़े में वास्तविक मशरूम एक अलग प्रजाति हो सकती है। मशरूम की सटीक पहचान करने के लिए, आपको किसी स्थानीय विशेषज्ञ से परामर्श करने या अपने क्षेत्र में मशरूम के लिए एक फील्ड गाइड का उपयोग करने की आवश्यकता हो सकती है।"
Respond to the provided biology question:,आमतौर पर मोनार्क बटरफ्लाई के रूप में जाने जाने वाले जीव का सही वैज्ञानिक नाम क्या है?,आमतौर पर मोनार्क बटरफ्लाई के रूप में जाने जाने वाले जीव का सही वैज्ञानिक नाम डैनॉस प्लेक्सिपस है।
Solve the biology question presented:,"एक प्रजाति का सही वैज्ञानिक नाम क्या है यदि इसकी प्रजाति ""कैनिस"" है और इसकी प्रजाति का नाम ""ल्यूपस"" है?","जीनस ""कैनिस"" और प्रजाति नाम ""ल्यूपस"" वाली प्रजाति का सही वैज्ञानिक नाम कैनिस ल्यूपस है।"
Address the biology problem provided:,"अमेज़न वर्षावन में पाए जाने वाले सांप के सही वैज्ञानिक नाम की पहचान करें जिसमें एक हरे शरीर और लाल पूंछ हो, और इसके वंश और प्रजातियों का निर्धारण करें।","आप जिस सांप का वर्णन कर रहे हैं वह संभवतः एमराल्ड ट्री बोआ (कोरलस कैनिनस) है। यह जीनस कोरलस है, और प्रजाति कैनिनस है। यह सांप अपने चमकीले हरे शरीर और लाल पूंछ के लिए जाना जाता है, और यह आमतौर पर अमेज़ॅन वर्षावन में पाया जाता है।"
Offer a solution to the stated biology question:,"""लाल पांडा"" का सामान्य नाम रखने वाली प्रजाति का सही वैज्ञानिक नाम क्या है?","आमतौर पर ""लाल पांडा"" के रूप में जानी जाने वाली प्रजाति का सही वैज्ञानिक नाम एलुरस फुलजेन्स है।"
प्रदान किए गए जीव विज्ञान के प्रश्न का उत्तर दें:,"तितली का सही वैज्ञानिक नाम क्या है जिसमें निम्नलिखित विशेषताएं हैंः 5 सेमी के पंख, काला और नारंगी पैटर्न, और निम्फालिडे परिवार से संबंधित है?","केवल दी गई विशेषताओं के आधार पर तितली के सटीक वैज्ञानिक नाम का निर्धारण करना मुश्किल है, क्योंकि निम्फालिडे परिवार के भीतर काले और नारंगी पैटर्न और समान पंखों के साथ कई प्रजातियाँ हैं। हालांकि, एक संभावित उम्मीदवार छोटा कछुआ कवच तितली हो सकता है, जिसका वैज्ञानिक नाम एग्लाइस अर्टिका है। पहचान की पुष्टि करने के लिए, अधिक विशिष्ट विशेषताओं या तितली की एक स्पष्ट छवि की आवश्यकता होगी।"
दिए गए जीव विज्ञान के प्रश्न का समाधान प्रदान करें:,"आम तौर पर ""राज्य कवक"" के रूप में जाने जाने वाले जीव का सही वैज्ञानिक नाम क्या है?","जीव का सही वैज्ञानिक नाम जिसे आमतौर पर ""राज्य कवक"" के रूप में जाना जाता है, एक एकल प्रजाति नहीं है, बल्कि जीवों के एक विविध समूह का वर्गीकरण है। कवक साम्राज्य में खमीर, सांचे और मशरूम जैसे विभिन्न प्रकार के जीव शामिल हैं। पूरे राज्य का वैज्ञानिक नाम कवक है।"
प्रस्तुत किए गए जीव विज्ञान के प्रश्न को हल करें:,"निम्नलिखित में से कौन सा लाल सेब का सही वैज्ञानिक नाम है?
क. मालस सिल्वेस्ट्रिस
ख. मालुस पमिला
ग. मालुस डोमेस्टिका
घ. मालूस कम्युनिस",ग. मालुस डोमेस्टिका
प्रदान की गई जीव विज्ञान की समस्या का समाधान करें:,आम तौर पर मोनार्क बटरफ्लाई के रूप में जाने जाने वाले जीव के लिए जीनस और प्रजातियों सहित सही वैज्ञानिक नाम की पहचान करें।,"आमतौर पर मोनार्क बटरफ्लाई के रूप में जाने जाने वाले जीव का सही वैज्ञानिक नाम दानौस प्लेक्सिपस है, जिसमें इसकी जीनस (दानौस) और प्रजाति (प्लेक्सिपस) शामिल हैं।"
दिए गए जीव विज्ञान के प्रश्न का समाधान प्रस्तुत करें:Pradan kiye gaye jeev vigyan ke prashn ka uttar dein:,"आमतौर पर लेडीबग के रूप में जाने जाने वाले जीव का सही वैज्ञानिक नाम क्या है, और इस प्रजाति के वर्गीकरण वर्गीकरण की पहचान करें?","आमतौर पर लेडीबग के रूप में जाने जाने वाले जीव का सही वैज्ञानिक नाम कोक्सीनेला सेप्टेम्पंक्टाटा है। इस प्रजाति का वर्गीकरण इस प्रकार हैः

राज्यः पशु (पशु)
फैलमः आर्थ्रोपोडा (आर्थ्रोपोड्स)
वर्गः कीट (कीट)
क्रमः कोलियोप्टेरा (बीटल)
परिवारः कोक्सीनेलिडे (लेडी बीटल)
जीनः कोक्सीनेला
प्रजातियाँः कोक्सीनेला सेप्टेम्पंक्टाटा (सात धब्बों वाली लेडी बीटल)

कृपया ध्यान दें कि लेडीबग्स की कई प्रजातियाँ हैं, और कोकिनेला सेप्टेम्पंक्टाटा केवल एक उदाहरण है। ऊपर दिया गया वर्गीकरण सात धब्बों वाले लेडी बीटल के लिए विशिष्ट है।"
Diye gaye jeev vigyan ke prashn ka samadhan pradan karein:,वैज्ञानिक नाम फेलिस कैटस वाले जीव का सामान्य नाम क्या है?,वैज्ञानिक नाम फेलिस कैटस वाले जीव का सामान्य नाम घरेलू बिल्ली है।
Prastut kiye gaye jeev vigyan ke prashn ko hal karein:,वैज्ञानिक नाम उर्सस अमेरिकेनस वाले जीव का सही सामान्य नाम क्या है?,वैज्ञानिक नाम उर्सस अमेरिकेनस वाले जीव का सही सामान्य नाम अमेरिकी काला भालू है।
Pradan ki gayi jeev vigyan ki samasya ka samadhan karein:,"क्या आप कार्निवोरा और ओटारिडे परिवार से संबंधित एक समुद्री स्तनधारी के सामान्य नाम की सही पहचान कर सकते हैं, जिसे आमतौर पर ""समुद्री शेर"" के रूप में जाना जाता है?","हां, कार्निवोरा और ओटारिडे परिवार से संबंधित एक समुद्री स्तनधारी का सामान्य नाम, जिसे आमतौर पर ""समुद्री शेर"" के रूप में जाना जाता है, कैलिफोर्निया समुद्री शेर (ज़लोफ़स कैलिफ़ोर्निया) है।"
Diye gaye jeev vigyan ke prashn ka samadhan prastut karein:,वैज्ञानिक नाम कैनिस ल्यूपस परिचित के साथ जीव का सही सामान्य नाम क्या है?,वैज्ञानिक नाम कैनिस ल्यूपस परिचित के साथ जीव का सही सामान्य नाम घरेलू कुत्ता है।
Respond to the provided biology question:,निम्नलिखित में से कौन सा वैज्ञानिक नाम कैनिस ल्यूपस परिचित के साथ जीव का सही सामान्य नाम है?,वैज्ञानिक नाम कैनिस ल्यूपस परिचित के साथ जीव का सही सामान्य नाम घरेलू कुत्ता है।
Provide an answer to the given biology query:,वैज्ञानिक नाम कैनिस ल्यूपस वाले जीव के लिए कौन सा सामान्य नाम सबसे उपयुक्त होगा?,वैज्ञानिक नाम कैनिस ल्यूपस वाले जीव के लिए सबसे उपयुक्त सामान्य नाम ग्रे वुल्फ या ग्रे वुल्फ है।
Solve the biology question presented:,"जीव के सामान्य नाम की पहचान करें जो फैलम आर्थ्रोपोडा, वर्ग इंसेक्टा और ऑर्डर लेपिडोप्टेरा से संबंधित है, जिसके पंखों पर रंगीन तराजू होते हैं और फूलों से अमृत खाते हैं।","जीव का सामान्य नाम जो फैलम आर्थ्रोपोडा, वर्ग इंसेक्टा और ऑर्डर लेपिडोप्टेरा से संबंधित है, जिसके पंखों पर रंगीन तराजू होते हैं और फूलों से अमृत खाते हैं, एक तितली है।"
Address the biology problem provided:,वैज्ञानिक नाम कैनिस ल्यूपस परिचित के साथ जीव का सही सामान्य नाम क्या है?,वैज्ञानिक नाम कैनिस ल्यूपस परिचित के साथ जीव का सही सामान्य नाम घरेलू कुत्ता है।
Offer a solution to the stated biology question:,वैज्ञानिक नाम कैनिस ल्यूपस वाले जीव का सामान्य नाम क्या है?,वैज्ञानिक नाम कैनिस ल्यूपस वाले जीव का सामान्य नाम ग्रे वुल्फ या बस भेड़िया है।
प्रदान किए गए जीव विज्ञान के प्रश्न का उत्तर दें:,"फेलिडे परिवार, जीनस पैंथेरा, प्रजाति टाइग्रिस से संबंधित जीव का सही सामान्य नाम क्या है?","फेलिडे परिवार, जीनस पैंथेरा और प्रजाति टाइग्रिस से संबंधित जीव का सही सामान्य नाम बाघ है।"
दिए गए जीव विज्ञान के प्रश्न का समाधान प्रदान करें:,"वर्गीकरण के सिद्धांतों का उपयोग करके जीव ""फेलिस कैटस"" के सामान्य नाम की पहचान करें।","वर्गीकरण के सिद्धांतों का उपयोग करते हुए, जीव का सामान्य नाम ""फेलिस कैटस"" घरेलू बिल्ली है।"
प्रस्तुत किए गए जीव विज्ञान के प्रश्न को हल करें:,"वर्गीकरण वर्गीकरण ""ऑर्सिनस ओर्का"" से संबंधित जीव का सही सामान्य नाम क्या है?","वर्गीकरण वर्गीकरण ""ऑर्सिनस ऑर्का"" से संबंधित जीव का सही सामान्य नाम किलर व्हेल है, जिसे ऑर्का के नाम से भी जाना जाता है।"
दिए गए जीव विज्ञान के प्रश्न का समाधान प्रस्तुत करें:Pradan kiye gaye jeev vigyan ke prashn ka uttar dein:,वैज्ञानिक नाम हेलिक्स पोमाटिया वाले जीव का सही सामान्य नाम क्या है?,"वैज्ञानिक नाम हेलिक्स पोमाटिया वाले जीव का सही सामान्य नाम रोमन घोंघा है, जिसे बर्गंडी घोंघा या खाद्य घोंघा के रूप में भी जाना जाता है।"
Diye gaye jeev vigyan ke prashn ka samadhan pradan karein:,वैज्ञानिक नाम 'कैनिस ल्यूपस' वाले जीव का सही सामान्य नाम क्या है?,वैज्ञानिक नाम 'कैनिस ल्यूपस' वाले जीव का सही सामान्य नाम ग्रे वुल्फ या ग्रे वुल्फ है।
Prastut kiye gaye jeev vigyan ke prashn ko hal karein:,"एक ऐसे जीव के लिए सही सामान्य नाम की पहचान करें जो फैलम आर्थ्रोपोडा से संबंधित है और जिसमें उपांग, एक खंडित शरीर और एक एक्सोस्केलेटन जुड़ा हुआ है।",आर्थ्रोपोड
Pradan ki gayi jeev vigyan ki samasya ka samadhan karein:,"वैज्ञानिक नाम ""कैनिस ल्यूपस परिचित"" के साथ जीव का सही सामान्य नाम क्या है?","वैज्ञानिक नाम ""कैनिस ल्यूपस परिचित"" के साथ जीव का सही सामान्य नाम घरेलू कुत्ता है।"
Diye gaye jeev vigyan ke prashn ka samadhan prastut karein:,वैज्ञानिक नाम कैनिस ल्यूपस वाले जीव का सही सामान्य नाम क्या है?,वैज्ञानिक नाम कैनिस ल्यूपस वाले जीव का सही सामान्य नाम ग्रे वुल्फ या ग्रे वुल्फ है।
Respond to the provided biology question:,"वैज्ञानिक नाम ""कैनिस ल्यूपस"" वाले जीव का सामान्य नाम क्या है?","वैज्ञानिक नाम ""कैनिस ल्यूपस"" वाले जीव का सामान्य नाम ग्रे वुल्फ या ग्रे वुल्फ है।"
Solve the biology question presented:,"वैज्ञानिक नाम ""कैनिस परिचित"" के साथ जीव का सही सामान्य नाम क्या है?","वैज्ञानिक नाम ""कैनिस परिचित"" वाले जीव का सही सामान्य नाम घरेलू कुत्ता है।"
Address the biology problem provided:,वैज्ञानिक नाम कैनिस ल्यूपस वाले जीव का सही सामान्य नाम क्या है?,वैज्ञानिक नाम कैनिस ल्यूपस वाले जीव का सही सामान्य नाम ग्रे वुल्फ या ग्रे वुल्फ है।
Offer a solution to the stated biology question:,"वैज्ञानिक नाम ""कैनिस ल्यूपस"" वाले जीव का सही सामान्य नाम क्या है?","वैज्ञानिक नाम ""कैनिस ल्यूपस"" वाले जीव का सही सामान्य नाम ग्रे वुल्फ या ग्रे वुल्फ है।"
प्रदान किए गए जीव विज्ञान के प्रश्न का उत्तर दें:,"एक समुद्री जानवर के लिए सही सामान्य नाम की पहचान करें जो डेल्फिनिडे परिवार से संबंधित है, जिसकी एक अलग चोंच है, और आमतौर पर जंगली में अपने मजाकिया व्यवहार के लिए जाना जाता है।","एक समुद्री जानवर के लिए सही सामान्य नाम जो डेल्फिनिडे परिवार से संबंधित है, एक अलग चोंच है, और आमतौर पर जंगली में अपने मजाकिया व्यवहार के लिए जाना जाता है, वह है बॉटलनोज़ डॉल्फिन।"
दिए गए जीव विज्ञान के प्रश्न का समाधान प्रदान करें:,"वैज्ञानिक वंश ""कैनिस"" से संबंधित जीव का सही सामान्य नाम क्या है?","वैज्ञानिक वंश ""कैनिस"" से संबंधित जीव का सही सामान्य नाम ""कुत्ता"" या ""कैनिड"" है। इस वंश में घरेलू कुत्ते, भेड़िये, कोयोट, सियार और अन्य संबंधित प्रजातियाँ शामिल हैं।"
प्रस्तुत किए गए जीव विज्ञान के प्रश्न को हल करें:,"दिए गए जीव ""फेलिस कैटस"" का सही सामान्य नाम क्या है?","जीव ""फेलिस कैटस"" का सही सामान्य नाम घरेलू बिल्ली है।"
प्रदान की गई जीव विज्ञान की समस्या का समाधान करें:,वैज्ञानिक नाम कैनिस ल्यूपस परिचित के साथ जीव का सही सामान्य नाम क्या है?,वैज्ञानिक नाम कैनिस ल्यूपस परिचित के साथ जीव का सही सामान्य नाम घरेलू कुत्ता है।
दिए गए जीव विज्ञान के प्रश्न का समाधान प्रस्तुत करें:Pradan kiye gaye jeev vigyan ke prashn ka uttar dein:,वैज्ञानिक नाम उर्सस आर्क्टोस हॉरिबिलिस के साथ जीव के सामान्य नाम की पहचान करें।,वैज्ञानिक नाम उर्सस आर्क्टोस हॉरिबिलिस वाले जीव का सामान्य नाम ग्रिज़ली भालू है।
Diye gaye jeev vigyan ke prashn ka samadhan pradan karein:,"साइप्रिनिडे परिवार से संबंधित मीठे पानी की मछली का सही सामान्य नाम क्या है, एक लोकप्रिय मछलीघर पालतू जानवर जो अपने आकर्षक सुनहरे या लाल रंग और लंबे बहने वाले पंखों के लिए जाना जाता है?",इस मीठे पानी की मछली का सही सामान्य नाम गोल्डफिश है।
Prastut kiye gaye jeev vigyan ke prashn ko hal karein:,"""कैनिस ल्यूपस परिचित"" जीव का सही सामान्य नाम क्या है?","""कैनिस ल्यूपस परिचित"" जीव का सही सामान्य नाम घरेलू कुत्ता है।"
Pradan ki gayi jeev vigyan ki samasya ka samadhan karein:,वैज्ञानिक नाम कैनिस ल्यूपस वाले जीव का सही सामान्य नाम क्या है?,वैज्ञानिक नाम कैनिस ल्यूपस वाले जीव का सही सामान्य नाम ग्रे वुल्फ या ग्रे वुल्फ है।
Diye gaye jeev vigyan ke prashn ka samadhan prastut karein:,वैज्ञानिक नाम कैनिस ल्यूपस परिचित के साथ जीव का सही सामान्य नाम क्या है?,वैज्ञानिक नाम कैनिस ल्यूपस परिचित के साथ जीव का सही सामान्य नाम घरेलू कुत्ता है।
दिए गए जीव विज्ञान के प्रश्न का समाधान प्रदान करें:,"वर्गीकरण के नियमों और दिशानिर्देशों का उपयोग करके प्रजाति ""पैंथेरा टाइग्रिस"" के लिए सही प्रकार के नमूने की पहचान करें।","प्रजाति ""पैंथेरा टाइग्रिस"" के लिए प्रकार का नमूना वह नमूना है जिसका उपयोग पहली बार प्रजाति का वर्णन करने और नाम देने के लिए किया गया था, जो प्रजाति की परिभाषा के लिए संदर्भ बिंदु के रूप में कार्य करता है। वर्गीकरण में, जीवों की सटीक पहचान और वर्गीकरण के लिए प्रकार का नमूना महत्वपूर्ण है।

""पैंथेरा टाइग्रिस"" के लिए, प्रकार का नमूना स्वीडिश प्रकृतिवादी कार्ल लिनियस द्वारा अपने 1758 के प्रकाशन, ""सिस्टमा नैचुर"" में प्रदान किए गए विवरण पर आधारित है। लिनियस ने उस समय प्रजाति का नाम ""फेलिस टाइग्रिस"" रखा था, और बाद में इसे जीनस ""पैंथेरा"" में फिर से वर्गीकृत किया गया था।

""पैंथेरा टाइग्रिस"" का प्रकार का नमूना एक संरक्षित त्वचा और खोपड़ी है जिसे भारत के मालाबार तट से एकत्र किया गया था। यह नमूना सूची संख्या एन. आर. एम. 578 के तहत स्टॉकहोम, स्वीडन में स्वीडिश प्राकृतिक इतिहास संग्रहालय में रखा गया है।

यह ध्यान रखना महत्वपूर्ण है कि प्रकार का नमूना प्रजाति की परिभाषा के लिए एक संदर्भ बिंदु के रूप में कार्य करता है, और भविष्य में कोई भी वर्गीकरण संबंधी संशोधन या स्पष्टीकरण इस नमूने के साथ तुलना पर आधारित होना चाहिए।"
प्रस्तुत किए गए जीव विज्ञान के प्रश्न को हल करें:,"निम्नलिखित में से कौन से प्रकार के नमूने पिका पिका (यूरेशियन मैग्पी) प्रजाति की सही पहचान करते हैं? ए) बीएमएनएच 1881.12.5.26, बी) बीएमएनएच 1881.12.5.27, सी) बीएमएनएच 1881.12.5.28, डी) बीएमएनएच 1881.12.5.29।","मैं एक ए. आई. भाषा मॉडल हूं और आपके द्वारा उल्लिखित विशिष्ट प्रकार के नमूनों तक मेरी सीधी पहुंच नहीं है। हालाँकि, मैं आपको यह समझने में मदद कर सकता हूं कि प्रजाति पिका पिका (यूरेशियन मैगपी) को इसकी विशेषताओं के आधार पर कैसे पहचाना जाए।

यूरेशियन मैगपी (पिका पिका) कौवे परिवार, कोरविडे में एक पक्षी प्रजाति है। इसकी विशेषता इसके काले और सफेद पंखों, लंबी पूंछ और मजबूत, थोड़ी झुकी हुई चोंच है। सिर, गर्दन और स्तन चमकीले काले होते हैं, जबकि कंधे, पेट और बगल सफेद होते हैं। पंखों और पूंछ के चमकीले नीले-हरे पंख होते हैं।

आपके द्वारा उल्लिखित प्रकार के नमूनों में पिका पिका प्रजाति की सही पहचान करने के लिए, आपको नमूनों की जांच करने और इन विशिष्ट विशेषताओं को खोजने की आवश्यकता होगी। इसके अतिरिक्त, आप यह निर्धारित करने के लिए संग्रह रिकॉर्ड या संग्रहालय क्यूरेटर से परामर्श कर सकते हैं कि यूरेशियन मैग्पी के लिए कौन सा नमूना सही है।"
दिए गए जीव विज्ञान के प्रश्न का समाधान प्रस्तुत करें:Pradan kiye gaye jeev vigyan ke prashn ka uttar dein:,निम्नलिखित में से कौन सा नमूना होमो सेपियन्स प्रजाति के प्रकार के नमूने की सही पहचान करता है?,"होमो सेपियन्स प्रजाति के लिए प्रकार का नमूना स्वयं कार्ल लिनियस है। आधुनिक वर्गीकरण के पिता लिनियस ने 1758 में अपने काम ""सिस्टमा नैचुरा"" में होमो सेपियन्स के वर्णन के लिए खुद को संदर्भ के रूप में इस्तेमाल किया।"
Solve the biology question presented:,होमो सेपियन्स प्रजाति के लिए सही प्रकार के नमूने की पहचान करें और समझाएं कि इसे इस प्रजाति के लिए प्रकार के नमूने के रूप में क्यों चुना गया था।,"होमो सेपियन्स प्रजाति के लिए सही प्रकार का नमूना स्वयं कार्ल लिनियस हैं, जो स्वीडिश वनस्पतिशास्त्री और प्राणी विज्ञानी हैं, जिन्होंने जीवों के नामकरण की आधुनिक प्रणाली को औपचारिक रूप दिया जिसे द्विपद नामकरण कहा जाता है। लिनियस को होमो सेपियन्स के लिए ""लेक्टोटाइप"" माना जाता है, जिसका अर्थ है कि वह प्रजाति के लिए प्रकार के नमूने के रूप में नामित एकल नमूना है।

लिनायस ने 1758 में प्रकाशित अपने मौलिक कार्य, सिस्टमा नैचुर में होमो सेपियन्स के लिए प्रकार के नमूने के रूप में खुद को चुना। उन्होंने ऐसा इसलिए किया क्योंकि वे मानव प्रजातियों के लिए एक स्पष्ट और सार्वभौमिक रूप से स्वीकृत संदर्भ बिंदु स्थापित करना चाहते थे। खुद को चुनकर, लिनियस ने यह सुनिश्चित किया कि होमो सेपियन्स के लिए प्रकार का नमूना अच्छी तरह से प्रलेखित होगा और भविष्य के शोधकर्ताओं के लिए अध्ययन करने और अन्य नमूनों के साथ तुलना करने के लिए आसानी से सुलभ होगा।

प्रकार के नमूने के रूप में, लिनियस उस मानक के रूप में कार्य करता है जिसके खिलाफ होमो सेपियन्स के रूप में वर्गीकृत अन्य सभी व्यक्तियों की तुलना की जाती है। यह जैविक वर्गीकरण के व्यापक संदर्भ में मनुष्यों के वर्गीकरण और पहचान में स्थिरता और सटीकता सुनिश्चित करने में मदद करता है।"
प्रदान किए गए जीव विज्ञान के प्रश्न का उत्तर दें:,उर्सस आर्क्टोस प्रजाति के लिए सही प्रकार के नमूने की पहचान करें?,"उर्सस आर्क्टोस प्रजाति के लिए सही प्रकार का नमूना, जिसे भूरे भालू के रूप में भी जाना जाता है, होलोटाइप नमूना है। एक होलोटाइप एक जीव का एकल भौतिक उदाहरण है, जिसे तब उपयोग किया गया था जब प्रजाति का औपचारिक रूप से वर्णन किया गया था। उर्सस आर्क्टोस के लिए होलोटाइप स्टॉकहोम, स्वीडन में स्वीडिश म्यूजियम ऑफ नेचुरल हिस्ट्री में संग्रहीत एक संरक्षित नमूना है। इसे कार्ल लिनियस द्वारा एकत्र किया गया था, जिन्होंने अपने 1758 के काम, सिस्टमा नैचुर में प्रजाति का वर्णन किया था।"
दिए गए जीव विज्ञान के प्रश्न का समाधान प्रदान करें:,"निम्नलिखित में से किस नमूने को ""क्रोकोडाइलस एक्यूटस"" प्रजाति के लिए सही प्रकार का नमूना माना जाएगाः नमूना ए, बी, या सी? अपने तर्क की व्याख्या करें।","एक जीवविज्ञानी के रूप में, मैं नमूनों ए, बी, या सी के बारे में किसी भी जानकारी के बिना कोई उत्तर नहीं दे सकता। कृपया प्रत्येक नमूने का विवरण या विशेषताएँ प्रदान करें ताकि मैं यह निर्धारित कर सकूं कि किस प्रकार के नमूने को सही माना जाएगा। प्रजाति ""क्रोकोडाइलस एक्यूटस""।"
दिए गए जीव विज्ञान के प्रश्न का समाधान प्रस्तुत करें:Pradan kiye gaye jeev vigyan ke prashn ka uttar dein:,"निम्नलिखित में से कौन सा नमूना होमो सेपियन्स प्रजाति के लिए सही प्रकार का नमूना है?

ए) वर्ष 1907 में जर्मनी में एक खोपड़ी मिली थी।
बी) दक्षिण अफ्रीका में एक व्यक्ति से संरक्षित त्वचा का नमूना
(c) वर्ष 2001 में चीन में एक जीवाश्म दांत की खोज की गई थी।
(घ) फ्रांस में एक जीवित व्यक्ति से निकाला गया डी. एन. ए. नमूना।",(घ) फ्रांस में एक जीवित व्यक्ति से निकाला गया डी. एन. ए. नमूना।
Solve the biology question presented:,"निम्नलिखित में से किस नमूने को होमो सेपियन्स प्रजाति के प्रकार के नमूने के रूप में पहचाना जा सकता है?

क. स्मिथसोनियन संग्रहालय में प्रदर्शित खोपड़ी।

ख. दक्षिण अफ्रीका की एक गुफा में पाया गया एक जीवाश्म दांत।

ग. जंगली चिम्पांजी के मल में पाए जाने वाले संरक्षित बालों का नमूना।

घ. 1800 के दशक के अंत से एक मानव के संरक्षित अवशेष लंदन के प्राकृतिक इतिहास संग्रहालय में रखे गए हैं।",घ. 1800 के दशक के अंत से एक मानव के संरक्षित अवशेष लंदन के प्राकृतिक इतिहास संग्रहालय में रखे गए हैं।
Diye gaye jeev vigyan ke prashn ka samadhan prastut karein:,वर्गीकरण में किसी दी गई प्रजाति के लिए सही होलोटाइप निर्धारित करने में कौन सा मानदंड सबसे महत्वपूर्ण भूमिका निभाता है?,"वर्गीकरण में, किसी दी गई प्रजाति के लिए सही होलोटाइप निर्धारित करने के लिए सबसे महत्वपूर्ण मानदंड प्रजाति की नैदानिक विशेषताओं का प्रतिनिधित्व है। एक होलोटाइप एक एकल भौतिक नमूना है, आमतौर पर एक संरक्षित व्यक्ति, जो प्रजाति विवरण और वर्गीकरण के लिए संदर्भ बिंदु के रूप में कार्य करता है। इसे प्रमुख आकृति विज्ञान, शारीरिक या आणविक विशेषताओं को प्रदर्शित करना चाहिए जो प्रजातियों को अन्य निकटता से संबंधित प्रजातियों से अलग करती हैं। एक अच्छी तरह से परिभाषित और प्रतिनिधि होलोटाइप होने से, वर्गीकरणविद सटीक और सुसंगत प्रजातियों की पहचान और वर्गीकरण सुनिश्चित कर सकते हैं।"
दिए गए जीव विज्ञान के प्रश्न का समाधान प्रदान करें:,संग्रहालय संग्रह में निम्नलिखित में से किस नमूने को मूल प्रजाति विवरण और अंतर्राष्ट्रीय प्राणी नामकरण संहिता के दिशानिर्देशों के आधार पर प्रजाति XYZ के लिए होलोटाइप के रूप में पहचाना जा सकता है?,"एक ए. आई. भाषा मॉडल के रूप में, मैं विशिष्ट संग्रहालय संग्रह या प्रजाति विवरण तक नहीं पहुँच सकता। प्रजाति XYZ के लिए होलोटाइप की पहचान करने के लिए, आपको संग्रहालय संग्रह और मूल प्रजाति विवरण में नमूनों के बारे में अधिक जानकारी प्रदान करने की आवश्यकता होगी।

होलोटाइप एकल नमूना है जिसे प्रजाति के मूल वर्णनकर्ता द्वारा उस प्रजाति के प्रतिनिधि उदाहरण के रूप में नामित किया गया है। यह प्रजाति की परिभाषा के लिए संदर्भ बिंदु के रूप में कार्य करता है। होलोटाइप की पहचान करने के लिए, आपको उस नमूने की तलाश करनी चाहिए जो मूल प्रजाति विवरण से सबसे अच्छा मेल खाता हो और अंतर्राष्ट्रीय प्राणी नामकरण संहिता के दिशानिर्देशों का पालन करता हो।"
Offer a solution to the stated biology question:,"निम्नलिखित विशेषताओं को देखते हुए तितली की एक नई खोजी गई प्रजाति के लिए निम्नलिखित में से कौन सा नमूना सही पैराटाइप हैः 10 सेमी के पंख, मुख्य रूप से काले धब्बों के साथ पीला, और अमेज़ॅन वर्षावन में पाया जाता है?

ए. नमूना एः 8 सेमी का पंख, मुख्य रूप से सफेद धब्बों के साथ नारंगी, एक तटीय रेगिस्तान में पाया जाता है।
बी. नमूना बीः एक समशीतोष्ण जंगल में पाया जाने वाला 12 सेंटीमीटर का पंख, मुख्य रूप से पीले धब्बों के साथ हरा,
सी. नमूना सीः 9 सेंटीमीटर का पंख, मुख्य रूप से काले धब्बों के साथ पीला, अमेज़ॅन वर्षावन में पाया जाता है।
डी. नमूना डीः 11 सेमी का पंख, मुख्य रूप से सफेद धब्बों के साथ भूरा, एक सवाना पारिस्थितिकी तंत्र में पाया जाता है।","सी. नमूना सीः 9 सेंटीमीटर का पंख, मुख्य रूप से काले धब्बों के साथ पीला, अमेज़ॅन वर्षावन में पाया जाता है।"
Diye gaye jeev vigyan ke prashn ka samadhan pradan karein:,"निम्नलिखित में से कौन सा नमूना प्रजाति ""XYZ"" के लिए सही पैराटाइप है?","एक भाषा मॉडल ए. आई. के रूप में, मैं वास्तविक समय की जानकारी या विशिष्ट प्रजाति डेटा तक नहीं पहुँच सकता। प्रजाति ""XYZ"" के लिए सही पैराटाइप निर्धारित करने के लिए, आपको मूल प्रजाति विवरण या वर्गीकरण साहित्य से परामर्श करने की आवश्यकता होगी जहां पैराटाइप को नामित किया गया था। पैराटाइप्स अतिरिक्त नमूने हैं जो प्रजातियों को परिभाषित करने में मदद करते हैं, और उनका उल्लेख आमतौर पर होलोटाइप के साथ मूल प्रजाति विवरण में किया जाता है।"
Address the biology problem provided:,"दी गई प्रजाति ""प्यूमा कॉन्कलर स्टेनलिया"" के लिए सही पैराटाइप कौन सा है?","एक जीवविज्ञानी के रूप में, मैं आपको किसी संग्रहालय या संग्रह तक पहुंच के बिना उप-प्रजाति ""प्यूमा कॉन्कलर स्टेनलिया"" के लिए सटीक पैराटाइप नमूना प्रदान नहीं कर सकता जहां नमूना संग्रहीत किया गया है। पैराटाइप्स अलग-अलग नमूने हैं जिनका उपयोग एक नई प्रजाति या उप-प्रजाति का वर्णन करने में मदद करने के लिए किया जाता है, और उन्हें आमतौर पर संग्रहालयों या अन्य संस्थानों में संग्रहीत किया जाता है।

हालांकि, मैं आपको बता सकता हूं कि ""प्यूमा कॉन्कलर स्टेनलिया"" कौगर (प्यूमा कॉन्कलर) की एक उप-प्रजाति है, जिसे पहाड़ी शेर या प्यूमा के रूप में भी जाना जाता है। इस उप-प्रजाति के लिए पैराटाइप एक संरक्षित नमूना होगा जिसमें विशिष्ट आकृति विज्ञान और आनुवंशिक विशेषताएं हैं जो इसे प्यूमा कॉन्कलर की अन्य उप-प्रजातियों से अलग करती हैं। सही पैराटाइप खोजने के लिए, आपको उप-प्रजाति का वर्णन करने वाले मूल प्रकाशन से परामर्श करने की आवश्यकता होगी या किसी संग्रहालय या संस्थान से संपर्क करने की आवश्यकता होगी जिसमें नमूना है।"
प्रस्तुत किए गए जीव विज्ञान के प्रश्न को हल करें:,"निम्नलिखित में से किस नमूने को विचाराधीन प्रजाति के लिए सही पैराटाइप के रूप में पहचाना जा सकता है, और क्यों? ए) नमूना 1, एक अलग स्थान से एकत्र किया गया; बी) नमूना 2, होलोटाइप के रूप में एक ही स्थान पर एकत्र किया गया; सी) नमूना 3, पास के स्थान से एकत्र किया गया लेकिन विभिन्न पर्यावरणीय स्थितियों के साथ।","बी) होलोटाइप के समान स्थान पर एकत्र किए गए नमूना 2 को विचाराधीन प्रजाति के लिए सही पैराटाइप के रूप में पहचाना जा सकता है।

एक पैराटाइप एक नमूना है जिसका उपयोग होलोटाइप के अलावा एक नई प्रजाति को परिभाषित करने और वर्णन करने में मदद करने के लिए किया जाता है। पैराटाइप महत्वपूर्ण हैं क्योंकि वे एक प्रजाति के भीतर परिवर्तनशीलता और विशेषताओं की सीमा के बारे में अतिरिक्त जानकारी प्रदान करते हैं। आदर्श रूप से, पैराटाइप्स को होलोटाइप के समान स्थान से या समान पर्यावरणीय स्थितियों के साथ पास के स्थान से एकत्र किया जाना चाहिए। ऐसा इसलिए है क्योंकि एक ही स्थान के नमूनों में समान विशेषताओं को साझा करने और एक ही प्रजाति का सटीक प्रतिनिधित्व करने की अधिक संभावना होती है।

एक अलग स्थान से एकत्र किया गया नमूना 1, एक आदर्श पैराटाइप नहीं हो सकता है क्योंकि यह एक अलग आबादी या यहां तक कि एक अलग प्रजाति का प्रतिनिधित्व कर सकता है। इसी तरह, नमूने 3, पास के स्थान से एकत्र किया गया लेकिन विभिन्न पर्यावरणीय स्थितियों के साथ, विभिन्न पर्यावरण के लिए संभावित अनुकूलन के कारण विचाराधीन प्रजातियों का सटीक रूप से प्रतिनिधित्व नहीं कर सकता है। इसलिए, इस मामले में पैराटाइप के लिए नमूना 2 सबसे उपयुक्त विकल्प है।"
प्रदान की गई जीव विज्ञान की समस्या का समाधान करें:,"निम्नलिखित में से किस नमूने को वर्गीकरण के नियमों के अनुसार दी गई प्रजाति के लिए एक पैराटाइप के रूप में पहचाना जा सकता है?

नमूना एः प्रकार के नमूने के पास एक स्थान से एकत्र किया गया और प्रजाति के विवरण के साथ सभी रूपात्मक विशेषताओं को साझा करता है।

नमूना बीः एक अलग स्थान से एकत्र किया गया लेकिन मूल प्रजाति विवरण में वर्णित अधिकांश विशेषताओं से मेल खाता है।

नमूना सीः प्रकार के नमूने के रूप में उसी स्थान से एकत्र किया गया है लेकिन आकृति विज्ञान में मामूली भिन्नताएं हैं।

नमूना डीः एक अलग स्थान से एकत्र किया गया और मूल प्रजाति विवरण की तुलना में आकृति विज्ञान विशेषताओं में प्रमुख अंतर दिखाता है।","नमूना एः प्रकार के नमूने के पास एक स्थान से एकत्र किया गया और प्रजाति के विवरण के साथ सभी रूपात्मक विशेषताओं को साझा करता है।

वर्गीकरण के नियमों के अनुसार, एक पैराटाइप एक ऐसा नमूना है जिसे प्रकार के नमूने के रूप में उसी या पास के स्थान से एकत्र किया जाता है और प्रजाति के विवरण के साथ सभी या अधिकांश रूपात्मक विशेषताओं को साझा करता है। इसलिए, नमूना ए को दी गई प्रजाति के लिए एक पैराटाइप के रूप में पहचाना जा सकता है।"
Provide an answer to the given biology query:,लेप्टोस्पिरा बिफ्लेक्सा प्रजाति के लिए सही सिंटाइप की पहचान करें और बताएँ कि आप अपने निर्णय पर कैसे पहुंचे।,"एक जीवविज्ञानी के रूप में, मैं सबसे पहले सही सिंटाइप की पहचान करने के लिए लेप्टोस्पिरा बाइफ्लेक्सा प्रजाति के मूल विवरण से परामर्श करूँगा। लेप्टोस्पिरा बाइफ्लेक्सा प्रजाति का वर्णन पहली बार 1917 में नोगुची द्वारा किया गया था। मूल विवरण में, नोगुची ने जीव की आकृति विज्ञान, विकास विशेषताओं और रोगजनकता का एक विस्तृत विवरण प्रदान किया। उन्होंने पानी, मिट्टी और संक्रमित जानवरों सहित विभिन्न स्रोतों से जीव के अलगाव का भी उल्लेख किया।

सही सिंटाइप की पहचान करने के लिए, मैं मूल विवरण में उल्लिखित किसी भी विशिष्ट उपभेद या आइसोलेट्स की तलाश करूँगा जिनका उपयोग प्रजातियों को चिह्नित करने के लिए किया गया था। लेप्टोस्पिरा बिफ्लेक्सा के मामले में, नोगुची ने इस प्रजाति के लिए प्रतिनिधि नस्ल के रूप में ""पैटोक 1"" नस्ल का उल्लेख किया। इस नस्ल को फ्रांसीसी वेस्ट इंडीज में पानी के नमूने से अलग किया गया था और इसका उपयोग प्रजातियों की आकृति विज्ञान और शारीरिक विशेषताओं का वर्णन करने के लिए किया गया था।

इसलिए, लेप्टोस्पिरा बिफ्लेक्सा प्रजाति के लिए सही सिंटाइप स्ट्रेन ""पैटोक 1"" होगा, क्योंकि यह 1917 में नोगुची द्वारा प्रजाति के मूल विवरण में उपयोग किया गया प्रतिनिधि स्ट्रेन था।"
प्रस्तुत किए गए जीव विज्ञान के प्रश्न को हल करें:,"क्या आप ""फेलिस कैटस"" प्रजाति के लिए सही समरूपता की पहचान कर सकते हैं?","प्रजाति ""फेलिस कैटस"" घरेलू बिल्ली को संदर्भित करती है। एक सिंटाइप एक नमूना या नमूनों का समूह है जो एक प्रजाति के मूल विवरण के लिए आधार के रूप में कार्य करता है। फेलिस कैटस के मामले में, मूल विवरण कैरोलस लिनायस द्वारा 1758 में अपने काम ""सिस्टम नैचुरा"" में प्रदान किया गया था। हालांकि, फेलिस कैटस के लिए कोई विशिष्ट सिंटाइप नामित नहीं है, क्योंकि लिनियस ने अपने विवरण में किसी प्रकार के नमूने को नामित नहीं किया है।"
Respond to the provided biology question:,1837 में जॉन गोल्ड द्वारा प्रदान किए गए मूल विवरण के आधार पर प्रजाति प्लैटिसर्कस एलिगन्स के लिए सही लेक्टोटाइप की पहचान करें।,"1837 में जॉन गोल्ड द्वारा प्रदान किए गए मूल विवरण के आधार पर प्रजाति प्लैटिसर्कस एलिगन्स के लिए सही लेक्टोटाइप की पहचान करने के लिए, हमें मूल प्रकाशन और इससे जुड़े किसी भी उपलब्ध नमूने या चित्र तक पहुंच की आवश्यकता होगी।

गोल्ड के मूल विवरण में, उन्होंने प्रजातियों के रूप, निवास और व्यवहार के बारे में विवरण प्रदान किया होगा। उन्होंने चित्र भी शामिल किए होंगे या विशिष्ट नमूनों का उल्लेख किया होगा जो एकत्र किए गए थे। एक लेक्टोटाइप एक एकल नमूना या चित्रण है जिसे मूल प्रकार के नमूने के खो जाने या नष्ट होने पर एक प्रजाति के निश्चित उदाहरण के रूप में काम करने के लिए चुना जाता है।

सही लेक्टोटाइप निर्धारित करने के लिए, हमें मूल विवरण और किसी भी संबंधित सामग्री की समीक्षा करने की आवश्यकता होगी ताकि उस नमूने या चित्रण को खोजा जा सके जो गोल्ड द्वारा वर्णित प्रजातियों का सबसे अच्छा प्रतिनिधित्व करता है। इसमें क्षेत्र के अन्य विशेषज्ञों के साथ परामर्श करना, संग्रहालय संग्रहों की जांच करना और ऐतिहासिक अभिलेखों की समीक्षा करना शामिल हो सकता है।

एक बार सही लैक्टोटाइप की पहचान हो जाने के बाद, इसे एक प्रकाशित कार्य में नामित किया जाना चाहिए और अंतर्राष्ट्रीय प्राणी विज्ञान नामकरण आयोग (आईसीजेडएन) के साथ पंजीकृत किया जाना चाहिए ताकि प्लेटिसरकस एलिगेंस के निश्चित उदाहरण के रूप में इसकी स्थिति सुनिश्चित की जा सके।"
Address the biology problem provided:,क्या आप उपलब्ध वर्गीकरण विवरण और साक्ष्य के आधार पर होमो सेपियन्स प्रजाति के लिए सही लेक्टोटाइप की पहचान कर सकते हैं?,"होमो सेपियन्स के लिए लेक्टोटाइप को 1959 में डब्ल्यू. टी. स्टर्न द्वारा नामित किया गया था। उन्होंने स्वीडिश वनस्पतिशास्त्री कार्ल लिनियस (1707-1778) को चुना, जिन्होंने हमारी प्रजातियों के लिए लेक्टोटाइप के रूप में द्विपद नामकरण नामक जीवों के नामकरण की आधुनिक प्रणाली को औपचारिक रूप दिया। यह निर्णय इस तथ्य पर आधारित था कि लिनियस ने 1758 में अपने काम ""सिस्टम नैचुरा"" में होमो सेपियन्स का वर्णन करने वाले पहले व्यक्ति थे, और उन्होंने खुद को प्रजातियों के एक उदाहरण के रूप में शामिल किया। लिनायस को लैक्टोटाइप के रूप में चुनकर, स्टर्न का उद्देश्य होमो सेपियन्स के वर्गीकरण विवरण के लिए एक स्थिर और स्पष्ट संदर्भ बिंदु प्रदान करना था।"
Solve the biology question presented:,"दी गई आकृति विज्ञान विशेषताओं के साथ ""नीलगिरी गुन्नी"" प्रजाति के लिए सही एपिटाइप की पहचान करें और अपनी पसंद के लिए एक विस्तृत औचित्य प्रदान करें।","""नीलगिरी गुन्नी"" प्रजाति के लिए सही एपिटाइप की पहचान करने के लिए, हमें प्रदान की गई रूपात्मक विशेषताओं पर विचार करने की आवश्यकता है। हालाँकि, आपने मूल्यांकन करने के लिए कोई विशिष्ट रूपात्मक विशेषताएँ प्रदान नहीं की हैं।

एक एपिटाइप एक व्याख्यात्मक प्रकार के रूप में काम करने के लिए चुना गया एक नमूना है जब होलोटाइप, लेक्टोटाइप, या पहले से नामित नियोटाइप, या एक वैध रूप से प्रकाशित नाम से जुड़ी सभी मूल सामग्री, स्पष्ट रूप से अस्पष्ट होती है और गंभीर रूप से नहीं हो सकती है। एक वर्गीकरण के नाम के सटीक अनुप्रयोग के उद्देश्यों के लिए पहचाना गया। दूसरे शब्दों में, एक एपिटाइप एक प्रजाति की वर्गीकरण पहचान को स्पष्ट करने में मदद करता है जब मूल प्रकार की सामग्री पर्याप्त नहीं होती है।

यदि आप विचाराधीन नीलगिरी गुन्नी की विशिष्ट आकृति विज्ञान संबंधी विशेषताओं को प्रदान कर सकते हैं, तो मुझे आपको सही एपिटाइप की पहचान करने और चयन के लिए एक विस्तृत औचित्य प्रदान करने में मदद करने में खुशी होगी।"
प्रस्तुत किए गए जीव विज्ञान के प्रश्न को हल करें:,"""पैंथेरा लियो"" प्रजाति के लिए एपिटाइप की पहचान करें और उसे उचित ठहराएं।","एक एपिटाइप एक व्याख्यात्मक प्रकार के रूप में काम करने के लिए चुना गया एक नमूना है जब होलोटाइप, लेक्टोटाइप, या पहले से नामित नियोटाइप, या एक वैध रूप से प्रकाशित नाम से जुड़ी सभी मूल सामग्री, स्पष्ट रूप से अस्पष्ट होती है और गंभीर रूप से नहीं हो सकती है। एक वर्गीकरण के नाम के सटीक अनुप्रयोग के उद्देश्यों के लिए पहचाना गया। पैंथेरा लियो के मामले में, होलोटाइप और मूल सामग्री अस्पष्ट नहीं हैं, और एक एपिटाइप को निर्दिष्ट करने की कोई आवश्यकता नहीं है।

पैंथेरा लियो, जिसे आमतौर पर शेर के रूप में जाना जाता है, एक स्पष्ट और स्पष्ट वर्णन के साथ एक प्रसिद्ध प्रजाति है। इस प्रजाति का वर्णन पहली बार 1758 में कार्ल लिनियस द्वारा सिस्टमा नैचुर के 10वें संस्करण में किया गया था। पैंथेरा लियो के लिए होलोटाइप लिनियन विवरण पर आधारित है, और प्रजातियों की पहचान में कोई अस्पष्टता नहीं है।

चूँकि पैंथेरा लियो के लिए होलोटाइप और मूल सामग्री अस्पष्ट नहीं है, इसलिए इस प्रजाति के लिए एक एपिटाइप नामित करने की कोई आवश्यकता नहीं है। मौजूदा प्रकार की सामग्री पैंथेरा लियो नाम के सटीक अनुप्रयोग के लिए पर्याप्त है।"
दिए गए जीव विज्ञान के प्रश्न का समाधान प्रस्तुत करें:Pradan kiye gaye jeev vigyan ke prashn ka uttar dein:,"उपलब्ध नमूनों में से कौन सा सही ढंग से ""जीनस प्रजाति एक्स"" के रूप में पहचानी गई प्रजाति के लिए एपिटाइप का प्रतिनिधित्व करता है?","एक जीवविज्ञानी के रूप में, मुझे सही एपिटाइप निर्धारित करने के लिए उपलब्ध नमूनों और प्रजातियों ""जीनस स्पीशीज एक्स"" के बारे में अधिक जानकारी की आवश्यकता होगी। एक एपिटाइप एक नमूना है जिसे एक व्याख्यात्मक प्रकार के रूप में काम करने के लिए चुना जाता है जब होलोटाइप या अन्य मूल सामग्री गायब या अस्पष्ट होती है।

इस समस्या को हल करने के लिए, मुझे इसकी आवश्यकता होगीः

1. उपलब्ध नमूनों और उनकी विशेषताओं की जांच करें।
2. नमूनों की तुलना ""जीनस प्रजाति एक्स"" के मूल विवरण और प्रजातियों पर किसी भी उपलब्ध साहित्य से करें।
3. यह निर्धारित करें कि कौन सा नमूना ""जीनस स्पीशीज एक्स"" के विवरण और विशेषताओं से सबसे अच्छा मेल खाता है।

एक बार जब मैं इस जानकारी को इकट्ठा और विश्लेषण कर लेता हूं, तो मैं प्रजाति ""जीनस स्पीशीज एक्स"" के लिए सही एपिटाइप की पहचान करने में सक्षम हो जाऊंगा।"
Diye gaye jeev vigyan ke prashn ka samadhan pradan karein:,पैंथेरा टाइग्रिस (बंगाल टाइगर) प्रजाति के लिए सही एपिटाइप की पहचान करें और इस बात का संक्षिप्त विवरण दें कि आप अपने निष्कर्ष पर कैसे पहुंचे।,"एक एपिटाइप एक व्याख्यात्मक प्रकार के रूप में काम करने के लिए चुना गया एक नमूना है जब होलोटाइप, लेक्टोटाइप, या पहले से नामित नियोटाइप, या एक वैध रूप से प्रकाशित नाम से जुड़ी सभी मूल सामग्री, स्पष्ट रूप से अस्पष्ट होती है और गंभीर रूप से नहीं हो सकती है। एक वर्गीकरण के नाम के सटीक अनुप्रयोग के उद्देश्य से पहचाना गया। पैंथेरा टाइग्रिस के मामले में, मूल प्रकार का नमूना अस्पष्ट नहीं है, और एक एपिटाइप को निर्दिष्ट करने की कोई आवश्यकता नहीं है।

पैंथेरा टाइग्रिस, जिसे आमतौर पर बंगाल टाइगर के रूप में जाना जाता है, का वर्णन पहली बार 1758 में कार्ल लिनियस द्वारा किया गया था। इस प्रजाति के लिए प्रकार का नमूना अच्छी तरह से स्थापित है और इसे अस्पष्ट नहीं माना गया है। इसलिए, पैंथेरा टाइग्रिस के लिए एक एपिटाइप नामित करने की कोई आवश्यकता नहीं है।

अंत में, पैंथेरा टाइग्रिस प्रजाति के लिए सही एपिटाइप लागू नहीं है, क्योंकि मूल प्रकार का नमूना अस्पष्ट नहीं है और इसके लिए किसी व्याख्यात्मक प्रकार को नामित करने की आवश्यकता नहीं है।"
Respond to the provided biology question:,"प्रजाति ""कैनिस ल्यूपस परिचित"" के वर्गीकरण वर्गीकरण के लिए सही अधिकार क्या है?","प्रजाति ""कैनिस ल्यूपस परिचित"" (घरेलू कुत्ता) के वर्गीकरण वर्गीकरण के लिए सही अधिकार कार्ल लिनियस हैं। लिनियस, एक स्वीडिश वनस्पतिशास्त्री, प्राणी विज्ञानी और चिकित्सक, को आधुनिक वर्गीकरण के पिता के रूप में जाना जाता है। उन्होंने जीवों के नामकरण और वर्गीकरण के लिए द्विपद नामकरण प्रणाली विकसित की, जो आज भी उपयोग में है। अपने काम ""सिस्टम नैचुरा"" (10वां संस्करण, 1758) में, लिनियस ने घरेलू कुत्ते को प्रजाति कैनिस ल्यूपस परिचित के तहत वर्गीकृत किया।"
Provide an answer to the given biology query:,आम तौर पर अफ्रीकी हाथी के रूप में जानी जाने वाली प्रजाति के लिए सही वर्गीकरण प्राधिकरण और पूर्ण द्विपद नाम क्या है?,"अफ्रीकी हाथी के लिए सही वर्गीकरण अधिकार जोहान फ्रेडरिक ब्लुमेनबैक हैं, जिन्होंने पहली बार 1797 में प्रजाति का वर्णन किया था। अफ्रीकी हाथी का पूरा द्विपद नाम लोक्सोडोंटा अफ्रीकाना है।"
Address the biology problem provided:,पैंथेरा टाइग्रिस (बंगाल टाइगर) प्रजाति के लिए सही वर्गीकरण प्राधिकरण क्या है?,"पैंथेरा टाइग्रिस (बंगाल टाइगर) प्रजाति के लिए सही वर्गीकरण प्राधिकरण कार्ल लिनायस है। उन्होंने पहली बार 1758 में अपने काम ""सिस्टमा नेचुरा"" के 10वें संस्करण में प्रजाति का वर्णन किया था।"
Offer a solution to the stated biology question:,पैंथेरा टाइग्रिस (बंगाल टाइगर) प्रजाति के लिए सही वर्गीकरण प्राधिकरण क्या है?,"पैंथेरा टाइग्रिस (बंगाल टाइगर) प्रजाति के लिए सही वर्गीकरण प्राधिकरण लिनायस, 1758 है। कार्ल लिनियस, एक स्वीडिश वनस्पतिशास्त्री, प्राणी विज्ञानी और चिकित्सक, को आधुनिक वर्गीकरण के पिता के रूप में जाना जाता है और उन्होंने 1758 में अपनी पुस्तक ""सिस्टमा नेचुरा"" के 10वें संस्करण में बंगाल टाइगर का वर्णन किया है।"
दिए गए जीव विज्ञान के प्रश्न का समाधान प्रदान करें:,सामान्य चिंपांज़ी के वैज्ञानिक नाम के लिए वर्गीकरण प्राधिकरण क्या है?,"कॉमन चिंपांज़ी (पैन ट्रोग्लोडाइट्स) के वैज्ञानिक नाम के लिए वर्गीकरण प्राधिकरण जोहान फ्रेडरिक ब्लुमेनबैक हैं, जो एक जर्मन चिकित्सक, प्रकृतिवादी और मानवविज्ञानी हैं। उन्होंने पहली बार 1775 में प्रजातियों का वर्णन किया था।"
प्रस्तुत किए गए जीव विज्ञान के प्रश्न को हल करें:,पैंथेरा टाइग्रिस प्रजाति के लिए सही वर्गीकरण प्राधिकरण की पहचान करें।,"पैंथेरा टाइग्रिस (बाघ) प्रजाति के लिए सही वर्गीकरण प्राधिकरण कार्ल लिनायस है। उन्होंने 1758 में अपने काम ""सिस्टम नैचुरा"" में इस प्रजाति का वर्णन और वर्गीकरण किया।"
दिए गए जीव विज्ञान के प्रश्न का समाधान प्रस्तुत करें:Pradan kiye gaye jeev vigyan ke prashn ka uttar dein:,नीलगिरी ग्लोबुलस प्रजाति के लिए सही वर्गीकरण प्राधिकरण क्या है?,"नीलगिरी ग्लोबुलस प्रजाति के लिए सही वर्गीकरण प्राधिकरण लेबल है, जो फ्रांसीसी वनस्पति विज्ञानी जैक्स जूलियन हौटू डी लैबिलार्डियर का संक्षिप्त नाम है। उन्होंने पहली बार इस प्रजाति का वर्णन 1800 में अपने प्रकाशन ""रिलेशन डू वॉयेज ए ला रिसर्च डे ला पेरोस"" में किया था।"
Diye gaye jeev vigyan ke prashn ka samadhan pradan karein:,अमेज़न वर्षावन में पाए जाने वाले पक्षी की एक नई खोजी गई प्रजाति का सही वैज्ञानिक नाम निर्धारित करने के लिए किस वर्गीकरण प्राधिकरण से परामर्श किया जाना चाहिए?,"अमेज़न वर्षावन में पाए जाने वाले पक्षी की एक नई खोजी गई प्रजाति का सही वैज्ञानिक नाम निर्धारित करने के लिए, आपको अंतर्राष्ट्रीय पक्षी विज्ञान कांग्रेस (आई. ओ. सी.) और उनकी आई. ओ. सी. विश्व पक्षी सूची से परामर्श करना चाहिए। आई. ओ. सी. पक्षियों के लिए एक व्यापक रूप से मान्यता प्राप्त वर्गीकरण प्राधिकरण है, और नवीनतम वैज्ञानिक अनुसंधान और खोजों को प्रतिबिंबित करने के लिए उनकी सूची को नियमित रूप से अद्यतन किया जाता है। इसके अतिरिक्त, आप आगे के मार्गदर्शन और पुष्टि के लिए अन्य क्षेत्रीय या राष्ट्रीय पक्षी विज्ञान संगठनों और वर्गीकरण अधिकारियों से भी परामर्श कर सकते हैं।"
Prastut kiye gaye jeev vigyan ke prashn ko hal karein:,फेलिस कैटस प्रजाति के लिए सही वर्गीकरण प्राधिकरण क्या है?,"फेलिस कैटस प्रजाति के लिए सही वर्गीकरण प्राधिकरण, जिसे घरेलू बिल्ली के रूप में भी जाना जाता है, कार्ल लिनियस है। लिनियस ने पहली बार 1758 में अपने काम सिस्टम नैचुरा में प्रजाति का वर्णन किया, जहाँ उन्होंने इसे फेलिस कैटस नाम दिया।"
Pradan ki gayi jeev vigyan ki samasya ka samadhan karein:,"प्रजाति ""कैनिस ल्यूपस"" के लिए सही वर्गीकरण प्राधिकरण की पहचान करें और बताएँ कि आप अपने उत्तर पर कैसे पहुंचे।","प्रजाति ""कैनिस ल्यूपस"" के लिए सही वर्गीकरण प्राधिकरण कार्ल लिनियस है। मैं इस उत्तर पर 18वीं शताब्दी में कार्ल लिनियस द्वारा विकसित द्विपद नामकरण प्रणाली का उल्लेख करके पहुंचा। लिनियस को आधुनिक वर्गीकरण का जनक माना जाता है, और वह हजारों प्रजातियों के वर्गीकरण और नामकरण के लिए जिम्मेदार है, जिसमें ""कैनिस ल्यूपस"", ग्रे वुल्फ शामिल है। अपने मौलिक कार्य, ""सिस्टमा नेचुरा"" (10वां संस्करण, 1758) में, लिनायस ने पहली बार प्रजाति का वर्णन किया और उसका नाम ""कैनिस ल्यूपस"" रखा।"
Diye gaye jeev vigyan ke prashn ka samadhan prastut karein:,पैंथेरा टाइग्रिस (बंगाल टाइगर) प्रजाति के लिए सही वर्गीकरण प्राधिकरण क्या है?,"पैंथेरा टाइग्रिस (बंगाल टाइगर) प्रजाति के लिए सही वर्गीकरण प्राधिकरण कार्ल लिनायस है। उन्होंने पहली बार 1758 में अपने काम ""सिस्टमा नेचुरा"" के 10वें संस्करण में प्रजाति का वर्णन किया था।"
Respond to the provided biology question:,"प्रजाति ""कैनिस ल्यूपस परिचित"" के लिए सही वर्गीकरण प्राधिकरण क्या है?","प्रजाति ""कैनिस ल्यूपस परिचित"" (घरेलू कुत्ता) के लिए सही वर्गीकरण प्राधिकरण कार्ल लिनियस है। उन्होंने पहली बार 1758 में अपने काम सिस्टम नैचुरा में घरेलू कुत्ते को प्रजाति नाम ""कैनिस परिचित"" के तहत वर्गीकृत किया। हालांकि, बाद के अध्ययनों से पता चला कि घरेलू कुत्ते ग्रे वुल्फ, कैनिस ल्यूपस की एक उप-प्रजाति हैं, और नाम बदलकर ""कैनिस ल्यूपस परिचित"" कर दिया गया था।"
Provide an answer to the given biology query:,"""होमो सेपियन्स"" प्रजाति का सही वर्गीकरण अधिकार क्या है और इसका पहली बार वर्णन कब किया गया था?","""होमो सेपियन्स"" प्रजाति के लिए सही वर्गीकरण प्राधिकरण कार्ल लिनियस हैं, जो एक स्वीडिश वनस्पतिशास्त्री, प्राणी विज्ञानी और चिकित्सक हैं। उन्होंने पहली बार 1758 में अपने काम ""सिस्टम नैचुरा"" में प्रजाति का वर्णन किया था।"
Solve the biology question presented:,"प्रजाति ""कैनिस ल्यूपस परिचित"" के लिए सही वर्गीकरण प्राधिकरण की पहचान करें और समझाएं कि यह प्राधिकरण जीवित जीवों के वर्गीकरण में महत्वपूर्ण क्यों है।","प्रजाति ""कैनिस ल्यूपस परिचित"" के लिए सही वर्गीकरण प्राधिकरण कार्ल लिनियस है। लिनियस, एक स्वीडिश वनस्पतिशास्त्री, प्राणी विज्ञानी और चिकित्सक, को आधुनिक वर्गीकरण का जनक माना जाता है। उन्होंने द्विपद नामकरण प्रणाली विकसित की, जो दो भागों वाले नाम के साथ प्रजातियों के नामकरण की औपचारिक प्रणाली है, जिसमें वंश का नाम और प्रजाति का नाम शामिल है।

लिनायस जीवित जीवों के वर्गीकरण में महत्वपूर्ण है क्योंकि उसने प्रजातियों के नामकरण और वर्गीकरण के लिए एक मानकीकृत और सार्वभौमिक रूप से स्वीकृत प्रणाली शुरू की थी। उनकी वर्गीकरण प्रणाली, जो आज भी उपयोग में है, वैज्ञानिकों को विभिन्न प्रजातियों और एक दूसरे के साथ उनके संबंधों के बारे में प्रभावी ढंग से संवाद करने की अनुमति देती है। प्रजातियों के नामकरण और संगठन के लिए एक सुसंगत ढांचा प्रदान करके, लिनायस ने जीवविज्ञानी के लिए पृथ्वी पर जीवन की विविधता का अध्ययन करना और विभिन्न जीवों के बीच विकासवादी संबंधों को समझना आसान बना दिया।"
Address the biology problem provided:,"निम्नलिखित में से कौन सा वर्गीकरण प्राधिकरण किसी दी गई प्रजाति के लिए सही है, कैनिस ल्यूपस परिचित? ए) कार्ल लिनियस, बी) जॉन रे, सी) जॉर्जेस कुवियर, डी) कैरोलस लिनियस जूनियर।",ए) कार्ल लिनियस प्रजाति कैनिस ल्यूपस परिचित के लिए सही वर्गीकरण प्राधिकरण है।
Offer a solution to the stated biology question:,इक्वस फेरस कैबेलस प्रजाति के लिए सही वर्गीकरण प्राधिकरण क्या है?,"इक्वस फेरस कैबेलस (घरेलू घोड़ा) प्रजाति के लिए सही वर्गीकरण प्राधिकरण कार्ल लिनियस है। उन्होंने पहली बार 1758 में अपने काम ""सिस्टम नैचुरा"" में प्रजाति का वर्णन किया, जहाँ उन्होंने इसे इक्वस कैबेलस नाम दिया। बाद में, इस प्रजाति को इक्वस फेरस की उप-प्रजाति के रूप में फिर से वर्गीकृत किया गया, जिसके परिणामस्वरूप वर्तमान नाम इक्वस फेरस कैबेलस हो गया।"
प्रदान किए गए जीव विज्ञान के प्रश्न का उत्तर दें:,"पैंथेरा टाइग्रिस प्रजाति के लिए सही वर्गीकरण प्राधिकरण की पहचान करें, और इस प्रजाति के वर्गीकरण और विवरण में उनके योगदान की व्याख्या करें।","पैंथेरा टाइग्रिस प्रजाति के लिए सही वर्गीकरण प्राधिकरण कार्ल लिनियस हैं, जो एक स्वीडिश वनस्पतिशास्त्री, प्राणी विज्ञानी और चिकित्सक हैं। उन्हें ""आधुनिक वर्गीकरण के पिता"" के रूप में भी जाना जाता है। लिनायस ने पहली बार 1758 में अपने मौलिक कार्य, सिस्टमा नैचुर में पैंथेरा टाइग्रिस प्रजाति का वर्णन और वर्गीकरण किया।

पैंथेरा टाइग्रिस के वर्गीकरण और वर्णन में कार्ल लिनियस का योगदान महत्वपूर्ण है। सिस्टेमा नैचुर में, उन्होंने द्विपद नामकरण प्रणाली की शुरुआत की, जो जीवों को वर्गीकृत करने की आधुनिक प्रणाली का आधार है। यह प्रणाली प्रत्येक प्रजाति के लिए दो भागों वाले नाम का उपयोग करती है, जिसमें पहला भाग वंश का नाम है और दूसरा भाग प्रजाति का नाम है। पैंथेरा टाइग्रिस के मामले में, ""पैंथेरा"" वंश है, और ""टाइग्रिस"" प्रजाति है।

लिनियस की वर्गीकरण प्रणाली ने जीवित जीवों के नामकरण और वर्गीकरण के अधिक संगठित और मानकीकृत तरीके की अनुमति दी, जिससे वैज्ञानिकों के लिए उनके बारे में संवाद करना आसान हो गया। उनके काम ने आधुनिक वर्गीकरण की नींव रखी और पिछले कुछ वर्षों में जीवविज्ञानियों और वर्गीकरणविदों द्वारा इसे व्यापक रूप से अपनाया और विस्तारित किया गया है।"
दिए गए जीव विज्ञान के प्रश्न का समाधान प्रदान करें:,फेलिस कैटस प्रजाति के लिए सही वर्गीकरण प्राधिकरण की पहचान करें।,"फेलिस कैटस (घरेलू बिल्ली) प्रजाति के लिए सही वर्गीकरण प्राधिकरण कार्ल लिनियस हैं, जिन्होंने पहली बार 1758 में अपने काम सिस्टम नैचुरा के 10वें संस्करण में प्रजाति का वर्णन किया था।"
प्रस्तुत किए गए जीव विज्ञान के प्रश्न को हल करें:,उर्सस आर्क्टोस के वैज्ञानिक नाम वाली प्रजाति के लिए सही वर्गीकरण प्राधिकरण क्या है?,"उर्सस आर्क्टोस प्रजाति के लिए सही वर्गीकरण प्राधिकरण, जिसे आमतौर पर भूरे भालू के रूप में जाना जाता है, कार्ल लिनायस है। उन्होंने पहली बार इस प्रजाति का वर्णन 1758 में सिस्टम नैचुरा के 10वें संस्करण के अपने प्रकाशन में किया था।"
Pradan ki gayi jeev vigyan ki samasya ka samadhan karein:,प्रजाति नेपेंथेस राजा के वर्गीकरण और नामकरण पर सबसे सटीक और अद्यतित जानकारी प्राप्त करने के लिए किस वर्गीकरण प्राधिकरण से परामर्श किया जाना चाहिए?,"प्रजाति नेपेंथेस राजा के वर्गीकरण और नामकरण पर सबसे सटीक और अद्यतित जानकारी प्राप्त करने के लिए, आपको अंतर्राष्ट्रीय पादप नाम सूचकांक (आई. पी. एन. आई.) से परामर्श करना चाहिए। आई. पी. एन. आई. पौधों के नामों और संबंधित बुनियादी ग्रंथ सूची विवरणों का एक डेटाबेस है, जो संवहनी पौधों पर ध्यान केंद्रित करता है। यह रॉयल बॉटनिक गार्डन, क्यू, हार्वर्ड विश्वविद्यालय हर्बेरिया और ऑस्ट्रेलियाई राष्ट्रीय हर्बेरियम के बीच एक सहयोग है।

आप आई. पी. एन. आई. डेटाबेस तक यहाँ पहुँच सकते हैंः https://www.ipni.org/ 

इसके अतिरिक्त, आप मिसौरी बॉटनिकल गार्डन द्वारा बनाए गए ट्रॉपिकोस डेटाबेस से भी परामर्श कर सकते हैं, जो पादप वर्गीकरण, नामकरण और वितरण के बारे में जानकारी प्रदान करता है। आप यहां ट्रॉपिकोस डेटाबेस का उपयोग कर सकते हैंः https://www.tropicos.org/"
Diye gaye jeev vigyan ke prashn ka samadhan prastut karein:,पैंथेरा टाइग्रिस प्रजाति के लिए सही वर्गीकरण प्राधिकरण की पहचान करें।,पैंथेरा टाइग्रिस प्रजाति के लिए सही वर्गीकरण प्राधिकरण कार्ल लिनियस है। उन्होंने 1758 में अपने काम सिस्टम नैचुरा के 10वें संस्करण में प्रजाति का वर्णन और नाम दिया।
Respond to the provided biology question:,प्रजाति कैनिस ल्यूपस परिचित (घरेलू कुत्ता) को ठीक से वर्गीकृत करने के लिए आप किस वर्गीकरण प्राधिकरण का उपयोग करेंगे?,"प्रजाति कैनिस ल्यूपस परिचित (घरेलू कुत्ता) को ठीक से वर्गीकृत करने के लिए, आप एकीकृत वर्गीकरण सूचना प्रणाली (आई. टी. आई. एस.) या जीवन सूची (सी. ओ. एल.) का उपयोग करेंगे। ये व्यापक रूप से स्वीकृत और व्यापक वर्गीकरण डेटाबेस हैं जो प्रजातियों के वर्गीकरण और नामकरण के बारे में जानकारी प्रदान करते हैं। दोनों डेटाबेस को वर्गीकरण विशेषज्ञों द्वारा नियमित रूप से अद्यतन और बनाए रखा जाता है, जिससे सटीक और अद्यतित जानकारी सुनिश्चित होती है।"
Provide an answer to the given biology query:,कैनिस ल्यूपस परिचित प्रजाति के लिए सही वर्गीकरण प्राधिकरण क्या है?,"प्रजाति कैनिस ल्यूपस परिचित (घरेलू कुत्ता) के लिए सही वर्गीकरण प्राधिकरण कार्ल लिनियस है। उन्होंने पहली बार 1758 में अपने काम ""सिस्टम नैचुरा"" में प्रजाति का वर्णन किया था।"
Solve the biology question presented:,"दी गई प्रजाति ""फेलिस कैटस"" के लिए, सही वर्गीकरण प्राधिकरण की पहचान करें और एक संक्षिप्त स्पष्टीकरण प्रदान करें कि इस प्राधिकरण को इस प्रजाति के लिए सबसे सटीक क्यों माना जाता है।","प्रजाति ""फेलिस कैटस"" (घरेलू बिल्ली) के लिए सही वर्गीकरण प्राधिकरण कार्ल लिनियस है। लिनायस को इस प्रजाति के लिए सबसे सटीक अधिकारी माना जाता है क्योंकि वह वही था जिसने पहली बार 1758 में अपने मौलिक कार्य, ""सिस्टम नैचुरा"" में घरेलू बिल्ली का वर्णन और वर्गीकरण किया था।

कार्ल लिनियस, एक स्वीडिश वनस्पति विज्ञानी, प्राणी विज्ञानी और चिकित्सक, को आधुनिक वर्गीकरण के पिता के रूप में जाना जाता है। उन्होंने द्विपद नामकरण प्रणाली विकसित की, जो जीवों के नामकरण और वर्गीकरण के लिए सार्वभौमिक प्रणाली है। यह प्रणाली प्रत्येक प्रजाति के लिए दो-भाग वाले नाम का उपयोग करती है, जिसमें पहला भाग वंश का नाम है और दूसरा भाग प्रजाति का नाम है। घरेलू बिल्ली के मामले में, ""फेलिस"" वंश है, और ""कैटस"" प्रजाति का नाम है।

लिनायस की वर्गीकरण प्रणाली को सदियों से जीवविज्ञानी व्यापक रूप से स्वीकार करते रहे हैं और उनका उपयोग करते रहे हैं, और उनके काम ने आधुनिक जैविक वर्गीकरण प्रणाली की नींव रखी। इसलिए, उनके अधिकार को प्रजाति ""फेलिस कैटस"" के लिए सबसे सटीक माना जाता है।"
Address the biology problem provided:,अमेज़न वर्षावन में पाई जाने वाली भृंग की एक नई खोजी गई प्रजाति के वैज्ञानिक नाम की सही पहचान करने के लिए किस वर्गीकरण प्राधिकरण से परामर्श किया जाना चाहिए?,"अमेज़न वर्षावन में पाई जाने वाली भृंग की एक नई खोजी गई प्रजाति के वैज्ञानिक नाम की सही पहचान करने के लिए, आपको कोलियोप्टेरिस्ट सोसाइटी से परामर्श करना चाहिए, जो भृंगों (ऑर्डर कोलियोप्टेरा) के अध्ययन के लिए समर्पित एक अंतर्राष्ट्रीय संगठन है। वे भृंग वर्गीकरण का एक व्यापक डेटाबेस बनाए रखते हैं और उपयुक्त नामकरण परंपराओं और वर्गीकरण पर मार्गदर्शन प्रदान कर सकते हैं। इसके अतिरिक्त, आप एकीकृत वर्गीकरण सूचना प्रणाली (आई. टी. आई. एस.) और जीवन सूची से परामर्श कर सकते हैं, जो वर्गीकरण संबंधी जानकारी के लिए आधिकारिक स्रोत हैं। अपने निष्कर्षों को एक सहकर्मी-समीक्षा वैज्ञानिक पत्रिका में प्रकाशित करना भी महत्वपूर्ण है, जहां क्षेत्र के अन्य विशेषज्ञ आपके प्रस्तावित वर्गीकरण की समीक्षा और सत्यापन कर सकते हैं।"
Offer a solution to the stated biology question:,"""लेपस अमेरिकनस"" प्रजाति के लिए, वर्गीकरण साहित्य पर शोध करके और इस प्रजाति के पहले वैज्ञानिक विवरण का निर्धारण करके, वर्ष और लेखक सहित सही प्रकाशन तिथि का पता लगाएं।","प्रजाति ""लेपस अमेरिकनस"" (स्नोशू हरे) का पहली बार 1777 में एर्क्सलेबेन द्वारा वैज्ञानिक रूप से वर्णन किया गया था। पूरा उद्धरण इस प्रकार हैः

एर्क्सलेबेन, जे. सी. पी. 1777. सिस्टमा रेग्नी एनिमलिस प्रति वर्ग, ऑर्डिन, जेनेरा, प्रजाति, वैरिएटेट्स, सह पर्यायवाची और हिस्टोरिया एनिमलियम. क्लासिस I. स्तनपायी. वेगैंडियानिस, लीपज़िग, जर्मनी।"
Prastut kiye gaye jeev vigyan ke prashn ko hal karein:,"इंटरनेशनल कोड ऑफ जूलॉजिकल नोमेनक्लेचर के अनुसार, आमतौर पर घरेलू बिल्लियों के रूप में जानी जाने वाली प्रजाति फेलिस कैटस के लिए सही प्रकाशन तिथि क्या है?","इंटरनेशनल कोड ऑफ जूलॉजिकल नोमेंक्लेचर के अनुसार, प्रजाति फेलिस कैटस के लिए सही प्रकाशन तिथि 1758 है। ऐसा इसलिए है क्योंकि घरेलू बिल्ली का वर्णन और नाम पहली बार कार्ल लिनायस ने अपने 10वें संस्करण में ""सिस्टम नैचुरा"" में रखा था, जो 1758 में प्रकाशित हुआ था।"
Provide an answer to the given biology query:,"प्रजाति ""कैनिस ल्यूपस परिचित"" के लिए सही प्रकाशन तिथि क्या है?","प्रजाति ""कैनिस ल्यूपस परिचित"", जिसे घरेलू कुत्ते के रूप में भी जाना जाता है, को पहली बार कार्ल लिनायस द्वारा 1758 में सिस्टम नैचुर के 10वें संस्करण के प्रकाशन में वर्गीकृत किया गया था। तो, प्रजाति के लिए सही प्रकाशन तिथि 1758 है।"
Address the biology problem provided:,"इंटरनेशनल कोड ऑफ जूलॉजिकल नोमेनक्लेचर (ICZN) के अनुसार जीनस ""मुस्का"" की प्रजातियों के लिए सही प्रकाशन तिथि क्या है?","अंतर्राष्ट्रीय प्राणी नामकरण संहिता (आई. सी. जेड. एन.) जानवरों के नामकरण और वर्गीकरण के लिए नियमों और दिशानिर्देशों का एक समूह है। आई. सी. जेड. एन. के तहत एक प्रजाति के प्रकाशन की तारीख वह तारीख है जब प्रजाति का मूल विवरण एक वैज्ञानिक पत्रिका या पुस्तक में प्रकाशित किया गया था।

""मुस्का"" वंश की स्थापना कार्ल लिनायस ने अपने 1758 के प्रकाशन, ""सिस्टमा नेचुरा"" (10वां संस्करण) में की थी। इसलिए, आईसीजेडएन के अनुसार ""मुस्का"" वंश की प्रजातियों के लिए सही प्रकाशन तिथि 1758 है।"
Provide an answer to the given biology query:,"फेलिस कैटस की प्रजाति के लिए सही प्रकाशन तिथि क्या है, और आप प्रकाशित जानकारी की सटीकता को कैसे सत्यापित कर सकते हैं?","प्रजाति फेलिस कैटस (घरेलू बिल्ली) के लिए सही प्रकाशन तिथि 1758 है। इसका वर्णन पहली बार स्वीडिश वनस्पति विज्ञानी और प्राणी विज्ञानी कार्ल लिनियस ने अपनी पुस्तक ""सिस्टमा नैचुरा"" के 10वें संस्करण में किया था।

प्रकाशित जानकारी की सटीकता को सत्यापित करने के लिए, आप मूल स्रोत का उल्लेख कर सकते हैं, जो ""सिस्टम नैचुरा"" पुस्तक है। इसके अतिरिक्त, आप प्रतिष्ठित वैज्ञानिक डेटाबेस से परामर्श कर सकते हैं, जैसे कि एकीकृत वर्गीकरण सूचना प्रणाली (आई. टी. आई. एस.) या जीवन सूची, जो प्रजातियों पर वर्गीकरण संबंधी जानकारी प्रदान करती है, जिसमें उनके वैज्ञानिक नाम और प्रकाशन की तारीखें शामिल हैं। इन डेटाबेस का रखरखाव क्षेत्र के विशेषज्ञों द्वारा किया जाता है और इन्हें जानकारी का विश्वसनीय स्रोत माना जाता है।"
Address the biology problem provided:,"वर्गीकरण के विषय के भीतर, छात्र को किसी दी गई प्रजाति के लिए सही प्रकाशन तिथि निर्धारित करने की आवश्यकता होती है। छात्र के लिए हल करने के लिए विशिष्ट समस्या यह हो सकती हैः पैंथेरा टाइग्रिस (बंगाल टाइगर) प्रजाति के लिए सही प्रकाशन तिथि क्या है?","पैंथेरा टाइग्रिस (बंगाल टाइगर) प्रजाति के लिए सही प्रकाशन तिथि निर्धारित करने के लिए, छात्र को इन चरणों का पालन करना चाहिएः

1. प्रजाति के वैज्ञानिक नाम की पहचान कीजिएः इस मामले में, यह पैंथेरा टाइग्रिस है।

2. प्रजातियों का मूल विवरण खोजेंः छात्र को पहले प्रकाशन की खोज करनी चाहिए जहां प्रजातियों का वैज्ञानिक रूप से वर्णन किया गया था। यह वैज्ञानिक डेटाबेस, पुस्तकालयों या ऑनलाइन संसाधनों में खोज करके किया जा सकता है।

3. लेखक और प्रकाशन की तारीख का पता लगाएंः एक बार मूल विवरण मिल जाने के बाद, छात्र को उस लेखक की तलाश करनी चाहिए जिसने प्रजाति और प्रकाशन की तारीख का वर्णन किया है। यह जानकारी आमतौर पर प्रकाशन के भीतर ही पाई जाती है।

पैंथेरा टाइग्रिस के लिए, इस प्रजाति का वर्णन पहली बार कार्ल लिनियस ने 1758 में अपने काम ""सिस्टम नैचुरा"" में किया था। इसलिए, प्रजाति पैंथेरा टाइग्रिस (बंगाल टाइगर) के लिए सही प्रकाशन तिथि 1758 है।"
दिए गए जीव विज्ञान के प्रश्न का समाधान प्रदान करें:,वैज्ञानिक नाम 'अनस प्लैटिरिंकोस' के लिए सही प्रकाशन तिथि की पहचान करें और इस प्रजाति का वर्णन करने वाले लेखक का नाम प्रदान करें।,"वैज्ञानिक नाम 'अनस प्लैटिरिंकोस' मैलार्ड को संदर्भित करता है, जो डैबलिंग बतख की एक प्रजाति है। इसका वर्णन पहली बार कार्ल लिनायस ने 1758 में प्रकाशित सिस्टमा नैचुर के अपने 10वें संस्करण में किया था।"
प्रदान की गई जीव विज्ञान की समस्या का समाधान करें:,"""आर्डिया अल्बा"" प्रजाति के लिए किस वर्गीकरण समानार्थी शब्द का उपयोग किया जाना चाहिए?","प्रजाति ""आर्डिया अल्बा"" के लिए जिस वर्गीकरण समानार्थी शब्द का उपयोग किया जाना चाहिए वह है ""कैसमेरोडियस एल्बस""। हालाँकि, यह ध्यान रखना महत्वपूर्ण है कि उपयोग किए गए स्रोत और वर्गीकरण प्रणाली के आधार पर वर्गीकरण समानार्थी शब्द भिन्न हो सकते हैं। इस मामले में, ""आर्डिया अल्बा"" और ""कैस्मेरोडियस एल्बस"" दोनों एक ही प्रजाति, ग्रेट एग्रेट को संदर्भित करते हैं, जो दुनिया भर के आर्द्रभूमि में पाया जाने वाला एक बड़ा तैरता हुआ पक्षी है।"
दिए गए जीव विज्ञान के प्रश्न का समाधान प्रस्तुत करें:Pradan kiye gaye jeev vigyan ke prashn ka uttar dein:,"आम तौर पर ""पर्वतीय शेर"" के रूप में जानी जाने वाली प्रजाति के लिए सही वर्गीकरण पर्यायवाची क्या है?","आमतौर पर ""पर्वतीय शेर"" के रूप में जानी जाने वाली प्रजाति के लिए सही वर्गीकरण पर्यायवाची पूमा कॉन्कलर है। इस प्रजाति को कौगर, पूमा या पैंथर के रूप में भी जाना जाता है।"
Diye gaye jeev vigyan ke prashn ka samadhan pradan karein:,"पहले मुस्का डोमेस्टिका के रूप में जानी जाने वाली प्रजाति के लिए सही वर्गीकरण पर्यायवाची क्या है, और इसे फिर से वर्गीकृत क्यों किया गया था?","पहले मुस्का डोमेस्टिका के रूप में जानी जाने वाली प्रजाति का सही वर्गीकरण पर्याय अब ड्रोसोफिला मेलानोगास्टर है। यह पुनर्वर्गीकरण आणविक जीव विज्ञान और आनुवंशिक अनुसंधान में प्रगति के कारण हुआ, जिसने वैज्ञानिकों को मक्खियों की विभिन्न प्रजातियों के बीच विकासवादी संबंधों को बेहतर ढंग से समझने में मदद की।

मुस्का डोमेस्टिका, जिसे आमतौर पर हाउसफ्लाई के रूप में जाना जाता है, को शुरू में मुस्किडे परिवार के तहत वर्गीकृत किया गया था। हालांकि, जैसे-जैसे आनुवंशिक अनुसंधान आगे बढ़ा, यह स्पष्ट हो गया कि प्रजातियों ने फल मक्खी, ड्रोसोफिला मेलानोगास्टर के साथ अधिक समानताएं साझा कीं, जो ड्रोसोफिलिडे परिवार से संबंधित है। इन समानताओं में साझा जीन अनुक्रम, समान विकासात्मक प्रक्रियाएँ और तुलनीय प्रजनन रणनीतियाँ शामिल हैं।

मुस्का डोमेस्टिका से ड्रोसोफिला मेलानोगास्टर का पुनर्वर्गीकरण इन प्रजातियों के बीच विकासवादी संबंधों की अधिक सटीक समझ को दर्शाता है और निकटता से संबंधित जीवों को एक साथ समूहबद्ध करके अनुसंधान प्रयासों को सुव्यवस्थित करने में मदद करता है।"
Pradan ki gayi jeev vigyan ki samasya ka samadhan karein:,"दी गई प्रजाति ""आर्डिया हिरोडियास"" के लिए कौन सा वर्गीकरण समानार्थी शब्द सही है?","दी गई प्रजाति ""आर्डिया हिरोडियास"" के लिए वर्गीकरण समानार्थी शब्द ""आर्डिया ऑक्सीडेंटलिस"" है। दोनों नाम एक ही प्रजाति को संदर्भित करते हैं, जिसे आमतौर पर ग्रेट ब्लू हेरॉन के रूप में जाना जाता है।"
Diye gaye jeev vigyan ke prashn ka samadhan prastut karein:,"वर्तमान में ""क्रोमिस पंचपिनिस"" के रूप में जानी जाने वाली प्रजाति के लिए सही वर्गीकरण पर्यायवाची क्या है?","वर्तमान में ""क्रोमिस पंचपिनिस"" के रूप में जानी जाने वाली प्रजाति का सही वर्गीकरण समानार्थी नाम ""क्रोमिस पंचपिनिस (कूपर, 1863)"" है। यह प्रजाति पोमासेंट्रिडे परिवार से संबंधित है और इसे आमतौर पर लोहार क्रोमिस या लोहार डेमसेल्फिश के रूप में जाना जाता है।"
Respond to the provided biology question:,"प्रजाति ""कैनिस ल्यूपस परिचित"" के लिए कौन सा वर्गीकरण समानार्थी शब्द सही है और जीव विज्ञान में नामकरण के मानकीकृत नियमों के अनुसार इसे चुनने का आधार क्या है?","प्रजाति ""कैनिस ल्यूपस परिचित"" के लिए सही वर्गीकरण समानार्थी ""कैनिस परिचित"" है। जीव विज्ञान में नामकरण के मानकीकृत नियमों के अनुसार इस समानार्थी को चुनने का आधार प्राथमिकता का सिद्धांत है।

अंतर्राष्ट्रीय प्राणी नामकरण संहिता (आई. सी. जेड. एन.) जानवरों के नामकरण को नियंत्रित करती है, और इसके मुख्य सिद्धांतों में से एक प्राथमिकता का सिद्धांत है। इस सिद्धांत में कहा गया है कि किसी प्रजाति के लिए पहला वैध रूप से प्रकाशित नाम वह होना चाहिए जिसका उपयोग किया जाता है। घरेलू कुत्तों के मामले में, ""कैनिस परिचित"" नाम का उपयोग पहली बार 1758 में कार्ल लिनियस द्वारा किया गया था, जबकि ""कैनिस ल्यूपस परिचित"" का प्रस्ताव बाद में अन्य वर्गीकरणविदों द्वारा किया गया था, जो घरेलू कुत्ते को ग्रे वुल्फ (कैनिस ल्यूपस) की उप-प्रजाति मानते थे।

हालाँकि, यह ध्यान रखना महत्वपूर्ण है कि दोनों नामों का व्यापक रूप से उपयोग किया जाता है और वैज्ञानिक समुदाय में स्वीकार किया जाता है। कुछ शोधकर्ता घरेलू कुत्तों और भूरे भेड़ियों के बीच घनिष्ठ संबंध पर जोर देने के लिए ""कैनिस ल्यूपस परिचित"" का उपयोग करना पसंद करते हैं, जबकि अन्य घरेलू कुत्तों की विशिष्ट विशेषताओं को उजागर करने के लिए ""कैनिस परिचित"" का उपयोग करते हैं।"
Provide an answer to the given biology query:,'रॉक कबूतर' को संदर्भित करने के लिए किस वर्गीकरण समानार्थी शब्द का सही उपयोग किया जाना चाहिए? क्या यह कोलम्बा लिविया या कोलम्बा रूपेस्ट्रिस होना चाहिए? एक दूसरे पर चुनने के पीछे का मुख्य कारण बताते हुए अपने उत्तर को उचित ठहराएँ।,"'रॉक कबूतर' को संदर्भित करने के लिए सही वर्गीकरण समानार्थी कोलम्बा लिविया है। कोलम्बा रूपेस्ट्रिस के बजाय कोलम्बा लिविया को चुनने का मुख्य कारण यह है कि कोलम्बा लिविया व्यापक रूप से स्वीकृत और वैज्ञानिक साहित्य और वर्गीकरण प्रणालियों में अधिक सामान्य रूप से उपयोग किया जाने वाला नाम है। इसके अतिरिक्त, वर्गीकरण में प्राथमिकता के सिद्धांत में कहा गया है कि एक प्रजाति के लिए सबसे पुराने उपलब्ध नाम का उपयोग किया जाना चाहिए, और कोलम्बा लिविया का वर्णन कोलम्बा रूपेस्ट्रिस की तुलना में पहले (1758 में लिनियस द्वारा) किया गया था। इसलिए, रॉक कबूतर का उल्लेख करते समय उपयोग करने के लिए कोलम्बा लिविया उपयुक्त नाम है।"
Address the biology problem provided:,"प्रजाति ""कैनिस ल्यूपस परिचित"" के लिए सही वर्गीकरण समानार्थी क्या है?","प्रजाति ""कैनिस ल्यूपस परिचित"" के लिए सही वर्गीकरण समानार्थी शब्द कैनिस परिचित है। यह घरेलू कुत्ते को संदर्भित करता है, जो भेड़िये (कैनिस ल्यूपस) की एक उप-प्रजाति है।"
Offer a solution to the stated biology question:,आम तौर पर अफ्रीकी हाथी के रूप में जानी जाने वाली प्रजाति के लिए सही वर्गीकरण पर्यायवाची क्या है?,आमतौर पर अफ्रीकी हाथी के रूप में जानी जाने वाली प्रजाति का सही वर्गीकरण नाम लोक्सोडोंटा अफ्रीकाना है।
दिए गए जीव विज्ञान के प्रश्न का समाधान प्रदान करें:,"पहले विब्रियो हैजा के रूप में जानी जाने वाली प्रजातियों के लिए सही वर्गीकरण पर्यायवाची क्या है, जिसे अब आनुवंशिक और फेनोटाइपिक अंतर के कारण कई प्रजातियों के रूप में नामित किया गया है? वर्तमान वैज्ञानिक नाम और इसके लेखकों की पहचान करें।","पहले विब्रियो हैजा के रूप में जानी जाने वाली प्रजाति का सही वर्गीकरण पर्याय विब्रियो हैजा पचिनी 1854 है। आनुवंशिक और फेनोटाइपिक अंतरों की पहचान किए जाने के बावजूद, विब्रियो हैजा अभी भी प्रजातियों का वर्तमान वैज्ञानिक नाम है। प्रजातियों को विभिन्न सेरोग्रुप और जैव प्रकारों में विभाजित किया गया है, लेकिन समग्र वर्गीकरण विब्रियो हैजा के रूप में बना हुआ है। प्रजाति के नाम के लेखक फिलिप्पो पचिनी हैं, जिन्होंने पहली बार 1854 में बैक्टीरिया का वर्णन किया था।"
प्रस्तुत किए गए जीव विज्ञान के प्रश्न को हल करें:,"प्रजाति ""कैनिस ल्यूपस"" का सही वर्गीकरण समानार्थी क्या है? इस प्रजाति के लिए पिछले और वर्तमान वर्गीकरण नाम (ओं) प्रदान करें।","प्रजाति ""कैनिस ल्यूपस"" को आमतौर पर ग्रे वुल्फ या टिम्बर वुल्फ के रूप में जाना जाता है। वर्गीकरण में, समानार्थी शब्द अलग-अलग वैज्ञानिक नाम हैं जो एक ही प्रजाति को संदर्भित करते हैं। हालांकि, वर्गीकरण में ""प्राथमिकता का सिद्धांत"" नामक एक सिद्धांत है, जिसमें कहा गया है कि एक प्रजाति के लिए सबसे पुराना उपलब्ध नाम वैध होना चाहिए। कैनिस ल्यूपस के मामले में, सबसे पुराना उपलब्ध नाम कैनिस ल्यूपस लिनायस, 1758 है, जो कार्ल लिनायस द्वारा अपने काम ""सिस्टमा नेचुरा"" में दिया गया था।

अतीत में कैनिस ल्यूपस के लिए अन्य समानार्थी शब्दों का उपयोग किया गया है, लेकिन उन्हें अमान्य या कनिष्ठ समानार्थी माना जाता है। इनमें से कुछ समानार्थी शब्दों में शामिल हैंः

1. कैनिस लाइकॉन श्रेबर, 1775
2. कैनिस नुबिलस कहते हैं, 1823
3. कैनिस ऑक्सीडेंटलिस रिचर्डसन, 1829

ग्रे वुल्फ का वर्तमान वैध वर्गीकरण नाम कैनिस ल्यूपस लिनियस, 1758 है।"
प्रदान की गई जीव विज्ञान की समस्या का समाधान करें:,"""एपिस मेलिफेरा"" प्रजाति के लिए किस वर्गीकरण समानार्थी शब्द का उपयोग किया जाना चाहिए और क्यों? अपने उत्तर का समर्थन करने के लिए कम से कम तीन प्रमाण प्रदान करें।","प्रजाति ""एपिस मेलिफेरा"" के लिए उपयोग किया जाने वाला वर्गीकरण समानार्थी शब्द ""एपिस मेलिफिका"" है। इस विकल्प का समर्थन करने के लिए यहाँ तीन प्रमाण दिए गए हैंः

1. ऐतिहासिक उपयोगः ""एपिस मेलिफिका"" नाम का उपयोग ऐतिहासिक रूप से वैज्ञानिक साहित्य में उसी प्रजाति को संदर्भित करने के लिए किया गया है जिसे ""एपिस मेलिफेरा"" कहा जाता है। इस पर्यायवाची शब्द को कीट विज्ञान के क्षेत्र में वर्गीकरणविदों और शोधकर्ताओं द्वारा मान्यता दी गई है और स्वीकार किया गया है।

2. आकृति विज्ञान संबंधी समानताएँः एपिस मेलिफिका और एपिस मेलिफेरा एक ही आकृति विज्ञान संबंधी विशेषताएँ साझा करते हैं, जैसे कि शरीर का आकार, रंग और पंखों का वेनेशन। ये समानताएँ इंगित करती हैं कि वे वास्तव में एक ही प्रजाति हैं।

3. आनुवंशिक प्रमाणः आनुवंशिक अध्ययनों से पता चला है कि एपिस मेलिफिका और एपिस मेलिफेरा के डीएनए अनुक्रम लगभग समान हैं, जो इस विचार का समर्थन करते हैं कि वे एक ही प्रजाति हैं। यह आनुवंशिक साक्ष्य दोनों नामों के बीच वर्गीकरण समानार्थी की पुष्टि करने में महत्वपूर्ण है।

अंत में, ऐतिहासिक उपयोग, रूपात्मक समानताओं और आनुवंशिक साक्ष्य के आधार पर प्रजाति ""एपिस मेलिफेरा"" के लिए वर्गीकरण संबंधी पर्यायवाची ""एपिस मेलिफिका"" का उपयोग किया जाना चाहिए।"
दिए गए जीव विज्ञान के प्रश्न का समाधान प्रस्तुत करें:Pradan kiye gaye jeev vigyan ke prashn ka uttar dein:,पहले मुस्का डोमेस्टिका के रूप में जानी जाने वाली प्रजाति के लिए सही वर्गीकरण पर्यायवाची क्या है?,"प्रजाति के लिए सही वर्गीकरण समानार्थी जिसे पहले मुस्का डोमेस्टिका के रूप में जाना जाता था, अब इसे मुस्का डोमेस्टिका लिनियस, 1758 के रूप में जाना जाता है। यह प्रजाति मुस्किडे परिवार से संबंधित है और आमतौर पर इसे हाउसफ्लाई के रूप में जाना जाता है।"
Diye gaye jeev vigyan ke prashn ka samadhan pradan karein:,किस नाम का उपयोग उस प्रजाति के लिए सही वर्गीकरण पर्याय के रूप में किया जाना चाहिए जिसे पहले ब्रांटा कैनाडेंसिस के रूप में जाना जाता था?,"पहले ब्रांटा कैनाडेंसिस के रूप में जानी जाने वाली प्रजाति के लिए सही वर्गीकरण समानार्थी शब्द ब्रांटा हचिन्सी है। यह परिवर्तन छोटी उप-प्रजातियों, जिन्हें अब कैक्लिंग गूज़ (ब्रांटा हचिन्सी) के रूप में जाना जाता है, को बड़ी उप-प्रजातियों से अलग करने के लिए किया गया था, जिन्होंने कनाडा गूज़ (ब्रांटा कैनाडेंसिस) नाम बरकरार रखा।"
Prastut kiye gaye jeev vigyan ke prashn ko hal karein:,"पहले ""एंटरोबैक्टर एयरोजेन्स"" के रूप में जानी जाने वाली प्रजातियों के लिए सही वर्गीकरण पर्यायवाची क्या है और इसके पदनाम में ""क्लेबसिएला एयरोजेन्स"" में बदलाव के कारण क्या हुआ?","पहले ""एंटरोबैक्टर एरोजेन्स"" के रूप में जानी जाने वाली प्रजातियों के लिए सही वर्गीकरण समानार्थी शब्द ""क्लेबसिएला एरोजेन्स"" है। इसके पदनाम में परिवर्तन आणविक जीव विज्ञान तकनीकों, विशेष रूप से डी. एन. ए.-डी. एन. ए. संकरण और 16एस. आर. आर. एन. ए. जीन अनुक्रमण में प्रगति के कारण हुआ था। इन विधियों ने जीवाणु प्रजातियों के बीच आनुवंशिक संबंधों के अधिक सटीक विश्लेषण की अनुमति दी।

2001 में, ड्रैंकोर्ट और अन्य लोगों द्वारा किए गए एक अध्ययन ने 16एस आर. आर. एन. ए. जीन अनुक्रमण के परिणामों के आधार पर क्लेबसिएला एयरोजेन्स में एंटरोबैक्टर एयरोजेन्स के पुनर्वर्गीकरण का प्रस्ताव रखा। इस प्रस्ताव को आगे अतिरिक्त अध्ययनों द्वारा समर्थित किया गया, जिससे पता चला कि प्रजातियों ने क्लेबसिएला वंश के अन्य सदस्यों के साथ उच्च स्तर की आनुवंशिक समानता साझा की। इसके परिणामस्वरूप, प्रजाति को एंटरोबैक्टीरियासी परिवार के भीतर अपनी वास्तविक जातिजन्य स्थिति को बेहतर ढंग से प्रतिबिंबित करने के लिए एंटरोबैक्टर एयरोजेन्स से क्लेबसिएला एयरोजेन्स में पुनः वर्गीकृत किया गया था।"
Pradan ki gayi jeev vigyan ki samasya ka samadhan karein:,"प्रजाति ""ब्रांटा कैनाडेंसिस"" के लिए सही वर्गीकरण समानार्थी क्या है?","""ब्रांटा कैनाडेंसिस"" प्रजाति का सही वर्गीकरण समानार्थी नाम एनास कैनाडेंसिस है।"
Diye gaye jeev vigyan ke prashn ka samadhan prastut karein:,दी गई प्रजाति वल्प्स बंगालेंसिस के लिए सही वर्गीकरण पर्यायवाची क्या है?,वल्प्स बंगालेंसिस का सही वर्गीकरण पर्यायवाची वल्प्स वल्प्स बंगालेंसिस है। यह प्रजाति लाल लोमड़ी (वल्प्स वल्प्स) की एक उप-प्रजाति है और इसे आमतौर पर बंगाल लोमड़ी या भारतीय लोमड़ी के रूप में जाना जाता है।
Respond to the provided biology question:,"प्रजाति ""कैनिस ल्यूपस परिचित"" के लिए सही वर्गीकरण पर्यायवाची की पहचान करें।","प्रजाति ""कैनिस ल्यूपस परिचित"" के लिए सही वर्गीकरण समानार्थी शब्द ""कैनिस परिचित"" है। दोनों नाम घरेलू कुत्ते को संदर्भित करते हैं, जो भेड़िये (कैनिस ल्यूपस) की एक उप-प्रजाति है।"
Provide an answer to the given biology query:,"प्रजाति ""साइनोप्टेरस स्फिंक्स"" के लिए सही वर्गीकरण समानार्थी क्या है और नाम परिवर्तन से पहले किस प्रजाति को पहले जाना जाता था?","साइनोप्टेरस स्फिंक्स, जिसे आमतौर पर ग्रेटर शॉर्ट-नोज्ड फ्रूट बैट के रूप में जाना जाता है, टेरोपोडिडे परिवार के भीतर मेगाबैट की एक प्रजाति है। साइनोप्टेरस स्फिंक्स का वर्गीकरण समानार्थी शब्द टेरोपस स्फिंक्स है। नाम बदलने से पहले इस प्रजाति को पहले साइनोप्टेरस मार्जिनेटस के नाम से जाना जाता था।"
Solve the biology question presented:,प्रजाति के लिए सही वर्गीकरण पर्यायवाची की पहचान करें जिसे पहले बबूल डीलबाटा के रूप में जाना जाता था।,"प्रजाति के लिए सही वर्गीकरण पर्यायवाची जिसे पहले बबूल डीलबाटा के रूप में जाना जाता था, वैचेलिया डीलबाटा है।"
Address the biology problem provided:,18वीं शताब्दी में सोलानम मेलोंजेना के नाम से जाने जाने वाले पौधे की एक प्रजाति के लिए किस वर्गीकरण समानार्थी शब्द का उपयोग किया गया था?,"18वीं शताब्दी में, प्रजाति सोलानम मेलोंजेना को वर्गीकरण समानार्थी सोलानम एस्क्युलेंटम से भी जाना जाता था।"
Offer a solution to the stated biology question:,निम्नलिखित प्रजातियों के लिए सही वर्गीकरण पर्यायवाची क्या हैः फेलिस सिल्वेस्ट्रिस?,"फेलिस सिल्वेस्ट्रिस का सही वर्गीकरण समानार्थी नाम फेलिस कैटस है, जो घरेलू बिल्ली का वैज्ञानिक नाम है। फेलिस सिल्वेस्ट्रिस को यूरोपीय जंगली बिल्ली के रूप में भी जाना जाता है, और इसे घरेलू बिल्ली का पूर्वज माना जाता है। कुछ वर्गीकरण वर्गीकरणों में, फेलिस सिल्वेस्ट्रिस और फेलिस कैटस को अलग-अलग प्रजाति माना जाता है, जबकि अन्य में, उन्हें एक ही प्रजाति की उप-प्रजाति माना जाता है (घरेलू बिल्ली के लिए फेलिस सिल्वेस्ट्रिस कैटस और घरेलू बिल्ली के लिए फेलिस सिल्वेस्ट्रिस सिल्वेस्ट्रिस)। यूरोपीय जंगली बिल्ली)। फेलिस सिल्वेस्ट्रिस का सही वर्गीकरण समानार्थी नाम फेलिस कैटस है, जो घरेलू बिल्ली का वैज्ञानिक नाम है। फेलिस सिल्वेस्ट्रिस को यूरोपीय जंगली बिल्ली के रूप में भी जाना जाता है, और इसे घरेलू बिल्ली का पूर्वज माना जाता है।"
प्रदान किए गए जीव विज्ञान के प्रश्न का उत्तर दें:,"कौन सा वर्गीकरण समानार्थी शब्द दी गई प्रजाति के साथ सही ढंग से मेल खाता हैः
पारस मेजर या साइनिस्टेस कैरुलियस?","पारस मेजर को इसके सामान्य नाम, ग्रेट टिट के साथ सही ढंग से मिलान किया गया है। साइनिस्टेस कैरुलियस को इसके सामान्य नाम, यूरेशियन ब्लू टिट के साथ सही ढंग से मिलान किया गया है। दोनों प्रजातियाँ पारिडे परिवार से संबंधित हैं और एक दूसरे से अलग हैं।"
दिए गए जीव विज्ञान के प्रश्न का समाधान प्रदान करें:,"वर्तमान में ""सिल्विलागस फ्लोरिडैनस"" के रूप में नामित प्रजातियों के लिए सही वर्गीकरण पर्यायवाची क्या है?","वर्तमान में ""सिल्विलागस फ्लोरिडैनस"" के रूप में नामित प्रजातियों के लिए सही वर्गीकरण पर्यायवाची पूर्वी कॉटनटेल खरगोश है।"
प्रस्तुत किए गए जीव विज्ञान के प्रश्न को हल करें:,"दी गई प्रजाति ""फेलिस सिल्वेस्ट्रिस"" के लिए सही वर्गीकरण पर्यायवाची की पहचान करें। वर्तमान वर्गीकरण प्रणाली प्रदान करें जिसके तहत यह आता है और लेखक (ओं) जिन्होंने पर्यायवाची का प्रस्ताव रखा है।","""फेलिस सिल्वेस्ट्रिस"" प्रजाति का सही वर्गीकरण समानार्थी नाम ""फेलिस सिल्वेस्ट्रिस श्रेबर, 1777"" है। यह प्रजाति वर्तमान वर्गीकरण प्रणाली के तहत निम्नानुसार आती हैः

राज्यः पशु
फैलमः चोरडाटा
वर्गः स्तनपायी
आदेशः कार्निवोरा
परिवारः फेलिडे
जीनसः फेलिस
प्रजातियाँः फेलिस सिल्वेस्ट्रिस

समानार्थी शब्द का प्रस्ताव रखने वाले लेखक जोहान क्रिश्चियन डेनियल वॉन श्रेबर हैं, जो एक जर्मन प्रकृतिवादी हैं।"
प्रदान की गई जीव विज्ञान की समस्या का समाधान करें:,स्कोलोपेंड्रा गिगांटिया के रूप में पहचानी जाने वाली प्रजातियों के लिए सही वर्गीकरण पर्यायवाची क्या है?,"स्कोलोपेंड्रा गिगांटिया के रूप में पहचानी जाने वाली प्रजातियों का सही वर्गीकरण समानार्थी नाम स्कोलोपेंड्रा सिंगुलाटा है। हालाँकि, यह ध्यान रखना महत्वपूर्ण है कि जैसे-जैसे नई जानकारी उपलब्ध होती है वर्गीकरण वर्गीकरण समय के साथ बदल सकते हैं।"
दिए गए जीव विज्ञान के प्रश्न का समाधान प्रस्तुत करें:Pradan kiye gaye jeev vigyan ke prashn ka uttar dein:,"प्रजाति ""सोलानम ट्यूबेरोसम"" के लिए कौन सा वर्गीकरण समानार्थी शब्द सही होगा? मूल नाम और समानार्थी नाम प्रदान करें।","सोलानम ट्यूबरॉसम प्रजाति को आमतौर पर आलू के रूप में जाना जाता है। सोलानम ट्यूबरॉसम का एक वर्गीकरण समानार्थी सोलानम एस्क्युलेंटम है। तो, मूल नाम सोलानम ट्यूबरॉसम है, और समानार्थी नाम सोलानम एस्क्युलेंटम है।"
Diye gaye jeev vigyan ke prashn ka samadhan pradan karein:,"वैज्ञानिक साहित्य में आमतौर पर अफ्रीकी हाथी, लोक्सोडोंटा अफ्रीकाना के रूप में जानी जाने वाली प्रजाति को संदर्भित करने के लिए किस वर्गीकरण समानार्थी शब्द का उपयोग किया जाना चाहिएः एलिफास अफ्रीकाना, एलिफास मैक्सिमस अफ्रीकाना, या लोक्सोडोंटा अफ्रीकाना?","वैज्ञानिक साहित्य में, आमतौर पर अफ्रीकी हाथी के रूप में जानी जाने वाली प्रजाति के लिए उपयोग करने के लिए उपयुक्त वर्गीकरण समानार्थी शब्द लोक्सोडोंटा अफ्रीकाना है। यह नाम व्यापक रूप से स्वीकार किया जाता है और प्राणी विज्ञान नामकरण के नियमों का पालन करता है। अन्य नाम, एलिफास अफ्रीकाना और एलिफास मैक्सिमस अफ्रीकाना, पुराने पर्यायवाची हैं और इनका उपयोग नहीं किया जाना चाहिए।"
Prastut kiye gaye jeev vigyan ke prashn ko hal karein:,"आमतौर पर अफ्रीकी हाथी के रूप में जानी जाने वाली प्रजाति के लिए सही वर्गीकरण पर्यायवाची क्या है, जिसे पहले वैज्ञानिक नाम एलिफास मैक्सिमस के तहत वर्गीकृत किया गया था?","आमतौर पर अफ्रीकी हाथी के रूप में जानी जाने वाली प्रजाति के लिए सही वर्गीकरण समानार्थी शब्द, जिसे पहले वैज्ञानिक नाम एलिफास मैक्सिमस के तहत वर्गीकृत किया गया था, लोक्सोडोंटा अफ्रीकाना है। एलिफास मैक्सिमस का उपयोग अब एशियाई हाथी के लिए किया जाता है।"
Pradan ki gayi jeev vigyan ki samasya ka samadhan karein:,"दी गई प्रजाति ""पायथन रेजियस"" के लिए कौन सा वर्गीकरण समनाम सही है?","दी गई प्रजाति ""पायथन रेजियस"" के लिए सही वर्गीकरण समनाम वह है जो पशु साम्राज्य को संदर्भित करता है। इस संदर्भ में, पायथन रेजियस पायथॉनिडे परिवार में गैर-विषैले सांप की एक प्रजाति है, जिसे आमतौर पर बॉल पायथन या रॉयल पायथन के रूप में जाना जाता है।"
Respond to the provided biology question:,"एक ऐसी प्रजाति के लिए सही वर्गीकरण नाम क्या है जिसका नाम दूसरे के समान है लेकिन जिसे एक अलग वंश में वर्गीकृत किया गया है? दूसरे शब्दों में, आप किसी दी गई प्रजाति के लिए सही वर्गीकरण समनाम की पहचान कैसे कर सकते हैं?","जब दो प्रजातियों का नाम एक ही प्रजाति का होता है लेकिन वे अलग-अलग पीढ़ी से संबंधित होते हैं, तो उन्हें वर्गीकरण समरूपता के रूप में संदर्भित किया जाता है। इन समानार्थक शब्दों की सही पहचान करने और उनमें अंतर करने के लिए, आपको पूर्ण द्विपद नामकरण का उपयोग करना चाहिए, जिसमें वंश और प्रजाति दोनों के नाम शामिल हैं। द्विपद नामकरण इटैलिक में लिखा जाता है (या यदि हस्तलिखित हो तो रेखांकित किया जाता है), जिसमें जीनस का नाम बड़े अक्षर में और प्रजाति का नाम छोटे अक्षर में होता है।

उदाहरण के लिए, यदि एक ही प्रजाति के नाम ""एल्बस"" के साथ दो प्रजातियाँ हैं, लेकिन अलग-अलग पीढ़ी से संबंधित हैं, जैसे कि ""कैनिस"" और ""फेलिस"", तो उनके सही वर्गीकरण नाम कैनिस एल्बस और फेलिस एल्बस होंगे। इस तरह, आप एक ही प्रजाति के नाम के बावजूद, दोनों प्रजातियों के बीच उनके वंश के आधार पर स्पष्ट रूप से अंतर कर सकते हैं।"
Provide an answer to the given biology query:,"दी गई प्रजाति ""प्यूमा कॉन्कलर"" को संदर्भित करने के लिए किस वर्गीकरण समनाम का उपयोग किया जाना चाहिए? क्या यह ""फेलिस कॉन्कलर"", ""लिंक्स कॉन्कलर"" या ""पैंथेरा कॉन्कलर"" है? एक संक्षिप्त व्याख्या के साथ अपने उत्तर को उचित ठहराएँ।","""प्यूमा कॉन्कलर"" प्रजाति को संदर्भित करने के लिए सही वर्गीकरण नाम ""प्यूमा कॉन्कलर"" है। हालाँकि, यदि हमें दिए गए विकल्पों में से चुनने की आवश्यकता है, तो सबसे उपयुक्त नाम ""फेलिस कॉन्कलर"" होगा।

प्रजाति प्यूमा कॉन्कलर, जिसे आमतौर पर कौगर, पहाड़ी शेर या प्यूमा के रूप में जाना जाता है, फेलिडे परिवार से संबंधित है। फेलिडे परिवार के भीतर, इसे पुमा वंश के तहत वर्गीकृत किया गया है। ऐतिहासिक रूप से, पूमा वंश की पहचान से पहले इसे ""फेलिस कॉन्कलर"" के रूप में भी जाना जाता था। अन्य दो विकल्प, ""लिंक्स कॉन्कलर"" और ""पैंथेरा कॉन्कलर"", सटीक नहीं हैं क्योंकि यह प्रजाति लिंक्स या पैंथेरा वंश से संबंधित नहीं है।

संक्षेप में, दिए गए विकल्पों में सबसे अच्छा विकल्प ""फेलिस कॉन्कलर"" है, लेकिन सबसे सटीक नाम ""प्यूमा कॉन्कलर"" है।"
Address the biology problem provided:,"""लेपस अमेरिकनस"" प्रजाति के लिए सही वर्गीकरण समनाम क्या है?","""लेपस अमेरिकनस"" प्रजाति के लिए सही वर्गीकरण समनाम अमेरिकी हरे है। इस प्रजाति को आमतौर पर स्नोशू हरे के रूप में भी जाना जाता है क्योंकि इसके बड़े, लोमड़े पैर इसे बर्फ पर आसानी से आगे बढ़ने में मदद करते हैं।"
Offer a solution to the stated biology question:,किसी प्रजाति की सटीक पहचान करने के लिए किस वर्गीकरण समनाम का उपयोग किया जाना चाहिए?,"किसी दी गई प्रजाति की सटीक पहचान करने और वर्गीकरण समनामों के कारण होने वाले भ्रम से बचने के लिए, पूर्ण द्विपद नामकरण का उपयोग करना आवश्यक है, जिसमें लेखक उद्धरण (उस व्यक्ति का नाम जो वर्गीकरण समनामों के कारण होता है) के साथ-साथ वंश और प्रजाति दोनों के नाम शामिल हैं। सबसे पहले प्रजातियों) और प्रकाशन वर्ष का वर्णन किया गया। यह जानकारी प्रत्येक प्रजाति के लिए एक अद्वितीय और सटीक पहचानकर्ता प्रदान करती है।

उदाहरण के लिए, यदि एक ही प्रजाति के नाम वाली लेकिन अलग-अलग वंश से संबंधित दो प्रजातियाँ हैं, तो पूर्ण द्विपद नामकरण का उपयोग करने से उन्हें अलग करने में मदद मिलेगी। मान लीजिए कि हमारे पास ""एल्बस"" नामक दो प्रजातियाँ हैं लेकिन वे अलग-अलग वंश से संबंधित हैंः

1. कैनिस एल्बस (स्मिथ, 1850)
2. फेलिस अल्बस (जोन्स, 1900)

वंश, लेखक उद्धरण और प्रकाशन वर्ष को शामिल करके, हम दोनों प्रजातियों के बीच स्पष्ट रूप से अंतर कर सकते हैं और समनाम ""एल्बस"" के कारण होने वाले भ्रम से बच सकते हैं।"
प्रदान किए गए जीव विज्ञान के प्रश्न का उत्तर दें:,"""बैंक्सिया"" शब्द के लिए सही वर्गीकरण समनाम क्या है?","""बैंक्सिया"" शब्द का वर्गीकरण समनाम बैंक्सिया एल. एफ. है। यह प्रोटीएसी परिवार के भीतर वंश बैंक्सिया को संदर्भित करता है। जीनस का नाम एक ब्रिटिश प्रकृतिवादी सर जोसेफ बैंक्स के सम्मान में रखा गया था, जिन्होंने कैप्टन जेम्स कुक की प्रशांत महासागर की पहली यात्रा के दौरान इन पौधों के पहले नमूने एकत्र किए थे। ""एल. एफ.""........................................................................................................................................................................................................................................................."
दिए गए जीव विज्ञान के प्रश्न का समाधान प्रदान करें:,दिए गए प्रजाति नाम 'एनीमोन' के लिए सही वर्गीकरण समनाम की पहचान करें और समानार्थी या नया नाम प्रदान करें जो वर्गीकरण में भ्रम से बचने के लिए प्रस्तावित किया गया है।,"दी गई प्रजाति के नाम 'एनीमोन' का वर्गीकरण समनाम एनीमोन (एक्टिनेरिया) और एनीमोन (रानुनकुलेसी) है। ये दोनों अलग-अलग जीव एक ही वंश नाम साझा करते हैं, जो वर्गीकरण में भ्रम पैदा कर सकते हैं।

भ्रम से बचने के लिए, निम्नलिखित पर्यायवाची शब्द या नए नाम प्रस्तावित किए गए हैंः

1. एनीमोन (एक्टिनियारिया) के लिए, जो समुद्री एनीमोन हैं, समानार्थी नाम एक्टिनिया प्रस्तावित किया गया है। समुद्री एनीमोन फाइलम सिनिडारिया और वर्ग एंथोजोआ से संबंधित समुद्री जानवर हैं।

2. एनीमोन (रानुनक्यूलेसी) के लिए, जो फूल वाले पौधे हैं, नाम वही रहता है क्योंकि वे रानुनक्यूलेसी परिवार से संबंधित हैं और आमतौर पर एनीमोन या विंडफ्लावर के रूप में जाने जाते हैं। इस समूह के लिए कोई नया नाम प्रस्तावित नहीं किया गया है, क्योंकि वे वनस्पति संदर्भ में अच्छी तरह से स्थापित हैं।

संक्षेप में, 'एनीमोन' के लिए वर्गीकरण समनाम को समुद्री एनीमोन (एनीमोन-एक्टिनियारिया) के लिए पर्यायवाची एक्टिनिया का उपयोग करके और फूलों के पौधों (एनीमोन-रानुनकुलेसी) के लिए एनीमोन नाम को बनाए रखते हुए हल किया जाता है।"
प्रदान की गई जीव विज्ञान की समस्या का समाधान करें:,"वैज्ञानिक नाम ""टेनोमिस सोशलिबिलिस"" वाली प्रजाति के लिए किस वर्गीकरण समनाम पर विचार किया जाना चाहिए?","वैज्ञानिक नाम ""टेनोमिस सोशलिबिलिस"" वाली प्रजाति के मामले में, विचार करने के लिए कोई वर्गीकरण समानार्थी शब्द नहीं प्रतीत होते हैं। टेनोमिस सोशलिबिलिस, जिसे आमतौर पर औपनिवेशिक टुको-टुको के रूप में जाना जाता है, टेनोमाइडे परिवार में कृन्तकों की एक प्रजाति है। यह अर्जेंटीना और चिली में पाया जाता है। यदि कोई वर्गीकरण समानार्थी शब्द होते, तो वे अलग-अलग प्रजातियां होतीं जो एक ही वैज्ञानिक नाम साझा करती हैं। हालाँकि, टेनोमिस सोशलिबिलिस के लिए ऐसे किसी भी समानार्थी की पहचान नहीं की गई है।"
Diye gaye jeev vigyan ke prashn ka samadhan pradan karein:,"""साल्मो ट्रुटा"" प्रजाति के लिए किस वर्गीकरण समनाम का उपयोग किया जाना चाहिए-क्या इसे ""साल्मो ट्रुटा"" या ""साल्मो ट्रुटा लिनियस, 1758"" के रूप में वर्गीकृत किया जाना चाहिए? अपनी पसंद के लिए एक तर्क प्रदान करें।","""साल्मो ट्रुटा"" प्रजाति को ""साल्मो ट्रुटा लिनायस, 1758"" के रूप में वर्गीकृत किया जाना चाहिए। इस विकल्प का तर्क यह है कि लेखक और विवरण के वर्ष को शामिल करना वर्गीकरण इतिहास के बारे में अधिक जानकारी प्रदान करता है और अन्य प्रजातियों के साथ भ्रम से बचने में मदद करता है जिनके समान या समान नाम हो सकते हैं।

इस मामले में, ""लिनायस, 1758"" इंगित करता है कि इस प्रजाति का वर्णन पहली बार प्रसिद्ध स्वीडिश जीवविज्ञानी कार्ल लिनायस ने 1758 में अपने काम ""सिस्टम नैचुरा"" में किया था। यह अतिरिक्त जानकारी वर्गीकरण के ऐतिहासिक संदर्भ और वैज्ञानिक विश्वसनीयता को स्थापित करने में मदद करती है। इसके अलावा, यह शोधकर्ताओं को प्रजातियों के वर्गीकरण इतिहास का पता लगाने और प्रासंगिक साहित्य को अधिक आसानी से खोजने में मदद करती है।

पूरा नाम ""साल्मो ट्रुट्टा लिनियस, 1758"" का उपयोग करने से अन्य प्रजातियों के साथ संभावित भ्रम से बचने में भी मदद मिलती है जिनके समान या समान नाम हो सकते हैं, क्योंकि यह स्पष्ट रूप से मूल विवरण और लेखकत्व को इंगित करता है। यह उन मामलों में विशेष रूप से महत्वपूर्ण है जहां वर्गीकरण संबंधी संशोधनों के कारण प्रजातियों के नाम या वर्गीकरण में परिवर्तन हुआ है, क्योंकि यह यह सुनिश्चित करने में मदद करता है कि शोधकर्ता अपने निष्कर्षों पर चर्चा करते समय एक ही प्रजाति का उल्लेख कर रहे हैं।"
Prastut kiye gaye jeev vigyan ke prashn ko hal karein:,"जीनस एनोलिस की छिपकली का उल्लेख करते समय प्रजाति ""एनोलिस कैरोलिनेंसिस"" के लिए किस वर्गीकरण समनाम का उपयोग किया जाना चाहिए?","एनोलिस वंश की छिपकली का उल्लेख करते समय, प्रजाति ""एनोलिस कैरोलिनेंसिस"" का सही वर्गीकरण नाम एनोलिस कैरोलिनेंसिस वायग्ट, 1832 होना चाहिए। इस नाम का उपयोग कैरोलिना एनोल को संदर्भित करने के लिए किया जाता है, जिसे ग्रीन एनोल के रूप में भी जाना जाता है, जो दक्षिणपूर्वी संयुक्त राज्य अमेरिका में पाई जाने वाली एक छोटी वृक्षीय छिपकली है।"
Pradan ki gayi jeev vigyan ki samasya ka samadhan karein:,"""मुस्टेला"" प्रजाति के लिए सही वर्गीकरण समनाम की पहचान करें।","""मुस्टेला"" प्रजाति के लिए सही वर्गीकरण समनाम उपलब्ध नहीं है, क्योंकि ""मुस्टेला"" एक जीनस है, न कि एक प्रजाति। मुस्टेला मुस्टेलिडे परिवार के भीतर एक जीनस है, जिसमें वीज़ेल, मिंक और फेरेट शामिल हैं। एक समान नाम प्रदान करने के लिए, मुस्टेला वंश के भीतर एक विशिष्ट प्रजाति की आवश्यकता होती है, जैसे कि मुस्टेला निवलिस (कम से कम वीज़ल) या मुस्टेला पुटोरियस (यूरोपीय पोलकैट)।"
Diye gaye jeev vigyan ke prashn ka samadhan prastut karein:,"""लेपिडोडैक्टिलस ल्यूगुब्रिस"" प्रजाति को संदर्भित करने के लिए किस वर्गीकरण समनाम का उपयोग किया जाना चाहिए?","वर्गीकरण में, समनाम वे नाम हैं जिनकी वर्तनी समान होती है लेकिन विभिन्न वर्गीकरणों को संदर्भित करते हैं। ""लेपिडोडैक्टिलस लुगुब्रिस"" के मामले में, कोई ज्ञात समनाम मुद्दा नहीं है। इसलिए, आप प्रजाति को संदर्भित करने के लिए ""लेपिडोडैक्टिलस लुगुब्रिस"" नाम का उपयोग कर सकते हैं, जो हिंद-प्रशांत क्षेत्र में पाया जाने वाला एक प्रकार का शोक गेको है।"
Provide an answer to the given biology query:,"""सोलेनोस्टोमा क्रेनुलेटम"" प्रजाति के लिए सही वर्गीकरण समनाम की पहचान करें।","प्रजाति ""सोलेनोस्टोमा क्रेनुलेटम"" के लिए सही वर्गीकरण समनाम ""जुंगेरमानिया क्रेनुलेटम"" है। ऐसा इसलिए है क्योंकि सोलेनोस्टोमा क्रेनुलेटम को पहले सोलेनोस्टोमा वंश में पुनः वर्गीकृत किए जाने से पहले जुंगेरमानिया वंश के तहत वर्गीकृत किया गया था।"
Solve the biology question presented:,"""ड्रोसोफिला मेलानोगास्टर"" प्रजाति के लिए सही वर्गीकरण समनाम क्या है और यह वर्गीकरण वर्गीकरण प्रणाली में एक ही प्रजाति के नाम के अन्य समनामों से कैसे अलग है?","प्रजाति ""ड्रोसोफिला मेलानोगास्टर"" के लिए सही वर्गीकरण समनाम सोफोफोरा मेलानोगास्टर है। वंश ड्रोसोफिला को आकृति विज्ञान और आणविक अंतर के आधार पर दो उप-वंश, ड्रोसोफिला और सोफोफोरा में विभाजित किया गया था। ड्रोसोफिला मेलानोगास्टर उप-वंश सोफोफोरा से संबंधित है।

वर्गीकरण वर्गीकरण प्रणाली में समनामों के बीच अंतर करने के लिए, वैज्ञानिक प्रणाली की पदानुक्रमित संरचना का उपयोग करते हैं, जिसमें राज्य, वंश, वर्ग, क्रम, परिवार, वंश और प्रजातियां शामिल हैं। उच्च वर्गीकरण स्तरों (जैसे, परिवार या वंश) पर वर्गीकरण पर विचार करके, एक ही प्रजाति के नाम वाले जीवों के बीच अंतर करना संभव है। ड्रोसोफिला मेलानोगास्टर के मामले में, पूरा वर्गीकरण हैः

- राज्यः एनिमलिया
- फैलमः आर्थ्रोपोडा
- वर्गः कीड़ा
- आदेशः डिप्टेरा
परिवारः ड्रोसोफिलिडे
- वंशः ड्रोसोफिला (उप-वंश सोफोफोरा)
- प्रजातियाँः मेलानोगास्टर

वंश और उप-वंश स्तरों पर वर्गीकरण की जांच करके, विभिन्न वंश या उप-वंश में एक ही प्रजाति के नाम वाली अन्य प्रजातियों से ड्रोसोफिला मेलानोगास्टर (सोफोफोरा मेलानोगास्टर) को अलग करना संभव है।"
Address the biology problem provided:,"कौन सा वर्गीकरण समनाम वैज्ञानिक नाम ""बैकोपा अमेरिकाना"" से मेल खाता है?","वैज्ञानिक नाम ""बैकोपा अमरिकाना"" के अनुरूप वर्गीकरण समनाम हर्पेस्टेस अमरिकाना है। बैकोपा अमरिकाना और हर्पेस्टेस अमरिकाना दोनों एक ही प्रजाति के उपनाम ""अमरिकाना"" को साझा करते हैं, जो अमेरिका में उनकी उत्पत्ति या वितरण को इंगित करता है। हालांकि, वे विभिन्न वर्गीकरण समूहों से संबंधित हैं। बैकोपा अमरिकाना प्लैन्टाजिनेसी परिवार में एक पौधे की प्रजाति है, जबकि हर्पेस्टेस अमरिकाना, जिसे अमेरिकन मिंक के नाम से भी जाना जाता है, मस्टेलिडे परिवार में एक स्तनधारी प्रजाति है।"
Offer a solution to the stated biology question:,"समनाम प्रजाति ""एरिथ्रिना कैफ्रा"" का सही वर्गीकरण नाम क्या है?",एरिथ्रिना कैफ्रा थनब. उस प्रजाति का सही वर्गीकरण नाम है जिसे आमतौर पर तट प्रवाल वृक्ष या अफ्रीकी प्रवाल वृक्ष के रूप में जाना जाता है। यह फैबेसी परिवार से संबंधित है और दक्षिणपूर्वी अफ्रीका का मूल निवासी है।
प्रदान किए गए जीव विज्ञान के प्रश्न का उत्तर दें:,"एनोफेलिस वंश में एक विशेष प्रजाति की सही पहचान करने के लिए किस वर्गीकरण समनाम का उपयोग किया जाना चाहिए, जिनमें से एक मच्छर की प्रजाति है जो मलेरिया फैलाने के लिए जिम्मेदार है?","एनोफेलिस वंश में एक विशेष प्रजाति की सही पहचान करने के लिए, द्विपद नामकरण प्रणाली का उपयोग करना महत्वपूर्ण है, जिसमें प्रजाति के नाम के बाद वंश का नाम शामिल है। एनोफेलिस के मामले में, मलेरिया के संचरण के लिए जिम्मेदार कई प्रजातियाँ हैं, लेकिन सबसे महत्वपूर्ण और व्यापक वेक्टर एनोफेलिस गैम्बिया है।

तो, मलेरिया के संचरण के लिए जिम्मेदार इस विशेष मच्छर प्रजाति की पहचान करने के लिए सही वर्गीकरण नाम एनोफेलिस गैम्बिया है।"
प्रस्तुत किए गए जीव विज्ञान के प्रश्न को हल करें:,"आम नाम ""चित्तीदार उल्लू"" वाली प्रजाति का सही वर्गीकरण नाम क्या है-स्ट्रिक्स ऑक्सीडेंटलिस या स्ट्रिक्स ऑक्सीडेंटलिस ल्यूसिडा?","आम नाम ""चित्तीदार उल्लू"" वाली प्रजाति का सही वर्गीकरण नाम स्ट्रिक्स ऑसिडेंटलिस है। स्ट्रिक्स ऑसिडेंटलिस ल्यूसिडा चित्तीदार उल्लू की एक उप-प्रजाति है, जिसे मैक्सिकन चित्तीदार उल्लू के रूप में जाना जाता है।"
प्रदान की गई जीव विज्ञान की समस्या का समाधान करें:,"""पैंथेरा ओन्का"" प्रजाति का सही वर्गीकरण नाम क्या है? क्या यह एक समानार्थी नाम या पर्यायवाची है? यदि यह एक समानार्थी नाम है, तो अन्य वर्गीकरण नाम क्या हैं जो एक ही नाम साझा करते हैं और हम उनके बीच अंतर कैसे कर सकते हैं?","प्रजाति ""पैंथेरा ओन्का"" का सही वर्गीकरण नाम वास्तव में पैंथेरा ओन्का है। यह एक समानार्थी है, एक समानार्थी नहीं। समानार्थी शब्द एक ही प्रजाति के लिए अलग-अलग नाम हैं, जबकि समानार्थी शब्द अलग-अलग प्रजातियों के लिए एक ही नाम हैं।

पैंथेरा ओन्का को आमतौर पर जगुआर के रूप में जाना जाता है, जो अमेरिका की मूल निवासी एक बड़ी फीलिड प्रजाति है। कोई अन्य वर्गीकरण नाम नहीं हैं जो पैंथेरा ओन्का के समान नाम साझा करते हैं, इसलिए उनके बीच अंतर करने की कोई आवश्यकता नहीं है।"
दिए गए जीव विज्ञान के प्रश्न का समाधान प्रस्तुत करें:Pradan kiye gaye jeev vigyan ke prashn ka uttar dein:,"उत्तरी अमेरिका में आमतौर पर ""मोनार्क"" के रूप में जानी जाने वाली तितली प्रजाति का सही वर्गीकरण नाम क्या है, यह देखते हुए कि दुनिया के विभिन्न हिस्सों में कुछ अलग तितली प्रजातियों के लिए ""मोनार्क"" नाम का उपयोग किया गया है?","उत्तरी अमेरिका में आमतौर पर ""मोनार्क"" के रूप में जानी जाने वाली तितली प्रजाति का सही वर्गीकरण नाम डैनॉस प्लेक्सिपस है।"
Diye gaye jeev vigyan ke prashn ka samadhan pradan karein:,"दी गई प्रजाति ""साल्मो सालार"" के लिए सही वर्गीकरण समनाम की पहचान करें।","दी गई प्रजाति ""साल्मो सालर"" के लिए सही वर्गीकरण समनाम अटलांटिक सैल्मन है।"
Prastut kiye gaye jeev vigyan ke prashn ko hal karein:,"""फागस सिल्वाटिका"" प्रजाति की सही पहचान करने के लिए किस वर्गीकरण समनाम का उपयोग किया जाना चाहिए?","""फागस सिल्वाटिका"" प्रजाति की पहचान करने के लिए सही वर्गीकरण समनाम इस प्रकार हैः

राज्यः प्लैन्टे
फैलमः ट्रेकोफाइटा
वर्गः मैग्नोलियोप्सिडा
आदेशः फागेल्स
परिवारः फागेसी
वंशः फागस
प्रजातियाँः फेगस सिल्वाटिका

फागस सिल्वाटिका, जिसे आमतौर पर यूरोपीय बीच या सामान्य बीच के रूप में जाना जाता है, यूरोप का मूल निवासी एक पर्णपाती पेड़ है।"
Pradan ki gayi jeev vigyan ki samasya ka samadhan karein:,एक ऐसी प्रजाति का सही वर्गीकरण नाम क्या है जिसका वैज्ञानिक नाम एक अलग वंश में दूसरी प्रजाति के समान है?,"जब अलग-अलग वंश की दो अलग-अलग प्रजातियाँ एक ही वैज्ञानिक नाम साझा करती हैं, तो इसे एक समान नाम के रूप में संदर्भित किया जाता है। वर्गीकरण में, समानार्थक शब्दों की अनुमति नहीं है, और भ्रम से बचने के लिए एक प्रजाति का नाम बदल दिया जाना चाहिए। अंतर्राष्ट्रीय प्राणी नामकरण संहिता (आई. सी. जेड. एन.) और शैवाल, कवक और पौधों के लिए अंतर्राष्ट्रीय नामकरण संहिता (आई. सी. एन.) ऐसे मुद्दों को हल करने के लिए दिशानिर्देश प्रदान करती है और यह सुनिश्चित करती है कि प्रत्येक प्रजाति का एक अद्वितीय और वैध वैज्ञानिक नाम हो।"
Diye gaye jeev vigyan ke prashn ka samadhan prastut karein:,"""ड्रोसोफिला मेलानोगास्टर"" प्रजाति के लिए सही वर्गीकरण समनाम क्या है?","""ड्रोसोफिला मेलानोगास्टर"" प्रजाति का सही वर्गीकरण नाम हैः

राज्यः पशु
फैलमः आर्थ्रोपोडा
वर्गः कीट
आदेशः डिप्टेरा
परिवारः ड्रोसोफिलिडे
वंशः ड्रोसोफिला
प्रजातियाँः ड्रोसोफिला मेलानोगास्टर"
Respond to the provided biology question:,"एक दी गई प्रजाति के लिए किस वर्गीकरण नाम का उपयोग किया जाना चाहिए जिसमें कई समानार्थी शब्द हैं, और नाम के चयन के पीछे क्या तर्क है?","जब किसी प्रजाति में कई समानार्थी शब्द होते हैं (यानी, एक ही नाम के साथ विभिन्न प्रजातियाँ), तो वर्गीकरण नाम जिसका उपयोग किया जाना चाहिए वह वह है जो प्राथमिकता के सिद्धांत के अनुसार पहले प्रकाशित किया गया था। यह सिद्धांत जानवरों के लिए अंतर्राष्ट्रीय प्राणी नामकरण संहिता (आई. सी. जेड. एन.) और पौधों, शैवाल और कवक के लिए शैवाल, कवक और पौधों के लिए अंतर्राष्ट्रीय नामकरण संहिता (आई. सी. एन.) में एक मौलिक नियम है।

नाम के चयन के पीछे का कारण प्रजातियों के नामकरण में स्थिरता और स्थिरता बनाए रखना है। प्राथमिकता का सिद्धांत यह सुनिश्चित करता है कि प्रत्येक प्रजाति का एक अनूठा और सार्वभौमिक रूप से स्वीकृत वैज्ञानिक नाम हो, जो भ्रम से बचने में मदद करता है और शोधकर्ताओं और वैज्ञानिकों के बीच प्रभावी संचार को बढ़ावा देता है।

ऐसे मामलों में जहां कई समानार्थी शब्द मौजूद हैं, पुराने नाम (जो पहले प्रकाशित किया गया है) को वैध माना जाता है, और अन्य नामों को कनिष्ठ समानार्थी या समानार्थी माना जाता है और उनका उपयोग नहीं किया जाना चाहिए। यदि पुराना नाम उपयोग में नहीं है या भ्रम पैदा करता है, तो इंटरनेशनल कमीशन ऑन जूलॉजिकल नोमेंक्लेचर (ICZN) या पौधों, शैवाल और कवक के लिए संबंधित प्राधिकरण अपवाद बना सकता है और दूसरे नाम को वैध घोषित कर सकता है। हालांकि, ऐसे मामले दुर्लभ हैं और इसके लिए मजबूत औचित्य की आवश्यकता होती है।"
Provide an answer to the given biology query:,"""बेलिस पेरेनिस"" प्रजाति किस वर्गीकरण समनाम से संबंधित है और इस प्रजाति के लिए सही वर्गीकरण नाम क्या है? यह बताना सुनिश्चित करें कि दूसरा समनाम क्यों लागू नहीं है।","बेलिस पेरेनिस वर्गीकरण समनाम प्लांटे से संबंधित है, क्योंकि यह एक पौधे की प्रजाति है जिसे आमतौर पर सामान्य डेज़ी या अंग्रेजी डेज़ी के रूप में जाना जाता है। इस प्रजाति के लिए सही वर्गीकरण निम्नानुसार हैः

राज्यः प्लैन्टे
फैलमः ट्रेकोफाइटा
वर्गः मैग्नोलियोप्सिडा
क्रमः क्षुद्रग्रह
परिवारः एस्टेरेसी
वंशः बेलिस
प्रजातिः बेलिस पेरेनिस

दूसरा वर्गीकरण समनाम, एनिमलिया, लागू नहीं है क्योंकि बेलिस पेरेनिस एक जानवर नहीं है। एनिमलिया साम्राज्य में बहुकोशिकीय, यूकेरियोटिक और हेटेरोट्रोफिक जीव शामिल हैं, जबकि प्लांटे में बहुकोशिकीय, यूकेरियोटिक और ऑटोट्रोफिक जीव शामिल हैं जो सेलूलोज से बनी कोशिका दीवारों के साथ हैं। बेलिस पेरेनिस, एक पौधा होने के नाते, अपनी विशेषताओं और पोषण के तरीके (प्रकाश संश्लेषण) के कारण प्लांटे साम्राज्य के अंतर्गत आता है।"
Solve the biology question presented:,हंटिंग्टन रोग किस प्रकार के विरासत पैटर्न का पालन करता है और यदि माता-पिता में से एक को रोग एलील है तो बीमारी विरासत में मिलने की संभावना क्या है?,"हंटिंग्टन रोग एक ऑटोसोमल प्रमुख विरासत पैटर्न का अनुसरण करता है। इसका मतलब है कि रोग पैदा करने वाला एलील (जीन संस्करण) ऑटोसोम (गैर-लिंग गुणसूत्र) में से एक पर स्थित है और किसी व्यक्ति को प्रभावित होने के लिए रोग एलील की केवल एक प्रति की आवश्यकता होती है।

यदि माता-पिता में से एक को रोग एलील है, तो प्रत्येक बच्चे के लिए बीमारी विरासत में मिलने की 50 प्रतिशत संभावना है। ऐसा इसलिए है क्योंकि प्रभावित माता-पिता में एक सामान्य एलील और एक रोग एलील होता है, और वे दोनों में से किसी एक को अपनी संतानों में फैला सकते हैं। बच्चे के लिंग की परवाह किए बिना, रोग एलील को विरासत में मिलने की संभावना प्रत्येक बच्चे के लिए 2 में से 1 या 50 प्रतिशत है।"
दिए गए जीव विज्ञान के प्रश्न का समाधान प्रस्तुत करें:Pradan kiye gaye jeev vigyan ke prashn ka uttar dein:,"सिस्टिक फाइब्रोसिस, एक आनुवंशिक विकार के लिए विरासत का तरीका क्या है?","सिस्टिक फाइब्रोसिस एक ऑटोसोमल अप्रभावी तरीके से विरासत में मिलता है। इसका मतलब है कि एक व्यक्ति को विकार विकसित करने के लिए उत्परिवर्तित जीन की दो प्रतियां विरासत में मिलनी चाहिए, प्रत्येक माता-पिता से एक। माता-पिता जो उत्परिवर्तित जीन के वाहक हैं (एक सामान्य प्रति और एक उत्परिवर्तित प्रति के साथ) आम तौर पर विकार के लक्षण नहीं दिखाते हैं, लेकिन यदि माता-पिता दोनों वाहक हैं तो सिस्टिक फाइब्रोसिस से पीड़ित बच्चे के होने की 25 प्रतिशत संभावना होती है।"
Diye gaye jeev vigyan ke prashn ka samadhan pradan karein:,"वंशावली चार्ट में, यदि आनुवंशिक विकार से प्रभावित किसी व्यक्ति के माता-पिता हैं जो दोनों अप्रभावित हैं, तो इस बात की क्या संभावना है कि उनका पहला बच्चा भी विकार से प्रभावित होगा?","यदि आनुवंशिक विकार से प्रभावित किसी व्यक्ति के माता-पिता हैं जो दोनों अप्रभावित हैं, तो यह सुझाव देता है कि विकार संभवतः ऑटोसोमल अप्रभावी तरीके से विरासत में मिला है। इस मामले में, दोनों माता-पिता को विकार के लिए अप्रभावी एलील (विषमयुग्म) के वाहक होने चाहिए।

आइए सामान्य प्रमुख एलील का प्रतिनिधित्व करने के लिए ""ए"" और विकार के लिए जिम्मेदार अप्रभावी एलील का प्रतिनिधित्व करने के लिए ""ए"" का उपयोग करें। माता-पिता के जीनोटाइप एए (वाहक) और एए (वाहक) होंगे।

उनके पहले बच्चे के विकार से प्रभावित होने की संभावना को निर्धारित करने के लिए, हम एलील के संभावित संयोजनों की कल्पना करने के लिए एक पनेट वर्ग का उपयोग कर सकते हैंः

ए. ए.
-----------------------
ए। एए। एए।
-----------------------
a। आ। आ।
-----------------------

पनेट वर्ग चार संभावित परिणाम दिखाता हैः
1. एए (अप्रभावित, गैर-वाहक)
2. एए (अप्रभावित, वाहक)
3. एए (अप्रभावित, वाहक)
4. एए (प्रभावित)

इन चार संभावनाओं में से केवल एक के परिणामस्वरूप एक प्रभावित बच्चा (एए) होता है। इसलिए, उनके पहले बच्चे के भी इस विकार से प्रभावित होने की संभावना 1/4 या 25 प्रतिशत है।"
Pradan ki gayi jeev vigyan ki samasya ka samadhan karein:,यदि माता-पिता दोनों अप्रभावी जीन के वाहक हैं तो बच्चे को सिस्टिक फाइब्रोसिस विरासत में मिलने की क्या संभावना है?,"सिस्टिक फाइब्रोसिस एक ऑटोसोमल अप्रभावी आनुवंशिक विकार है, जिसका अर्थ है कि एक व्यक्ति को बीमारी होने के लिए उत्परिवर्तित जीन (प्रत्येक माता-पिता से एक) की दो प्रतियां विरासत में मिलनी चाहिए। यदि दोनों माता-पिता वाहक हैं, तो उनमें से प्रत्येक में एक सामान्य जीन (एन) और एक उत्परिवर्तित जीन (सी. एफ.) होता है।

संभावित जीन संयोजन जो उनके बच्चे को प्रेषित किए जा सकते हैं वे हैंः

1. माता-पिता 1 (एन) x माता-पिता 2 (एन)
2. माता-पिता 1 (एन) x माता-पिता 2 (सी. एफ.)
3. माता-पिता 1 (सी. एफ.) x माता-पिता 2 (एन.)
4. माता-पिता 1 (सी. एफ.) x माता-पिता 2 (सी. एफ.)

प्रत्येक संयोजन की संभावना 1/4 है। बच्चे को सिस्टिक फाइब्रोसिस तभी विरासत में मिलेगा जब उन्हें दोनों माता-पिता (संयोजन 4) से उत्परिवर्तित जीन प्राप्त होगा। इसलिए, यदि माता-पिता दोनों अप्रभावी जीन के वाहक हैं तो बच्चे को सिस्टिक फाइब्रोसिस विरासत में मिलने की संभावना 1/4 या 25 प्रतिशत है।"
प्रस्तुत किए गए जीव विज्ञान के प्रश्न को हल करें:,सिस्टिक फाइब्रोसिस का वंशानुगत स्वरूप क्या है? और यदि माता-पिता दोनों वाहक हैं तो बच्चे को इस बीमारी के वंशानुगत होने की क्या संभावना है?,"सिस्टिक फाइब्रोसिस एक ऑटोसोमल रिसेसिव पैटर्न में विरासत में प्राप्त होता है। इसका मतलब है कि प्रत्येक कोशिका में जीन की दोनों प्रतियों में एक व्यक्ति के विकार से प्रभावित होने के लिए उत्परिवर्तन होना चाहिए। जिन व्यक्तियों में जीन की केवल एक उत्परिवर्तित प्रति होती है, उन्हें वाहक माना जाता है और आमतौर पर उनमें कोई लक्षण नहीं दिखाई देते हैं।

यदि माता-पिता दोनों सिस्टिक फाइब्रोसिस जीन के वाहक हैं, तो 25 प्रतिशत संभावना है कि उनके बच्चे को जीन की दो उत्परिवर्तित प्रतियां विरासत में मिलेंगी और सिस्टिक फाइब्रोसिस होगा। 50 प्रतिशत संभावना है कि बच्चे को जीन की एक उत्परिवर्तित प्रति विरासत में मिलेगी और वह माता-पिता की तरह एक वाहक होगा, और 25 प्रतिशत संभावना है कि बच्चे को जीन की दो सामान्य प्रतियां विरासत में मिलेंगी और वह प्रभावित नहीं होगा या वाहक नहीं होगा।"
Prastut kiye gaye jeev vigyan ke prashn ko hal karein:,सिस्टिक फाइब्रोसिस द्वारा कौन सा विरासत पैटर्न प्रदर्शित होता है और कौन सा गुणसूत्र प्रभावित होता है?,"सिस्टिक फाइब्रोसिस एक ऑटोसोमल अप्रभावी आनुवंशिक विकार है, जिसका अर्थ है कि एक व्यक्ति को बीमारी विकसित करने के लिए उत्परिवर्तित जीन (प्रत्येक माता-पिता से एक) की दो प्रतियां विरासत में मिलनी चाहिए। यदि माता-पिता दोनों उत्परिवर्तित जीन के वाहक हैं, तो 25 प्रतिशत संभावना है कि उनके बच्चे को सिस्टिक फाइब्रोसिस होगा।

सिस्टिक फाइब्रोसिस के लिए जिम्मेदार जीन को सिस्टिक फाइब्रोसिस ट्रांसमेम्ब्रेन कंडक्टेंस रेगुलेटर (सी. एफ. टी. आर.) जीन कहा जाता है, जो गुणसूत्र 7 पर स्थित होता है। सी. एफ. टी. आर. जीन में उत्परिवर्तन से एक दोषपूर्ण प्रोटीन का उत्पादन होता है जो कोशिका झिल्ली में क्लोराइड आयनों की गति को प्रभावित करता है, जिसके परिणामस्वरूप विभिन्न अंगों, विशेष रूप से फेफड़ों और अग्न्याशय में मोटा, चिपचिपा बलगम का निर्माण होता है।"
Pradan ki gayi jeev vigyan ki samasya ka samadhan karein:,सिस्टिक फाइब्रोसिस विकार की विरासत का तरीका क्या है और यदि माता-पिता में से एक उत्परिवर्तित जीन का वाहक है तो बीमारी को विरासत में मिलने की क्या संभावना है?,"सिस्टिक फाइब्रोसिस (सी. एफ.) एक ऑटोसोमल अप्रभावी आनुवंशिक विकार है। इसका मतलब है कि बीमारी को विरासत में पाने के लिए, एक व्यक्ति को माता-पिता दोनों से सी. एफ. जीन (जिसे सी. एफ. टी. आर. कहा जाता है) की एक उत्परिवर्तित प्रति प्राप्त करनी चाहिए। यदि किसी व्यक्ति को जीन की केवल एक उत्परिवर्तित प्रति प्राप्त होती है, तो वे एक वाहक होंगे लेकिन उन्हें स्वयं बीमारी नहीं होगी।

यदि माता-पिता में से एक उत्परिवर्तित जीन का वाहक है और दूसरा माता-पिता नहीं है, तो उनके बच्चे के लिए चार संभावित परिणाम हैंः

1. बच्चे को वाहक माता-पिता से उत्परिवर्तित जीन और दूसरे माता-पिता से एक सामान्य जीन विरासत में मिलता है, जिससे बच्चा एक वाहक (50 प्रतिशत संभावना) बन जाता है।
2. बच्चे को माता-पिता दोनों से एक सामान्य जीन विरासत में मिलता है, जिसका अर्थ है कि उन्हें न तो बीमारी होगी और न ही कोई वाहक होगा (50 प्रतिशत संभावना)।

इस परिदृश्य में, बच्चे को बीमारी विरासत में मिलने की 0 प्रतिशत संभावना होती है, क्योंकि वे वाहक माता-पिता से केवल एक उत्परिवर्तित जीन प्राप्त कर सकते हैं। हालाँकि, 50 प्रतिशत संभावना है कि बच्चा उत्परिवर्तित जीन का वाहक होगा।"
Respond to the provided biology question:,यदि माता-पिता दोनों जीन के वाहक हैं तो संतान को विरासत में सिकल-सेल एनीमिया होने की क्या संभावना है?,"सिकल-सेल एनीमिया एक ऑटोसोमल अप्रभावी आनुवंशिक विकार है, जिसका अर्थ है कि एक व्यक्ति को बीमारी होने के लिए उत्परिवर्तित जीन (प्रत्येक माता-पिता से एक) की दो प्रतियां विरासत में मिलनी चाहिए। यदि दोनों माता-पिता वाहक हैं, तो उनमें से प्रत्येक में एक सामान्य जीन (ए) और एक उत्परिवर्तित जीन (एस) है।

सिकल-सेल एनीमिया विरासत में मिलने वाली उनकी संतानों की संभावना को निर्धारित करने के लिए, हम एक पनेट वर्ग का उपयोग जीन के संभावित संयोजनों की कल्पना करने के लिए कर सकते हैं जो संतान को उनके माता-पिता से विरासत में मिल सकते हैंः

माता-पिता 1: ए. एस.
माता-पिता 2: ए. एस.

पनेट वर्गः

ए. एस.
ए. ए. ए. ए. एस.
एस. ए. एस. एस.

पनेट वर्ग संतानों के लिए जीन के चार संभावित संयोजनों को दर्शाता हैः ए. ए., ए. एस., ए. एस. और एस. एस. सिकल-सेल एनीमिया विरासत में मिलने की संभावना एस. एस. जीनोटाइप द्वारा दर्शाई जाती है, जो 4 संभावित संयोजनों में से 1 में होती है।

इसलिए, यदि माता-पिता दोनों जीन के वाहक हैं तो संतानों को विरासत में सिकल-सेल एनीमिया होने की संभावना 1/4 या 25 प्रतिशत है।"
Solve the biology question presented:,यदि उनके माता-पिता दोनों वाहक हैं तो एक संतान को एक अप्रभावी आनुवंशिक विकार विरासत में मिलने की क्या संभावना है?,"यदि दोनों माता-पिता एक अप्रभावी आनुवंशिक विकार के वाहक हैं, तो उनमें से प्रत्येक में जीन के लिए एक सामान्य (प्रमुख) एलील और एक असामान्य (अप्रभावी) एलील है। हम प्रमुख एलील को ""ए"" और अप्रभावी एलील को ""ए"" के रूप में दर्शा सकते हैं। माता-पिता के जीनोटाइप एए और एए होंगे।

अप्रभावी आनुवंशिक विकार विरासत में मिलने वाली उनकी संतानों की संभावना को निर्धारित करने के लिए, हम संतानों में एलील के संभावित संयोजनों की कल्पना करने के लिए एक पनेट वर्ग का उपयोग कर सकते हैं।

माता-पिता 1 (एए) x माता-पिता 2 (एए)
 ```
  A   a
A AA  Aa
a Aa  aa
``` 

संतानों में एलील के चार संभावित संयोजन हैंः एए, एए, एए और एए। संतानों को अप्रभावी आनुवंशिक विकार विरासत में मिलेगा यदि उनके पास जीनोटाइप ""एए"" है, जो 4 संभावित संयोजनों में से 1 में होता है।

इस प्रकार, एक संतान को एक अप्रभावी आनुवंशिक विकार विरासत में मिलने की संभावना है यदि उनके माता-पिता दोनों वाहक हैं तो 1/4 या 25 प्रतिशत है।"
Offer a solution to the stated biology question:,यदि माता-पिता दोनों जीन उत्परिवर्तन के वाहक हैं तो बच्चे को आनुवंशिक विकार सिस्टिक फाइब्रोसिस विरासत में मिलने की क्या संभावना है?,"सिस्टिक फाइब्रोसिस एक ऑटोसोमल अप्रभावी आनुवंशिक विकार है, जिसका अर्थ है कि एक बच्चे को बीमारी होने के लिए उत्परिवर्तित जीन (प्रत्येक माता-पिता से एक) की दो प्रतियां विरासत में मिलनी चाहिए। यदि दोनों माता-पिता जीन उत्परिवर्तन के वाहक हैं, तो उनमें से प्रत्येक में एक सामान्य जीन (एन) और एक उत्परिवर्तित जीन (एम) है।

जब दो वाहकों का एक बच्चा होता है, तो जीन के चार संभावित संयोजन होते हैं जो बच्चे को विरासत में मिल सकते हैंः

1. एम. एम. (सिस्टिक फाइब्रोसिस से प्रभावित)
2. एम. एन. (वाहक, लेकिन प्रभावित नहीं)
3. एनएम (वाहक, लेकिन प्रभावित नहीं)
4. एन. एन. (वाहक नहीं और प्रभावित नहीं)

प्रत्येक संयोजन की संभावना की गणना करने के लिए, हम एक पनेट वर्ग का उपयोग कर सकते हैंः

 ```
  M   N
M MM  MN
N NM  NN
``` 

प्रत्येक संयोजन की संभावना इस प्रकार हैः

1. एमएमः 1/4 (25 प्रतिशत)
2. एम. एन.: 1/4 (25 प्रतिशत)
3. एनएमः 1/4 (25 प्रतिशत)
4. एन. एन.: 1/4 (25 प्रतिशत)

इसलिए, यदि माता-पिता दोनों जीन उत्परिवर्तन के वाहक हैं तो एक बच्चे को सिस्टिक फाइब्रोसिस विरासत में मिलने की संभावना 25 प्रतिशत (4 में से 1) है।"
Address the biology problem provided:,"मानव कोशिका का कौन सा भाग कोशिका की अधिकांश ऊर्जा के उत्पादन के लिए जिम्मेदार है, और उस विशेष संरचना का कार्य क्या है?","कोशिका की अधिकांश ऊर्जा के उत्पादन के लिए जिम्मेदार मानव कोशिका का हिस्सा माइटोकॉन्ड्रियन है। माइटोकॉन्ड्रिया का प्राथमिक कार्य कोशिकीय श्वसन नामक प्रक्रिया के माध्यम से एडेनोसिन ट्राइफॉस्फेट (एटीपी) उत्पन्न करना है। ए. टी. पी. कोशिका की मुख्य ऊर्जा मुद्रा है, जो विभिन्न कोशिकीय प्रक्रियाओं और कार्यों के लिए आवश्यक ऊर्जा प्रदान करती है। माइटोकॉन्ड्रिया ऑक्सीडेटिव फॉस्फोरायलेशन के रूप में जानी जाने वाली प्रक्रिया में रासायनिक प्रतिक्रियाओं की एक श्रृंखला के माध्यम से पोषक तत्वों, मुख्य रूप से ग्लूकोज और ऑक्सीजन को ए. टी. पी. में परिवर्तित करता है।"
प्रदान किए गए जीव विज्ञान के प्रश्न का उत्तर दें:,मानव कोशिका में माइटोकॉन्ड्रिया का क्या कार्य है?,"मानव कोशिका में माइटोकॉन्ड्रिया का प्राथमिक कार्य कोशिकीय श्वसन नामक प्रक्रिया के माध्यम से एडेनोसिन ट्राइफॉस्फेट (ए. टी. पी.) के रूप में ऊर्जा का उत्पादन करना है। माइटोकॉन्ड्रिया को अक्सर कोशिका के ""पावरहाउस"" के रूप में संदर्भित किया जाता है क्योंकि वे कोशिका की अधिकांश ऊर्जा आपूर्ति उत्पन्न करते हैं। इसके अतिरिक्त, माइटोकॉन्ड्रिया कोशिका चक्र, कोशिका विकास और कोशिका मृत्यु को नियंत्रित करने के साथ-साथ कोशिकीय कैल्शियम के स्तर को बनाए रखने और जन्मजात प्रतिरक्षा प्रतिक्रिया में योगदान करने में भूमिका निभाता है।"
Pradan ki gayi jeev vigyan ki samasya ka samadhan karein:,मानव कोशिका के भीतर माइटोकॉन्ड्रिया का प्राथमिक कार्य क्या है?,"मानव कोशिका के भीतर माइटोकॉन्ड्रिया का प्राथमिक कार्य कोशिकीय श्वसन नामक प्रक्रिया के माध्यम से एडेनोसिन ट्राइफॉस्फेट (एटीपी) के रूप में ऊर्जा का उत्पादन करना है। माइटोकॉन्ड्रिया को अक्सर कोशिका के ""पावरहाउस"" के रूप में संदर्भित किया जाता है क्योंकि वे कोशिका की अधिकांश ऊर्जा आपूर्ति उत्पन्न करते हैं। वे अन्य कोशिकीय प्रक्रियाओं जैसे कोशिका चक्र के विनियमन, कोशिका विकास और कोशिका मृत्यु में भी भूमिका निभाते हैं।"
Diye gaye jeev vigyan ke prashn ka samadhan prastut karein:,मानव कोशिका में माइटोकॉन्ड्रिया का क्या कार्य है?,"माइटोकॉन्ड्रिया, जिसे अक्सर ""कोशिका का पावरहाउस"" कहा जाता है, कोशिका के लिए ऊर्जा उत्पन्न करने में महत्वपूर्ण भूमिका निभाता है। मानव कोशिकाओं में, माइटोकॉन्ड्रिया का प्राथमिक कार्य सेलुलर श्वसन नामक प्रक्रिया के माध्यम से एडेनोसिन ट्राइफॉस्फेट (एटीपी) का उत्पादन करना है। एटीपी कोशिका की मुख्य ऊर्जा मुद्रा है, जिसका उपयोग विभिन्न सेलुलर प्रक्रियाओं और कार्यों को शक्ति देने के लिए किया जाता है।

माइटोकॉन्ड्रिया अद्वितीय अंग हैं क्योंकि उनमें अपना डीएनए होता है और वे कोशिका से स्वतंत्र रूप से प्रतिकृति बना सकते हैं। वे अन्य महत्वपूर्ण कोशिकीय प्रक्रियाओं में भी शामिल हैं, जैसे कि कोशिका चक्र को विनियमित करना, कैल्शियम के स्तर को बनाए रखना और कोशिका मृत्यु (एपोप्टोसिस) को नियंत्रित करना।"
प्रदान की गई जीव विज्ञान की समस्या का समाधान करें:,मानव कोशिका में माइटोकॉन्ड्रिया का क्या कार्य है?,"मानव कोशिका में माइटोकॉन्ड्रिया का प्राथमिक कार्य कोशिकीय श्वसन नामक प्रक्रिया के माध्यम से एडेनोसिन ट्राइफॉस्फेट (ए. टी. पी.) के रूप में ऊर्जा का उत्पादन करना है। माइटोकॉन्ड्रिया को अक्सर कोशिका के ""पावरहाउस"" के रूप में संदर्भित किया जाता है क्योंकि वे कोशिका की अधिकांश ऊर्जा आपूर्ति उत्पन्न करते हैं। वे कोशिका चक्र, कोशिका विकास और कोशिका मृत्यु को नियंत्रित करने के साथ-साथ कोशिका के कैल्शियम के स्तर को बनाए रखने और कोशिका की समग्र चयापचय प्रक्रियाओं में योगदान करने में भी भूमिका निभाते हैं।"
दिए गए जीव विज्ञान के प्रश्न का समाधान प्रस्तुत करें:Pradan kiye gaye jeev vigyan ke prashn ka uttar dein:,"मानव कोशिका में ऊर्जा उत्पन्न करने के लिए जिम्मेदार ऑर्गेनेल का नाम क्या है, और इसके भीतर होने वाली प्रक्रिया का नाम क्या है?","मानव कोशिका में ऊर्जा का उत्पादन करने के लिए जिम्मेदार ऑर्गेनेल को माइटोकॉन्ड्रियन कहा जाता है। ऊर्जा का उत्पादन करने के लिए इसके भीतर होने वाली प्रक्रिया को कोशिकीय श्वसन, विशेष रूप से ऑक्सीडेटिव फॉस्फोरायलेशन कहा जाता है।"
Respond to the provided biology question:,मानव कोशिका में माइटोकॉन्ड्रिया का कार्य क्या है और यह कोशिका के समग्र कार्य से कैसे संबंधित है?,"मानव कोशिका में माइटोकॉन्ड्रिया कोशिका के ""पावरहाउस"" के रूप में कार्य करता है, क्योंकि वे कोशिका द्वारा उपयोग की जाने वाली प्राथमिक ऊर्जा मुद्रा एडेनोसिन ट्राइफॉस्फेट (एटीपी) के उत्पादन के लिए जिम्मेदार हैं। यह ऊर्जा उत्पादन कोशिकीय श्वसन नामक एक प्रक्रिया के माध्यम से प्राप्त किया जाता है, जिसमें ए. टी. पी. उत्पन्न करने के लिए ग्लूकोज और अन्य पोषक तत्वों का विघटन शामिल होता है।

एक कोशिका का समग्र कार्य अपनी संरचना को बनाए रखना, विभिन्न चयापचय प्रक्रियाओं को करना और कोशिका के प्रकार के आधार पर विशिष्ट कार्यों को करना है। माइटोकॉन्ड्रिया द्वारा उत्पादित ऊर्जा इन कार्यों के लिए आवश्यक है, क्योंकि यह कोशिका को अपनी गतिविधियों को करने के लिए आवश्यक ईंधन प्रदान करता है। माइटोकॉन्ड्रिया द्वारा उत्पन्न ऊर्जा के बिना, कोशिका अपने कार्यों को प्रभावी ढंग से करने में सक्षम नहीं होगी, जिससे कोशिका की मृत्यु या शिथिलता हो सकती है।

संक्षेप में, माइटोकॉन्ड्रिया कोशिका को अपने कार्यों को करने और अपनी संरचना को बनाए रखने के लिए आवश्यक ऊर्जा प्रदान करके मानव कोशिका के समग्र कार्य में महत्वपूर्ण भूमिका निभाता है।"
Provide an answer to the given biology query:,"मानव कोशिका में प्रोटीन के संश्लेषण के लिए कौन सा ऑर्गेनेल जिम्मेदार है, और इसका कार्य क्या है?","मानव कोशिका में प्रोटीन के संश्लेषण के लिए जिम्मेदार ऑर्गेनेल राइबोसोम है। राइबोसोम प्रोटीन और राइबोसोमल आर. एन. ए. (आर. आर. एन. ए.) से बनी छोटी, जटिल संरचनाएँ हैं। वे या तो कोशिका द्रव्य में मुक्त तैरते हुए पाए जा सकते हैं या एंडोप्लाज्मिक रेटिकुलम (ई. आर.) से जुड़े हुए पाए जा सकते हैं, जिससे खुरदरा एंडोप्लाज्मिक रेटिकुलम (आर. ई. आर.) बनता है।

राइबोसोम का प्राथमिक कार्य ट्रांसलेशन नामक प्रक्रिया के माध्यम से प्रोटीन का संश्लेषण करना है। अनुवाद के दौरान, राइबोसोम संदेशवाहक आर. एन. ए. (एम. आर. एन. ए.) अणुओं में कूटबद्ध आनुवंशिक जानकारी को पढ़ते हैं और एम. आर. एन. ए. द्वारा निर्धारित विशिष्ट अनुक्रम का पालन करते हुए अमीनो एसिड को पॉलीपेप्टाइड श्रृंखला में इकट्ठा करते हैं। पॉलीपेप्टाइड श्रृंखला फिर अपनी कार्यात्मक त्रि-आयामी संरचना में मुड़ती है, एक प्रोटीन बनाती है। ये प्रोटीन कोशिका में विभिन्न कार्यों को पूरा कर सकते हैं, जैसे एंजाइम, संरचनात्मक घटक, या संकेत अणु।"
Offer a solution to the stated biology question:,मानव मस्तिष्क का कौन सा क्षेत्र स्वैच्छिक गतिविधियों को नियंत्रित करने और मोटर गतिविधियों के समन्वय के लिए जिम्मेदार है?,"मानव मस्तिष्क का वह क्षेत्र जो स्वैच्छिक गतिविधियों को नियंत्रित करने और मोटर गतिविधियों के समन्वय के लिए जिम्मेदार है, वह है सेरिबैलम। इसके अतिरिक्त, फ्रंटल लोब में स्थित प्राथमिक मोटर कॉर्टेक्स भी स्वैच्छिक आंदोलनों की योजना बनाने, नियंत्रित करने और निष्पादित करने में महत्वपूर्ण भूमिका निभाता है।"
Diye gaye jeev vigyan ke prashn ka samadhan prastut karein:,मस्तिष्क का कौन सा क्षेत्र शरीर के तापमान को नियंत्रित करने और भूख और प्यास को नियंत्रित करने के लिए जिम्मेदार है?,"शरीर के तापमान को नियंत्रित करने और भूख और प्यास को नियंत्रित करने के लिए जिम्मेदार मस्तिष्क का क्षेत्र हाइपोथैलेमस है। हाइपोथैलेमस पिट्यूटरी ग्रंथि के पास मस्तिष्क के आधार पर स्थित एक छोटा सा क्षेत्र है। यह शरीर के तापमान, भूख, प्यास, नींद और सर्केडियन लय जैसी विभिन्न शारीरिक प्रक्रियाओं को नियंत्रित करके शरीर के होमियोस्टेसिस को बनाए रखने में महत्वपूर्ण भूमिका निभाता है।"
Provide an answer to the given biology query:,"मानव शरीर में कौन सा जोड़ घूर्णन गति के लिए जिम्मेदार है, और यह किस प्रकार का जोड़ है?","मानव शरीर में घूर्णन गति के लिए जिम्मेदार जोड़ धुरी जोड़ है। एक धुरी जोड़, जिसे रोटरी जोड़ या ट्रोकॉइड जोड़ के रूप में भी जाना जाता है, एक हड्डी को दूसरी हड्डी के चारों ओर घूमने की अनुमति देता है। धुरी जोड़ का एक उदाहरण एटलांटोएक्सियल जोड़ है, जो गर्दन में पहले दो कशेरुकाओं (एटलस और अक्ष) के बीच स्थित होता है। यह जोड़ सिर को एक तरफ से दूसरी तरफ घुमाने की अनुमति देता है। एक अन्य उदाहरण निकटवर्ती रेडियोलनर जोड़ है, जो अग्र-भुजा में त्रिज्या और अल्ना हड्डियों को एक दूसरे के चारों ओर घुमाने की अनुमति देता है, जिससे हथेली ऊपर या नीचे का सामना करने में सक्षम होती है।"
Diye gaye jeev vigyan ke prashn ka samadhan prastut karein:,"उस जोड़ की पहचान करें जो एक व्यक्ति को अपना सिर ऊपर और नीचे करने की अनुमति देता है, और बताएँ कि यह किस प्रकार की गतिविधि की अनुमति देता है।","जो जोड़ किसी व्यक्ति को अपने सिर को ऊपर और नीचे करने की अनुमति देता है, वह एटलांटो-अक्षीय जोड़ है, जो पहले दो गर्भाशय ग्रीवा कशेरुका, एटलस (सी1) और अक्ष (सी2) के बीच स्थित होता है। यह जोड़ एक प्रकार की गति की अनुमति देता है जिसे फ्लेक्शन और एक्सटेंशन कहा जाता है। झुकाव सिर को आगे झुकाने की गति को संदर्भित करता है, जबकि विस्तार सिर को पीछे की ओर उठाने की गति को संदर्भित करता है। यह जोड़ सिर को हिलाने की गति के साथ-साथ सिर के कुछ घूर्णन और पार्श्व झुकाव (साइड-टू-साइड मूवमेंट) की अनुमति देता है।"
Respond to the provided biology question:,किस प्रकार का जोड़ कई दिशाओं में चलने की अनुमति देता है और कंधे और कूल्हे में पाया जा सकता है?,"जोड़ का प्रकार जो कई दिशाओं में चलने की अनुमति देता है और कंधे और कूल्हे में पाया जा सकता है, उसे बॉल-एंड-साकेट जोड़ कहा जाता है।"
Solve the biology question presented:,"मानव शरीर में किस प्रकार का जोड़ सबसे अधिक गति की अनुमति देता है, और शरीर में इसका कार्य क्या है?","मानव शरीर में जोड़ का प्रकार जो सबसे अधिक गति की अनुमति देता है वह है गेंद-और-साकेट जोड़। इस जोड़ में एक गेंद के आकार की हड्डी का छोर होता है जो दूसरी हड्डी के कप जैसे साकेट में फिट होता है। शरीर में दो प्राथमिक बॉल-एंड-साकेट जोड़ कंधे के जोड़ और कूल्हे के जोड़ हैं।

बॉल-एंड-साकेट जोड़ों का कार्य कई दिशाओं में गति की एक विस्तृत श्रृंखला प्रदान करना है, जिसमें फ्लेक्शन, एक्सटेंशन, अपहरण, एडक्शन, रोटेशन और सर्कमडक्शन शामिल हैं। यह इन जोड़ों से जुड़े अंगों में अधिक गतिशीलता और बहुमुखी प्रतिभा की अनुमति देता है। उदाहरण के लिए, कंधे का जोड़ हाथ को विभिन्न दिशाओं में जाने में सक्षम बनाता है, जबकि कूल्हे का जोड़ पैर की गतिविधियों की एक विस्तृत श्रृंखला की अनुमति देता है।"
Diye gaye jeev vigyan ke prashn ka samadhan pradan karein:,"मानव शरीर में किस प्रकार का जोड़ गति की सबसे बड़ी सीमा की अनुमति देता है, और इसके डिजाइन के कारण कौन सी विशिष्ट गतिविधियाँ संभव हैं?","मानव शरीर में जोड़ का प्रकार जो गति की सबसे बड़ी सीमा की अनुमति देता है वह है गेंद-और-साकेट जोड़। मानव शरीर में दो प्राथमिक गेंद-और-साकेट जोड़ हैं कंधे का जोड़ (ग्लेनोह्यूमरल जोड़) और कूल्हे का जोड़ (एसिटाबुलोफेमोरल जोड़)।

गेंद-और-साकेट जोड़ का डिज़ाइन कई विशिष्ट आंदोलनों की अनुमति देता है, जिनमें शामिल हैंः

1. झुकावः झुकने की गति जो हड्डियों के बीच के कोण को कम कर देती है।
2. विस्तारः सीधी गति जो हड्डियों के बीच के कोण को बढ़ाती है।
3. अपहरणः शरीर की मध्य रेखा से दूर चलना।
4. ग्रहणः शरीर की मध्य रेखा की ओर बढ़ना।
5. घूर्णनः हड्डी के अनुदैर्ध्य अक्ष के चारों ओर घूमना।
6. परिसंचरणः लचीलापन, विस्तार, अपहरण और संयोजन का एक संयोजन जो हड्डी के दूर के छोर को गोलाकार गति में स्थानांतरित करने की अनुमति देता है।

ये गतिविधियाँ अंगों के लिए गति की एक विस्तृत श्रृंखला प्रदान करती हैं, जिससे उठाने, फेंकने, चलने और दौड़ने जैसी गतिविधियों की अनुमति मिलती है।"
Offer a solution to the stated biology question:,मानव शरीर में तीन प्रकार की हड्डियाँ क्या हैं और उनके संबंधित कार्य क्या हैं?,"मानव शरीर में तीन प्रकार की हड्डियाँ होती हैंः लंबी हड्डियाँ, छोटी हड्डियाँ और सपाट हड्डियाँ। प्रत्येक प्रकार की अपनी अनूठी संरचना और कार्य है।

1. लंबी हड्डियाँः ये हड्डियाँ चौड़ी हड्डियों की तुलना में लंबी होती हैं और मुख्य रूप से अंगों में पाई जाती हैं। उदाहरणों में फीमर, टिबिया, फाइबुला, हेमरस, त्रिज्या और अल्ना शामिल हैं। लंबी हड्डियों का मुख्य कार्य समर्थन प्रदान करना और गति को सुविधाजनक बनाना है। वे मांसपेशियों और टेंडन के लिए लगाव बिंदु के रूप में भी काम करते हैं, और उनके खोखले केंद्रों में अस्थि मज्जा होता है, जो रक्त कोशिकाओं के उत्पादन के लिए जिम्मेदार होता है।

2. छोटी हड्डियाँः ये हड्डियाँ लंबाई, चौड़ाई और मोटाई में लगभग बराबर होती हैं। उदाहरण के लिए कलाई की हड्डियाँ (कार्पल) और टखने (टार्सल) शामिल हैं। छोटी हड्डियाँ मुख्य रूप से जोड़ों में गति की एक विस्तृत श्रृंखला की अनुमति देते हुए स्थिरता और समर्थन प्रदान करने के लिए कार्य करती हैं।

3. सपाट हड्डियाँः ये हड्डियाँ पतली और सपाट होती हैं, एक व्यापक सतह क्षेत्र के साथ। उदाहरणों में खोपड़ी, पसलियाँ और स्कैपुल (कंधे के ब्लेड) शामिल हैं। सपाट हड्डियाँ मुख्य रूप से आंतरिक अंगों की रक्षा करने और मांसपेशियों के लिए संलग्न बिंदु प्रदान करने के लिए कार्य करती हैं। कुछ मामलों में, जैसे खोपड़ी और श्रोणि में, सपाट हड्डियाँ भी शरीर के संरचनात्मक ढांचे में योगदान देती हैं।"
प्रदान किए गए जीव विज्ञान के प्रश्न का उत्तर दें:,किस प्रकार की हड्डी शरीर के वजन का समर्थन करती है और हृदय और फेफड़ों जैसे आंतरिक अंगों की रक्षा करती है?,"हड्डी का प्रकार जो शरीर के वजन का समर्थन करता है और हृदय और फेफड़ों जैसे आंतरिक अंगों की रक्षा करता है, वह सपाट हड्डी है। सपाट हड्डियाँ, जैसे पसलियाँ, उरोस्थि और खोपड़ी की हड्डियाँ, महत्वपूर्ण अंगों के लिए सुरक्षा प्रदान करती हैं और मांसपेशियों के लिए संलग्नक बिंदुओं के रूप में काम करती हैं।"
Offer a solution to the stated biology question:,मानव त्वचा की सबसे गहरी परत का नाम और कार्य क्या है?,"मानव त्वचा की सबसे गहरी परत को हाइपोडर्मिस कहा जाता है, जिसे सबक्यूटेनियस परत या सबक्यूटिस के रूप में भी जाना जाता है। हाइपोडर्मिस के प्राथमिक कार्यों में शामिल हैंः

1. वसा भंडारणः हाइपोडर्मिस में वसा ऊतक होता है, जो वसा को संग्रहीत करता है और शरीर के लिए इन्सुलेशन और कुशन प्रदान करता है।
2. थर्मोरेगुलेशनः यह परत शरीर को इंसुलेट करके और गर्मी को संरक्षित करके या आवश्यकता पड़ने पर इसे छोड़कर शरीर के तापमान को नियंत्रित करने में मदद करती है।
3. त्वचा को लंगर डालनाः हाइपोडर्मिस त्वचा को अंतर्निहित मांसपेशियों और हड्डियों से जोड़ता है, जो संरचनात्मक समर्थन प्रदान करता है।
4. आघात अवशोषणः हाइपोडर्मिस में वसा शरीर को बाहरी दबाव और प्रभावों से बचाने के लिए एक कुशन के रूप में कार्य करती है।
5. पोषक तत्वों और अपशिष्ट का आदान-प्रदानः हाइपोडर्मिस में रक्त वाहिकाएं होती हैं जो त्वचा को पोषक तत्वों की आपूर्ति करती हैं और अपशिष्ट उत्पादों को हटा देती हैं।"
Prastut kiye gaye jeev vigyan ke prashn ko hal karein:,कौन सी रक्त कोशिका ऑक्सीजन ले जाने के लिए जिम्मेदार है और इसका आकार क्या है?,"ऑक्सीजन ले जाने के लिए जिम्मेदार रक्त कोशिका प्रकार लाल रक्त कोशिका है, जिसे एरिथ्रोसाइट के रूप में भी जाना जाता है। इसका आकार बाइकोनकावे है, जो दोनों तरफ एक अवसादग्रस्त केंद्र के साथ एक चपटी डिस्क जैसा दिखता है। यह अनूठा आकार गैस विनिमय के लिए सतह क्षेत्र को बढ़ाता है और संकीर्ण केशिकाओं से गुजरते समय कोशिकाओं को लचीला होने देता है।"
Pradan ki gayi jeev vigyan ki samasya ka samadhan karein:,मानव शरीर में तीन प्रकार की रक्त कोशिकाएँ और उनके मुख्य कार्य क्या हैं?,"मानव शरीर में तीन मुख्य प्रकार की रक्त कोशिकाएँ हैं, जिनमें से प्रत्येक विशिष्ट कार्यों के साथ हैः

1. लाल रक्त कोशिकाएँ (एरिथ्रोसाइट्स): ये सबसे प्रचुर मात्रा में रक्त कोशिकाएँ हैं और फेफड़ों से शरीर के ऊतकों तक ऑक्सीजन ले जाने और ऊतकों से कार्बन डाइऑक्साइड को वापस फेफड़ों में ले जाने के लिए जिम्मेदार हैं। इनमें हीमोग्लोबिन नामक एक प्रोटीन होता है, जो ऑक्सीजन से जुड़ता है और लाल रक्त कोशिकाओं को उनका विशिष्ट लाल रंग देता है।

2. श्वेत रक्त कोशिकाएँ (ल्यूकोसाइट्स): ये कोशिकाएँ संक्रमण, विदेशी पदार्थों और बीमारियों से शरीर की रक्षा करके प्रतिरक्षा प्रणाली में महत्वपूर्ण भूमिका निभाती हैं। कई प्रकार की श्वेत रक्त कोशिकाएँ हैं, जिनमें न्यूट्रोफिल, लिम्फोसाइट्स, मोनोसाइट्स, इओसिनोफिल और बेसोफिल शामिल हैं, जिनमें से प्रत्येक प्रतिरक्षा प्रतिक्रिया में विशिष्ट कार्यों के साथ है।

3. प्लेटलेट्स (थ्रोम्बोसाइट्स): ये कोशिका के छोटे टुकड़े हैं जो रक्त के थक्के बनने और घाव भरने में महत्वपूर्ण भूमिका निभाते हैं। जब रक्त वाहिका में चोट लगती है, तो प्लेटलेट्स चोट के स्थान पर इकट्ठा हो जाते हैं, जिससे रक्त की हानि को रोकने के लिए एक प्लग बनता है। वे ऐसे पदार्थ भी छोड़ते हैं जो रक्त के थक्के के निर्माण में मदद करते हैं, जो प्लग को स्थिर करता है और उपचार प्रक्रिया में सहायता करता है।"
प्रदान किए गए जीव विज्ञान के प्रश्न का उत्तर दें:,तीन प्रकार की रक्त कोशिकाएँ क्या हैं और मानव शरीर में उनके प्राथमिक कार्य क्या हैं?,"तीन प्रकार की रक्त कोशिकाएँ लाल रक्त कोशिकाएँ, श्वेत रक्त कोशिकाएँ और प्लेटलेट्स हैं। मानव शरीर में उनके प्राथमिक कार्य इस प्रकार हैंः

1. लाल रक्त कोशिकाएँ (एरिथ्रोसाइट्स): ये कोशिकाएँ फेफड़ों से ऑक्सीजन को शरीर के बाकी हिस्सों में ले जाने और कार्बन डाइऑक्साइड को शरीर से वापस फेफड़ों में ले जाने के लिए जिम्मेदार हैं। इनमें हीमोग्लोबिन नामक एक प्रोटीन होता है, जो ऑक्सीजन से जुड़ता है और लाल रक्त कोशिकाओं को उनका विशिष्ट लाल रंग देता है।

2. श्वेत रक्त कोशिकाएँ (ल्यूकोसाइट्स): ये कोशिकाएँ प्रतिरक्षा प्रणाली में महत्वपूर्ण भूमिका निभाती हैं, जो शरीर को संक्रमण और बीमारियों से बचाने में मदद करती हैं। कई प्रकार की श्वेत रक्त कोशिकाएँ हैं, जिनमें न्यूट्रोफिल, लिम्फोसाइट्स, मोनोसाइट्स, इओसिनोफिल और बेसोफिल शामिल हैं, जिनमें से प्रत्येक प्रतिरक्षा प्रतिक्रिया में विशिष्ट कार्यों के साथ है।

3. प्लेटलेट्स (थ्रोम्बोसाइट्स): ये छोटे कोशिका टुकड़े रक्त के थक्के बनने और घाव भरने के लिए आवश्यक हैं। जब कोई चोट लगती है, तो प्लेटलेट्स एक थक्का बनाने के लिए एक साथ चिपक जाते हैं, जो अत्यधिक रक्तस्राव को रोकने में मदद करता है और उपचार प्रक्रिया शुरू करने में मदद करता है।"
Solve the biology question presented:,"मानव अंतःस्रावी प्रणाली में कौन सी ग्रंथि शरीर के चयापचय को नियंत्रित करने के लिए जिम्मेदार है, और यह इस कार्य को करने के लिए कौन से हार्मोन का उत्पादन करती है?","मानव अंतःस्रावी प्रणाली में शरीर के चयापचय को नियंत्रित करने के लिए जिम्मेदार ग्रंथि थायराइड ग्रंथि है। यह एक तितली के आकार की ग्रंथि है जो गर्दन के सामने, एडम के सेब के ठीक नीचे स्थित है। थायराइड ग्रंथि इस कार्य को करने के लिए दो प्राथमिक हार्मोन का उत्पादन करती हैः थायरॉक्सिन (टी4) और ट्राइयोडोथायरोनिन (टी3)। ये हार्मोन शरीर की चयापचय दर, विकास, विकास और शरीर के तापमान को नियंत्रित करने में महत्वपूर्ण भूमिका निभाते हैं। इसके अतिरिक्त, थायराइड ग्रंथि कैल्सीटोनिन का भी उत्पादन करती है, जो एक हार्मोन है जो रक्त में कैल्शियम के स्तर को नियंत्रित करने में मदद करता है।"
Solve the biology question presented:,मानव आंख में कॉर्निया का क्या कार्य है और यह लेंस से कैसे अलग है?,"कॉर्निया और लेंस दोनों मानव आंख के आवश्यक घटक हैं, लेकिन वे अलग-अलग कार्य करते हैं और उनकी अलग-अलग संरचनाएँ होती हैं।

कॉर्निया आंख के सामने पारदर्शी, गुंबद के आकार की बाहरी परत है। इसका प्राथमिक कार्य प्रकाश को अपवर्तित करना या झुकाना है क्योंकि यह आंख में प्रवेश करता है। कॉर्निया आंख की कुल ध्यान केंद्रित करने की शक्ति के लगभग दो-तिहाई के लिए जिम्मेदार है। यह एक सुरक्षात्मक बाधा के रूप में भी काम करता है, जो आंतरिक नेत्र संरचनाओं को धूल, मलबे और हानिकारक बैक्टीरिया से बचाता है।

दूसरी ओर, लेंस, आईरिस और पुतली के पीछे स्थित एक पारदर्शी, बाइकोनवेक्स संरचना है। इसका प्राथमिक कार्य रेटिना पर प्रकाश के फोकस को ठीक करना है, जो आंख के पीछे प्रकाश-संवेदनशील ऊतक है। लेंस आंख की कुल ध्यान केंद्रित करने की शक्ति के लगभग एक तिहाई के लिए जिम्मेदार है। यह लचीला है और अपने आकार को बदल सकता है, जिससे आंख निकट और दूर की वस्तुओं के बीच अपने ध्यान को समायोजित कर सकती है, एक प्रक्रिया जिसे समायोजन के रूप में जाना जाता है।

संक्षेप में, कॉर्निया और लेंस दोनों आंख में प्रकाश को केंद्रित करने में योगदान करते हैं, लेकिन उनकी संरचना और कार्य अलग-अलग होते हैं। कॉर्निया सबसे बाहरी परत है जो मुख्य रूप से प्रकाश को मोड़ती है और आंख की रक्षा करती है, जबकि लेंस एक आंतरिक संरचना है जो प्रकाश के केंद्र को ठीक करती है और समायोजन को सक्षम बनाती है।"
Diye gaye jeev vigyan ke prashn ka samadhan pradan karein:,मानव तंत्रिका तंत्र में तीन प्रकार के न्यूरॉन्स क्या हैं और उनके विशिष्ट कार्य क्या हैं?,"मानव तंत्रिका तंत्र में तीन प्रकार के न्यूरॉन्स संवेदी न्यूरॉन्स, मोटर न्यूरॉन्स और इंटरन्यूरॉन्स हैं। प्रत्येक प्रकार का एक विशिष्ट कार्य होता हैः

1. संवेदी न्यूरॉन्सः ये न्यूरॉन्स संवेदी रिसेप्टर्स जैसे त्वचा, मांसपेशियों और अंगों से केंद्रीय तंत्रिका तंत्र (मस्तिष्क और रीढ़ की हड्डी) में जानकारी संचारित करने के लिए जिम्मेदार हैं। वे स्पर्श, ध्वनि या प्रकाश जैसी बाहरी उत्तेजनाओं को विद्युत संकेतों में परिवर्तित करते हैं जिनकी व्याख्या मस्तिष्क द्वारा की जा सकती है।

2. मोटर न्यूरॉन्सः मोटर न्यूरॉन्स केंद्रीय तंत्रिका तंत्र से मांसपेशियों, ग्रंथियों और अंगों तक संकेत ले जाते हैं, जिससे हम अपने शरीर के कार्यों को स्थानांतरित और नियंत्रित कर सकते हैं। वे मांसपेशियों के संकुचन को शुरू करने और हार्मोन और अन्य पदार्थों की रिहाई को नियंत्रित करने के लिए जिम्मेदार हैं।

3. इंटर्न्यूरनः इंटर्न्यूरन केंद्रीय तंत्रिका तंत्र के भीतर पाए जाते हैं और संवेदी और मोटर न्यूरॉन्स के बीच संयोजक के रूप में काम करते हैं। वे संवेदी न्यूरॉन्स से प्राप्त जानकारी को संसाधित और व्याख्या करते हैं और मोटर न्यूरॉन्स को संकेत भेजकर उचित प्रतिक्रिया को समन्वित करने में मदद करते हैं। इंटरन्यूरॉन्स सीखने, स्मृति और निर्णय लेने जैसे जटिल कार्यों में महत्वपूर्ण भूमिका निभाते हैं।"
Provide an answer to the given biology query:,"किस प्रकार का न्यूरॉन शरीर के संवेदी रिसेप्टर्स से केंद्रीय तंत्रिका तंत्र में जानकारी संचारित करने के लिए जिम्मेदार है, और तंत्रिका तंत्र में इसका क्या कार्य है?","शरीर के संवेदी रिसेप्टर्स से केंद्रीय तंत्रिका तंत्र में जानकारी संचारित करने के लिए जिम्मेदार न्यूरॉन का प्रकार संवेदी न्यूरॉन है, जिसे अफेरेंट न्यूरॉन के रूप में भी जाना जाता है। तंत्रिका तंत्र में इसका कार्य शरीर के विभिन्न हिस्सों, जैसे त्वचा, मांसपेशियों और अंगों से संवेदी जानकारी को मस्तिष्क और रीढ़ की हड्डी को प्रसंस्करण और व्याख्या के लिए प्रसारित करना है। यह जीव को अपने पर्यावरण को समझने और प्रतिक्रिया करने की अनुमति देता है, जिससे उसका अस्तित्व और कल्याण सुनिश्चित होता है।"
Prastut kiye gaye jeev vigyan ke prashn ko hal karein:,संवेदी अंगों से केंद्रीय तंत्रिका तंत्र तक संकेत भेजने के लिए किस प्रकार के न्यूरॉन्स जिम्मेदार हैं?,"संवेदी अंगों से केंद्रीय तंत्रिका तंत्र में संकेत भेजने के लिए जिम्मेदार न्यूरॉन्स के प्रकार को संवेदी न्यूरॉन्स या अफेरेंट न्यूरॉन्स कहा जाता है। ये न्यूरॉन्स बाहरी उत्तेजनाओं (जैसे स्पर्श, तापमान, या प्रकाश) या आंतरिक स्थितियों (जैसे रक्तचाप या मांसपेशियों के तनाव) के बारे में जानकारी केंद्रीय तंत्रिका तंत्र को प्रसंस्करण और व्याख्या के लिए प्रेषित करते हैं।"
Provide an answer to the given biology query:,"मानव तंत्रिका तंत्र में पाए जाने वाले तीन प्रकार के न्यूरॉन्स क्या हैं, और उनके प्राथमिक कार्य क्या हैं?","मानव तंत्रिका तंत्र में पाए जाने वाले तीन प्रकार के न्यूरॉन्स संवेदी न्यूरॉन्स, मोटर न्यूरॉन्स और इंटरन्यूरॉन्स हैं।

1. संवेदी न्यूरॉन्सः जिन्हें अफेरेंट न्यूरॉन्स के रूप में भी जाना जाता है, ये न्यूरॉन्स त्वचा, मांसपेशियों और अंगों जैसे संवेदी रिसेप्टर्स से केंद्रीय तंत्रिका तंत्र (मस्तिष्क और रीढ़ की हड्डी) में जानकारी संचारित करने के लिए जिम्मेदार हैं। वे शरीर को स्पर्श, तापमान और दर्द जैसी विभिन्न उत्तेजनाओं का पता लगाने और उनका जवाब देने में मदद करते हैं।

2. मोटर न्यूरॉन्सः जिन्हें अपशिष्ट न्यूरॉन्स के रूप में भी जाना जाता है, ये न्यूरॉन्स केंद्रीय तंत्रिका तंत्र से मांसपेशियों और ग्रंथियों में जानकारी प्रसारित करते हैं, जिससे शरीर क्रियाओं और गतिविधियों को करने में सक्षम होता है। वे मांसपेशियों के संकुचन को नियंत्रित करने और विभिन्न शारीरिक कार्यों को नियंत्रित करने में महत्वपूर्ण भूमिका निभाते हैं।

3. इंटर्न्यूरॉन्सः ये न्यूरॉन्स केंद्रीय तंत्रिका तंत्र के भीतर पाए जाते हैं और संवेदी और मोटर न्यूरॉन्स के बीच एक संबंध के रूप में काम करते हैं। वे संवेदी न्यूरॉन्स से प्राप्त जानकारी को संसाधित और एकीकृत करते हैं और मोटर न्यूरॉन्स को संकेत भेजकर उचित प्रतिक्रिया का समन्वय करते हैं। इंटरन्यूरॉन्स विभिन्न संज्ञानात्मक कार्यों, प्रतिवर्त और जटिल मोटर पैटर्न में महत्वपूर्ण भूमिका निभाते हैं।"
Address the biology problem provided:,"कौन सा संयोजी ऊतक शरीर में अंगों को सहारा देने और जोड़ने के लिए जिम्मेदार है, और इसका कार्य क्या है?","शरीर में अंगों को सहारा देने और जोड़ने के लिए जिम्मेदार संयोजी ऊतक को ढीला संयोजी ऊतक कहा जाता है, विशेष रूप से सौर संयोजी ऊतक। इसका प्राथमिक कार्य अंगों को समर्थन और कुशन प्रदान करना, उन्हें अपनी जगह पर रखना, और अंगों और रक्त प्रवाह के बीच पोषक तत्वों और अपशिष्ट उत्पादों के आदान-प्रदान की सुविधा प्रदान करना है। इसके अतिरिक्त, यह प्रतिरक्षा कोशिकाओं के आवास द्वारा संक्रमण के खिलाफ रक्षा में मदद करता है।"
Offer a solution to the stated biology question:,"किस प्रकार का संयोजी ऊतक विभिन्न ऊतकों और अंगों का समर्थन करने और उन्हें जोड़ने, शरीर को सदमे से बचाने और ऊतकों के बीच घर्षण को कम करने के लिए जिम्मेदार है?","विभिन्न ऊतकों और अंगों को समर्थन देने और जोड़ने, शरीर को सदमे के खिलाफ कुशन करने और ऊतकों के बीच घर्षण को कम करने के लिए जिम्मेदार संयोजी ऊतक के प्रकार को ढीला संयोजी ऊतक कहा जाता है, विशेष रूप से, एरोलर संयोजी ऊतक। यह ऊतक एक अर्ध-तरल जमीनी पदार्थ, कोलेजन और लोचदार तंतुओं से बना होता है, जो आसपास की संरचनाओं को ताकत, लोच और समर्थन प्रदान करते हैं।"
Provide an answer to the given biology query:,"किस प्रकार का संयोजी ऊतक मानव शरीर में वसा का उत्पादन और भंडारण करता है, और इसका कार्य क्या है?","वसा ऊतक, जिसे वसा ऊतक के रूप में भी जाना जाता है, एक प्रकार का संयोजी ऊतक है जो मानव शरीर में वसा का उत्पादन और भंडारण करता है। इसका प्राथमिक कार्य ऊर्जा को लिपिड के रूप में संग्रहीत करना है, जिसका उपयोग शरीर द्वारा आवश्यकता पड़ने पर किया जा सकता है। इसके अतिरिक्त, वसा ऊतक अंगों के लिए इन्सुलेशन, कुशन और सुरक्षा प्रदान करता है, और हार्मोन विनियमन और प्रतिरक्षा प्रणाली के कार्य में भूमिका निभाता है।"
दिए गए जीव विज्ञान के प्रश्न का समाधान प्रदान करें:,मानव शरीर में कौन सी ग्रंथि इंसुलिन के उत्पादन के लिए जिम्मेदार है और शरीर में इंसुलिन का क्या कार्य है?,"मानव शरीर में इंसुलिन के उत्पादन के लिए जिम्मेदार ग्रंथि अग्न्याशय है। विशेष रूप से, इंसुलिन का उत्पादन अग्न्याशय में लैंगरहान्स के द्वीपों के भीतर बीटा कोशिकाओं द्वारा किया जाता है।

इंसुलिन का प्राथमिक कार्य रक्तप्रवाह में ग्लूकोज (शर्करा) के स्तर को नियंत्रित करना है। जब रक्त शर्करा का स्तर बढ़ता है, जैसे कि भोजन के बाद, रक्त से शर्करा लेने और इसे यकृत और मांसपेशियों में ग्लाइकोजन के रूप में संग्रहीत करने या लंबे समय तक भंडारण के लिए इसे वसा में परिवर्तित करने के लिए कोशिकाओं को संकेत देने के लिए इंसुलिन छोड़ा जाता है। यह प्रक्रिया रक्त शर्करा के स्तर को सामान्य सीमा तक वापस लाने में मदद करती है। इंसुलिन प्रोटीन संश्लेषण और वसा भंडारण को भी बढ़ावा देता है और ग्लाइकोजन और वसा के टूटने को रोकता है। कुल मिलाकर, इंसुलिन शरीर में ऊर्जा संतुलन और होमियोस्टेसिस बनाए रखने में महत्वपूर्ण भूमिका निभाता है।"
प्रदान की गई जीव विज्ञान की समस्या का समाधान करें:,मानव शरीर में कौन सी ग्रंथि इंसुलिन का उत्पादन करती है और शरीर में इंसुलिन की क्या भूमिका है?,"मानव शरीर में इंसुलिन का उत्पादन करने वाली ग्रंथि अग्न्याशय है। विशेष रूप से, इंसुलिन का उत्पादन अग्न्याशय में लैंगरहान्स के द्वीपों के भीतर बीटा कोशिकाओं द्वारा किया जाता है।

शरीर में रक्त शर्करा (ग्लूकोज) के स्तर को नियंत्रित करने में इंसुलिन एक महत्वपूर्ण भूमिका निभाता है। जब रक्त शर्करा का स्तर बढ़ता है, जैसे कि भोजन के बाद, इंसुलिन को रक्त प्रवाह से ग्लूकोज को अवशोषित करने के लिए कोशिकाओं को संकेत देने के लिए छोड़ा जाता है। यह रक्त शर्करा के स्तर को एक सामान्य सीमा तक वापस लाने में मदद करता है। इंसुलिन बाद में ऊर्जा के रूप में उपयोग के लिए यकृत और मांसपेशियों में ग्लाइकोजन के रूप में ग्लूकोज के भंडारण को भी बढ़ावा देता है। इसके अतिरिक्त, इंसुलिन प्रोटीन और वसा के संश्लेषण में सहायता करता है। कुल मिलाकर, शरीर में उचित ग्लूकोज होमियोस्टेसिस और ऊर्जा संतुलन बनाए रखने के लिए इंसुलिन आवश्यक है।"
Provide an answer to the given biology query:,"श्रवण की प्रक्रिया में विशिष्ट हड्डी क्या शामिल है, और श्रवण प्रणाली में इसका क्या कार्य है?","सुनने की प्रक्रिया में शामिल विशिष्ट हड्डी स्टेप्स हड्डी है, जिसे स्टिरप हड्डी के रूप में भी जाना जाता है। यह मानव शरीर की तीन सबसे छोटी हड्डियों में से एक है, जिसे सामूहिक रूप से ऑसिकल कहा जाता है, जो मध्य कान में स्थित होती है। अन्य दो हड्डियाँ मैलियस (हथौड़ा) और इंकस (एनविल) हैं।

श्रवण प्रणाली में स्टेप्स का कार्य इंकस से अंडाकार खिड़की तक ध्वनि कंपन संचारित करना है, जो आंतरिक कान में कॉक्लिया पर एक झिल्ली से ढका हुआ द्वार है। जब ध्वनि तरंगें कान में प्रवेश करती हैं, तो वे कान के पर्दे को कंपन का कारण बनती हैं। इन कंपनों को फिर ऑसिकल के माध्यम से स्थानांतरित किया जाता है, जो मैलियस से शुरू होता है, फिर इंकस में, और अंत में स्टेप्स में। स्टेप्स अंडाकार खिड़की के खिलाफ धक्का देते हैं, जिससे कोक्लिया के भीतर का तरल पदार्थ स्थानांतरित हो जाता है। यह गति तंत्रिका आवेग उत्पन्न करती है जो श्रवण तंत्रिका के माध्यम से मस्तिष्क में भेजी जाती है, जिससे हम ध्वनि को समझ और व्याख्या कर सकते हैं।"
दिए गए जीव विज्ञान के प्रश्न का समाधान प्रदान करें:,उस हड्डी का नाम और कार्य क्या है जो स्टर्नम को मानव कंकाल प्रणाली में क्लैविकल से जोड़ती है?,"स्टर्नम को क्लैविकल से जोड़ने वाली हड्डी को मैन्यूब्रियम कहा जाता है। मैन्यूब्रियम स्टर्नम का ऊपरी हिस्सा है, जो छाती के केंद्र में स्थित एक सपाट, टी-आकार की हड्डी है। मेन्यूब्रियम का कार्य क्लैविकल्स (कॉलरबोन्स) और पसलियों की पहली जोड़ी के लिए संलग्नक बिंदु प्रदान करना है, जो कंधे के कमरबंद को बनाने और स्थिर करने और ऊपरी अंगों का समर्थन करने में मदद करता है। यह छाती के महत्वपूर्ण अंगों, जैसे हृदय और फेफड़ों की भी रक्षा करता है।"
Diye gaye jeev vigyan ke prashn ka samadhan prastut karein:,हमारे स्वाद कलियों द्वारा पाए जाने वाले पाँच प्राथमिक स्वाद क्या हैं और वे मानव जीभ पर कहाँ स्थित हैं?,"हमारे स्वाद कलियों द्वारा पाए जाने वाले पाँच प्राथमिक स्वाद हैंः

1. मीठाः यह स्वाद आमतौर पर शर्करा से जुड़ा होता है और जीभ की नोक पर स्थित स्वाद कलियों से पता चलता है।
2. नमकीनः यह स्वाद सोडियम और अन्य खनिजों से जुड़ा होता है, और जीभ के सामने की ओर, नोक के पास स्थित स्वाद कलियों से पता चलता है।
3. खट्टाः यह स्वाद अम्लीय पदार्थों से जुड़ा होता है, जैसे कि फलों में साइट्रिक एसिड, और जीभ के किनारों पर, पीछे की ओर स्थित स्वाद कलियों से पता चलता है।
4. कड़वाः यह स्वाद एल्कलॉइड्स और अन्य कड़वे यौगिकों से जुड़ा होता है, और जीभ के पीछे स्थित स्वाद कलियों से पता चलता है।
5. उमामीः यह स्वाद मांस, शोरबा और कुछ सब्जियों में पाए जाने वाले स्वादिष्ट स्वादों से जुड़ा होता है। इसका पता जीभ के बीच में स्थित स्वाद कलियों से चलता है।

यह ध्यान रखना महत्वपूर्ण है कि जीभ पर विशिष्ट स्वाद क्षेत्रों के विचार को काफी हद तक खारिज कर दिया गया है। हालांकि स्वाद की कली के घनत्व में कुछ क्षेत्रीय अंतर हो सकते हैं, सभी स्वाद की कली सभी पांच प्राथमिक स्वादों का अलग-अलग डिग्री तक पता लगाने में सक्षम हैं।"
Pradan ki gayi jeev vigyan ki samasya ka samadhan karein:,मानव शरीर में किस प्रकार का उपास्थि बाहरी कान को समर्थन और लचीलापन प्रदान करता है?,उपास्थि का प्रकार जो बाहरी कान को समर्थन और लचीलापन प्रदान करता है वह लोचदार उपास्थि है।
Prastut kiye gaye jeev vigyan ke prashn ko hal karein:,बाहरी कान में किस प्रकार का उपास्थि पाया जाता है और मानव शरीर में इसका क्या कार्य है?,"बाहरी कान में पाए जाने वाले उपास्थि के प्रकार को लोचदार उपास्थि कहा जाता है, जिसे पीले उपास्थि के रूप में भी जाना जाता है। लोचदार उपास्थि लोचदार तंतुओं और चॉन्ड्रोसाइट्स से बनी होती है, जो लचीलापन और लचीलापन प्रदान करती है।

बाहरी कान में लोचदार उपास्थि (जिसे ऑरिकल या पिन्ना के रूप में भी जाना जाता है) का प्राथमिक कार्य संरचनात्मक समर्थन प्रदान करना और कान के आकार को बनाए रखना है। यह उपास्थि कान की नली में ध्वनि तरंगों को इकट्ठा करने और निर्देशित करने में मदद करती है, जो फिर मस्तिष्क द्वारा प्रसंस्करण और व्याख्या के लिए मध्य और आंतरिक कान तक जाती है। लोचदार उपास्थि का लचीलापन कान को विभिन्न बलों का सामना करने और अपने मूल आकार में लौटने की अनुमति देता है, जिससे ध्वनि को पकड़ने में कान का उचित कार्य सुनिश्चित होता है।"
Respond to the provided biology question:,कान में किस प्रकार का उपास्थि पाया जाता है और इसका कार्य क्या है?,"कान में पाए जाने वाले उपास्थि का प्रकार लोचदार उपास्थि है। इसका कार्य लचीलेपन और लचीलापन की अनुमति देते हुए बाहरी कान (जिसे ऑरिकल या पिन्ना के रूप में भी जाना जाता है) के आकार को समर्थन प्रदान करना और बनाए रखना है। यह लचीलापन बाहरी कान को कान नहर में ध्वनि तरंगों को बेहतर ढंग से पकड़ने और प्रवाहित करने में सक्षम बनाता है, जो अंततः सुनने की प्रक्रिया में सहायता करता है।"
Prastut kiye gaye jeev vigyan ke prashn ko hal karein:,बी कोशिकाएं एंटीबॉडी का उत्पादन करने के लिए किस विशिष्ट एंटीजन को पहचानती हैं और प्रतिक्रिया करती हैं?,"बी कोशिकाएँ विशिष्ट प्रतिजनों को पहचानती हैं और उनका जवाब देती हैं, जो रोगजनकों की सतह पर पाए जाने वाले अद्वितीय आणविक संरचनाएँ हैं, जैसे कि वायरस, बैक्टीरिया या अन्य विदेशी पदार्थ। ये प्रतिजन प्रोटीन, पॉलीसेकेराइड, लिपिड या न्यूक्लिक एसिड हो सकते हैं। प्रत्येक बी कोशिका की सतह पर एक अद्वितीय बी कोशिका रिसेप्टर (बी. सी. आर.) होता है, जो एक विशिष्ट प्रतिजन से जुड़ सकता है। जब बी कोशिका अपने बी. सी. आर. से मेल खाने वाले प्रतिजन का सामना करती है, तो यह सक्रिय हो जाती है, फैलती है और प्लाज्मा कोशिकाओं में अलग हो जाती है जो उस प्रतिजन के लिए विशिष्ट प्रतिजनों का उत्पादन करती हैं। ये प्रतिजन शरीर से रोगजनक को बेअसर करने और समाप्त करने में मदद करते हैं।"
Offer a solution to the stated biology question:,संधिशोथ के इलाज के लिए मोनोक्लोनल एंटीबॉडी किस विशिष्ट एंटीजन को लक्षित करता है और इस एंटीजन को बेअसर करने में एंटीबॉडी की कार्रवाई का तंत्र क्या है?,"मोनोक्लोनल एंटीबॉडी संधिशोथ के इलाज के लिए ट्यूमर नेक्रोसिस फैक्टर-अल्फा (टी. एन. एफ.-अल्फा) एंटीजन को लक्षित करती है। टी. एन. एफ.-अल्फा एक प्रो-इंफ्लेमेटरी साइटोकिन है जो संधिशोथ की सूजन प्रक्रिया में महत्वपूर्ण भूमिका निभाती है।

इस प्रतिजन को बेअसर करने में मोनोक्लोनल एंटीबॉडी की क्रिया के तंत्र में विशेष रूप से टी. एन. एफ.-अल्फा के साथ बंधन शामिल है, जिससे यह कोशिका की सतह पर अपने रिसेप्टर्स के साथ बातचीत करने से रोकता है। टी. एन. एफ.-अल्फा गतिविधि का यह अवरोध सूजन को कम करता है और संधिशोथ के लक्षणों को कम करता है। टी. एन. एफ.-अल्फा को बेअसर करके, मोनोक्लोनल एंटीबॉडी समग्र सूजन प्रतिक्रिया को कम करने में मदद करता है, जो बदले में जोड़ों के दर्द, सूजन को कम करता है और जोड़ों की क्षति की प्रगति को धीमा कर देता है।"
Solve the biology question presented:,एक प्रतिस्पर्धी अवरोधक की सांद्रता एंजाइम-उत्प्रेरित प्रतिक्रिया की दर को कैसे प्रभावित करती है?,"एक प्रतिस्पर्धी अवरोधक की सांद्रता एंजाइम के सक्रिय स्थल के लिए सब्सट्रेट के साथ प्रतिस्पर्धा करके एक एंजाइम-उत्प्रेरित प्रतिक्रिया की दर को प्रभावित करती है। प्रतिस्पर्धात्मक अवरोधकों की संरचना सब्सट्रेट के समान होती है, जिससे वे एंजाइम के सक्रिय स्थान से जुड़ सकते हैं। जब अवरोधक बंधा होता है, तो सब्सट्रेट बांध नहीं सकता है, और प्रतिक्रिया आगे नहीं बढ़ सकती है।

जैसे-जैसे प्रतिस्पर्धी अवरोधक की सांद्रता बढ़ती है, अवरोधक के एंजाइम के सक्रिय स्थल से जुड़ने की संभावना भी बढ़ जाती है, जो बदले में एंजाइम से सब्सट्रेट के जुड़ने की संभावना को कम कर देता है। इसके परिणामस्वरूप एंजाइम-उत्प्रेरित प्रतिक्रिया की दर में कमी आती है।

हालांकि, यह ध्यान रखना महत्वपूर्ण है कि प्रतिस्पर्धी अवरोध प्रतिवर्ती है, जिसका अर्थ है कि अवरोधक को सब्सट्रेट की सांद्रता बढ़ाकर सक्रिय स्थल से विस्थापित किया जा सकता है। दूसरे शब्दों में, प्रतिस्पर्धी अवरोधक के प्रभाव को सब्सट्रेट सांद्रता को बढ़ाकर दूर किया जा सकता है।

संक्षेप में, एक प्रतिस्पर्धी अवरोधक की सांद्रता एंजाइम के सक्रिय स्थल के लिए सब्सट्रेट के साथ प्रतिस्पर्धा करके एक एंजाइम-उत्प्रेरित प्रतिक्रिया की दर को प्रभावित करती है। जैसे-जैसे अवरोधक की सांद्रता बढ़ती है, प्रतिक्रिया की दर कम हो जाती है। हालाँकि, सब्सट्रेट की सांद्रता को बढ़ाकर इस प्रभाव को दूर किया जा सकता है।"
दिए गए जीव विज्ञान के प्रश्न का समाधान प्रदान करें:,"हीमोग्लोबिन और ऑक्सीजन के बीच 37 डिग्री सेल्सियस और पी. एच. 7.4 पर प्रोटीन-लिगैंड कॉम्प्लेक्स का पृथक्करण स्थिरांक क्या है, यह देखते हुए कि संतुलन बंधन स्थिरांक 2.8 × 10-5 एम-1 है?","एक प्रोटीन-लिगैंड कॉम्प्लेक्स का पृथक्करण स्थिरांक (Kd) संतुलन बंधन स्थिरांक (Ca) का व्युत्क्रम है। इस मामले में, संतुलन बंधन स्थिरांक (Ca) को 2.8 × 10-5 M-1 के रूप में दिया जाता है। पृथक्करण स्थिरांक (के. डी.) का पता लगाने के लिए, हम केवल का का व्युत्क्रम लेते हैंः

के. डी. = 1/के. ए.

के. डी. = 1/(2.8 × 10-5 एम.-1)

के. डी. ± 3.57 × 10-6 एम

तो, हीमोग्लोबिन और ऑक्सीजन के बीच 37 डिग्री सेल्सियस और पी. एच. 7.4 पर प्रोटीन-लिगेंड कॉम्प्लेक्स का पृथक्करण स्थिरांक लगभग 3.57 × 10-6 एम है।"
Provide an answer to the given biology query:,"हीमोग्लोबिन प्रोटीन और ऑक्सीजन अणु के बीच बने प्रोटीन-लिगेंड कॉम्प्लेक्स का पृथक्करण स्थिरांक (केडी) क्या है, यह देखते हुए कि हीमोग्लोबिन प्रोटीन की सांद्रता 1 माइक्रोन और ऑक्सीजन अणु की सांद्रता 10 माइक्रोन है?","हीमोग्लोबिन प्रोटीन और ऑक्सीजन अणु के बीच बने प्रोटीन-लिगैंड कॉम्प्लेक्स के पृथक्करण स्थिरांक (के. डी.) को निर्धारित करने के लिए, हमें संतुलन में बने कॉम्प्लेक्स की सांद्रता को जानने की आवश्यकता है। हालाँकि, प्रदान की गई जानकारी में केवल हीमोग्लोबिन प्रोटीन (1 माइक्रोन) और ऑक्सीजन अणु (10 माइक्रोन) की प्रारंभिक सांद्रता शामिल है, जो के. डी. मूल्य की गणना करने के लिए पर्याप्त नहीं हैं।

के. डी. को पृथक्करण और संयोजन प्रतिक्रियाओं के लिए दर स्थिरांक के अनुपात के रूप में परिभाषित किया गया हैः

के. डी. = [हीमोग्लोबिन] [ऑक्सीजन]/[हीमोग्लोबिन-ऑक्सीजन कॉम्प्लेक्स]

के. डी. की गणना करने के लिए, हमें हीमोग्लोबिन, ऑक्सीजन और हीमोग्लोबिन-ऑक्सीजन कॉम्प्लेक्स की संतुलन सांद्रता की आवश्यकता है। यदि आप इन संतुलन सांद्रता को प्रदान कर सकते हैं, तो मैं आपको के. डी. मूल्य की गणना करने में मदद कर सकता हूं।"
Prastut kiye gaye jeev vigyan ke prashn ko hal karein:,"एक विशिष्ट प्रोटीन और लिगैंड के बीच अंतःक्रिया का केडी (पृथक्करण स्थिरांक) क्या है, और यह मूल्य लिगैंड के लिए प्रोटीन की आत्मीयता से कैसे संबंधित है?","के. डी. (पृथक्करण स्थिरांक) एक प्रोटीन और उसके लिगैंड के बीच परस्पर क्रिया की ताकत का एक माप है। इसे लिगैंड की सांद्रता के रूप में परिभाषित किया जाता है जिस पर प्रोटीन बंधन स्थलों का आधा हिस्सा लिगैंड द्वारा कब्जा कर लिया जाता है। दूसरे शब्दों में, यह लिगैंड की सांद्रता है जिस पर बंधन प्रतिक्रिया संतुलन में होती है, जिसमें संघ और पृथक्करण की समान दरें होती हैं।

के. डी. मान लिगैंड के लिए प्रोटीन की आत्मीयता से विपरीत रूप से संबंधित है। एक कम के. डी. मान प्रोटीन और लिगैंड के बीच एक मजबूत अंतःक्रिया को इंगित करता है, जिसका अर्थ है कि प्रोटीन का लिगैंड के लिए एक उच्च आत्मीयता है। इसके विपरीत, एक उच्च के. डी. मान लिगैंड के लिए एक कमजोर अंतःक्रिया और कम आत्मीयता को इंगित करता है।

संक्षेप में, के. डी. मान एक प्रोटीन और उसके लिगैंड के बीच बातचीत की ताकत को समझने के लिए एक महत्वपूर्ण मापदंड है, जिसमें कम के. डी. मान मजबूत बातचीत और उच्च आत्मीयता का संकेत देते हैं।"
Address the biology problem provided:,एक रिसेप्टर-लिगैंड कॉम्प्लेक्स का पृथक्करण स्थिरांक (केडी) क्या है जिसमें 8x106 एम−1 की बाध्यकारी आत्मीयता (केए) और 2x10−6 एम की सांद्रता है?,"रिसेप्टर-लिगैंड कॉम्प्लेक्स का पृथक्करण स्थिरांक (के. डी.) बाइंडिंग एफ़िनिटी (के. ए.) का व्युत्क्रम है। के. डी. को खोजने के लिए, आप निम्नलिखित सूत्र का उपयोग कर सकते हैंः

के. डी. = 1/के. ए.

8x106 एम−1 की बाध्यकारी आत्मीयता (के. ए.) को देखते हुए, आप निम्नानुसार के. डी. की गणना कर सकते हैंः

के. डी. = 1/(8x106 एम.-1)
के. डी. = 1/8x106
के. डी. = 1.25x10-7 एम.

तो, रिसेप्टर-लिगैंड कॉम्प्लेक्स का पृथक्करण स्थिरांक (केडी) 1.25x10 −7 एम है।"
प्रदान किए गए जीव विज्ञान के प्रश्न का उत्तर दें:,पौधों में फोटोट्रोपिज्म (प्रकाश की प्रतिक्रिया में वृद्धि) को नियंत्रित करने में पादप हार्मोन ऑक्सिन की विशिष्ट भूमिका क्या है?,"पौधों में फोटोट्रोपिज्म को नियंत्रित करने में पादप हार्मोन ऑक्सिन की विशिष्ट भूमिका प्रकाश की प्रतिक्रिया में पादप कोशिकाओं के विभेदक विकास को नियंत्रित करना है, जो अंततः प्रकाश स्रोत की ओर पौधे के झुकने या वक्रता की ओर ले जाता है।

जब प्रकाश किसी पौधे पर चमकता है, तो यह फोटोरिसेप्टरों द्वारा महसूस किया जाता है, मुख्य रूप से फोटोट्रॉपिन नामक नीले-प्रकाश फोटोरिसेप्टर। प्रकाश के संपर्क में आने पर, फोटोट्रॉपिन एक संकेत कैस्केड को ट्रिगर करता है जो पौधे के ऊतक के भीतर ऑक्सिन के पुनर्वितरण की ओर ले जाता है।

ऑक्सिन पौधे के प्रकाशित पक्ष से छायांकित पक्ष की ओर जाता है, जिससे एक सांद्रता प्रवणता बनती है। ऑक्सिन के इस अंतर वितरण के कारण छायांकित पक्ष की कोशिकाएं प्रकाशित पक्ष की कोशिकाओं की तुलना में अधिक लंबी हो जाती हैं। नतीजतन, पौधा प्रकाश स्रोत की ओर झुकता है, जिससे यह प्रकाश संश्लेषण के लिए प्रकाश अवशोषण को अधिकतम कर सकता है।

संक्षेप में, ऑक्सिन प्रकाश की प्रतिक्रिया में पौधों की कोशिकाओं के विभेदक विकास को नियंत्रित करके प्रकाशप्रपात में महत्वपूर्ण भूमिका निभाता है, जिससे पौधा कुशल प्रकाश संश्लेषण के लिए प्रकाश के संपर्क में आने के लिए सक्षम हो जाता है।"
Solve the biology question presented:,एक विशेष पौधे की प्रजाति में मौजूद विशिष्ट रासायनिक यौगिक क्या हैं जो शाकाहार के खिलाफ रक्षा और परागणकों के लिए संकेत के लिए माध्यमिक चयापचय के रूप में कार्य करते हैं?,"एक विशेष पौधे की प्रजाति में मौजूद विशिष्ट रासायनिक यौगिकों की पहचान करने के लिए जो शाकाहारी के खिलाफ रक्षा और परागणकों के लिए संकेत के लिए माध्यमिक चयापचय के रूप में कार्य करते हैं, हमें पहले विचाराधीन पौधे की प्रजातियों को जानने की आवश्यकता है। विभिन्न पौधों की प्रजातियाँ विभिन्न द्वितीयक चयापचय का उत्पादन करती हैं, जिनमें एल्कलॉइड्स, टेरपेनोइड्स, फेनोलिक्स और अन्य यौगिक शामिल हो सकते हैं।

उदाहरण के लिए, आम मिल्कवीड (एस्क्लेपियास सिरियाक) के मामले में, पौधा कार्डेनोलाइड्स नामक द्वितीयक चयापचय का उत्पादन करता है, जो कई शाकाहारी जीवों के लिए विषाक्त होते हैं। ये यौगिक कीटों और अन्य जानवरों द्वारा भोजन करने से रोकते हैं। इसके अतिरिक्त, मिल्कवीड के फूल विभिन्न प्रकार के अस्थिर कार्बनिक यौगिकों (वी. ओ. सी.) का उत्पादन करते हैं जो मधुमक्खियों और तितलियों जैसे परागणकों को आकर्षित करते हैं।

एक बार जब आप विशिष्ट पादप प्रजातियों को प्रदान करते हैं, तो मैं आपको उन द्वितीयक चयापचय की पहचान करने में मदद कर सकता हूं जो उस विशेष प्रजाति में परागणकों के लिए रक्षा तंत्र और संकेत के रूप में काम करते हैं।"
Diye gaye jeev vigyan ke prashn ka samadhan pradan karein:,पादप प्रजातियों XYZ के इन विट्रो प्रसार के लिए ऑक्सिन और साइटोकिनिन की इष्टतम सांद्रता क्या है?,"एक जीवविज्ञानी के रूप में, मैं ऑक्सिन और साइटोकिनिन के बारे में सामान्य जानकारी प्रदान कर सकता हूं, लेकिन एक विशिष्ट पादप प्रजाति (XYZ) के लिए इष्टतम सांद्रता निर्धारित करने के लिए प्रयोगात्मक डेटा और उस प्रजाति के जीव विज्ञान की पूरी समझ की आवश्यकता होगी।

ऑक्सिन और साइटोकिनिन पौधों के हार्मोन हैं जो पौधों के विकास और विकास में महत्वपूर्ण भूमिका निभाते हैं। इन विट्रो प्रसार में, उनका उपयोग अक्सर कोशिका विभाजन, विस्तार और विभेदन को उत्तेजित करने के लिए किया जाता है। इन हार्मोनों की इष्टतम सांद्रता पौधों की प्रजातियों, ऊतकों के प्रकार और वांछित परिणाम के आधार पर बहुत भिन्न हो सकती है।

पादप प्रजातियों XYZ के लिए इष्टतम सांद्रता निर्धारित करने के लिए, आपको प्रयोगों की एक श्रृंखला आयोजित करने की आवश्यकता होगी। इन प्रयोगों में ऑक्सिन और साइटोकिनिन की विभिन्न सांद्रता वाले मीडिया में पौधों के ऊतकों को संवर्धित करना और समय के साथ ऊतकों के विकास और विकास का निरीक्षण करना शामिल होगा। परिणामों की तुलना करके, आप उन सांद्रताओं की पहचान कर सकते हैं जो आपकी विशिष्ट पादप प्रजातियों के लिए सर्वोत्तम परिणाम देती हैं।

इसके अतिरिक्त, आप यह देखने के लिए वैज्ञानिक साहित्य से परामर्श करना चाह सकते हैं कि क्या पादप प्रजातियों XYZ के इन विट्रो प्रसार पर कोई अध्ययन किया गया है। ये अध्ययन इस प्रजाति के लिए इष्टतम हार्मोन सांद्रता पर मूल्यवान जानकारी प्रदान कर सकते हैं।"
Solve the biology question presented:,प्रजाति अरबीडोप्सिस थालियाना में अंकुर विकास को बढ़ावा देने के लिए ऊतक संवर्धन में उपयोग करने के लिए सबसे प्रभावी पादप विकास नियामक और एकाग्रता क्या है?,"ऊतक संवर्धन में अरबीडोप्सिस थालियाना में अंकुर वृद्धि को बढ़ावा देने के लिए सबसे प्रभावी पादप विकास नियामक साइटोकिनिन और ऑक्सिन का संयोजन है। विशेष रूप से, साइटोकिनिन 6-बेंजाइलामिनोपुरिन (6-बीएपी) और ऑक्सिन इंडोल-3-एसिटिक एसिड (आईएए) का आमतौर पर उपयोग किया जाता है।

इन विकास नियामकों की इष्टतम सांद्रता विशिष्ट प्रयोगात्मक स्थितियों और वांछित परिणाम के आधार पर भिन्न हो सकती है। हालांकि, अरबीडोप्सिस थालियाना में अंकुर वृद्धि को बढ़ावा देने के लिए एक सामान्य दिशानिर्देश कल्चर माध्यम में 6-बीएपी के 0.5 से 1 मिलीग्राम/एल और आई. ए. ए. के 0.01 से 0.1 मिलीग्राम/एल की सांद्रता का उपयोग करना है।

यह ध्यान रखना महत्वपूर्ण है कि विकास नियामकों की इष्टतम सांद्रता को उपयोग किए जा रहे अरबीडोप्सिस थालियाना के विशिष्ट जीनोटाइप के साथ-साथ अन्य कारकों जैसे संस्कृति माध्यम की संरचना के आधार पर समायोजित करने की आवश्यकता हो सकती है। ऊतक संवर्धन कक्ष में पर्यावरणीय स्थितियाँ। विशिष्ट प्रयोगात्मक व्यवस्था के लिए विकास नियामकों की इष्टतम सांद्रता निर्धारित करने के लिए प्रारंभिक प्रयोगों की एक श्रृंखला करने की सिफारिश की जाती है।"
Solve the biology question presented:,वैश्विक फसल उत्पादन का कितना प्रतिशत कीट परागण पर निर्भर है और कीट परागणकों के नुकसान का खाद्य सुरक्षा पर क्या प्रभाव पड़ेगा?,"वैश्विक फसल प्रजातियों में से लगभग 75 प्रतिशत पशु परागण पर निर्भर हैं, जिसमें कीट प्राथमिक परागणकर्ता हैं। आर्थिक मूल्य के संदर्भ में, कीट परागण वैश्विक फसल उत्पादन में लगभग 35 प्रतिशत का योगदान देता है।

कीट परागणकों के नुकसान का खाद्य सुरक्षा पर महत्वपूर्ण प्रभाव पड़ेगा। इससे फसल की पैदावार में कमी आएगी और कृषि उत्पादकता में कमी आएगी, जिसके परिणामस्वरूप खाद्य पदार्थों की कीमतें बढ़ेंगी और कुछ खाद्य पदार्थों की सीमित उपलब्धता होगी। यह विशेष रूप से फलों, सब्जियों, मेवों और बीजों के उत्पादन को प्रभावित करेगा, जो एक स्वस्थ और संतुलित आहार के आवश्यक घटक हैं। नतीजतन, कीट परागणकों का नुकसान कुपोषण और संबंधित स्वास्थ्य मुद्दों को बढ़ा सकता है, विशेष रूप से विकासशील देशों में जहां खाद्य सुरक्षा पहले से ही एक प्रमुख चिंता का विषय है।

इसके अतिरिक्त, कीट परागणकों में गिरावट का पारिस्थितिकी तंत्र और जैव विविधता पर व्यापक प्रभाव पड़ सकता है, क्योंकि वे कई जंगली पौधों की प्रजातियों के प्रजनन में महत्वपूर्ण भूमिका निभाते हैं। यह पौधों की आबादी में गिरावट और अन्य प्रजातियों के लिए आवासों के नुकसान का कारण बन सकता है, जिससे पारिस्थितिकी तंत्र और उनके कार्य और बाधित हो सकते हैं।"
प्रस्तुत किए गए जीव विज्ञान के प्रश्न को हल करें:,न्यूनतम पोस्टमॉर्टम अंतराल (पीएमआई) क्या है जिसका अनुमान समशीतोष्ण क्षेत्र में मानव शव पर पाए जाने वाले ब्लोफ्लाई लार्वा की मदद से लगाया जा सकता है?,"न्यूनतम पोस्टमॉर्टम अंतराल (पीएमआई) जिसका अनुमान एक समशीतोष्ण क्षेत्र में मानव शव पर पाए जाने वाले ब्लोफ्लाई लार्वा की मदद से लगाया जा सकता है, आमतौर पर लगभग 24 घंटे का होता है। मक्खियाँ एक मृत शरीर को उपनिवेशित करने वाले पहले कीड़ों में से हैं, और वे आमतौर पर मृत्यु के कुछ घंटों के भीतर अपने अंडे देती हैं। हालांकि, तापमान, आर्द्रता और शरीर की पहुंच जैसे कारक ब्लॉफ्लाई लार्वा के उपनिवेशीकरण के समय और विकास दर को प्रभावित कर सकते हैं। इसलिए, ब्लोफ्लाई लार्वा के आधार पर पीएमआई अनुमान को एक मोटे अनुमान के रूप में माना जाना चाहिए और अधिक सटीक परिणामों के लिए अन्य तरीकों के साथ जोड़ा जाना चाहिए।"
Address the biology problem provided:,मानव शव पर पाए जाने वाले कैलीफ़ोरिडे परिवार के लार्वा के विकास के लिए न्यूनतम समय क्या है और इस जानकारी का उपयोग फोरेंसिक जांच में कैसे किया जा सकता है?,"कैलीफ़ोरिडे परिवार के लार्वा के विकास के लिए आवश्यक न्यूनतम समय, जिसे ब्लोफ्लाइज के रूप में भी जाना जाता है, प्रजातियों और तापमान और आर्द्रता जैसे पर्यावरणीय कारकों के आधार पर भिन्न होता है। आम तौर पर, अंडे से वयस्क तक के विकास में 10 से 25 दिनों तक का समय लग सकता है।

फोरेंसिक जांच में, इस जानकारी का उपयोग पोस्टमॉर्टम अंतराल (पीएमआई) का अनुमान लगाने के लिए किया जा सकता है, जो किसी व्यक्ति की मृत्यु के बाद से बीत गया समय है। कीटविज्ञानी मानव शव पर पाए जाने वाले मक्खी लार्वा के जीवन चरणों की जांच कर सकते हैं और मृत्यु के बाद से न्यूनतम समय का अनुमान लगाने के लिए प्रजाति की विकास दर के बारे में अपने ज्ञान का उपयोग कर सकते हैं। यह विधि, जिसे फोरेंसिक कीट विज्ञान के रूप में जाना जाता है, जांचकर्ताओं को मूल्यवान जानकारी प्रदान कर सकती है, विशेष रूप से जब मृत्यु के समय को निर्धारित करने के अन्य तरीके कम सटीक होते हैं या लागू नहीं होते हैं। पीएमआई का अधिक सटीक अनुमान प्रदान करने के लिए तापमान, मौसम की स्थिति और भौगोलिक स्थिति जैसे कारकों को ध्यान में रखा जाता है।"
प्रस्तुत किए गए जीव विज्ञान के प्रश्न को हल करें:,कृषि स्थितियों में एफिड की आबादी को नियंत्रित करने में लेडीबग कितने प्रभावी हैं?,"लेडीबग्स, जिन्हें लेडीबर्ड बीटल के रूप में भी जाना जाता है, को कृषि सेटिंग्स में एफिड आबादी के प्रबंधन के लिए अत्यधिक प्रभावी जैविक नियंत्रण एजेंट माना जाता है। वयस्क लेडीबग और उनके लार्वा दोनों एफिड के भारी शिकारी हैं, एक एकल लेडीबग प्रति दिन 50 एफिड का सेवन करने में सक्षम है।

कृषि स्थितियों में, लेडीबग एफिड की आबादी को काफी कम कर सकते हैं, जो बदले में इन कीटों के कारण होने वाले नुकसान से फसलों की रक्षा करने में मदद करता है। एफिड को नियंत्रित करने में लेडीबग की प्रभावशीलता कई कारकों पर निर्भर करती है, जिसमें एफिड आबादी का घनत्व, लेडीबग के लिए वैकल्पिक खाद्य स्रोतों की उपलब्धता और पर्यावरणीय स्थितियां शामिल हैं।

हालांकि, यह ध्यान रखना महत्वपूर्ण है कि लेडीबग अपने दम पर एफिड आबादी को पूरी तरह से समाप्त करने में सक्षम नहीं हो सकते हैं। कुछ मामलों में, इष्टतम एफिड नियंत्रण प्राप्त करने के लिए अतिरिक्त एकीकृत कीट प्रबंधन रणनीतियाँ, जैसे कि अन्य लाभकारी कीटों, सांस्कृतिक प्रथाओं या रासायनिक नियंत्रणों का उपयोग आवश्यक हो सकता है।

कुल मिलाकर, लेडीबग कृषि सेटिंग्स में एफिड आबादी के प्रबंधन के लिए एक मूल्यवान और पर्यावरण के अनुकूल उपकरण हैं, लेकिन उनकी प्रभावशीलता प्रत्येक स्थिति की विशिष्ट स्थितियों के आधार पर भिन्न हो सकती है।"
Solve the biology question presented:,"लेडीबग्स में लाल रंग के लिए जिम्मेदार विशिष्ट जीन क्या है, और विभिन्न प्रजातियों में इसकी अभिव्यक्ति कैसे भिन्न होती है?","लेडीबग्स में लाल रंग के लिए जिम्मेदार विशिष्ट जीन की अभी तक निश्चित रूप से पहचान नहीं की गई है। हालांकि, शोध से पता चलता है कि वर्णक कैरोटीनॉइड की उपस्थिति के कारण होने की संभावना है, जो कई पौधों और जानवरों में पाए जाने वाले कार्बनिक वर्णक हैं। लेडीबग्स में, ये कैरोटीनॉइड्स अपने एलिट्रा (पंखों के आवरण) के लाल, नारंगी और पीले रंग के लिए जिम्मेदार होते हैं।

लेडीबग्स में कैरोटीनॉइड पिग्मेंटेशन की अभिव्यक्ति विभिन्न प्रजातियों में और यहां तक कि एक ही प्रजाति के भीतर भी भिन्न हो सकती है। यह भिन्नता कैरोटीनॉइड संश्लेषण जीन के विनियमन में अंतर और अन्य वर्णकों की उपस्थिति के कारण होने की संभावना है जो अंतिम रंग को प्रभावित कर सकते हैं। पर्यावरणीय कारक, जैसे कि आहार और तापमान, लेडीबग्स में कैरोटीनॉइड पिग्मेंटेशन की अभिव्यक्ति में भी भूमिका निभा सकते हैं।

लेडीबग्स में कैरोटीनॉइड संश्लेषण और विनियमन में शामिल विशिष्ट जीन की पहचान करने और यह समझने के लिए कि ये जीन विभिन्न प्रजातियों में देखे गए रंग में भिन्नता में कैसे योगदान करते हैं, आगे के शोध की आवश्यकता है।"
Respond to the provided biology question:,"एंजाइम कैटालेस और हाइड्रोजन पेरोक्साइड के बीच प्रतिक्रिया के लिए दर स्थिरांक (के) क्या है, और तापमान के के मूल्य को कैसे प्रभावित करता है?","एंजाइम कैटालेज और हाइड्रोजन पेरोक्साइड के बीच प्रतिक्रिया के लिए दर स्थिरांक (के) प्रयोगात्मक स्थितियों, जैसे तापमान, पीएच और एंजाइम सांद्रता के आधार पर भिन्न होता है। इसलिए, इन शर्तों को जाने बिना k के लिए एक विशिष्ट मूल्य प्रदान करना मुश्किल है।

हालाँकि, यह सर्वविदित है कि तापमान k के मूल्य को प्रभावित करता है। जैसे-जैसे तापमान बढ़ता है, दर स्थिरांक (k) भी आमतौर पर बढ़ता है। ऐसा इसलिए है क्योंकि उच्च तापमान से आणविक गति में वृद्धि होती है और एंजाइम और सब्सट्रेट अणुओं के बीच सफल टकराव की अधिक संभावना होती है। हालांकि, एंजाइम गतिविधि के लिए एक इष्टतम तापमान सीमा है, और यदि तापमान बहुत अधिक हो जाता है, तो एंजाइम विकृत हो सकता है और अपनी उत्प्रेरक क्षमता खो सकता है, जिससे दर स्थिरांक (के) में कमी आ सकती है।

उत्प्रेरक के लिए, इष्टतम तापमान सीमा आमतौर पर 30 डिग्री सेल्सियस और 40 डिग्री सेल्सियस के बीच होती है, जिसमें उच्चतम गतिविधि 37 डिग्री सेल्सियस के आसपास देखी जाती है, जो कई जीवों के लिए सामान्य शरीर का तापमान है। इस इष्टतम सीमा से परे, दर स्थिरांक (के) कम हो जाएगा क्योंकि एंजाइम कम प्रभावी या विकृत हो जाता है।"
दिए गए जीव विज्ञान के प्रश्न का समाधान प्रदान करें:,कोशिका विभाजन का कौन सा चरण दो डॉटर कोशिकाओं में प्रतिकृति गुणसूत्रों के पृथक्करण के लिए जिम्मेदार है?,"प्रतिकृति गुणसूत्रों को दो डॉटर कोशिकाओं में अलग करने के लिए जिम्मेदार कोशिका विभाजन के चरण को एनाफ़ेज़ कहा जाता है। यह यूकेरियोटिक कोशिकाओं में माइटोसिस के दौरान होता है, जहां बहन क्रोमैटिड्स को अलग किया जाता है और कोशिका के विपरीत ध्रुवों में चला जाता है, यह सुनिश्चित करते हुए कि प्रत्येक बेटी कोशिका गुणसूत्रों का एक पूरा सेट प्राप्त करती है।"
प्रदान किए गए जीव विज्ञान के प्रश्न का उत्तर दें:,संकुचन के दौरान एक मांसपेशी द्वारा उत्पन्न बल उसके क्रॉस-सेक्शनल क्षेत्र से कैसे संबंधित है?,"संकुचन के दौरान एक मांसपेशियों द्वारा उत्पन्न बल उसके क्रॉस-सेक्शनल क्षेत्र के सीधे आनुपातिक होता है। इस संबंध को मांसपेशियों के शरीर विज्ञान में ""आकार सिद्धांत"" या ""बल-लंबाई संबंध"" के रूप में जाना जाता है।

एक मांसपेशियों का क्रॉस-सेक्शनल क्षेत्र मांसपेशियों के तंतुओं के क्षेत्र को संदर्भित करता है जब एक क्रॉस-सेक्शन में देखा जाता है, जो उनकी लंबाई के लंबवत होता है। एक बड़ा क्रॉस-सेक्शनल क्षेत्र मांसपेशियों के तंतुओं की अधिक संख्या को इंगित करता है, जो बदले में संकुचन के दौरान अधिक बल उत्पन्न कर सकते हैं। ऐसा इसलिए है क्योंकि एक मांसपेशियों द्वारा उत्पन्न बल मुख्य रूप से मांसपेशियों के तंतुओं की संख्या से निर्धारित होता है जो एक साथ सिकुड़ रहे होते हैं, और उनकी व्यक्तिगत बल-उत्पन्न करने की क्षमता।

सामान्य तौर पर, एक बड़े क्रॉस-सेक्शनल क्षेत्र के साथ एक मांसपेशी एक छोटे क्रॉस-सेक्शनल क्षेत्र के साथ एक मांसपेशी की तुलना में अधिक बल उत्पन्न करने में सक्षम होगी, यह मानते हुए कि अन्य सभी कारक समान हैं (जैसे कि मांसपेशी फाइबर प्रकार, लंबाई और सक्रियण)। यह संबंध मांसपेशियों के कार्य और ताकत को समझने के साथ-साथ प्रभावी व्यायाम और पुनर्वास कार्यक्रमों को तैयार करने के लिए महत्वपूर्ण है।"
दिए गए जीव विज्ञान के प्रश्न का समाधान प्रस्तुत करें:Pradan kiye gaye jeev vigyan ke prashn ka uttar dein:,"गुर्दे के निकटवर्ती नलिका में ग्लूकोज, अमीनो एसिड और छोटे प्रोटीन के पुनः अवशोषण के लिए कौन सा विशिष्ट परिवहन तंत्र जिम्मेदार है?","गुर्दे के निकटवर्ती नलिका में ग्लूकोज, अमीनो एसिड और छोटे प्रोटीन के पुनः अवशोषण के लिए जिम्मेदार विशिष्ट परिवहन तंत्र को माध्यमिक सक्रिय परिवहन कहा जाता है, जिसमें सोडियम-निर्भर परिवहनकों का उपयोग शामिल है। ग्लूकोज के लिए, सोडियम-ग्लूकोज कोट्रांसपोर्टर (एस. जी. एल. टी.) जिम्मेदार है, जबकि अमीनो एसिड के लिए, सोडियम-निर्भर अमीनो एसिड ट्रांसपोर्टर शामिल हैं। छोटे प्रोटीनों को एंडोसाइटोसिस के माध्यम से फिर से अवशोषित किया जाता है और फिर समीपस्थ नलिका की कोशिकाओं के भीतर अमीनो एसिड में विघटित किया जाता है।"
प्रस्तुत किए गए जीव विज्ञान के प्रश्न को हल करें:,"पक्षियों में शरीर के वजन और चयापचय दर के बीच संबंध के एक अध्ययन में, आंकड़ों ने एक महत्वपूर्ण सकारात्मक सहसंबंध दिखाया (r = 0.60, p <0.05)। प्रतिगमन विश्लेषण का उपयोग करके, 50 ग्राम के शरीर के वजन वाले पक्षी की चयापचय दर का अनुमान लगाएं।","प्रतिगमन विश्लेषण का उपयोग करके 50 ग्राम के शरीर के वजन वाले पक्षी की चयापचय दर का अनुमान लगाने के लिए, हमें पहले प्रतिगमन रेखा के समीकरण को जानने की आवश्यकता है। प्रतिगमन रेखा का समीकरण आमतौर पर इस रूप में लिखा जाता हैः

y = mx + b

जहाँ y आश्रित चर (चयापचय दर) है, x स्वतंत्र चर (शरीर का वजन) है, m रेखा का ढलान है, और b y-अवरोधन है।

दुर्भाग्य से, प्रदान की गई जानकारी (सहसंबंध गुणांक r = 0.60 और p <0.05) प्रतिगमन रेखा के समीकरण को निर्धारित करने के लिए पर्याप्त नहीं है। हमें अतिरिक्त जानकारी की आवश्यकता है, जैसे कि रेखा का ढलान (एम) और वाई-अवरोधन (बी), या दोनों चर (शरीर का वजन और चयापचय दर) के साधन और मानक विचलन।

यदि आप यह अतिरिक्त जानकारी प्रदान कर सकते हैं, तो हम 50 ग्राम के शरीर के वजन वाले पक्षी की चयापचय दर का अनुमान लगाने के लिए प्रतिगमन समीकरण का उपयोग कर सकते हैं।"
Solve the biology question presented:,बॉडी मास इंडेक्स (बीएमआई) और किसी विशेष आबादी में व्यक्तियों के रक्तचाप के बीच क्या संबंध है?,"किसी विशेष आबादी में बॉडी मास इंडेक्स (बीएमआई) और रक्तचाप के बीच संबंध निर्धारित करने के लिए, आपको एक अध्ययन करने की आवश्यकता होगी जो बीएमआई और रक्तचाप दोनों पर डेटा एकत्र करता है। जनसंख्या। एक बार डेटा एकत्र होने के बाद, आप सहसंबंध गुणांक की गणना करने के लिए सांख्यिकीय विश्लेषण का उपयोग कर सकते हैं, जो बीएमआई और रक्तचाप के बीच संबंध की ताकत और दिशा का एक माप प्रदान करेगा।

सामान्य तौर पर, पिछले अध्ययनों से पता चला है कि बीएमआई और रक्तचाप के बीच एक सकारात्मक संबंध है, जिसका अर्थ है कि जैसे-जैसे बीएमआई बढ़ता है, रक्तचाप भी बढ़ता है। ऐसा माना जाता है कि यह संबंध कई कारकों के कारण है, जिसमें वसा ऊतक में वृद्धि शामिल है, जिससे हार्मोन और सूजन वाले मार्करों के उत्पादन में वृद्धि होती है जो रक्तचाप को बढ़ा सकते हैं, साथ ही साथ हृदय प्रणाली पर तनाव भी बढ़ जाता है। अधिक वजन उठाने के कारण। सामान्य तौर पर, पिछले अध्ययनों से पता चला है कि बीएमआई और रक्तचाप के बीच एक सकारात्मक संबंध है, जिसका अर्थ है कि जैसे-जैसे बीएमआई बढ़ता है, रक्तचाप भी बढ़ता है।

हालांकि, यह ध्यान रखना महत्वपूर्ण है कि बीएमआई और रक्तचाप के बीच सहसंबंध की ताकत और दिशा अध्ययन की जा रही विशिष्ट आबादी के साथ-साथ उम्र, लिंग और जातीयता जैसे कारकों के आधार पर भिन्न हो सकती है। इसलिए, एक विशेष आबादी में सहसंबंध निर्धारित करने के लिए, एक लक्षित अध्ययन आयोजित करने की आवश्यकता होगी।"
Provide an answer to the given biology query:,"एक शोधकर्ता यह निर्धारित करना चाहता है कि क्या कोई नई दवा किसी निश्चित चिकित्सा स्थिति के इलाज में प्रभावी है। शून्य परिकल्पना यह है कि दवा का कोई प्रभाव नहीं है, जबकि वैकल्पिक परिकल्पना यह है कि दवा प्रभावी है। शोधकर्ता ने 100 प्रतिभागियों के साथ एक यादृच्छिक नियंत्रित परीक्षण करने की योजना बनाई है, जिसमें आधे को दवा प्राप्त होती है और आधे को प्लेसबो प्राप्त होता है। परिणाम उपाय लक्षणों में कमी है। यह निर्धारित करने के लिए कि दवा प्रभावी है या नहीं, शोधकर्ता को किस सांख्यिकीय परीक्षण का उपयोग करना चाहिए?","शोधकर्ता को यह निर्धारित करने के लिए एक स्वतंत्र नमूने टी-परीक्षण का उपयोग करना चाहिए कि क्या दवा प्रभावी है। यह सांख्यिकीय परीक्षण उपयुक्त है क्योंकि यह दो स्वतंत्र समूहों (दवा प्राप्त करने वाले समूह और प्लेसबो प्राप्त करने वाले समूह) के साधनों की तुलना यह निर्धारित करने के लिए करता है कि परिणाम के संदर्भ में उनके बीच कोई महत्वपूर्ण अंतर है या नहीं। माप (लक्षणों में कमी)। शोधकर्ता को यह निर्धारित करने के लिए एक स्वतंत्र नमूने टी-परीक्षण का उपयोग करना चाहिए कि क्या दवा प्रभावी है। टी-परीक्षण शोधकर्ता को नल परिकल्पना को अस्वीकार करने या अस्वीकार करने में विफल रहने में मदद करेगा, जिससे दवा की प्रभावशीलता के लिए प्रमाण प्रदान होगा।"
प्रस्तुत किए गए जीव विज्ञान के प्रश्न को हल करें:,"50 प्रतिभागियों के नमूना आकार और 95 प्रतिशत के आत्मविश्वास स्तर को देखते हुए, इस बात की क्या संभावना है कि एक निश्चित दवा उच्च रक्तचाप वाले रोगियों के रक्तचाप को काफी कम कर देगी?","इस संभावना को निर्धारित करने के लिए कि एक निश्चित दवा उच्च रक्तचाप वाले रोगियों के रक्तचाप को काफी कम कर देगी, हमें एक नैदानिक परीक्षण करने और परिणामों का विश्लेषण करने की आवश्यकता है। 50 प्रतिभागियों का नमूना आकार और 95 प्रतिशत का आत्मविश्वास स्तर इस विश्लेषण में महत्वपूर्ण कारक हैं, लेकिन वे सीधे संभावना की गणना करने के लिए पर्याप्त जानकारी प्रदान नहीं करते हैं।

यहाँ आपको क्या करने की आवश्यकता होगीः

1. 50 प्रतिभागियों के साथ एक नैदानिक परीक्षण आयोजित करें, प्रयोगात्मक समूह को दवा और नियंत्रण समूह को एक प्लेसबो दें।
2. परीक्षण से पहले और बाद में सभी प्रतिभागियों के रक्तचाप को मापें।
3. यह निर्धारित करने के लिए डेटा का विश्लेषण करें कि क्या प्रयोगात्मक समूह और नियंत्रण समूह के बीच रक्तचाप में कमी में सांख्यिकीय रूप से महत्वपूर्ण अंतर है।

यदि परिणाम 95 प्रतिशत आत्मविश्वास स्तर पर सांख्यिकीय रूप से महत्वपूर्ण अंतर दिखाते हैं, तो इसका मतलब है कि 95 प्रतिशत संभावना है कि रक्तचाप में कमी में देखा गया अंतर संयोग के कारण नहीं है, और दवा रक्त को कम करने में प्रभावी है। उच्च रक्तचाप वाले रोगियों में दबाव।

हालांकि, नैदानिक परीक्षण से वास्तविक डेटा के बिना, एक विशिष्ट संभावना मूल्य प्रदान करना संभव नहीं है।"
Diye gaye jeev vigyan ke prashn ka samadhan prastut karein:,0. 0 की शक्ति और 0.05 के महत्व स्तर के साथ एक जैविक प्रयोग में दो समूहों के बीच जैविक रूप से महत्वपूर्ण अंतर का पता लगाने के लिए किस नमूने के आकार की आवश्यकता होती है?,"0. 0 की शक्ति और 0.05 के महत्व स्तर के साथ एक जैविक प्रयोग में दो समूहों के बीच जैविक रूप से महत्वपूर्ण अंतर का पता लगाने के लिए आवश्यक नमूने के आकार को निर्धारित करने के लिए, हमें प्रभाव के आकार पर विचार करने की आवश्यकता है, जो प्रभाव का परिमाण है। उन समूहों के बीच अंतर जिनका आप पता लगाना चाहते हैं।

नमूना आकार की गणना करने के लिए, आप निम्नलिखित सूत्र का उपयोग कर सकते हैंः

n = (Zα/2 + Zβ) ^ 2 * (σ1 ^ 2 + σ2 ^ 2)/(μ1-μ2) ^ 2

कहाँः
- एन प्रति समूह नमूना आकार है
- Zα/2 वांछित महत्व स्तर (0.05) के लिए महत्वपूर्ण मूल्य है, जो दो-पूंछ वाले परीक्षण के लिए 1.96 है।
- Zβ वांछित शक्ति (0.8) के लिए महत्वपूर्ण मान है, जो 0.842 है।
- σ1 और σ2 दोनों समूहों के मानक विचलन हैं।
- एम. यू. 1 और एम. यू. 2 दो समूहों के साधन हैं।

हालांकि, प्रभाव के आकार, मानक विचलन और दोनों समूहों के साधनों को जाने बिना, एक विशिष्ट नमूना आकार प्रदान करना असंभव है। यह जानकारी मिलने के बाद आप नमूना आकार निर्धारित करने के लिए सांख्यिकीय सॉफ्टवेयर या ऑनलाइन कैलकुलेटर का उपयोग कर सकते हैं।"
Respond to the provided biology question:,"जीव विज्ञान का एक छात्र दो अलग-अलग प्रकार के बैक्टीरिया की वृद्धि दर की तुलना करने के लिए एक प्रयोग की योजना बना रहा है। वे 0.05 के अल्फा स्तर के साथ 0.8 की शक्ति के लिए आवश्यक न्यूनतम नमूना आकार निर्धारित करना चाहते हैं, ताकि दोनों बैक्टीरिया के बीच 10 प्रतिशत या उससे अधिक की वृद्धि दर में अंतर का पता लगाया जा सके। इस प्रयोग के लिए आवश्यक न्यूनतम नमूना आकार क्या होगा?","इस प्रयोग के लिए आवश्यक न्यूनतम नमूना आकार निर्धारित करने के लिए, हम परिकल्पना परीक्षण में नमूना आकार की गणना के लिए सूत्र का उपयोग कर सकते हैंः

n = (Zα/2 + Zβ) ^ 2 * (σ1 ^ 2 + σ2 ^ 2)/(μ1-μ2) ^ 2

कहाँः
एन = प्रति समूह नमूना आकार
Zα/2 = वांछित अल्फा स्तर (0.05) और दो-पूंछ परीक्षण (1.96) के अनुरूप Z-स्कोर
Zβ = Z-स्कोर वांछित शक्ति के अनुरूप (0.8) (0.84)
σ1 ^ 2 और σ2 ^ 2 = दोनों समूहों के विचलन
एम. यू. 1 और एम. यू. 2 = दोनों समूहों के साधन

हालाँकि, हमें नमूने के आकार की गणना करने के लिए दो जीवाणु वृद्धि दरों के विचलन (σ1 ^ 2 और σ2 ^ 2) और साधन (μ1 और μ2) के बारे में अधिक जानकारी की आवश्यकता है। यदि आप यह जानकारी प्रदान कर सकते हैं, तो हम प्रयोग के लिए आवश्यक न्यूनतम नमूना आकार निर्धारित करने में आपकी मदद कर सकते हैं।"
दिए गए जीव विज्ञान के प्रश्न का समाधान प्रदान करें:,"रक्तचाप पर एक नई दवा के प्रभाव की जांच करने वाले अध्ययन में किस नमूने के आकार का उपयोग किया जाना चाहिए, 80 प्रतिशत की शक्ति और 0.05 के महत्व स्तर के साथ, 0.5 के मध्यम प्रभाव आकार को मानते हुए?","80 प्रतिशत (0.80) की शक्ति, 0.05 के महत्व स्तर और 0.5 के मध्यम प्रभाव आकार के साथ अध्ययन के लिए नमूना आकार निर्धारित करने के लिए, हम शक्ति विश्लेषण विधि का उपयोग कर सकते हैं। शक्ति विश्लेषण के लिए सबसे आम विधि कोहेन की विधि है।

कोहेन की विधि में वांछित शक्ति, महत्व स्तर और प्रभाव आकार के आधार पर आवश्यक नमूना आकार का पता लगाने के लिए एक तालिका या कैलकुलेटर का उपयोग करना शामिल है। इस मामले में, हम 0.80 की शक्ति, 0.05 के महत्व स्तर और 0.5 के मध्यम प्रभाव आकार (कोहेन का डी) की तलाश कर रहे हैं।

एक शक्ति विश्लेषण कैलकुलेटर या टेबल (जैसे जी * पावर या एक ऑनलाइन कैलकुलेटर) का उपयोग करके, हम दो-समूह अध्ययन डिजाइन (जैसे, उपचार और नियंत्रण समूह) में प्रत्येक समूह के लिए आवश्यक नमूना आकार पा सकते हैं।

0. 0 की शक्ति के साथ दो-नमूना टी-परीक्षण, 0.05 के महत्व स्तर और 0.5 के मध्यम प्रभाव आकार के लिए, प्रत्येक समूह के लिए आवश्यक नमूना आकार लगभग 64 है।

इसलिए, 80 प्रतिशत की शक्ति और 0.05 के महत्व स्तर को प्राप्त करने के लिए 128 प्रतिभागियों (प्रत्येक समूह में 64) के कुल नमूना आकार की आवश्यकता होगी, यह मानते हुए कि मध्यम प्रभाव आकार 0.5 है।"
Respond to the provided biology question:,अधिकतम उपज के लिए टमाटर के पौधों पर उपयोग करने के लिए उर्वरक की सबसे प्रभावी सांद्रता क्या है?,"अधिकतम उपज के लिए टमाटर के पौधों पर उपयोग करने के लिए उर्वरक की सबसे प्रभावी सांद्रता मिट्टी के प्रकार, जलवायु और उपयोग किए जा रहे विशिष्ट उर्वरक जैसे कारकों के आधार पर भिन्न हो सकती है। हालांकि, एक सामान्य दिशानिर्देश टमाटर के पौधों के लिए 10-10-10 या 14-14-14 (नाइट्रोजन-फॉस्फोरस-पोटेशियम) के अनुपात के साथ एक संतुलित उर्वरक का उपयोग करना है।

उचित सांद्रता निर्धारित करने के लिए, मिट्टी में मौजूदा पोषक तत्वों के स्तर को समझने के लिए मिट्टी का परीक्षण करना आवश्यक है। मिट्टी परीक्षण के परिणामों के आधार पर, आप उर्वरक सांद्रता को तदनुसार समायोजित कर सकते हैं।

टमाटर के पौधों के लिए एक आम सिफारिश है कि प्रति 100 वर्ग फुट रोपण क्षेत्र में 2 से 3 पाउंड संतुलित उर्वरक लगाया जाए। यह रोपण से पहले किया जाना चाहिए और फिर बढ़ने के मौसम के दौरान हर 4-6 सप्ताह में 1-2 पाउंड प्रति 100 वर्ग फुट की दर से साइड-ड्रेस्ड (पौधों के आसपास की मिट्टी पर लगाया जाना चाहिए) किया जाना चाहिए।

यह महत्वपूर्ण है कि अधिक निषेचन न किया जाए, क्योंकि इससे अत्यधिक वानस्पतिक वृद्धि हो सकती है और फलों का उत्पादन कम हो सकता है। हमेशा उर्वरक पैकेज पर निर्माता के निर्देशों का पालन करें और आवश्यकता के अनुसार समायोजन करने के लिए अपने पौधों के स्वास्थ्य की निगरानी करें।"
Offer a solution to the stated biology question:,95 प्रतिशत आत्मविश्वास स्तर और 5 प्रतिशत त्रुटि के अंतर के साथ एक विशिष्ट आबादी में आनुवंशिक विकार के प्रसार को निर्धारित करने के उद्देश्य से एक शोध अध्ययन के लिए किस नमूने के आकार की आवश्यकता होती है?,"एक शोध अध्ययन के लिए आवश्यक नमूना आकार निर्धारित करने के लिए, हम निम्नलिखित सूत्र का उपयोग कर सकते हैंः

n = (Z2 * P * (1-P))/E2

कहाँः
एन = आवश्यक नमूना आकार
जेड = जेड-स्कोर (95 प्रतिशत आत्मविश्वास स्तर के लिए 1.96)
पी = जनसंख्या में आनुवंशिक विकार का अनुमानित प्रसार (यदि अज्ञात है, तो रूढ़िवादी अनुमान के लिए 0.5 का उपयोग करें)
ई = त्रुटि का अंतर (5 प्रतिशत के लिए 0.05)

चूँकि हम विशिष्ट आबादी में आनुवंशिक विकार के प्रसार को नहीं जानते हैं, हम एक रूढ़िवादी अनुमान के लिए पी = 0.5 का उपयोग करेंगे।

n = (1.96 ^ 2 * 0.5 * (1-0.5))/0.05 ^ 2
n = (3.8416 * 0.5 * 0.5)/0.0025
n = (0.9604)/0.0025
n = 384.16

चूँकि हमारे पास एक प्रतिभागी का एक अंश नहीं हो सकता है, इसलिए हम निकटतम पूर्ण संख्या तक गोल करते हैं। इसलिए, इस शोध अध्ययन के लिए आवश्यक नमूना आकार लगभग 385 प्रतिभागी हैं।"
प्रदान किए गए जीव विज्ञान के प्रश्न का उत्तर दें:,95 प्रतिशत आत्मविश्वास स्तर और +/- 5 ग्राम की त्रुटि के अंतर के साथ पक्षी की एक विशेष प्रजाति के औसत शरीर के वजन को निर्धारित करने के लिए आवश्यक न्यूनतम नमूना आकार क्या है?,"आवश्यक न्यूनतम नमूना आकार निर्धारित करने के लिए, हमें आबादी में पक्षी के शरीर के वजन के मानक विचलन (σ) को जानने की आवश्यकता है। चूंकि यह जानकारी प्रदान नहीं की गई है, इसलिए मैं एक उदाहरण के रूप में एक मानक विचलन मानूंगा। मान लीजिए कि मानक विचलन 20 ग्राम है।

अब, हम दिए गए विश्वास स्तर और त्रुटि के मार्जिन के लिए न्यूनतम नमूना आकार (एन) की गणना करने के लिए सूत्र का उपयोग कर सकते हैंः

n = (Z2 * σ2)/E2

कहाँः
- एन न्यूनतम नमूना आकार है
- जेड वांछित आत्मविश्वास स्तर के अनुरूप जेड-स्कोर है (95 प्रतिशत आत्मविश्वास स्तर के लिए 1.96)
- σ जनसंख्या का मानक विचलन है (हमारे उदाहरण में 20 ग्राम)
- ई त्रुटि का मार्जिन है (5 ग्राम)

n = (1.962 * 202)/52
n = (3.8416 * 400)/25
एन = 1536.64/25
n ± 61.47

चूँकि हमारे पास एक पक्षी का एक अंश नहीं हो सकता है, इसलिए हम निकटतम पूर्ण संख्या तक गोल करते हैं। इसलिए, न्यूनतम नमूना आकार 62 पक्षियों की आवश्यकता होती है।"
दिए गए जीव विज्ञान के प्रश्न का समाधान प्रस्तुत करें:Pradan kiye gaye jeev vigyan ke prashn ka uttar dein:,"पिछले एक अध्ययन के आधार पर, जिसमें सूरजमुखी की ऊँचाई में 1.2 सेमी का मानक विचलन पाया गया था, 95 प्रतिशत विश्वास स्तर और 0.5 सेमी की त्रुटि के अंतर के साथ सूरजमुखी की जनसंख्या औसत ऊँचाई का अनुमान लगाने के लिए आवश्यक न्यूनतम नमूना आकार क्या है?","आवश्यक न्यूनतम नमूना आकार की गणना करने के लिए, हम जनसंख्या में नमूना आकार अनुमान के लिए सूत्र का उपयोग कर सकते हैंः

n = (Z2 * σ2)/E2

जहाँ n नमूना आकार है, Z वांछित विश्वास स्तर के अनुरूप Z-स्कोर है, σ जनसंख्या मानक विचलन है, और E त्रुटि का मार्जिन है।

95 प्रतिशत आत्मविश्वास स्तर के लिए, जेड-स्कोर 1.96 है (आप इस मान को एक मानक जेड-स्कोर तालिका में पा सकते हैं)। पिछले अध्ययन से मानक विचलन (σ) 1.2 सेमी है, और त्रुटि का वांछित मार्जिन (E) 0.5 सेमी है।

अब, हम इन मूल्यों को सूत्र में जोड़ सकते हैंः

n = (1.962 * 1.22)/0.52
n = (3.8416 * 1.44)/0.25
n = 5.538304/0.25
n = 22.153216

चूँकि हमारे पास एक नमूने का एक अंश नहीं हो सकता है, इसलिए हम निकटतम पूर्ण संख्या तक गोल करते हैं। इसलिए, आवश्यक न्यूनतम नमूना आकार 23 सूरजमुखी है।"
Diye gaye jeev vigyan ke prashn ka samadhan pradan karein:,95 प्रतिशत विश्वास अंतराल के भीतर पौधे की एक विशिष्ट प्रजाति की औसत ऊंचाई और माप में 2 सेमी के अधिकतम त्रुटि मार्जिन को निर्धारित करने के लिए आवश्यक न्यूनतम नमूना आकार क्या है?,"आवश्यक न्यूनतम नमूना आकार निर्धारित करने के लिए, हमें जनसंख्या के मानक विचलन (σ) को जानने की आवश्यकता है। यदि आपके पास मानक विचलन नहीं है, तो आप इसका अनुमान लगाने के लिए एक प्रायोगिक अध्ययन या इसी तरह के अध्ययन का उपयोग कर सकते हैं। इस उदाहरण के उद्देश्य के लिए, मान लीजिए कि मानक विचलन 10 सेमी है।

हम न्यूनतम नमूना आकार की गणना करने के लिए निम्नलिखित सूत्र का उपयोग कर सकते हैंः

n = (Z2 * σ2)/E2

कहाँः
एन = न्यूनतम नमूना आकार
Z = Z-स्कोर (95 प्रतिशत आत्मविश्वास अंतराल के लिए 1.96)
σ = मानक विचलन (इस उदाहरण में 10 सेमी)
ई = त्रुटि का सीमा (2 सेमी)

n = (1.962 * 102)/22
n = (3.8416 * 100)/4
n = 384.16/4
n = 96.04

चूँकि हमारे पास एक नमूने का एक अंश नहीं हो सकता है, इसलिए हम निकटतम पूर्ण संख्या तक गोल करते हैं। इसलिए, आवश्यक न्यूनतम नमूना आकार 97 पौधे हैं।"
Prastut kiye gaye jeev vigyan ke prashn ko hal karein:,दो-नमूना टी-परीक्षण का उपयोग करके 80 प्रतिशत की शक्ति वाले चूहों के दो समूहों और 0.05 के महत्व स्तर के बीच औसत शरीर के वजन में अंतर का पता लगाने के लिए आवश्यक न्यूनतम नमूना आकार क्या है?,"दो-नमूना टी-परीक्षण के लिए आवश्यक न्यूनतम नमूना आकार की गणना करने के लिए, हमें प्रभाव आकार (साधनों में अंतर), जनसंख्या के मानक विचलन, वांछित शक्ति (1-β), और महत्व स्तर (α) को जानने की आवश्यकता है।

हालाँकि, आपने प्रभाव का आकार (साधनों में अंतर) और जनसंख्या का मानक विचलन प्रदान नहीं किया है। कृपया ये मान प्रदान करें ताकि मैं आपको आवश्यक न्यूनतम नमूना आकार की गणना करने में मदद कर सकूं।

सामान्य तौर पर, दो-नमूना टी-परीक्षण के लिए नमूना आकार की गणना करने का सूत्र हैः

n = (Zα/2 + Zβ) ^ 2 * (σ1 ^ 2 + σ2 ^ 2)/(μ1-μ2) ^ 2

जहाँ n प्रति समूह नमूना आकार है, Zα/2 वांछित महत्व स्तर के लिए महत्वपूर्ण मूल्य है (α = 0.05 के लिए 1.96), Zβ वांछित शक्ति के लिए महत्वपूर्ण मूल्य है (80 प्रतिशत शक्ति के लिए 0.84), σ1 और σ2 दोनों समूहों के मानक विचलन हैं, और एम. यू. 1 और एम. यू. 2 दोनों समूहों के साधन हैं।"
Respond to the provided biology question:,"पिछले अध्ययन के आधार पर 95 प्रतिशत विश्वास के साथ पेड़ की एक विशेष प्रजाति की औसत ऊंचाई का अनुमान लगाने के लिए किस नमूने के आकार की आवश्यकता होती है, जहां पेड़ की ऊंचाई का मानक विचलन 20 सेमी पाया गया था?","आवश्यक नमूना आकार की गणना करने के लिए, हम त्रुटि (ई) और विश्वास स्तर के एक निर्दिष्ट मार्जिन के साथ जनसंख्या माध्य का अनुमान लगाने के लिए सूत्र का उपयोग कर सकते हैंः

n = (Z * σ/E) ^ 2

जहाँ n नमूना आकार है, Z वांछित विश्वास स्तर के अनुरूप Z-स्कोर है, σ जनसंख्या मानक विचलन है, और E त्रुटि का मार्जिन है।

इस मामले में, हम एक 95 प्रतिशत आत्मविश्वास स्तर चाहते हैं, जो 1.96 के जेड-स्कोर के अनुरूप हो (आप इस मान को एक मानक जेड-स्कोर तालिका में पा सकते हैं)। मानक विचलन (σ) 20 सेमी के रूप में दिया गया है, और त्रुटि का वांछित मार्जिन (E) 10 सेमी है।

इन मानों को सूत्र में जोड़नाः

n = (1.96 * 20/10)
n = (3.92) ^ 2
n ± 15.37

चूँकि हमारे पास एक पेड़ का एक अंश नहीं हो सकता है, इसलिए हम निकटतम पूर्ण संख्या तक गोल करते हैं। इसलिए, 10 सेमी की त्रुटि के अंतर और 95 प्रतिशत आत्मविश्वास स्तर के साथ औसत ऊंचाई का अनुमान लगाने के लिए 16 पेड़ों के नमूने के आकार की आवश्यकता होती है।"
प्रदान किए गए जीव विज्ञान के प्रश्न का उत्तर दें:,95 प्रतिशत आत्मविश्वास स्तर और 0.5 ग्राम की त्रुटि के अंतर के साथ पक्षियों की एक विशिष्ट प्रजाति के औसत वजन को निर्धारित करने के लिए आवश्यक न्यूनतम नमूना आकार क्या है?,"आवश्यक न्यूनतम नमूना आकार निर्धारित करने के लिए, हमें निम्नलिखित सूत्र का उपयोग करने की आवश्यकता हैः

n = (Z2 * σ2)/E2

कहाँः
एन = नमूना आकार
जेड = जेड-स्कोर (95 प्रतिशत आत्मविश्वास स्तर के लिए 1.96)
σ = जनसंख्या मानक विचलन
ई = त्रुटि का अंतर (0.5 ग्राम)

हालाँकि, हमारे पास पक्षियों की विशिष्ट प्रजातियों के लिए जनसंख्या मानक विचलन (σ) नहीं है। यदि आप मानक विचलन प्रदान कर सकते हैं, तो हम न्यूनतम नमूना आकार की गणना कर सकते हैं। यदि आपके पास मानक विचलन नहीं है, तो आप इसका अनुमान लगाने के लिए एक प्रायोगिक अध्ययन या पिछले शोध का उपयोग कर सकते हैं।"
दिए गए जीव विज्ञान के प्रश्न का समाधान प्रदान करें:,95 प्रतिशत आत्मविश्वास के स्तर और 0.5 ग्राम की त्रुटि के अंतर के साथ एक निश्चित मछली प्रजाति के औसत वजन को निर्धारित करने के लिए आवश्यक न्यूनतम नमूना आकार क्या है?,"आवश्यक न्यूनतम नमूना आकार निर्धारित करने के लिए, हमें निम्नलिखित सूत्र का उपयोग करने की आवश्यकता हैः

n = (Z2 * σ2)/E2

कहाँः
एन = नमूना आकार
जेड = जेड-स्कोर (95 प्रतिशत आत्मविश्वास स्तर के लिए 1.96)
σ = मछली प्रजाति के वजन का मानक विचलन
ई = त्रुटि का अंतर (0.5 ग्राम)

हालाँकि, हमारे पास मछली प्रजाति के वजन का मानक विचलन (σ) नहीं है। यदि आप मानक विचलन प्रदान कर सकते हैं, तो हम आवश्यक न्यूनतम नमूना आकार की गणना कर सकते हैं।"
प्रस्तुत किए गए जीव विज्ञान के प्रश्न को हल करें:,"उच्च रक्तचाप वाले रोगियों की आबादी में रक्तचाप पर एक नई दवा के प्रभाव को निर्धारित करने के लिए एक अध्ययन के लिए आवश्यक नमूना आकार क्या है, जिसमें 95 प्रतिशत आत्मविश्वास स्तर और 5 मिमीएचजी की त्रुटि का अंतर है?","इस अध्ययन के लिए आवश्यक नमूना आकार की गणना करने के लिए, हम जनसंख्या में नमूना आकार अनुमान के लिए सूत्र का उपयोग कर सकते हैंः

n = (Z2 * σ2)/E2

कहाँः
एन = आवश्यक नमूना आकार
जेड = जेड-स्कोर (95 प्रतिशत आत्मविश्वास स्तर के लिए 1.96)
σ = जनसंख्या मानक विचलन (पिछले अध्ययनों से माना या जाना जाता है)
E = त्रुटि का अंतर (इस मामले में 5 mmHg)

हालाँकि, हमें नमूने के आकार की गणना करने के लिए जनसंख्या मानक विचलन (σ) को जानने की आवश्यकता है। यदि आपके पास यह जानकारी है, तो आप आवश्यक नमूने के आकार को खोजने के लिए इसे सूत्र में जोड़ सकते हैं। यदि आपके पास मानक विचलन नहीं है, तो आप रक्तचाप माप में मानक विचलन का विचार प्राप्त करने के लिए एक रूढ़िवादी अनुमान का उपयोग कर सकते हैं या इसी तरह के अध्ययनों का संदर्भ ले सकते हैं।

एक बार जब आपके पास मानक विचलन हो जाता है, तो आप इसे सूत्र में जोड़ सकते हैं और आवश्यक नमूना आकार की गणना कर सकते हैं।"
दिए गए जीव विज्ञान के प्रश्न का समाधान प्रस्तुत करें:Pradan kiye gaye jeev vigyan ke prashn ka uttar dein:,"चूहों के दो समूहों के बीच औसत शरीर के वजन में महत्वपूर्ण अंतर का पता लगाने के लिए आवश्यक न्यूनतम नमूना आकार क्या है, एक नियंत्रित आहार प्राप्त कर रहा है और दूसरा उच्च वसा आहार प्राप्त कर रहा है, 0.8 की शक्ति और 0.05 के महत्व स्तर के साथ?","चूहों के दो समूहों के बीच औसत शरीर के वजन में महत्वपूर्ण अंतर का पता लगाने के लिए आवश्यक न्यूनतम नमूना आकार की गणना करने के लिए, हमें एक शक्ति विश्लेषण का उपयोग करने की आवश्यकता है। शक्ति विश्लेषण वांछित शक्ति (1-β), महत्व स्तर (α), और प्रभाव के आकार (मानक विचलन द्वारा विभाजित साधनों में अंतर) को ध्यान में रखता है।

यहाँ हमारे पास जानकारी हैः
- वांछित शक्तिः 0.8
- महत्व स्तरः 0.05
- प्रभाव का आकारः प्रदान नहीं किया गया है

आगे बढ़ने के लिए, हमें प्रभाव के आकार को जानने की आवश्यकता है, जो मानक विचलन द्वारा विभाजित दो समूहों के बीच के साधनों में अंतर है। यह जानकारी नमूने के आकार को निर्धारित करने के लिए महत्वपूर्ण है। यदि आप प्रभाव का आकार प्रदान कर सकते हैं, तो हम आवश्यक न्यूनतम नमूना आकार की गणना कर सकते हैं।

वैकल्पिक रूप से, आप वांछित शक्ति, महत्व स्तर और प्रभाव आकार दर्ज करके नमूने के आकार की गणना करने के लिए जी * पावर, एक सांख्यिकीय शक्ति विश्लेषण सॉफ्टवेयर का उपयोग कर सकते हैं।"
Diye gaye jeev vigyan ke prashn ka samadhan pradan karein:,"उच्च रक्तचाप के रोगियों में रक्तचाप पर एक नई दवा के प्रभाव की जांच करने के उद्देश्य से एक अध्ययन के लिए न्यूनतम आवश्यक नमूना आकार क्या है, यह मानते हुए कि 95 प्रतिशत का आत्मविश्वास स्तर और 5 मिमीएचजी की त्रुटि का अंतर है?","अध्ययन के लिए न्यूनतम आवश्यक नमूना आकार की गणना करने के लिए, हम निम्नलिखित सूत्र का उपयोग कर सकते हैंः

n = (Z2 * σ2)/E2

कहाँः
एन = नमूना आकार
जेड = जेड-स्कोर (जो वांछित आत्मविश्वास स्तर के अनुरूप है, 95 प्रतिशत आत्मविश्वास स्तर के लिए 1.96)
σ = जनसंख्या मानक विचलन (पिछले अध्ययनों से अनुमानित या अनुमानित)
E = त्रुटि का अंतर (इस मामले में 5 mmHg)

हालाँकि, हमें नमूना आकार की गणना करने के लिए जनसंख्या मानक विचलन (σ) को जानने की आवश्यकता है। यदि आपके पास σ के लिए अनुमानित मूल्य है, तो आप न्यूनतम आवश्यक नमूना आकार खोजने के लिए इसे सूत्र में जोड़ सकते हैं। यदि आपके पास σ के लिए अनुमानित मूल्य नहीं है, तो आप इसका अनुमान लगाने के लिए एक प्रायोगिक अध्ययन या इसी तरह के पिछले अध्ययन का उपयोग कर सकते हैं।"
Pradan ki gayi jeev vigyan ki samasya ka samadhan karein:,"मछली की एक प्रजाति के औसत वजन को निर्धारित करने के लिए किस नमूने के आकार का उपयोग किया जाना चाहिए यदि हम 95 प्रतिशत आश्वस्त होना चाहते हैं कि हमारा अनुमान 10 ग्राम के ज्ञात मानक विचलन को मानते हुए, वास्तविक जनसंख्या के औसत के 5 ग्राम के भीतर है?","विश्वास के दिए गए स्तर और त्रुटि के अंतर के लिए आवश्यक नमूना आकार निर्धारित करने के लिए, हम जनसंख्या के औसत का अनुमान लगाने में नमूना आकार के लिए सूत्र का उपयोग कर सकते हैंः

n = (Z * σ/E) ^ 2

जहाँ n नमूना आकार है, Z वांछित आत्मविश्वास स्तर के अनुरूप Z-स्कोर है, σ ज्ञात मानक विचलन है, और E त्रुटि का मार्जिन है।

95 प्रतिशत आत्मविश्वास स्तर के लिए, जेड-स्कोर 1.96 है (मानक सामान्य वितरण तालिका से)। ज्ञात मानक विचलन (σ) 10 ग्राम है, और त्रुटि का वांछित मार्जिन (E) 5 ग्राम है।

इन मानों को सूत्र में जोड़नाः

n = (1.96 * 10/5)
n = (3.92) ^ 2
n ± 15.37

चूँकि हमारे पास एक मछली का एक अंश नहीं हो सकता है, इसलिए हम निकटतम पूर्ण संख्या तक गोल करते हैं। इसलिए, प्रजाति के औसत वजन का अनुमान लगाने के लिए 16 मछली के नमूने के आकार का उपयोग किया जाना चाहिए, जिसमें 95 प्रतिशत आत्मविश्वास स्तर और 5 ग्राम की त्रुटि का अंतर हो।"
Diye gaye jeev vigyan ke prashn ka samadhan prastut karein:,"एक जीवविज्ञानी आबादी में एक निश्चित बीमारी के प्रसार को निर्धारित करना चाहता है। पिछले अध्ययनों का उपयोग करते हुए और 95 प्रतिशत के आत्मविश्वास स्तर और 5 प्रतिशत की त्रुटि के अंतर को मानते हुए, जीवविज्ञानी को एक विश्वसनीय परिणाम प्राप्त करने के लिए न्यूनतम नमूना आकार क्या है?","विश्वसनीय परिणाम के लिए आवश्यक न्यूनतम नमूना आकार निर्धारित करने के लिए, हम निम्नलिखित सूत्र का उपयोग कर सकते हैंः

n = (Z2 * p * (1-p))/E2

कहाँः
एन = न्यूनतम नमूना आकार
जेड = जेड-स्कोर (95 प्रतिशत आत्मविश्वास स्तर के लिए 1.96)
पी = रोग की अनुमानित व्यापकता (अनुपात)
ई = त्रुटि का अंतर (5 प्रतिशत के लिए 0.05)

हालाँकि, हमें न्यूनतम नमूना आकार की गणना करने के लिए पिछले अध्ययनों से जनसंख्या में बीमारी के अनुमानित प्रसार (पी) को जानने की आवश्यकता है। यदि यह जानकारी उपलब्ध नहीं है, तो हम पी = 0.5 के एक रूढ़िवादी अनुमान का उपयोग कर सकते हैं, जो हमें सबसे बड़ा संभव नमूना आकार देगा।

पी = 0.5 के साथ सूत्र का उपयोग करनाः

n = (1.96 ^ 2 * 0.5 * (1-0.5))/0.05 ^ 2
n = (3.8416 * 0.5 * 0.5)/0.0025
n = 384.16

चूँकि हमारे पास एक नमूने का अंश नहीं हो सकता है, इसलिए हम निकटतम पूर्ण संख्या तक गोल करते हैं। इसलिए, एक विश्वसनीय परिणाम के लिए आवश्यक न्यूनतम नमूना आकार 385 है।"
Respond to the provided biology question:,95 प्रतिशत के आत्मविश्वास स्तर और 4 प्रतिशत की त्रुटि के अंतर वाले 500 व्यक्तियों की आबादी में एक नई दवा के प्रभाव पर जैविक अध्ययन करने के लिए आवश्यक न्यूनतम नमूना आकार क्या है?,"जैविक अध्ययन के लिए आवश्यक न्यूनतम नमूना आकार की गणना करने के लिए, हम अनुपात में नमूना आकार अनुमान के लिए सूत्र का उपयोग कर सकते हैंः

n = (Z2 * p * (1-p))/E2

कहाँः
एन = न्यूनतम नमूना आकार
जेड = जेड-स्कोर (95 प्रतिशत आत्मविश्वास स्तर के लिए 1.96)
पी = जनसंख्या का अनुमानित अनुपात (हम एक रूढ़िवादी अनुमान के रूप में 0.5 का उपयोग करेंगे, क्योंकि हमारे पास कोई पूर्व जानकारी नहीं है)
E = त्रुटि का सीमा (0.04)

n = (1.96 ^ 2 * 0.5 * (1-0.5))/0.04 ^ 2
n ± 600.25

हालाँकि, चूंकि जनसंख्या का आकार केवल 500 व्यक्तियों का है, इसलिए हमें नमूने के आकार को समायोजित करने के लिए सीमित जनसंख्या सुधार (एफ. पी. सी.) को लागू करने की आवश्यकता हैः

n _ adg = n/(1 + (n-1)/N)

कहाँः
एन _ एडज = समायोजित नमूना आकार
एन = जनसंख्या का आकार (500)

n _ adg = 600.25/(1 + (600.25-1)/500)
n _ adg ± 222.22

इसलिए, 95 प्रतिशत आत्मविश्वास स्तर और 4 प्रतिशत त्रुटि के अंतर के साथ जैविक अध्ययन करने के लिए आवश्यक न्यूनतम नमूना आकार लगभग 223 व्यक्ति हैं।"
Offer a solution to the stated biology question:,"दो अलग-अलग पौधों की किस्मों के बीच औसत वृद्धि दर में महत्वपूर्ण अंतर का पता लगाने के लिए आवश्यक न्यूनतम नमूना आकार क्या है, जिसमें 0.5 सेमी की त्रुटि का अंतर और 95 प्रतिशत का आत्मविश्वास स्तर है?","दो अलग-अलग पौधों की किस्मों के बीच औसत वृद्धि दर में महत्वपूर्ण अंतर का पता लगाने के लिए आवश्यक न्यूनतम नमूना आकार निर्धारित करने के लिए, हम परिकल्पना परीक्षण में नमूना आकार अनुमान के लिए सूत्र का उपयोग कर सकते हैंः

n = (Z2 * σ2 * (1 + 1/k))/E2

कहाँः
एन = प्रति समूह आवश्यक नमूना आकार
जेड = जेड-स्कोर वांछित आत्मविश्वास स्तर के अनुरूप (95 प्रतिशत आत्मविश्वास स्तर के लिए 1.96)
σ = विकास दर अंतर का मानक विचलन
k = दोनों समूहों में नमूना आकार का अनुपात (समान नमूना आकार मानते हुए, k = 1)
ई = त्रुटि का अंतर (0.5 सेमी)

हालाँकि, हमें नमूना आकार की गणना करने के लिए वृद्धि दर अंतर के मानक विचलन (σ) को जानने की आवश्यकता है। यदि आपके पास यह जानकारी है, तो आप इसे सूत्र में जोड़ सकते हैं और आवश्यक नमूना आकार की गणना कर सकते हैं। यदि आपके पास मानक विचलन नहीं है, तो आपको इसका अनुमान लगाने के लिए एक प्रायोगिक अध्ययन करने या अनुमान प्राप्त करने के लिए समान पौधों की किस्मों पर पिछले शोध से परामर्श करने की आवश्यकता हो सकती है।"
प्रस्तुत किए गए जीव विज्ञान के प्रश्न को हल करें:,यह निर्धारित करने के लिए किस नमूने के आकार की आवश्यकता है कि क्या एक नई दवा 80 प्रतिशत की शक्ति और 0.05 के महत्व स्तर के साथ एक निश्चित बीमारी के इलाज में वर्तमान दवा की तुलना में काफी अधिक प्रभावी है?,"एक अध्ययन के लिए आवश्यक नमूना आकार निर्धारित करने के लिए एक नई दवा की प्रभावशीलता की तुलना एक वर्तमान दवा से करने के लिए, हमें अध्ययन की शक्ति (80 प्रतिशत), महत्व स्तर (0.05), और प्रभाव आकार (प्रभावशीलता में अंतर) पर विचार करने की आवश्यकता है। दोनों दवाओं के बीच)। प्रभाव के आकार को आम तौर पर एक मानकीकृत उपाय के रूप में व्यक्त किया जाता है, जैसे कि कोहेन का डी।

आवश्यक नमूना आकार की गणना करने के लिए, हम निम्नलिखित सूत्र का उपयोग कर सकते हैंः

n = (Zα/2 + Zβ) ^ 2 * (σ1 ^ 2 + σ2 ^ 2)/(μ1-μ2) ^ 2

कहाँः
- एन प्रति समूह नमूना आकार है
- Zα/2 वांछित महत्व स्तर (0.05) के अनुरूप महत्वपूर्ण मूल्य है, जो दो-पूंछ वाले परीक्षण के लिए 1.96 है।
- Zβ वांछित शक्ति (80 प्रतिशत) के अनुरूप महत्वपूर्ण मूल्य है, जो 0.84 है।
- σ1 और σ2 दोनों समूहों के मानक विचलन हैं।
- एम. यू. 1 और एम. यू. 2 दो समूहों के साधन हैं।

हालांकि, हमें नमूने के आकार की गणना करने के लिए प्रभाव के आकार (कोहेन के डी) और दोनों समूहों के मानक विचलन को जानने की आवश्यकता है। यदि आप यह जानकारी प्रदान कर सकते हैं, तो मैं आपको आवश्यक नमूने के आकार की गणना करने में मदद कर सकता हूं।"
Offer a solution to the stated biology question:,एक विशिष्ट अस्पताल में कीमोथेरेपी प्राप्त करने वाले कैंसर रोगियों का औसत जीवित रहने का समय क्या है?,"एक विशिष्ट अस्पताल में कीमोथेरेपी प्राप्त करने वाले कैंसर रोगियों के जीवित रहने के औसत समय को निर्धारित करने के लिए, आपको इन चरणों का पालन करने की आवश्यकता होगीः

1. आँकड़ा एकत्र कीजिएः उन सभी कैंसर रोगियों के लिए जीवित रहने के समय का आँकड़ा प्राप्त कीजिए जिन्होंने विशिष्ट अस्पताल में कीमोथेरेपी प्राप्त की है। इस आँकड़े में कीमोथेरेपी की शुरुआत से लेकर रोगी की मृत्यु या अध्ययन अवधि के अंत तक का समय शामिल होना चाहिए।

2. आंकड़ों को व्यवस्थित कीजिएः जीवित रहने के समय को आरोही क्रम में, सबसे छोटे से लेकर सबसे लंबे समय तक व्यवस्थित कीजिए।

3. औसत की गणना कीजिएः यदि रोगियों की एक विषम संख्या है, तो औसत जीवित रहने का समय क्रमबद्ध सूची में मध्य मूल्य है। यदि रोगियों की एक सम संख्या है, तो औसत जीवित रहने का समय दो मध्य मूल्यों का औसत है।

कृपया ध्यान दें कि विचाराधीन अस्पताल के लिए विशिष्ट डेटा तक पहुंच के बिना, एक सटीक औसत उत्तरजीविता समय प्रदान करना संभव नहीं है।"
दिए गए जीव विज्ञान के प्रश्न का समाधान प्रस्तुत करें:Pradan kiye gaye jeev vigyan ke prashn ka uttar dein:,एक विशेष कीमोथेरेपी उपचार प्राप्त करने के बाद एक निश्चित आबादी में स्तन कैंसर के रोगियों की जीवित रहने की दर क्या है?,"एक विशेष कीमोथेरेपी उपचार प्राप्त करने के बाद एक विशिष्ट आबादी में स्तन कैंसर के रोगियों के जीवित रहने की दर निर्धारित करने के लिए, आपको एक अध्ययन करने या विषय पर मौजूदा शोध खोजने की आवश्यकता होगी। जीवित रहने की दर कैंसर के चरण, कीमोथेरेपी के प्रकार और अध्ययन की जा रही आबादी की जनसांख्यिकी जैसे कारकों के आधार पर भिन्न हो सकती है।

जीवित रहने की दर की गणना करने के लिए, आपको उपचार प्राप्त करने वाले रोगियों की संख्या और एक निश्चित अवधि (जैसे, 5 साल) के बाद जीवित रहने वाले रोगियों की संख्या पर डेटा एकत्र करने की आवश्यकता होगी। जीवित रहने की दर की गणना तब उपचार प्राप्त करने वाले रोगियों की कुल संख्या से जीवित बचे लोगों की संख्या को विभाजित करके और प्रतिशत प्राप्त करने के लिए 100 से गुणा करके की जा सकती है।

उदाहरण के लिए, यदि 100 रोगियों ने उपचार प्राप्त किया और 85 5 वर्षों के बाद बच गए, तो जीवित रहने की दर (85/100) x 100 = 85 प्रतिशत होगी।

ध्यान रखें कि जीवित रहने की दर केवल अनुमान हैं और हो सकता है कि किसी व्यक्ति के परिणाम की सटीक भविष्यवाणी न करें। व्यक्तिगत जानकारी और सलाह के लिए स्वास्थ्य पेशेवरों से परामर्श करना आवश्यक है।"
प्रस्तुत किए गए जीव विज्ञान के प्रश्न को हल करें:,"एक जीवविज्ञानी एक प्रयोगशाला में एक निश्चित प्रकार के बैक्टीरिया की वृद्धि दर का अध्ययन कर रहा है। बैक्टीरिया की वृद्धि दर एक महीने की अवधि के लिए हर दिन दर्ज की जाती है। डेटा एकत्र किया गया है और जीवविज्ञानी यह निर्धारित करना चाहता है कि क्या बैक्टीरिया की वृद्धि दर में कोई मौसमी प्रवृत्ति है। समय श्रृंखला विश्लेषण तकनीकों का उपयोग करते हुए, एक प्रश्न तैयार करें जिसे जीवविज्ञानी यह निर्धारित करने के लिए हल कर सकता है कि बैक्टीरिया की वृद्धि दर में कोई मौसमी प्रवृत्ति है या नहीं।","क्या एक महीने की अवधि में बैक्टीरिया की वृद्धि दर में एक महत्वपूर्ण मौसमी पैटर्न है, जैसा कि समय श्रृंखला विश्लेषण तकनीकों द्वारा निर्धारित किया जाता है जैसे कि डेटा का इसकी प्रवृत्ति, मौसमी और अवशिष्ट घटकों में अपघटन?"
Offer a solution to the stated biology question:,"शोधकर्ताओं के एक समूह ने पक्षियों की दो अलग-अलग आबादी से जैविक डेटा एकत्र किया, एक वन क्षेत्र से और दूसरा घास के मैदान क्षेत्र से। भेदभावपूर्ण विश्लेषण का उपयोग करके, क्या छात्र यह निर्धारित कर सकता है कि दोनों आबादी के बीच अंतर करने में कौन सी जैविक विशेषताएं सबसे महत्वपूर्ण हैं?","हां, शोधकर्ता यह निर्धारित करने के लिए भेदभावपूर्ण विश्लेषण का उपयोग कर सकते हैं कि पक्षियों की दो आबादी के बीच अंतर करने में कौन सी जैविक विशेषताएं सबसे महत्वपूर्ण हैं। भेदभावपूर्ण विश्लेषण एक सांख्यिकीय तकनीक है जिसका उपयोग डेटा का विश्लेषण करने और उनकी विशेषताओं के आधार पर विभिन्न समूहों में वर्गीकृत करने के लिए किया जाता है। यह उन चरों की पहचान करने में मदद करता है जो समूहों के बीच अंतर में सबसे अधिक योगदान करते हैं।

इस मामले में, शोधकर्ता पक्षियों की दो आबादी (वन क्षेत्र और घास के मैदान क्षेत्र) से एकत्र किए गए जैविक डेटा का विश्लेषण करने के लिए भेदभावपूर्ण विश्लेषण का उपयोग कर सकते हैं। वे विभिन्न जैविक विशेषताओं, जैसे शरीर का आकार, चोंच का आकार, पंखों का रंग, पंखों की लंबाई और अन्य प्रासंगिक लक्षणों को भेदभावपूर्ण विश्लेषण मॉडल में डाल सकते हैं।

भेदभावपूर्ण विश्लेषण तब भेदभावपूर्ण फलन की गणना करेगा, जो इनपुट चर का एक रैखिक संयोजन है जो दोनों आबादी के बीच अलगाव को अधिकतम करता है। पक्षियों की दो आबादी के बीच अंतर करने में उच्चतम भेदभावपूर्ण कार्य गुणांक वाले चर को सबसे महत्वपूर्ण माना जाएगा।

इन प्रमुख विशेषताओं की पहचान करके, शोधकर्ता दोनों आबादी के बीच के अंतर को बेहतर ढंग से समझ सकते हैं और संभावित रूप से उनके संबंधित वातावरण के जवाब में हुए अनुकूलन में अंतर्दृष्टि प्राप्त कर सकते हैं।"
Diye gaye jeev vigyan ke prashn ka samadhan prastut karein:,गैर-पैरामीट्रिक सांख्यिकीय विधि क्या है जो किसी दिए गए पारिस्थितिकी तंत्र में पौधों की प्रजातियों की विविधता पर डेटा का विश्लेषण करने के लिए उपयुक्त है जहां डेटा सामान्य रूप से वितरित नहीं किया जाता है?,"किसी दिए गए पारिस्थितिकी तंत्र में पौधों की प्रजातियों की विविधता पर डेटा का विश्लेषण करने के लिए उपयुक्त गैर-पैरामीट्रिक सांख्यिकीय विधि जहां डेटा सामान्य रूप से वितरित नहीं किया जाता है, क्रुस्कल-वालिस एच परीक्षण है। इस परीक्षण का उपयोग दो या दो से अधिक स्वतंत्र समूहों के बीच अंतर की तुलना करने के लिए किया जाता है जब डेटा क्रमिक होता है या जब सामान्यता और भिन्नता की एकरूपता की धारणाओं को पूरा नहीं किया जाता है। यह एक तरफा एनोवा का गैर-पैरामीट्रिक समकक्ष है।"
Solve the biology question presented:,"दो पादप समुदायों के बीच प्रजातियों की समृद्धि में अंतर का विश्लेषण करने के लिए सबसे उपयुक्त गैर-पैरामीट्रिक सांख्यिकीय परीक्षण क्या है, एक भूमध्यसागरीय जलवायु में स्थित है और दूसरा उष्णकटिबंधीय जलवायु में, यह देखते हुए कि डेटा नहीं है एक पैरामीट्रिक परीक्षण के लिए धारणाओं को पूरा करते हैं?","दो पादप समुदायों के बीच प्रजातियों की समृद्धि में अंतर का विश्लेषण करने के लिए उपयोग करने के लिए सबसे उपयुक्त गैर-पैरामीट्रिक सांख्यिकीय परीक्षण, यह देखते हुए कि डेटा एक पैरामीट्रिक परीक्षण के लिए धारणाओं को पूरा नहीं करता है, मान-व्हिटनी यू परीक्षण है (जिसे जाना जाता है)। विल्कोक्सन श्रेणी-राशि परीक्षण के रूप में)। इस परीक्षण का उपयोग दो स्वतंत्र नमूनों की तुलना करने के लिए किया जाता है जब डेटा सामान्य रूप से वितरित नहीं किया जाता है या जब एक पैरामीट्रिक परीक्षण के लिए धारणाओं को पूरा नहीं किया जाता है। मान-व्हिटनी यू परीक्षण दोनों समूहों के मध्य की तुलना करता है और इस शून्य परिकल्पना का परीक्षण करता है कि दोनों नमूने एक ही आबादी से आते हैं।"
Diye gaye jeev vigyan ke prashn ka samadhan prastut karein:,फेफड़ों के कैंसर के रोगियों का औसत जीवित रहने का समय क्या है जिनका इलाज कीमोथेरेपी और विकिरण चिकित्सा से किया गया था?,"एक जीवविज्ञानी के रूप में, मैं आपको सामान्य जानकारी प्रदान कर सकता हूँ, लेकिन यह ध्यान रखना महत्वपूर्ण है कि मैं एक चिकित्सा पेशेवर नहीं हूँ, और फेफड़ों के कैंसर के रोगियों के लिए औसत जीवित रहने का समय कैंसर के चरण जैसे विभिन्न कारकों के आधार पर भिन्न हो सकता है, फेफड़ों के कैंसर का प्रकार, रोगी का समग्र स्वास्थ्य, और विशिष्ट उपचार नियम।

सामान्य तौर पर, फेफड़ों के कैंसर के रोगियों के लिए औसत जीवित रहने का समय, जिनका कीमोथेरेपी और विकिरण चिकित्सा के साथ इलाज किया जाता है, कई महीनों से लेकर कुछ वर्षों तक हो सकता है। उदाहरण के लिए, चरण III में गैर-छोटी कोशिका फेफड़े के कैंसर (एन. एस. सी. एल. सी.) वाले रोगियों, जिनका समवर्ती कीमोरेडिएशन थेरेपी के साथ इलाज किया जाता है, का औसत जीवित रहने का समय लगभग 15-20 महीने या उससे अधिक हो सकता है। हालाँकि, यह व्यक्तियों के बीच काफी भिन्न हो सकता है।

एक विशिष्ट रोगी के लिए पूर्वानुमान और उपचार विकल्पों के बारे में सटीक और व्यक्तिगत जानकारी प्राप्त करने के लिए एक चिकित्सा पेशेवर से परामर्श करना आवश्यक है, जैसे कि एक ऑन्कोलॉजिस्ट।"
Prastut kiye gaye jeev vigyan ke prashn ko hal karein:,"चूहों के एक विशेष प्रकार में नर और मादा चूहों के बीच औसत शरीर के वजन में क्या अंतर है? डेटा का विश्लेषण करने और यह निर्धारित करने के लिए कि क्या दोनों समूहों के बीच कोई महत्वपूर्ण अंतर है, मान-व्हिटनी यू परीक्षण का उपयोग करें।","मान-व्हिटनी यू परीक्षण करने और एक विशेष नस्ल में नर और मादा चूहों के बीच औसत शरीर के वजन में अंतर निर्धारित करने के लिए, हमें पहले दोनों समूहों के लिए डेटा की आवश्यकता होती है। कृपया उस तनाव में पुरुष और महिला दोनों चूहों के लिए शरीर के वजन का डेटा प्रदान करें जिसमें आप रुचि रखते हैं।"
Diye gaye jeev vigyan ke prashn ka samadhan prastut karein:,"जैविक डेटा के बायेसियन विश्लेषण के आधार पर, एक रोगी को उनके लक्षणों को देखते हुए एक निश्चित बीमारी होने की क्या संभावना है?","बायेसियन विश्लेषण का उपयोग करके एक रोगी को उनके लक्षणों को देखते हुए एक निश्चित बीमारी होने की संभावना की गणना करने के लिए, हमें निम्नलिखित जानकारी जानने की आवश्यकता हैः

1. रोग की पूर्व संभावना (पी (डी)): यह लक्षणों पर विचार करने से पहले रोग होने की संभावना है। यह आमतौर पर आबादी में रोग के प्रसार पर आधारित होता है।

2. रोग के लक्षणों की संभावना (पी (S|D)): यह रोग वाले रोगी में लक्षणों को देखने की संभावना है।

3. बिना किसी बीमारी के लक्षणों की संभावना (पी (एस। यू. डी.)): यह उस रोगी में लक्षणों को देखने की संभावना है जिसे बीमारी नहीं है।

4. रोग न होने की पूर्व संभावना (पी (डी)): यह लक्षणों पर विचार करने से पहले रोग न होने की संभावना है। इसकी गणना आमतौर पर 1-पी (डी) के रूप में की जाती है।

बेयस की प्रमेय का उपयोग करके, हम लक्षणों (पी (D|S)) को देखते हुए रोग की संभावना की गणना निम्नानुसार कर सकते हैंः

पी (D|S) = (पी (S|D) * पी (डी))/(पी (S|D) * पी (डी) + पी (एस। Âडी) * पी (Âडी))

एक बार जब आपके पास आवश्यक डेटा हो जाता है, तो आप मूल्यों को जोड़ सकते हैं और रोगी को उनके लक्षणों को देखते हुए बीमारी होने की संभावना की गणना कर सकते हैं। ध्यान रखें कि इस विश्लेषण की सटीकता उपयोग किए गए जैविक डेटा की गुणवत्ता और विश्वसनीयता पर निर्भर करती है।"
Diye gaye jeev vigyan ke prashn ka samadhan pradan karein:,"कुत्तों और भेड़ियों का सबसे हालिया सामान्य पूर्वज (एम. आर. सी. ए.) क्या है, और वे कैनिडे परिवार के अन्य सदस्यों के साथ जातिजन्य रूप से कैसे संबंधित हैं?","कुत्तों (कैनिस ल्यूपस परिचित) और भेड़ियों (कैनिस ल्यूपस) के सबसे हाल के सामान्य पूर्वज (एम. आर. सी. ए.) को एक विलुप्त भेड़िये जैसा कैनिड माना जाता है जो लगभग 20,000 से 40,000 साल पहले रहता था। कुत्तों को ग्रे वुल्फ की उप-प्रजाति माना जाता है, और वे पालतू बनाने की प्रक्रिया के माध्यम से भेड़ियों से अलग हो जाते हैं।

जातिजन्य रूप से, कुत्ते और भेड़िये कैनिडे परिवार से संबंधित हैं, जिसमें लोमड़ी, सियार और कोयोट जैसी अन्य प्रजातियाँ शामिल हैं। कैनिडे परिवार को आगे तीन उप-परिवारों में विभाजित किया गया हैः कैनिने, हेस्पेरोसाइनिने और बोरोफैगिने। कुत्ते और भेड़िये कैनिने उप-परिवार से संबंधित हैं, जिसमें सभी जीवित कैनिड और उनके सबसे हाल के आम पूर्वज शामिल हैं।

कैनिने उप-परिवार के भीतर, कैनिनी और वल्पिनी सहित कई जनजातियाँ हैं। कैनिनी जनजाति में कुत्ते, भेड़िये, कोयोट और सियार शामिल हैं, जबकि वल्पिनी जनजाति में लोमड़ियां शामिल हैं। कैनिडे परिवार के सदस्यों के बीच जातिजन्य संबंध आकृति विज्ञान और आणविक डेटा के विश्लेषण के माध्यम से निर्धारित किए जाते हैं, जैसे कि डी. एन. ए. अनुक्रम।"
Respond to the provided biology question:,"जातिजन्य विश्लेषण विधि का उपयोग करते हुए, उनके आनुवंशिक विकास के आधार पर मनुष्यों के साथ सबसे निकटता से संबंधित प्रजाति कौन सी है?","जातिजन्य विश्लेषण विधि का उपयोग करते हुए, उनके आनुवंशिक विकास के आधार पर मनुष्यों से सबसे निकटता से संबंधित प्रजाति चिंपांज़ी (पैन ट्रोग्लोडाइट्स) है। मनुष्य और चिंपांज़ी दोनों एक समान पूर्वज साझा करते हैं, और उनकी आनुवंशिक समानता 98-99% के आसपास होने का अनुमान है।"
दिए गए जीव विज्ञान के प्रश्न का समाधान प्रस्तुत करें:Pradan kiye gaye jeev vigyan ke prashn ka uttar dein:,माइटोकॉन्ड्रियल डीएनए अनुक्रमों के जातिजन्य विश्लेषण के आधार पर मनुष्यों और चिंपांज़ी के सबसे हाल के सामान्य पूर्वज कौन से हैं?,"माइटोकॉन्ड्रियल डीएनए अनुक्रमों के जातिजन्य विश्लेषण के आधार पर मनुष्यों और चिंपांज़ी के सबसे हाल के सामान्य पूर्वज लगभग 5 से 7 मिलियन साल पहले रहने का अनुमान है। इस पैतृक प्रजाति को अक्सर ""अंतिम सामान्य पूर्वज"" या एल. सी. ए. के रूप में संदर्भित किया जाता है। एल. सी. ए. ने दो वंशों को जन्म दियाः एक आधुनिक मनुष्यों (होमो सेपियन्स) के लिए और दूसरा चिंपांज़ी की दो प्रजातियों (पैन ट्रोग्लोडाइट और पैन पैनिस्कस) के लिए।"
दिए गए जीव विज्ञान के प्रश्न का समाधान प्रस्तुत करें:Pradan kiye gaye jeev vigyan ke prashn ka uttar dein:,जातिजन्य विश्लेषण के आधार पर मनुष्यों और चिंपांज़ी के सबसे हाल के सामान्य पूर्वज कौन से हैं?,"जातिजन्य विश्लेषण के आधार पर मनुष्यों और चिंपांज़ी के सबसे हाल के सामान्य पूर्वज 5 से 7 मिलियन साल पहले के बीच रहने का अनुमान है। माना जाता है कि इस पैतृक प्रजाति, जिसकी अभी तक निश्चितता के साथ पहचान नहीं की गई है, ने उन वंशों को जन्म दिया है जो मनुष्यों (होमो सेपियन्स) और चिंपांज़ी (पैन ट्रोग्लोडाइट) का कारण बने। यह समय सीमा आनुवंशिक तुलना और जीवाश्म साक्ष्य पर आधारित है, हालांकि इस सामान्य पूर्वज की सटीक पहचान और विशेषताएं वैज्ञानिकों के बीच चल रहे शोध और बहस का विषय बनी हुई हैं।"
Diye gaye jeev vigyan ke prashn ka samadhan prastut karein:,"500 व्यक्तियों के साथ यादृच्छिक रूप से संभोग करने वाली आबादी में दो एलील वाले जीन के लिए विषमयुग्म जीनोटाइप की अपेक्षित आवृत्ति क्या है, जहां एक एलील की आवृत्ति 0.3 है और दूसरे एलील की आवृत्ति 0.7 है?","विषमयुग्म जीनोटाइप की अपेक्षित आवृत्ति की गणना करने के लिए, हम हार्डी-वेनबर्ग समीकरण का उपयोग कर सकते हैंः p2 + 2pq + q2 = 1, जहां p और q दो एलील की आवृत्तियों का प्रतिनिधित्व करते हैं, और 2pq विषमयुग्म जीनोटाइप की आवृत्ति का प्रतिनिधित्व करते हैं।

इस मामले में, पी = 0.3 और क्यू = 0.7।

विषमयुग्म जीनोटाइप की अपेक्षित आवृत्ति 2pq हैः

2 * (0.3) * (0.7) = 2 * 0.01 = 0.02

तो, इस आबादी में विषमयुग्म जीनोटाइप की अपेक्षित आवृत्ति 0.02 या 42 प्रतिशत है।"
Address the biology problem provided:,दो एलील (ए और ए) वाली आबादी में विषमयुग्मों की अपेक्षित आवृत्ति क्या है यदि समयुग्म प्रमुख जीनोटाइप (ए. ए.) की देखी गई आवृत्ति 0.36 है?,"जनसंख्या में विषमजैवकों की अपेक्षित आवृत्ति का पता लगाने के लिए, हम हार्डी-वेनबर्ग संतुलन समीकरण का उपयोग कर सकते हैंः p2 + 2pq + q2 = 1, जहां p प्रमुख एलील (A) की आवृत्ति है, q अप्रभावी एलील (a) की आवृत्ति है, और 2pq हेटेरोजाइगोट्स (एए) की आवृत्ति का प्रतिनिधित्व करता है।

सबसे पहले, हमें प्रमुख एलील (पी) और अप्रभावी एलील (क्यू) की आवृत्ति का पता लगाने की आवश्यकता है। चूंकि समयुग्म प्रमुख जीनोटाइप (एए) की देखी गई आवृत्ति 0.36 है, इसलिए हम कह सकते हैं कि पी2 = 0.36 है। पी का पता लगाने के लिए, हम 0.36 का वर्गमूल लेते हैं, जो 0.6 है।

अब, हमें अप्रभावी एलील (q) की आवृत्ति का पता लगाने की आवश्यकता है। चूंकि p + q = 1, हम कह सकते हैं कि q = 1-p। इसलिए, q = 1-0.6 = 0.0।

अंत में, हम हार्डी-वेनबर्ग संतुलन समीकरण में 2pq शब्द का उपयोग करके विषमयुग्म (एए) की अपेक्षित आवृत्ति का पता लगा सकते हैं।

तो, जनसंख्या में विषमजैवकों (एए) की अपेक्षित आवृत्ति 0.08 है।"
दिए गए जीव विज्ञान के प्रश्न का समाधान प्रदान करें:,"500 व्यक्तियों की आबादी में ए एलील की आवृत्ति क्या है, यदि उनमें से 150 में ए. ए. जीनोटाइप है, 200 में ए. बी. जीनोटाइप है, और 150 में बी. बी. जीनोटाइप है?","जनसंख्या में ए एलील की आवृत्ति की गणना करने के लिए, हमें पहले जनसंख्या में एलील की कुल संख्या निर्धारित करने की आवश्यकता है। चूँकि प्रत्येक व्यक्ति में दो एलील होते हैं, जनसंख्या में कुल 500 व्यक्ति * 2 एलील = 1000 एलील होते हैं।

इसके बाद, हमें जनसंख्या में ए एलील की संख्या गिननी होगी। एए जीनोटाइप वाले 150 व्यक्ति हैं, जिसका अर्थ है कि इन व्यक्तियों में से 150 * 2 = 300 ए एलील हैं। एबी जीनोटाइप वाले 200 व्यक्ति भी हैं, जिसका अर्थ है कि इन व्यक्तियों से 200 * 1 = 200 ए एलील हैं (क्योंकि उनमें से प्रत्येक में एक ए एलील और एक बी एलील है)।

तो, जनसंख्या में ए एलील की कुल संख्या 300 (एए व्यक्तियों से) + 200 (एबी व्यक्तियों से) = 500 ए एलील है।

अब, हम ए एलील की संख्या को जनसंख्या में एलील की कुल संख्या से विभाजित करके ए एलील की आवृत्ति की गणना कर सकते हैंः

ए एलील की आवृत्ति = (ए एलील की संख्या)/(एलील की कुल संख्या)
ए एलील की आवृत्ति = 500 ए एलील/1000 एलील = 0.5 या 50 प्रतिशत

जनसंख्या में ए एलील की आवृत्ति 0.5 या 50 प्रतिशत है।"
दिए गए जीव विज्ञान के प्रश्न का समाधान प्रस्तुत करें:Pradan kiye gaye jeev vigyan ke prashn ka uttar dein:,प्रमुख एलील के लिए 0.6 की जीन आवृत्ति के साथ हार्डी-वेनबर्ग संतुलन का पालन करने वाली आबादी में सजातीय प्रमुख व्यक्तियों की अपेक्षित आवृत्ति क्या है?,"हार्डी-वेनबर्ग संतुलन का पालन करने वाली आबादी में, एलील और जीनोटाइप की आवृत्तियों की गणना निम्नलिखित समीकरण का उपयोग करके की जा सकती हैः

p2 + 2pq + q2 = 1

जहाँ p प्रमुख एलील (A) की आवृत्ति है, q अप्रभावी एलील (a) की आवृत्ति है, p2 समयुग्म प्रमुख व्यक्तियों (AA) की आवृत्ति का प्रतिनिधित्व करता है, 2pq विषमयुग्म व्यक्तियों (AA) की आवृत्ति का प्रतिनिधित्व करता है, और q2 यह सजातीय अप्रभावी व्यक्तियों (एए) की आवृत्ति का प्रतिनिधित्व करता है।

यह देखते हुए कि प्रमुख एलील (पी) की आवृत्ति 0.6 है, हम समीकरण का उपयोग करके अप्रभावी एलील (क्यू) की आवृत्ति की गणना कर सकते हैंः

पी + क्यू = 1

0. 0 + q = 1

q = 1-0.6 = 0.40

अब, हम समीकरण का उपयोग करके सजातीय प्रमुख व्यक्तियों (ए. ए.) की अपेक्षित आवृत्ति की गणना कर सकते हैंः

पी2 = (0.6) 2 = 0.36

तो, इस आबादी में सजातीय प्रमुख व्यक्तियों की अपेक्षित आवृत्ति 0.36 या 36 प्रतिशत है।"
Diye gaye jeev vigyan ke prashn ka samadhan pradan karein:,"हार्डी-वेनबर्ग संतुलन का पालन करने वाले 500 व्यक्तियों की आबादी में ""ए"" एलील और ""ए"" एलील की आवृत्ति क्या है? इसके अलावा, इस आबादी में होमोजाइगस डोमिनेंट (एए), हेटेरोजाइगस (एए), और होमोजाइगस रिसेसिव (एए) व्यक्तियों के लिए अपेक्षित जीनोटाइप आवृत्ति की गणना करें।","""ए"" और ""ए"" एलील की आवृत्ति और हार्डी-वेनबर्ग संतुलन का पालन करने वाली आबादी में अपेक्षित जीनोटाइप आवृत्तियों की गणना करने के लिए, हमें एलील में से एक की आवृत्ति या जीनोटाइप में से एक की आवृत्ति जानने की आवश्यकता है।

हार्डी-वेनबर्ग संतुलन में कहा गया है कि अन्य विकासवादी प्रभावों के अभाव में आबादी में एलील और जीनोटाइप आवृत्तियाँ पीढ़ी दर पीढ़ी स्थिर रहती हैं। हार्डी-वेनबर्ग संतुलन के लिए समीकरण हैः

p2 + 2pq + q2 = 1

जहाँ p ""A"" एलील की आवृत्ति है, q ""a"" एलील की आवृत्ति है, p2 समयुग्म प्रमुख (AA) जीनोटाइप की आवृत्ति है, 2pq विषमयुग्म (AA) जीनोटाइप की आवृत्ति है, और q2 एलील की आवृत्ति है। सजातीय अप्रभावी (एए) जीनोटाइप।

गणना के साथ आगे बढ़ने के लिए कृपया एलील में से एक की आवृत्ति या जीनोटाइप में से एक की आवृत्ति प्रदान करें।"
Prastut kiye gaye jeev vigyan ke prashn ko hal karein:,भाला फेंकने के बायोमैकेनिक्स के आधार पर सबसे दूर की दूरी प्राप्त करने के लिए भाला छोड़ने के लिए इष्टतम कोण क्या है?,"बायोमैकेनिक्स और भौतिकी के आधार पर सबसे दूर की दूरी प्राप्त करने के लिए भाला छोड़ने के लिए इष्टतम कोण आमतौर पर लगभग 35 से 45 डिग्री होता है। हालांकि, यह व्यक्तिगत खिलाड़ी की ताकत, तकनीक और अन्य कारकों जैसे हवा की स्थिति के आधार पर भिन्न हो सकता है। सामान्य तौर पर, 45 डिग्री के करीब एक कोण अधिक ऊंचाई और वायु समय की अनुमति देता है, जबकि एक निचला कोण कम वायु प्रतिरोध के साथ एक सपाट प्रक्षेपवक्र प्रदान करता है। एथलीटों को अपनी विशिष्ट फेंकने की शैली और शारीरिक क्षमताओं के लिए सबसे अच्छा काम करने वाले को खोजने के लिए अलग-अलग रिलीज कोणों के साथ प्रयोग करना चाहिए।"
प्रदान की गई जीव विज्ञान की समस्या का समाधान करें:,भाला फेंकने वाले के लिए भाला छोड़ने के लिए इष्टतम कोण क्या है ताकि अधिकतम दूरी प्राप्त की जा सके?,"एक भाला फेंकने वाले के लिए अधिकतम दूरी प्राप्त करने के लिए भाला छोड़ने के लिए इष्टतम कोण लगभग 45 डिग्री है। यह कोण ऊर्ध्वाधर और क्षैतिज वेग के सर्वोत्तम संयोजन की अनुमति देता है, जिसके परिणामस्वरूप सबसे बड़ी सीमा होती है। हालांकि, वायु प्रतिरोध, खिलाड़ी की ताकत और तकनीक जैसे कारक भी इष्टतम कोण को प्रभावित कर सकते हैं।"
Respond to the provided biology question:,बेंच प्रेस के लिए इष्टतम पकड़ की चौड़ाई क्या है जो मांसपेशियों को सक्रिय करती है और भारोत्तोलकों में चोट के जोखिम को कम करती है?,"बेंच प्रेस के लिए इष्टतम पकड़ की चौड़ाई जो मांसपेशियों को सक्रिय करती है और भारोत्तोलकों में चोट के जोखिम को कम करती है, व्यक्ति के शरीर की संरचना और व्यक्तिगत प्राथमिकताओं के आधार पर भिन्न होती है। हालांकि, एक सामान्य दिशानिर्देश एक पकड़ चौड़ाई का उपयोग करना है जो कंधे की चौड़ाई का लगभग डेढ़ गुना है। इस पकड़ की चौड़ाई को मांसपेशियों के सक्रियण (पेक्टोरलिस मेजर, ट्राइसेप्स और एंटीरियर डेल्टॉइड) और कंधे के जोड़ पर कम तनाव के बीच संतुलन प्रदान करने के लिए दिखाया गया है।

यह ध्यान रखना महत्वपूर्ण है कि अंग की लंबाई, मांसपेशियों की ताकत और लचीलेपन में व्यक्तिगत अंतर इष्टतम पकड़ की चौड़ाई को प्रभावित कर सकते हैं। इसलिए, प्रत्येक व्यक्ति के लिए सबसे आरामदायक और प्रभावी स्थिति खोजने के लिए अलग-अलग पकड़ चौड़ाई के साथ प्रयोग करने की सिफारिश की जाती है। इसके अतिरिक्त, उचित अभ्यास, तकनीक और भारोत्तोलन में प्रगति चोट के जोखिम को कम करने में मदद कर सकती है।"
दिए गए जीव विज्ञान के प्रश्न का समाधान प्रदान करें:,बेंच प्रेस अभ्यास के दौरान अधिकतम मांसपेशियों के सक्रियण और प्रदर्शन के लिए इष्टतम पकड़ की चौड़ाई क्या है?,"बेंच प्रेस अभ्यास के दौरान अधिकतम मांसपेशियों के सक्रियण और प्रदर्शन के लिए इष्टतम पकड़ की चौड़ाई व्यक्ति के शरीर के अनुपात, शक्ति के स्तर और व्यक्तिगत प्राथमिकताओं के आधार पर भिन्न हो सकती है। हालांकि, एक सामान्य दिशानिर्देश एक पकड़ चौड़ाई का उपयोग करना है जो कंधे की चौड़ाई का लगभग डेढ़ गुना है। इस पकड़ की चौड़ाई को कंधे की चोटों के जोखिम को कम करते हुए पेक्टोरल और ट्राइसेप्स मांसपेशियों के सक्रियण के बीच एक अच्छा संतुलन प्रदान करने के लिए दिखाया गया है।

यह ध्यान रखना महत्वपूर्ण है कि व्यक्तिगत मतभेदों के लिए इस सामान्य दिशानिर्देश में समायोजन की आवश्यकता हो सकती है। कुछ व्यक्तियों को उनकी विशिष्ट बायोमैकेनिक्स और मांसपेशियों की ताकत के आधार पर थोड़ी व्यापक या संकीर्ण पकड़ से लाभ हो सकता है। विभिन्न पकड़ चौड़ाई के साथ प्रयोग करने और अपनी विशिष्ट आवश्यकताओं के लिए इष्टतम पकड़ चौड़ाई निर्धारित करने के लिए आराम, जोड़ों के तनाव और मांसपेशियों के सक्रियण पर ध्यान देने की अनुशंसा की जाती है।"
Solve the biology question presented:,"सबसे प्रभावी बायोमैकेनिक्स और छाती, ट्राइसेप्स और कंधों में कुशल मांसपेशियों के सक्रियण के साथ बेंच प्रेस अभ्यास करने के लिए इष्टतम पकड़ की चौड़ाई क्या है?","सबसे प्रभावी बायोमैकेनिक्स और छाती, ट्राइसेप्स और कंधों में कुशल मांसपेशियों के सक्रियण के साथ बेंच प्रेस अभ्यास करने के लिए इष्टतम पकड़ की चौड़ाई शरीर के अनुपात में व्यक्तिगत अंतर के कारण व्यक्ति से व्यक्ति में भिन्न होती है। मांसपेशियों की ताकत और लचीलापन। हालांकि, एक सामान्य दिशानिर्देश एक पकड़ चौड़ाई का उपयोग करना है जो कंधे की चौड़ाई का लगभग डेढ़ गुना है।

अपनी इष्टतम पकड़ की चौड़ाई का पता लगाने के लिए, इन चरणों का पालन करेंः

1. अपने कंधे की चौड़ाई को एक कंधे के बाहरी किनारे से दूसरे कंधे के बाहरी किनारे तक मापें।
2. अपनी पकड़ की चौड़ाई निर्धारित करने के लिए इस माप को 1.5 से गुणा करें।
3. बेंच प्रेस की व्यवस्था करते समय, अपने हाथों को बारबेल पर रखें ताकि आपके हाथों के अंदर के किनारों के बीच की दूरी आपकी गणना की गई पकड़ की चौड़ाई के बराबर हो।

इस पकड़ की चौड़ाई से प्रभावी बायोमैकेनिक्स और छाती, ट्राइसेप्स और कंधों में कुशल मांसपेशियों को सक्रिय करने की अनुमति मिलनी चाहिए। हालाँकि, अपने शरीर की बात सुनना और यदि आप असुविधा या दर्द का अनुभव करते हैं तो समायोजन करना आवश्यक है। उचित रूप और तकनीक सुनिश्चित करने के लिए एक फिटनेस पेशेवर से परामर्श करना भी सहायक हो सकता है।"
Respond to the provided biology question:,एक व्यक्ति को हर रात मिलने वाली आर. ई. एम. (रैपिड आई मूवमेंट) नींद की मात्रा और नई जानकारी सीखने और बनाए रखने की उनकी क्षमता के बीच क्या संबंध है?,"एक व्यक्ति को प्रत्येक रात मिलने वाली आर. ई. एम. नींद की मात्रा और नई जानकारी सीखने और बनाए रखने की उनकी क्षमता के बीच एक महत्वपूर्ण संबंध है। आर. ई. एम. नींद नींद चक्र का एक महत्वपूर्ण चरण है, जिसके दौरान मस्तिष्क दिन के दौरान प्राप्त नई जानकारी को समेकित और संसाधित करता है।

आर. ई. एम. नींद के दौरान, मस्तिष्क अत्यधिक सक्रिय होता है, और कई अध्ययनों से पता चला है कि यह स्मृति समेकन में महत्वपूर्ण भूमिका निभाता है, विशेष रूप से प्रक्रियात्मक और स्थानिक स्मृतियों के लिए। इसका मतलब है कि एक व्यक्ति को जितनी अधिक आर. ई. एम. नींद मिलती है, उतनी ही नई कौशल और जानकारी सीखने और बनाए रखने की उनकी क्षमता बेहतर होती है।

आर. ई. एम. नींद की कमी सीखने और स्मृति समेकन को नकारात्मक रूप से प्रभावित कर सकती है। नींद की कमी या नींद विकार जो आर. ई. एम. चरण को बाधित करते हैं, नई जानकारी को बनाए रखने में कठिनाइयों का कारण बन सकते हैं और समय के साथ संज्ञानात्मक हानि के विकास में भी योगदान कर सकते हैं।

संक्षेप में, इष्टतम सीखने और स्मृति प्रतिधारण के लिए आर. ई. एम. नींद की एक स्वस्थ मात्रा आवश्यक है। यह सुनिश्चित करना कि आपको आर. ई. एम. नींद सहित पर्याप्त गुणवत्ता वाली नींद मिलती है, नई जानकारी सीखने और बनाए रखने की आपकी क्षमता में काफी सुधार कर सकता है।"
Respond to the provided biology question:,विशालता का प्राथमिक कारण क्या है और स्थिति के विकास में कौन से हार्मोन शामिल हैं?,"विशालता का प्राथमिक कारण बचपन या किशोरावस्था के दौरान विकास हार्मोन (जी. एच.) का अत्यधिक उत्पादन है, इससे पहले कि हड्डियों में विकास प्लेट बंद हो जाए। विकास हार्मोन का यह अधिक उत्पादन आमतौर पर पिट्यूटरी ग्रंथि में एक सौम्य ट्यूमर (एडेनोमा) के कारण होता है, जो विकास हार्मोन के उत्पादन और जारी करने के लिए जिम्मेदार होता है।

विशालता के विकास में शामिल मुख्य हार्मोन विकास हार्मोन (जी. एच.) है, जिसे सोमाटोट्रोपिन के रूप में भी जाना जाता है। विकास हार्मोन यकृत में इंसुलिन जैसे विकास कारक 1 (आई. जी. एफ.-1) के उत्पादन को उत्तेजित करता है, जो बदले में पूरे शरीर में हड्डियों, मांसपेशियों और अन्य ऊतकों के विकास को बढ़ावा देता है। जब वृद्धि हार्मोन की अधिकता होती है, तो यह असामान्य रूप से तेजी से वृद्धि और ऊंचाई में वृद्धि की ओर ले जाता है, जिसके परिणामस्वरूप विशालता होती है।"
Prastut kiye gaye jeev vigyan ke prashn ko hal karein:,पेट्रोलियम-दूषित मिट्टी के कवक जैव उपचार के लिए इष्टतम तापमान क्या है और यह कवक द्वारा पेट्रोलियम हाइड्रोकार्बन के जैव क्षरण की दर को कैसे प्रभावित करता है?,"पेट्रोलियम-दूषित मिट्टी के कवक जैव उपचार के लिए इष्टतम तापमान प्रक्रिया के लिए उपयोग की जाने वाली विशिष्ट कवक प्रजातियों के आधार पर भिन्न होता है। हालांकि, सामान्य रूप से, जैव उपचार प्रक्रियाओं में शामिल अधिकांश कवक 20 डिग्री सेल्सियस और 30 डिग्री सेल्सियस (68 डिग्री फारेनहाइट और 86 डिग्री फारेनहाइट) के बीच के तापमान पर पनपते हैं।

कवक द्वारा पेट्रोलियम हाइड्रोकार्बन के जैव क्षरण की दर तापमान से प्रभावित होती है क्योंकि यह कवक प्रजातियों की चयापचय गतिविधि और विकास को प्रभावित करती है। इष्टतम तापमान सीमा पर, क्षरण प्रक्रिया में शामिल कवक एंजाइम सबसे अधिक सक्रिय होते हैं, और कवक का विकास इष्टतम होता है, जिससे जैव क्षरण की उच्च दर होती है।

हालांकि, यह ध्यान रखना महत्वपूर्ण है कि जैव क्षरण की दर अन्य कारकों से भी प्रभावित हो सकती है, जैसे कि पोषक तत्वों की उपलब्धता, पी. एच., नमी की मात्रा और मिट्टी में अन्य सूक्ष्मजीवों की उपस्थिति। इसलिए, पेट्रोलियम-दूषित मिट्टी के लिए जैव उपचार प्रक्रिया को अनुकूलित करते समय इन कारकों पर विचार करना आवश्यक है।"
प्रदान की गई जीव विज्ञान की समस्या का समाधान करें:,"एस्परगिलोसिस के गंभीर मामले वाले रोगी के लिए सबसे प्रभावी उपचार क्या है, जो मनुष्यों में संभावित रूप से घातक कवक संक्रमण है?","एस्परगिलोसिस के गंभीर मामले वाले रोगी के लिए सबसे प्रभावी उपचार में आमतौर पर एंटीफंगल दवाओं का उपयोग शामिल होता है। पहली पंक्ति का उपचार आमतौर पर वोरिकोनाज़ोल होता है, जो एक व्यापक-स्पेक्ट्रम एंटीफंगल दवा है। कुछ मामलों में, रोगी की विशिष्ट आवश्यकताओं और संक्रमण की गंभीरता के आधार पर अन्य कवकरोधी दवाओं जैसे एम्फोटेरिसिन बी, इट्राकोनाज़ोल, या पोसाकोनाज़ोल का उपयोग किया जा सकता है।

कवकरोधी दवाओं के अलावा, उपचार में किसी भी अंतर्निहित स्थिति का प्रबंधन करना भी शामिल हो सकता है जिसने संक्रमण के विकास में योगदान दिया हो, जैसे कि एक कमजोर प्रतिरक्षा प्रणाली। कुछ मामलों में, संक्रमित ऊतक को हटाने या कवक द्रव्यमान के कारण होने वाले दबाव को कम करने के लिए शल्य चिकित्सा हस्तक्षेप की आवश्यकता हो सकती है।

गंभीर एस्परगिलोसिस के रोगियों के लिए त्वरित और उचित उपचार प्राप्त करना महत्वपूर्ण है, क्योंकि यदि ठीक से प्रबंधित नहीं किया जाता है तो संक्रमण जीवन के लिए खतरनाक हो सकता है।"
Diye gaye jeev vigyan ke prashn ka samadhan prastut karein:,"एथलीट के पैर का कारण बनने वाली कवक प्रजातियों की पहचान करें, और संक्रमित व्यक्ति के लिए एक उपयुक्त उपचार विकल्प का सुझाव दें।","एथलीट के पैर (टिनिया पेडिस) का कारण बनने वाली कवक प्रजातियाँ आमतौर पर ट्राइकोफ़ाइटन वंश से होती हैं, विशेष रूप से ट्राइकोफ़ाइटन रूब्रम, ट्राइकोफ़ाइटन इंटरडिजिटल और ट्राइकोफ़ाइटन मेंटाग्रोफाइट्स।

एक संक्रमित व्यक्ति के लिए एक उपयुक्त उपचार विकल्प सामयिक कवकरोधी दवाओं का उपयोग होगा, जैसे कि क्लोट्रिमाज़ोल, माइकोनाज़ोल या टेरबिनाफ़ाइन। इन दवाओं को सीधे प्रभावित क्षेत्र में क्रीम, जेल या स्प्रे के रूप में लगाया जा सकता है, आमतौर पर 1 से 4 सप्ताह के लिए, संक्रमण की गंभीरता और उपयोग की जाने वाली विशिष्ट दवा के आधार पर। अधिक गंभीर या लगातार मामलों में, एक स्वास्थ्य पेशेवर द्वारा इट्राकोनाज़ोल या टेरबिनाफ़ाइन जैसी मौखिक एंटीफ़ंगल दवाएँ निर्धारित की जा सकती हैं। इसके अतिरिक्त, पैरों की उचित स्वच्छता बनाए रखने और पैरों को सूखा रखने से एथलीट के पैर की पुनरावृत्ति को रोकने में मदद मिल सकती है।"
प्रस्तुत किए गए जीव विज्ञान के प्रश्न को हल करें:,"क्या आप स्थानीय जंगलों में पाई जाने वाली तीन सामान्य कवक प्रजातियों की पहचान करने के लिए उनकी भौतिक विशेषताओं जैसे टोपी के आकार, गिल संलग्नक और बीजाणु रंग के आधार पर एक द्विविभाजन कुंजी प्रदान कर सकते हैं?","निश्चित रूप से! यहाँ स्थानीय जंगलों में पाई जाने वाली तीन सामान्य कवक प्रजातियों की पहचान करने के लिए एक सरल द्विभाजन कुंजी है जो टोपी के आकार, गिल संलग्नक और बीजाणु रंग के आधार पर है। कृपया ध्यान दें कि यह कुंजी विस्तृत नहीं है, और इसी तरह की विशेषताओं वाली अन्य प्रजातियाँ भी हो सकती हैं। सटीक पहचान के लिए किसी फील्ड गाइड या विशेषज्ञ से परामर्श करना हमेशा सबसे अच्छा होता है।

1ए. टोपी का आकार सपाट या थोड़ा उत्तल है-चरण 2 पर जाएँ
1 बी. टोपी का आकार शंक्वाकार या घंटी के आकार का होता है-चरण 3 पर जाएँ

2ए. गिल अटैचमेंट मुक्त है (तने से जुड़ा नहीं है) और बीजाणु का रंग सफेद है-प्रजाति एः अगरिकस कैम्पेस्ट्रिस (मीडो मशरूम)
2बी. गिल अटैचमेंट डिकरेंट (तने के नीचे चल रहा है) और बीजाणु का रंग गुलाबी-भूरे रंग का होता है-प्रजाति बीः लेपिस्टा नुडा (वुड ब्लविट)

3ए. गिल अटैचमेंट एडनेट (तने से जुड़ा हुआ) होता है और बीजाणु का रंग काला होता है-प्रजाति सीः कोप्रिनेलस माइकेसियस (अभ्रक कैप)"
प्रदान की गई जीव विज्ञान की समस्या का समाधान करें:,एथलीट के पैर का कारण बनने के लिए जिम्मेदार कवक प्रजातियों की पहचान करें और इसके प्रसार को रोकने के दो सामान्य तरीकों को सूचीबद्ध करें।,"एथलीट के पैर का कारण बनने के लिए जिम्मेदार कवक प्रजाति ट्राइकोफाइटन रूब्रम है, और यह डर्मेटोफाइट्स नामक कवक के एक समूह से संबंधित है।

एथलीट के पैर के प्रसार को रोकने के दो सामान्य तरीके हैंः

1. पैरों की अच्छी स्वच्छता बनाए रखेंः अपने पैरों को रोजाना साबुन और पानी से धोएं, और उन्हें अच्छी तरह से सुखाएं, विशेष रूप से पैर की उंगलियों के बीच। यह त्वचा को साफ रखने और कवक संक्रमण के प्रति कम संवेदनशील रखने में मदद करता है।

2. सांस लेने योग्य जूते और नमी बढ़ाने वाले मोजे पहनेंः सांस लेने योग्य सामग्री से बने जूते चुनें, जैसे कि चमड़ा या कैनवास, ताकि हवा का परिसंचरण हो सके और नमी का निर्माण कम हो। इसके अलावा, अपने पैरों को सूखा रखने में मदद करने के लिए नमी बढ़ाने वाले मोजे पहनें। हर दिन एक ही जोड़ी के जूते पहनने से बचें, और उन्हें उपयोग के बीच हवा देने के लिए समय दें।"
