Muiriel is 20 now.,म्यूरियल अब बीस साल की हो गई है।
Muiriel is 20 now.,म्यूरियल अब बीस साल की है।
Education in this world disappoints me.,मैं इस दुनिया में शिक्षा पर बहुत निराश हूँ।
That won't happen.,वैसा नहीं होगा।
I miss you.,मुझें तुम्हारी याद आ रही है।
I miss you.,मुझें आपकी याद आ रही है।
You should sleep.,तुम्हें सोना चाहिए।
You should sleep.,आपको सोना चाहिए।
I never liked biology.,मुझे जीव विज्ञान कभी भी पसंद नहीं था।
No I'm not; you are!,"मैं नहीं हूँ, तुम हो!"
That's MY line!,वह तो मेरी लाईन है!
Are you sure?,पक्का?
Hurry up.,जल्दी करो!
It doesn't surprise me.,इससे मुझें आश्चर्य नहीं होता।
It doesn't surprise me.,इससे मुझें ताज्जुब नहीं होता।
For some reason I feel more alive at night.,पता नहीं क्यों मुझे रात में ज़्यादा ज़िन्दा महसूस होता है।
I'm so fat.,मैं कितना मोटा हूं।
I'm so fat.,मैं कितनी मोटी हूं।
That's because you're a girl.,इसलिए क्योंकि तुम लड़की हो।
I didn't like it.,मुझे अच्छा नहीं लगा।
I didn't like it.,मुझे पसंद नहीं आया।
You can do it.,तुम कर सकते हो।
You can do it.,तुम कर सकती हो।
That wasn't my intention.,मेरा वह इरादा नहीं था।
It seems interesting to me.,मुझे बहुत मज़ेदार लगती है!
It seems interesting to me.,मुझे बहुत दिलचस्प लगती है!
What did you answer?,तुमने क्या जवाब दिया?
What did you answer?,तुम ने क्या जवाब दिया?
What did you answer?,आप ने क्या जवाब दिया?
Where is the problem?,मुश्किल क्या है?
Where is the problem?,मुश्किल कहाँ है?
I love you.,मैं तुमसे प्यार करती हूँ।
I love you.,मैं तुमसे प्यार करता हूँ।
I love you.,मैं आपसे प्यार करता हूँ।
I love you.,मैं आपसे प्यार करती हूँ।
I love you.,मुझे तुमसे प्यार है।
I didn't want this to happen.,मैं नहीं चाहता था कि ऐसा हो।
Bearing can be unbearable.,बर्दाश्त की भी हद होती है।
"Tomorrow, he will land on the moon.",कल वह चाँद पर उतरेगा।
"When will you be back? ""It all depends on the weather.""","कब वापस आओगे? ""यह तो मौसम देख कर पता चलेगा।"""
What's the matter? asked the little white rabbit.,क्या बात है? छोटे सफ़ेद खरगोश ने पूछा।
Allen is a poet.,ऐलन कवि है।
Allen is a poet.,अॅलेन कवी है।
"Democracy is the worst form of government, except all the others that have been tried.","लोकतंत्र सरकार का सबसे घिनौना रूप है, अगर बाकी सारी तरह की सरकारों को अंदेखा किया जाए तो।"
"When I left the train station, I saw a man.",मैंने ट्रेन स्टेशन से निकलने के समय एक आदमी को देखा।
Did you miss me?,मेरी याद आई क्या?
Thank you very much!,आपका बहुत बहुत धन्यवाद!
Thank you very much!,आपका बहुत बहुत शुक्रिया!
I'll take him.,मैं उसे लेलूँगा।
They say love is blind.,कहते हैं कि प्यार अंधा होता है।
It's impossible for me to explain it to you.,मुझे तुमको यह बात समझाना नामुमकिन है।
It is already eleven.,ग्यारह बज चुके हैं।
I have a bone to pick with you.,मैं तुमसे खुश नहीं हूँ।
The world is a den of crazies.,दुनिया पागलों से भरी हुई है।
My name is Jack.,मेरा नाम जैक है।
Would you like to dance with me?,मेरे साथ नाचना चाहोगी क्या?
Would you like to dance with me?,मेरे साथ डान्स करना चाहती हो क्या?
Italy is a very beautiful country.,इटली एक बहुत सुंदर देश है।
Open your mouth!,अपना मूँह खोलो!
Nobody came.,कोई नहीं आया।
I have a headache.,मेरे सिर में दर्द हो रहा है।
I have a headache.,मुझे सिरदर्द हो रहा है।
It's too expensive!,बहुत महंगा है!
It's too expensive!,बहुत महंगी है!
You should have listened to me.,तुम्हें मेरी बात सुन लेनी चाहिए थी।
I'm starving!,मैं भूख से मरा जा रहा हूँ।
I am married and have two children.,मैं शादीशुदा हूँ और मेरे दो बच्चे हैं।
"Who searches, finds.","जो ढूँढता है, उसीको मिलता है।"
"I don't think, therefore I am not.","मैं सोचता नहीं, अतः मैं नहीं हूं।"
"I don't think, therefore I am not.","मैं सोचती नहीं, अतः मैं नहीं हूं।"
I find foreign languages very interesting.,मेरे ख़याल से विदेशी भाषाएँ बहुत ही दिलचस्प होतीं हैं।
It's cold.,ठंड हो रही है।
"When you can't do what you want, you do what you can.","जब वह नहीं कर सकते जो करना चाहते हो, तो वह करो जो कर सकते हो।"
You didn't tell him anything?,तुमने उसे कुछ भी नहीं बताया?
You made me lose my mind.,तुमने मुझे पागल कर दिया।
"Could you call again later, please?",क्या आप थोड़ी देर बाद फिरसे फ़ोन कर सकतें हैं?
I don't want to go to school.,मैं स्कुल जाना नहीं चाहता हूँ।
Justice is expensive.,इंसाफ़ महंगा होता है।
Blind people sometimes develop a compensatory ability to sense the proximity of objects around them.,कुछ नेत्रहीन व्यक्तियों में उनके आास-पास की चीज़ों की दूरी को महसूस करने की क्षतिपूरक क्षमता पैदा हो जाती है।
I cannot dance one single step of Salsa.,मुझे साल्सा नाचना बिलकुल नहीं आता।
I like my job very much.,मुझे अपना काम बहुत पसंद है।
But you've never told me about this!,पर तुमने मुझे यह पहले कभी बताया नहीं था!
You had plenty of time.,तुम्हारे पास काफ़ी समय था।
How many sandwiches are there left?,कितने सैंडविच बचे हैं?
I can't believe it!,मुझे विश्वास नहीं होता!
He's rich. He doesn't need money!,वह अमीर है। उसे पैसों की ज़रूरत नहीं है।
He's sleeping like a baby.,वह बच्चे की तरह सो रहा है।
There's a secret path on the left.,बाईं ओर को एक गुप्त रास्ता है।
Are you saying my life is in danger?,क्या तुम कह रहे हो कि मेरी जान ख़तरे में है?
So what if I am gay? Is it a crime?,तो क्या अगर मैं गे हूँ? कोई अपराध है क्या?
I spent the whole afternoon chatting with friends.,मैंने दोपहरभर अपने दोस्तों से गप मारी।
"Sir, you are not allowed to park your car here.",आप अपनी गाड़ी यहाँ खड़ी नहीं कर सकते हैं।
"When I was your age, Pluto was a planet.",जब मैं तुम्हारी उम्र का था तब प्लूटो ग्रह था।
"If I don't do it now, I never will.",अगर मैं अभी नहीं करूँगा तो कभी नहीं करूँगा।
"Perhaps you are right, I have been selfish.","शायद तुम सही हो, शायद मैं स्वार्थी रहा हूँ।"
We men are used to waiting for the women.,हम मर्दों को औरतों का इंतेज़ार करने की आदत है।
Take good care of yourself.,अपना अच्छे से ख़याल रखना।
Do you have a pen on you?,तुम्हारे पास कलम है क्या?
"The sooner, the better.",जितना जल्दी उतना अच्छा।
I don't know him.,मैं उसे नहीं जानता।
Look carefully. I'm going to show you how it's done.,ग़ौर से देखा। मैं तुम्हें दिखाऊँगा कैसे किया जाता है।
Fifty-two per cent of British women prefer chocolate to sex.,बावन प्रतिशत ब्रिटिश औरतें सेक्स से ज़्यादा चॉकलेट पसंद करती हैं।
He's a good person.,वह अच्छा इनसान है।
Make yourself at home.,इसको अपना घर ही समझो।
I'm going to take a bath.,मैं नहाने जा रहा हूँ।
Don't forget the ticket.,टिकट भूलना मत।
I talked to friends.,मैंने दोस्तों से बात की।
Tell me what happened.,मुझे बताओ क्या हुआ।
It's more difficult than you think.,जितना तुम सोच रहे हो उतना आसान नहीं है।
I don't know if I'll have time to do it.,मुझे नहीं पता मेरे पास यह करने के लिए समय होगा कि नहीं।
For once in my life I'm doing a good deed... And it is useless.,मैंने ज़िन्दगी में पहली बार कोई अच्छा काम किया पर वह भी बेकार निकला।
It's been ten years since we last met.,हमारी पिछली मुलाक़ात से अब दस साल हो गए हैं।
I buried my dog at the pet cemetery.,मैंने अपने कुत्ते को पालतू जानवरों के कब्रिस्तान में बरी कर दिया।
You should take care of your sick mother.,तुम्हें अपनी बीमार माँ का ख़याल रखना चाहिए।
Can you keep a secret?,तुम राज़ रख सकते हो क्या?
"You are tired, aren't you?","तुम थक गए हो, है ना?"
Are you younger than him?,तुम उससे छोटे हो क्या?
You must take his age into account.,तुम्हें उसकी उम्र का भी लिहाज़ करना चाहिए।
All you have to do is follow his advice.,तुम्हें बस उसकी सलाह के मुताबिक काम करना होगा।
It would be better for you not to ask him for advice.,बहतर होगा कि तुम उससे सलाह न माँगो।
You must study hard.,तुम्हें मन लगाकर पढ़ना होगा।
It is necessary for you to see a doctor at once.,तुम्हें जल्द-से-जल्द डॉक्टर के पास जाने की ज़रूरत है।
Are you meeting someone here?,तुम यहाँ किसी से मिल रहे हो क्या?
You may have read this book already.,तुमने यह किताब पहले ही पढ़ी होगी.
Do you believe in God?,क्या तुम भगवान में विश्वास करते हो?
You ought not to have spent so much money on your hobby.,तुम्हें अपने शौक पर इतने सारे पैसे खर्च नहीं करने चाहिए थे।
Can you drive a car?,तुम्हें गाड़ी चलाना आता है क्या?
Can you drive a car?,तुम गाड़ी चला सकते हो क्या?
Do you have a room of your own?,क्या तुम्हारे पास अपना खुद का कमरा है?
You had better do as I suggest.,बहतर होगा कि तुम वैसा ही करो जैसा मैं बताऊं।
You look happy today.,तुम आज खुश लगते हो।
You have to go.,तुम्हें जाना होगा।
You should conform to the rules.,तुम्हें नियमों का पालन करना चाहिए।
Would you like to go abroad?,तुम विदेश जाना चाहती हो क्या?
You should have attended the meeting.,तुम्हें मीटिंग में आना चाहिए था।
How many books do you have?,तुम्हारे पास कितनी किताबें हैं?
What are you looking for?,क्या ढूँढ रहे हो?
What are you going to be?,तुम क्या बनोगे?
Did you read it at all?,तुमने पूरा पढ़ लिया क्या?
"You have only to study hard, and you will pass the test.",तुम्हें टेस्ट पास करने के लिए बस मन लगाकर पढ़ना होगा।
You are too ready to speak ill of others.,तुम हमेशा लोगों की बुराई करने को तैयार रहते हो।
You'll have to manufacture some kind of excuse.,तुम्हें कोई-न-कोई बहाना बनाना पड़ेगा।
How rude of you!,कितने बदतमीज़ हो तुम!
How rude of you!,बदतमीज़!
How long will you stay here?,आप यहाँ कितने दिन रहेंगे?
Where were you?,तुम कहाँ थे?
Where were you?,आप कहाँ थे?
How did you come to know her?,तुम उसे कैसे जानते थे?
What have you come here for?,तुम यहाँ क्यों आए हो?
What have you come here for?,आप लोग यहाँ क्या करने के लिए आए हैं?
You owe me an apology for that.,तुम्हें इस बात के लिए मुझसे माफ़ी माँगनी चाहिए।
You should make use of this chance.,तुम्हें इस मौके का फ़ायदा उठाना चाहिए।
You should make use of this chance.,तुम्हें इस मौके को गवा नहीं देना चाहिए।
You can study here.,तुम यहाँ पढ़ाई कर सकते हो।
You can study here.,तुम यहाँ पढ़ाई कर सकती हो।
Haven't you got any money?,तुम्हारे पास कुछ पैसे नहीं हैं क्या?
When did you begin studying English?,आपने अंग्रेज़ी सीखना कब शुरू किया?
When did you begin studying English?,तुमने अंग्रेज़ी सीखना कब शुरू किया?
When did you begin studying English?,तुम कब से अंग्रेज़ी सीखने लगे?
When did you begin studying English?,तुम कब से अंग्रेज़ी सीखने लगी?
When did you begin studying English?,आप कब से अंग्रेज़ी सीखने लगें?
When did you begin studying English?,आप कब से अंग्रेज़ी सीखने लगीं?
You are always complaining.,तुम हमेशा शिकायत करते रहते हो।
You can't go naked in this hotel.,तुम इस होटेल में नंगे नहीं जा सकते।
You can't go naked in this hotel.,आप इस होटेल में नंगे नहीं जा सकतें।
You can't go naked in this hotel.,तुम इस होटेल में नंगी नहीं जा सकती।
You can't go naked in this hotel.,आप इस होटेल में नंगी नहीं जा सकती।
Your friendship is most precious to me.,तुम्हारी दोस्ती ही मेरे लिए सबसे अनमोल है।
Your friendship is most precious to me.,आपकी दोस्ती ही मेरे लिए सबसे अनमोल है।
Where are your eyes?,तुम्हारी आँखें कहाँ हैं?
Your daughter is not a child anymore.,तुम्हारी बेटी अब बच्ची नहीं है।
You have been beaten. Give in!,तुम हरा दिए गए हो। हार मान भी लो।
It's your move.,तुम्हारी चाल है।
Your hair is too long.,तुम्हारे बाल कुछ ज़्यादा ही लम्बे हैं।
Mind your own business!,अपने काम से काम रखो!
Your bicycle is similar to mine.,तुम्हारी साईकल मेरी साईकल जैसी है।
Is your watch correct?,तुम्हारी घड़ी सही है क्या?
Your examination results are excellent.,तुम्हारे इगज़ैम के रिज़ल्ट बहुत अच्छे हैं।
May we accompany you on your walk?,हम तुम्हारे साथ सैर करने चलें क्या?
You have the freedom to travel wherever you like.,तुम्हारे पास जहाँ भी जाने की मर्ज़ी हो वहाँ जाने की आज़ादी है।
I think you're right.,मेरे ख़याल से तुम सही हो।
You may be right.,तुम शायद सही हो।
That is no business of yours.,इसका तुमसे कोई लेना-देना नहीं है।
Your house needs repairing.,तुम्हारे मकान को मरम्मत की ज़रूरत है।
Can I use your pencil?,मैं तुम्हारी पेनसिल इस्तेमाल कर सकता हूँ क्या?
Here is your bag.,"यह लो, तुम्हारा बस्ता।"
You've got nothing to complain of.,तुम्हारे पास शिकायत करने के लिए को भी वजह नहीं है।
Didn't I tell you so?,मैंने तुम्हें बताया नहीं था?
Who is your teacher?,तुम्हारे टीचर कौन हैं?
Either you or I am wrong.,या तुम गलत हो या मैं |
The success resulted from your efforts.,यह कामयाबी तुम्हारे कर्मों का फल है।
It makes no difference whether you agree or not.,"तुम मानो या न मानो, उससे कोई फ़र्क नहीं पड़ता।"
It will not make much difference whether you go today or tomorrow.,"तुम आज जाओ या कल, इससे ज़्यादा फ़र्क नहीं पड़ेगा।"
Be sure to put out the fire before you leave.,जाने से पहले आग को बुझाना मत भूलना।
"Whatever you say, I'll marry her.","तुम जो भी कहो, मैं तो उससे शादी कर के ही रहूँगा।"
I can't allow you to do that.,मैं तुम्हें यह करने नहीं दे सकता।
You can do this with ease.,तुम यह आसानी से कर सकता हो।
"Take off your socks, please.",अपने मोज़े उतारिए।
Your feet are swollen because your shoes are too small.,तुम्हारे पैर सूज गए हैं क्योंकि तुम्हारे जूते बहुत छोटे हैं।
Hunger drove him to steal.,भूख ने उसे चोरी करने पर मजबूर किया।
Karate is an art of unarmed defense.,कराटे निहत्थे रक्षा की कला है।
Karate is an art of unarmed defense.,कराटे बेहथियार रक्षा की कला है।
We would die without air.,हम हवा के बिना मर जाएँगे।
Without air there can be no wind or sound on the moon.,वातावरण के बिना चाँद पर हवा और आवाज़ नहीं हो सकतीं।
Look up to the skies.,आसमानों को देखो।
The sky clouded over.,आसमान बादल-बादल हो गया।
There are billions of stars in the sky.,आकाश में कई अरब सितारे हैं।
You can see a lot of stars in the sky.,तुम्हें आसमान में बहुत सारे सितारे दिखाई देंगे।
"Seen from the sky, the river looked like a huge snake.",आसमान से वह नदी एक विशाल सांप की तरह दिख रही थी।
The rich are not always happier than the poor.,अमीर हमेशा गरीबों से ज़्यादा ख़ुश नहीं होते।
"He may be rich, but he is stingy.",वह अमीर है हो है पर कंजूस भी है।
I'm broke.,मेरा दीवालिया हो चुका है।
Get out your wallet.,अपना बटुआ निकालो।
Get out your wallet.,अपना बटुआ निकालें।
Get out your wallet.,अपना बटुआ निकालिए।
Too much money?,पैसे बहुत ज़्यादा हैं क्या?
A fire broke out near my house.,मेरे घर के पड़ोस में आग लग गई थी।
Business is so slow these days.,कारोबार में आजकल मंदी पड़ गई है।
What number should I call in case of an emergency?,आपातकालीन स्तिथि में मुझे क्या नम्बर मिलाना चाहिए?
"In case of emergency, call 119.",आपातकाल में ११९ को फ़ोन करें
I advise you to stop smoking.,मेरे ख़याल से तुम्हें सिगरेट पीना छोड़ देना चहिए।
I advise you to stop smoking.,मैं तुम्हें सिगरेट पीना छोड़ देने की सलाह देना चाहता हूँ।
You startled me!,तुमने मुझे डरा दिया!
"To my surprise, she could not answer the question.",मैं हैरान था कि वह सवाल का जवाब नहीं दे पाई।
Tom started the engine.,टॉम ने इंजन को चालू कर दिया।
Mr Hashimoto is known to everyone.,हाशिमोतो-जी को सभी जानते हैं।
The bridge is safe; you can drive across.,"ब्रिज सुरक्षित है, तुम उसपर गाड़ी चलाकर जा सकते हो।"
Do you know the man standing on the bridge?,तुम ब्रिज पर खड़े हुए आदमी को जानते हो क्या?
It is the students' duty to clean their classrooms.,अपनी कक्षा की सफ़ाई करना विद्यार्थियों का कर्तव्य होता है।
Take off your hat when you enter a classroom.,क्लासरूम में घुसते समय अपनी टोपी उतारा करो।
You must not forget your schoolbooks.,तुम्हें अपनी पाठशाला की पुस्तकें नहीं भूलनी चाहिए।
There are many old temples in Kyoto.,क्योटो में बहुत सारे पुराने मंदिर हैं।
How is it going in the fish market?,मछली बाज़ार में कैसा चल रहा है?
Fish live in the water.,मछलियाँ पानी में जीतीं हैं।
Fish live in the sea.,मछलियाँ समुंदर में रहतीं हैं।
I'm allergic to fish.,मुझे मछली से एलर्जी है।
The fisherman exaggerated the size of the fish he had caught.,मछवारे ने पकड़ी हुई मछली के आकार को बढ़ा-चढ़ाकर बताया।
Is there a milkman?,दूधवाला है?
I ran into an old friend.,मेरी एक पुराने दोस्त से मुलाक़ात हुई।
Misfortunes never come singly.,मुसीबत अकेले नहीं आती।
Rub salt in the wound.,जले पर नमक छिड़कना।
Do you need an ambulance?,आपको ऐमब्यूलेंस की ज़रूरत है क्या?
"Hurry, and you will catch the train.",जल्दी करो तो ट्रेन पकड़ सकते हो।
"Hurry up, and you can catch the train.",जल्दी करोगे तो अभी भी ट्रेन पकड़ सकते हो।
"Hurry up, or you'll miss the bus.",जल्दी करो नहीं तो बस छूट जाएगी।
You make mistakes if you do things in a hurry.,जल्दबाज़ी में काम करोगे तो ग़लतियाँ तो होंगीं ही।
I haven't seen him for a long time.,मैंने उसे बहुत दिनों से नहीं देखा है।
Smoking will do you a lot of harm.,धूम्रपान आपको हानि पहुँचाएगा।
What is the difference between imitation and real diamonds?,असली और नकली हीरों में क्या फ़र्क होता है?
What is done cannot be undone.,होनी को अनहोनी नहीं किया जा सकता।
What is done cannot be undone.,जो हो चुका है सो हो चुका है।
Reporter: Did you buy her a kitten?,रिपोर्टर: क्या आपने उसके लिए बिल्ली खरीदी थी?
Our train stopped suddenly.,हमारी ट्रेन अचानक रुक गई।
Please make yourself at home.,इसको अपना घर ही समझो।
Please make yourself at home.,इसको अपना घर ही समझिए।
What's the temperature?,तापमान क्या है?
You can go home if you like.,चाहो तो घर जा सकते हो।
You can go home if you like.,चाहो तो घर जा सकती हो।
Keep sight of the flag.,झंडे को नज़र में रखना।
There is a book on the desk.,मेज़ पर किताब है।
There is a bag on the desk.,मेज़ पर बस्ता रखा हुआ है।
There is a cat under the desk.,मेज़ के नीचे एक बिल्ली है।
I agree with you to a degree.,मैं तुम्हारे साथ एक हद तक सहमत हूँ।
Don't give up hope.,उम्मीद मत छोड़ो।
"Strange as it may sound, this is true.","चाहे सुनने में जितना भी अजीब लगे, यह सच है।"
I will be pleased to help you.,मुझे आपकी मदद करके खुशी होगी।
Turn your face this way.,अपना मूँह इस ओर मोड़ो।
Turn your face this way.,अपना मूँह इस तरफ़ मोड़ो।
I don't exist to you.,मैं तुम्हारी आँखों में मर चुका हूँ।
I've lost my glasses.,मेरा चश्मा खो गया है।
I've lost my glasses.,मेरे चश्मे खो गए हैं।
Cancer can be cured if discovered in time.,"कैंसर का अगर समय में पता चल जाए, तो उसका इलाज हो सकता है।"
It's as deep as it is wide.,"जितना गहरा है, उतना ही चौड़ा है।"
It's as deep as it is wide.,"जितनी गहरी है, उतनी ही चौड़ी है।"
Don't be afraid of making mistakes.,ग़लतियाँ करने से मत डरो।
We ought to do our best not to pollute our environment.,हमे पर्यावरण के प्रदूषण को रोकने का प्रयास करना चाहिए।
Kanji are difficult to read.,चीनी अक्षर पढ़ने में मुश्किल होते हैं।
The patient was lying in the bed with his eyes closed.,मरीज़ आँखें बंद कर बिस्टर पर लेटा हुआ था।
I feel cold. Do you mind closing the window?,मुझे ठंड लग रही है। खिड़की बंद कर सकते हो क्या?
Have fun.,मज़े करना।
Have fun.,मौज करना।
"It's been nice talking to you, but I really must go now.","आपसे बात करके खुशी हुई, पर अब मुझे जाना पड़ेगा।"
Not all the students were present in class.,कक्षा में सभी विद्यार्थी उपस्थित नहीं थें।
The students assisted the professor in the investigation.,छात्रों ने प्रोफेसर की तहकीकात में सहायता करी।
School begins in April.,स्कूल अप्रैल में शुरू होता है।
School is over at 3:30.,स्कूल साढ़े तीन बजे छूटता है।
School begins at eight-thirty.,स्कूल साढ़े-आठ बजे शुरू होता है।
"The more we learn, the better we realize our ignorance.","जितना ज़्यादा हम सीखते हैं, उतना हि बहतर हमें हमारी अज्ञानता का अहसास होता है।"
"After the revolution, France became a republic.","क्रांति के बाद, फ़्रांस एक गणतंत्र बना।"
There's a pub just around the corner.,बस उस कोने के आगे ही एक मदिरालय है।
I'm sure I've seen him before.,मुझे यकीन है कि मैंने उसे पहले देखा हुआ है।
"If you shout from the top of a cliff, you can hear the echo of your voice.",अगर तुम ऊँची चट्टान पर जाकर चिल्लाओ तो अपनी आवाज़ की गूँज सुन सकते हो।
Make sure to turn off all the lights before going out.,बहार जाने से पहले सारी बत्तियाँ बंद करना मत भूलना।
I would rather stay at home than go out.,मुझे बाहर जाने से घर में रहना पसंद है।
Didn't you go out?,आप बाहर नहीं गए थें क्या?
Didn't you go out?,तुम बाहर नहीं गए थे क्या?
Didn't you go out?,तू बाहर नहीं गया था क्या?
It is often said that the best way to learn a foreign language is to go to the country where it is spoken.,अक्सर कहा जाता है कि किसी भी विदेशी भाषा को सीखने का सबसे अच्छा तरीका उस देश में जाकर रहना होता है।
Learning a foreign language is fun.,विदेषी भाषा सीखना बहुत मज़ेदार होता है।
Everybody came to the class on time.,सभी लोग क्लास में समय पर पहुँचे।
How is everyone?,सब लोग कैसे हैं?
Everybody laughed.,सभी हँसे।
Cover up the injured man with this blanket.,घायल आदमी को इस कंबल से ढक दो।
Cross off the names of the people who have paid their dues.,"जो पैसे भर चुकें हैं, उनके नाम काट दो।"
Management of a company is different from ownership of a company.,किसी कम्पनी को चलाना उसके मालिक बनने से फ़र्क होता है।
Fix a date for the meeting.,मीटिंग के लिए तारीख पक्की करो।
How many people were present at the meeting?,बैठक मैं कितने लोग मौजूद थे ?
We gave our mother a watch.,हमने हमारी मां को एक घड़ी दी।
We accepted his offer.,हमने उसके प्रस्ताव को स्वीकार कर लिया।
We shared the profit among us all.,हमने मुनाफ़े को अपने बीच बाँटा।
We are against war.,हम जंग के ख़िलाफ़ हैं।
We are against war.,हम युद्ध का विरोध करते हैं।
We should observe the speed limit.,हमे गति सीमा का पालन करना चाहिए।
We are anxious for world peace.,हम विश्व शांति के लिए तत्पर हैं।
We are firmly confident of victory.,हमको अपनी जीत का पूरा यकीन है।
We must abide by the rules of the game.,हमे खेल के नियमों का पालन करना पड़ेगा।
We should do away with the death penalty.,हमें मौत की सज़ा को हटा देना चाहिए।
We must rescue the environment from pollution.,हमें पर्यावरण को प्रदूषण से बचाना चाहिए।
We investigated the matter from all angles.,हमने मामले की हर पहलू से छानबीन करी।
We voted for the candidate.,हमने उस उम्मीदवार को चुना।
We voted for the candidate.,हमने उस उम्मीदवार को अपना मत दिया।
We stayed at a hotel by the lake.,हम झील के पास एक होटल में ठहरे।
We were surprised at the news.,हम खबर सुनकर चौंक गए।
We talked to each other for a while.,हमने थोड़ी देर के लिए एक-दूसरे के साथ बात करी।
We are in agreement on this subject.,हम इस विषय पर सहमत हैं।
Our class consists of fifty boys.,हमारी क्लास में पचास लड़के हैं।
Our class consists of fifty boys.,हमारी कक्षा में पचास लड़के हैं।
Our new head office is in Tokyo.,हमारा नया प्रधान कार्यालय टोकियो में है।
Our new head office is in Tokyo.,हमारा नया हेड ऑफिस टोकियो में है।
Our meeting rarely starts on time.,हमारी मीटिंग कभी-कभार ही टाईम पर शुरू होती है।
Our team won the game.,हमारी टीम ने खेल जीता।
Would you carry my luggage upstairs?,क्या तुम मेरा सामान ऊपर ले जाओगे?
The vase was broken to pieces.,गुलदान टूट कर चूर-चूर हो गया।
Bees are flying among the flowers.,फूलों के बीच मधुमक्खियाँ उड़ रहीं हैं।
The bride suddenly laughed.,दुल्हन अचानक से हँस पड़ी।
The flowers were dying without water.,फूल पानी के बिना मरे जा रहे थे।
Flowers bloom.,फूल खिलते हैं।
I'll expect to hear from you by Tuesday.,मैं मंगलवार के आने से पहले तुमसे खबर सुनने की उम्मीद रखूँगा।
Twenty people perished in the blaze.,आग में बीस लोगों की मौत हो गई।
Twenty people perished in the blaze.,आग में बीस लोग चल बसे।
Fire burns.,आग जलाती है।
"As he had no way of making fire, he ate the fish raw.","वह आग जला नहीं सकता था, इसलिए उसने मछली को कच्चा खाया।"
The fruits are dried in the sun.,फलों को धूप में सुखाया जाता है।
What do you do in your free time?,तुम अपने खाली समय में क्या करते हो?
The house was in flames.,घर आग में लिपटा हुआ था।
I had to help with the housework.,मुझे घर के कामकाज में मदद करनी पड़ी।
I will give you a call as soon as I get home.,मैं घर पहुँचते ही तुम्हें फ़ोन करूँगी।
We're goin' home.,हम घर चलत हैं।
Summer is the season I like best.,गर्मी का मौसम मेरा सबसे पसंदीता मौसम है।
Thousands of foreigners visit Japan every year.,हज़ारों विदेशी हर साल जापान जाते हैं।
Some of the boys are fishing and the others are swimming.,"कुछ लड़के मछलियाँ पकड़ रहे हैं, और बाकी तैर रहे हैं।"
What time does it open?,कितने बजे खुलता है?
Why didn't you come?,तुम क्यों नहीं आए?
You may take anything you like.,तुम्हें जो अच्छा लगता है लेलो।
You shall not have your own way in everything.,तुम हर काम केवल अपनी मर्ज़ी से ही नहीं कर सकते।
What's new?,क्या नया है?
What's new?,नया क्या है?
There must be another way.,कोई और रास्ता भी होगा।
Can I help you?,क्या मैं आपकी सहायता कर सकता हूँ?
Can I help you?,क्या मैं आपकी मदद कर सकता हूँ?
"If something does happen, I'll just play it by ear.",अगर कुछ हो भी जाता है तो मैं कोई-न-कोई जुगाड़ कर लूँगा।
I think there has been some misunderstanding here.,मुझे लगता है कि यहाँ कुछ ग़लतफ़ैमी हुई है।
What do you want me to do?,तुम मुझसे क्या करवाना चाहते हो?
I wonder what happened.,पता नहीं क्या हुआ।
I'll give you a present.,मैं तुम्हें एक तोहफ़ा दूँगा।
What is over there?,वहां क्या है?
What is over there?,वहां उस तरफ़ क्या है?
What shall I do for you?,मैं आपके लिए क्या कर सकता हूँ?
Is there anything that I can do for you?,क्या मैं आपके लिए कुछ कर सकता हूं?
Is there anything that I can do for you?,क्या मैं आपके लिए कुछ कर सकती हूं?
Is there anything that I can do for you?,क्या मैं तुम्हारे लिए कुछ कर सकता हूं?
Is there anything that I can do for you?,क्या मैं तुम्हारे लिए कुछ कर सकती हूं?
Correct the underlined words.,रेखांकित शब्दों को सुधारिए।
I listen to music.,मैं संगीत सुनता हूँ।
"No music, no life.",संगीत नहीं तो जान नहीं।
The temperature falls.,तापमान गिरता है।
Was I wrong?,क्या मैं ग़लत था?
Don't worry about me.,मेरी चिंता मत करो।
Let me handle this.,यह मुझे संभालने दो।
The bird on the roof is a crow.,छत पर जो चिड़िया बैठी है वह एक कौआ है।
That's Tom's house with the red roof.,लाल छत वाला वह टॉम का घर है।
The king turned out to be naked.,राजा तो नंगा निकला।
There's a rich man sleeping on a golden bed.,एक अमीर आदमी सुनहरे बिस्तर पर सो रहा है।
The king ordered that the prisoner should be set free.,राजा ने हुक़्म दिया कि क़ैदी को रिहा कर दिया जाए।
The king crushed his enemies.,राजा ने अपने दुश्मनों को कुचल दिया।
The king abused his power.,राजा ने अपनी ताकत का दुरुपयोग किया।
The king governed the country.,राजा की देश पर हुकूमत थी।
Pollution has a disastrous effect on the ecology of a region.,प्रदूषण का किसी भी क्षेत्र की परिस्थिति पर बहुत ही हानिकारक प्रभाव पड़ता है।
I bought a dozen pencils today.,मैंने आज एक डर्जन पेन्सिलें खरीदीं।
They heard a gun go off in the distance.,उनको दूर से बंदूक की आवाज़ सुनाई दी।
"Seen from a distance, the rock looked like a human face.",दूर से देखने में वह पत्थर एक आदमी के चेहरे की तरह दिखता था।
Don't say such a thing.,ऐसी बात मत बोलो।
Nobody else offered to help.,किसी और ने मदद करने की इच्छा प्रकट नहीं करी।
His pride didn't allow him to ask for help.,उसने अपने अभिमान की वजह से किसी से भी मदद नहीं मांगी।
I ran into an old friend of mine outside the station.,मुझे स्टेशन के बाहर अपना एक पुराना दोस्त मिल गया।
Let me give you a lift as far as the station.,मुझे तुम्हें स्टेशन तक पहुँचाने दो।
The station is nearby.,स्टेशन पास में है।
We must hurry if we want to arrive at the station on time.,अगर हमको स्टेशन समय पर पहुँचना है तो हमको जल्दी करनी होगी।
"London, the capital of England, is on the Thames.",इंग्लैंड की राजधानी लंदन थेम्स नदी के किनारे है।
Don't be afraid to make mistakes when speaking English.,अंग्रेज़ी बोलते समय गलतियों का डर नहीं होना चाहिए।
Don't be afraid of making mistakes when speaking English.,अंग्रेज़ी बोलने के समय ग़लतियों से मत डरा करो।
Is it hard to speak English?,अंग्रेज़ी बोलना मुश्किल होता है क्या?
Speaking English is a lot of fun.,अंग्रेज़ी बोलने में बड़ा मज़ा आता है।
Speaking English is a lot of fun.,अंग्रेज़ी बोलना बड़ा मज़ेदार है।
Teaching English is his profession.,अंग्रेज़ी पढ़ाना उसका पेशा है।
Learning English is hard work.,अंग्रेज़ी सीखना कड़ी मेहनत का काम है।
I've studied English for five years.,मैंने पाँच साल के लिए अंग्रेज़ी पढ़ी है।
English is the world's language.,अंग्रेज़ी वैश्विक भाषा है।
English is the world's language.,अंग्रेज़ी सारी दुनिया की भाषा है।
English is not difficult to learn.,अंग्रेजी सीखने में मुश्किल नहीं है।
English words are often borrowed by other languages.,अंग्रेज़ी भाषा के शब्द बहुत सी और भाषाओं में उधार लिए जातें हैं।
Try to improve your English.,अपनी अंग्रेज़ी सुधारने की कोशिश करो।
How I wish I could swim.,काश मुझे तैरना आता।
How about going to the movies?,फ़िल्म देखने चलें क्या?
You're going to a movie?,फ़िल्म देखने जा रहे हो?
We must not speak ill of others behind their backs.,हमे लोगों की पीठ के पीछे उनकी बुराई नहीं करनी चाहिए।
The clouds are breaking.,बादल छंट रहे हैं।
The rumor turned out false.,वह अफ़वाह झूठी निकली।
The rumor turned out true.,अफ़वा सच निकली।
"The rain hasn't stopped yet, has it?","बारिश अभी तक रुकी नहीं है, है ना?"
The rain continued all day.,बरसात पूरे दिन होती रही।
I go to the office by bicycle except on rainy days.,"उन दिनों के सिवाय जब बारिश हो रही होती है, मैं साईकल चलाकर काम पर जाता हूँ।"
The rain prevented me from coming.,मैं बारिश की वजह से आ नहीं पाया।
Because of the rain they had to cancel the game.,बारिश की वजह से उन्हें खेल रद्द करना पड़ा।
It looks like rain. You had better take an umbrella with you.,लगता है कि बारिश होगी। तुम्हें छाता लेकर जाना चाहिए।
"When it rains, it pours.","जब बारिश होती है, तो ज़बरदस्त होती है।"
"Unless it rains, I will go, too.",अगर बारिश नहीं होती है तो मैं भी जाऊँगा।
Absence of rain caused the plants to die.,पौधे बारिश के बिना मर गए।
The rain was falling on my face.,बारिश मेरे चेहरे पर गिर रही थी।
He closed the window for fear of rain.,उसने खिड़की को बंद कर दिया क्योंकि उसको बारिश होने का डर था।
A crow is as black as coal.,कौआ कोयले जैसा काला होता है।
The space ship will get to the moon soon.,यह अंतरिक्ष यान जल्द ही चाँद तक पहुँचेगा।
There is no air in space.,अंतरिक्ष में हवा नहीं होती है।
My right foot is sleeping.,मेरा दाहिना पैर सो गया है।
You should not speak ill of others behind their backs.,तुमको लोगों कि पीठ के पीछे उनकी बुराई नहीं करनी चाहिए।
You should not speak about others behind their backs.,तुम्हें लोगों की पीठ-पीछे बात नहीं करनी चाहिए।
Don't speak ill of others behind their back.,दूसरों की पीठ-पीछे बुराई मत किया करो।
I drank too much. My face is swollen!,मैंने कुछ ज़्यादा ही पी लिया है। मेरा पूरा चेहरा सूज गया है!
I drank too much. My face is swollen!,मैंने कुछ ज़्यादा ही पी लिया है। मेरा पूरा मूँह सूज गया है!
I'll give you an answer in a day or two.,मैं तुम्हें एक-दो दिन में जवाब दूँगा।
At a glance I knew that he was tired.,मुझे एक झलक देखते ही पता लग गया कि वह थक गई थी।
One is tall and the other is short.,एक लम्बा है और दूसरा छोटा है।
"On the one hand, you are wrong, but on the other hand, I can't blame you for that.","तुम ग़लत तो ज़रूर हो, पर मैं इसके लिए तुम्हें दोषी भी नहीं ठहरा सकता।"
"You can hear English on Channel 1, and Japanese on Channel 7.","आप चैनल १ पर अंग्रेज़ी सुन सकते हैं, और चैनल ७ पर जापानी।"
A day has twenty-four hours.,एक दिन में चौबीस घंटे होते हैं।
Can the rumor be true?,क्या यह अफ़वाह सच हो सकती है?
Is it about ten million yen?,तकरीबन दस एक अरब येन होंगे?
She allowed him to go alone.,उसने उसको अकेले जाने दिया।
Do you want to come along?,तुम साथ आना चाहते हो क्या?
It has been raining on and off since the day before yesterday.,परसों से बारिश रुक रुक के हो रही है।
Let me give you a piece of advice.,मैं तुम्हें एक बात की सलाह देता हूँ।
"In a word, I think he's a fool.","एक शब्द में कहूँ तो, मुझे लगता है वो बेवकूफ़ है।"
I don't like being made a fool of.,मुझे मूर्ख बनना पसंद नहीं है।
You must send for the doctor.,तुम्हें डॉक्टर बुलाना होगा।
The doctor told her that she should take a rest.,डॉक्टर ने उससे कहा कि उसे आराम लेना चाहिए।
The doctor felt his pulse.,डॉक्टर ने उसकी नब्ज़ ली।
The doctor told him to cut down on smoking.,डॉक्टर ने उसे सिगरेट कम पीने को कहा।
The doctor advised him not to smoke.,डॉक्टर ने उसे सिगरेट न पीने की सलह दी।
The doctor advised him not to smoke.,डॉक्टर ने उन्हें सिगरेट न पीने की सलह दी।
The doctor felt my pulse.,डॉक्टर ने मेरी नब्ज़ ली।
The doctor bound my wounds.,डॉक्टर ने मेरी चोटों पर पट्टी लगाई।
It is necessary that you see a doctor.,तुम्हारे लिए डॉक्टर को देखने जाना ज़रूरी है।
The doctor advised that she take a holiday.,डॉक्टर ने उसको छुट्टी लेने की सलाह दी।
He died without having made a will.,वह वसीयत बनाए बिना ही मर गया।
Do you feel any pain in your stomach?,क्या आपको पेट में दर्द महसूस हो रहा है?
"He who can, does. He who cannot, teaches.","जो कर सकता है वह करता है। जो नहीं कर सकता, वह सिखाता है।"
You may sit down in the chair.,तुम कुरसी पर बैठ सकते हो।
I lost consciousness.,मैं बेहोशी में चला गया।
I lost consciousness.,मैं बेहोश हो गया।
The committee consists of twelve members.,समिति में बारह सदस्य हैं।
The majority of the committee voted against the bill.,समिति के अधिकांश सदस्यों ने बिल के पारित होने के खिलाफ़ मत दिया।
Many great men went through hardship during their youth.,कई महान पुरुषों को अपने जवानी में कठिनाई का सामना करना पड़ा।
Many great men went through hardship during their youth.,कई महान व्यक्तियों को अपने जवानी में कठिनाई का सामना करना पड़ा।
There used to be a church here.,यहाँ एक चर्च हुआ करता था।
There used to be a hut about here.,यहाँ आसपास में एक झोपड़ी हुआ करती थी।
"Having seen him before, I recognized him.","मैंने उसे पहले देखा हुआ था, इसलिए मैंने उसे पहचान लिया।"
There used to be a big pond around here.,यहाँ एक बड़ा तालाब हुआ करता था।
It's getting dark. You'd better go home.,दिन ढल रहा है। तुम्हें घर जाना चाहिए।
Stay quiet and rest.,शांत रहो और आराम करो।
Stay quiet and rest.,शांत रहें और आराम करें।
Speak of the devil and he is sure to appear.,शैतान का नाम लो और शैतान ज़रूर हाज़िर हो जाएगा।
Speak of the devil and he is sure to appear.,शैतान का नाम लिया और शैतान हाज़िर।
How easily one acquires bad habits!,बुरी आदतें कितनी आसानी से लग जातीं हैं!
We should keep our promise.,हमे अपना वादा निभाना चाहिए।
We were all very happy at breakfast.,हम सब नाश्ते के समय बहुत खुश थे।
I'm tired now.,मैं अब थक गया हूँ।
I was able to play piano very well.,मैं पियानो बहुत अच्छा बजा लेता था।
I prefer coffee to tea.,मुझे चाय से ज़्यादा कॉफ़ी पसंद है।
He has been to India.,वह भारत गया हुआ है।
I want to travel with you.,मैं तुम्हारे साथ सफ़र करना चाहता हूँ।
I am at home.,मैं घर पर हूँ।
I am more beautiful than you.,मैं तुमसे ज़्यादा खूबसूरत हूँ।
I am more beautiful than you.,मैं तुमसे ज़्यादा सुंदर हूँ।
It seems to me that you are wrong.,मुझे लगता है कि तुम ग़लत हो।
We should love our neighbors.,हमे पड़ोसियों के साथ प्रेमपूर्वक रहना चहिए।
We import tea from India.,हम भारत से चाय का आयात करते हैं।
There is no satisfying spoiled children.,बिगड़े हुए बच्चों को खुश नहीं कर सकते।
"Yes, I'll be right there.","हाँ, मैं बस अभी आता हूँ।"
London is one of the largest cities in the world.,लंदन दुनिया के सबसे बड़े शहरों में से एक है।
The people of London are very proud of this bridge.,लंदन के लोगों को इस ब्रिज पर गर्व है।
I have been to London before.,मैं पहले भी लन्दन जा चुकी हूँ.
"The Romans worshiped their goddess, Juno.","रोमन अपनी देवी, जूनो, की पूजा करते थे।"
"The Romans worshiped their goddess, Juno.","रोमनों ने अपनी देवी, जूनो, की पूजा की।"
Let go of the rope.,रस्सी को छोड़ दो।
A rope was thrown into the water.,रस्सी को पानी में फेंक दिया गया।
A button has come off my raincoat.,मेरे रेनकोट से एक बटन निकल आया है।
Lucy is certain to come.,लूसी ज़रूर आएगी।
Has Lucy telephoned yet?,लूसी ने फ़ोन किया है क्या?
Lucy likes playing tennis.,लूसी को टेनीस खेलना पसंद है।
"Louie, your friends are coming.","लुई, तुम्हारे दोस्त आ रहे हैं।"
I am eating an apple.,मैं सेव खा रहा हूँ ।
I am eating an apple.,मैं सेव खा रही हूँ ।
Half of the apples are rotten.,आधे सेव सड़ चुके हैं।
Lincoln's biography is read by children all around the world.,लिंकन की जीवनी दुनिया भर के बच्चे पढ़ते हैं.
Lincoln died in 1865.,लिंकन की मौत १८६५ में हुई थी।
Lincoln ordered that all the slaves in the country should be set free.,लिंकनने देश के सभी घुलामों को आजाद़ करने का हुक्म दिया।
Squirrels are quick of movement.,गिलहरियाँ बहुत ही फुर्तीलीं होतीं हैं।
A squirrel hid among the branches.,एक गिलहरी डालियों के बीच छुपी हुई थी।
Turn on the radio.,रेडियो को चालू करो।
Lions feed on flesh.,शेर मास खाते हैं।
The lion is the king of the jungle.,शेर जंगल का राजा है।
You are doing very well. Keep it up.,तुम अच्छा काम कर रहे हो। ऐसे ही करते रहो।
Good news was in store for us at home.,हमारे लिए खुशखबरी घर पर इंतेज़ार कर रही थी।
Take your time.,आराम से आओ।
Did you feel the earth shake last night?,क्या तुमने कल रात धरती को हिलते हुए महसूस किया था?
Much still remains to be done.,करने के लिए अभी और बहुत बचा है।
"At last, the truth became known to us.",आखिरकार हमे सच्चाई का पता चल गया।
Molly has a large clock.,मॉली के पास एक बड़ी घडी़ है।
Molly has a large clock.,मॉली के पास बड़ी घड़ी है।
The haze enveloped London.,लंदन में धुंध छा गई थी।
There is no longer any room for doubt.,शक की कोई गुंजाईश नहीं रही है।
Do you have a larger size?,आपके पास इससे बड़े नाप का है क्या?
"If it rains tomorrow, will you stay at home?",अगर कल बारिश हुई तो तुम घर में रहोगे क्या?
"If you have time, please drop in on us.",अगर आपके पास समय हो तो हमसे मिलने आईएगा।
"If I had wings, I would fly to you.",अगर मेरे पास पंख होते तो मैं उड़कर तुम्हारे पास चला आता।
"With a little more patience, you would have succeeded.",अगर तुममें थोड़ा और सब्र होता तो तुम कामयाब हो जाते।
To investigate the incident would take us at least three weeks.,हमको इस घटना की तहकीकात करने में कम-से-कम तीन हफ़्ते लगेंगे।
"If the coffee is too strong, add some more water.",अगर कॉफ़ी ज़्यादा कड़वी है तो थोड़ा और पानी डाल लो।
"If you are to finish the work before June, you will have to work much better.",यदि आपने जून से पहले कार्य सम्पूर्ण करना है तो आपको अधिक अच्छा कार्य करना पड़ेगा.
"Would you speak more slowly, please?",आप थोड़ा धीरे बोल सकते हैं क्या?
It is almost 12 o'clock.,बारह बजने वाले हैं।
It is time you left off your childish ways.,अब तुम्हारा अपना बचपना छोड़ देने का समय आ गया है।
I must leave now.,मुझे अब जाना होगा।
I must leave now.,मुझें अभी जाना चाहिये।
I can't stand it anymore.,मुझसे और सहन नहीं होगा!
Will you have another cup of tea?,एक और गिलास चाय लेंगे क्या?
"Had he tried it once more, he would have succeeded in it.","अगर उसने और एक बार कोशिश की होती, तो शायद वह सफल हो जाता."
"We tried it again, but couldn't do it.","हमने फिरसे करने की कोशिश की, पर नहीं कर पाए।"
Try it once again.,एक बार फिरसे कोशिश करो।
Try it once again.,एक बार और प्रयत्न करो।
It is already dark.,अभी से रात हो गई है।
There is no more room for a TV set.,टीवी सेट के लिए और जगह नहीं है।
How about adding a little bit more salt?,थोड़ा और नमक डाल दोगे?
Could you please speak a little bit more slowly?,आप थोड़ा धीरे बोल सकते हैं क्या?
It's about time for the train to arrive.,ट्रेन के आने का समय लगभग आ गया है।
It is almost ten o'clock.,दस बजने वाले हैं।
It's already nine o'clock.,नौ बज चुकें हैं।
"One minute earlier, and they could have caught the bus.",अगर वे एक और मिनट जल्दी पहुँचा होता तो उनकी बस छूट नहीं गई हुई होती।
It's already eleven o'clock. I must be leaving now.,ग्यारह बज चुके हैं। मुझे चलना चाहिए।
Mary is interested in politics.,मेरी को राजनीति में दिलचस्पी है।
Mary prided herself on her beauty.,मेरी को अपनी सुंदरता पर बहुत नाज़ था।
Merry is scared of dogs.,मेरी कुत्तों से डरती है।
Merry is scared of dogs.,मेरी को कुत्तों का डर है।
They speak Spanish in Mexico.,मेक्सिको में स्पेनिश बोली जाती है।
Is Spanish spoken in Mexico?,मेक्सिको में स्पैनिश बोली जाती है क्या?
Spanish is spoken in Mexico.,मेक्सिको में स्पैनिश बोली जाती है।
Spanish is spoken in Mexico.,मेक्सिको में स्पेनिश बोली जाती है।
"Mary resembles her mother in appearance, but not in character.",मेरी दिखने में तो अपनी माँ की तरह है पर चरित्र में अलग है।
Mary is setting by money to go to Japan.,मेरी जापान जाने के लिए पैसे जुटा रही है।
Mary understands Chinese.,मेरी चीनी समझती है।
Mary understands Chinese.,मेरी को चीनी समझ में आती है।
Are there enough chairs to go around?,कुरसियाँ काफ़ी हैं क्या?
Cheese is made from milk.,चीज़ दूध से बनता है।
Stop beating around the bush.,"घूमफिरकर बात मत करो, सीधे-सीधे बोलो।"
Mayuko can ride a bicycle.,मायुको साईकल चला सकती है।
I began to sing when I was a youngster.,मैंने छोटी उम्र से ही गाना गाना शुरू कर दिया था।
I haven't had a chance to see the movie yet.,मुझे अभी तक उस फ़िल्म को देखने का मौका नहीं मिला है।
I'll see you later.,बाद में मिलेंगे।
I'll see you later.,फिर मिलेंगे।
I have not finished the task yet.,मैंने अभी काम ख़तम नहीं किया है।
"Believe it or not, she has three children.","मानो या न मानो, उसके तीन बच्चे हैं।"
"Mother Teresa was a Catholic nun who lived and worked in Calcutta, India.",मदर टेरेसा एक कैथोलिक नन थीं जो कलकत्ता में रहतीं और काम करतीं थीं।
Mother Teresa used the prize money for her work in India and around the world.,"मदर टेरेसा को जो इनाम में पैसे मिले, उन्होंने उन पैसों को भारत और विदोश दोनों में अपने काम में लगाया।"
You reap what you sow.,जैसी करनी वैसी भरनी।
You reap what you sow.,"जैसा बोओगे, वैसा काटोगे।"
You reap what you sow.,"अच्छा करो, अच्छा पाओ।"
You reap what you sow.,कर भला तो हो भला।
You reap what you sow.,जैसा करना वैसा भरना।
Mike speaks good Japanese.,माईक अच्छी जापानी बोल लेता है।
Mike takes after his father in everything.,माईक हर पहलू में अपने पापा जैसा है।
"Mike and his sister can speak French, but they can't speak Japanese.","माइक और उसकी बहन को फ़्रांसीसी बोलने आती हैं, मगर उन्हें जापानी नहीं आती।"
"How are you, Mike?","कैसे हो, माईक?"
I sort of like him.,मुझे वह अच्छा सा लगता है।
"Oh, my God!",हे मेरे भगवान!
Only a few people listened to him.,उसकी बात कुछ ही लोगों ने सुनी।
Mr White has gone to India.,व्हाईट-जी भारत गए हुए हैं।
Would you mind turning down the volume?,आवाज़ थोड़ी धीमी कर सकते हो क्या?
It's starting now.,शुरू हो रहा है।
Bob entered the house through a window.,बॉब घर में खिड़की से घुसा।
"Bob came here, didn't he?",बॉब यहाँ आया था ना?
We won't start till Bob comes.,हम बॉब के आ जाने तक शुरू नहीं करेंगे।
I don't know when Bob came to Japan.,बॉब जापान कब आया मुझे पता नहीं।
I don't know when Bob came to Japan.,बॉब जापान कब आया यह मैं जानता नहीं।
I don't know when Bob came to Japan.,बॉब जापान कब आया यह मैं जानती नहीं।
I don't know when Bob came to Japan.,बॉब जापान कब आएं यह मैं जानता नहीं।
I don't know when Bob came to Japan.,बॉब जापान कब आएं यह मैं जानती नहीं।
I don't know when Bob came to Japan.,बॉब जापान कब आएं मुझे पता नहीं।
Almost all the leaves have fallen.,लगभग सारी-की-सारी पत्तियाँ गिर चुकीं हैं।
Few people know about the plan.,योजना के बारे में कुछ ही लोगों को पता है।
I'd like to talk to the hotel manager.,मैं होटल मेनेजर से बात करना चाहूंगी.
"I had a part-time job as a hotel maid, but I didn't like it very much.","में होटेल मे पार्ट-टाइम नौकरानी थी, पर मुज़े वो पसंद नहीं था"
I gave up smoking for a year.,मैंने एक साल के लिए सिगरेट पीना छोड़ दिया था।
Please throw the ball.,गेंद फेंकिए।
The paint hasn't dried yet.,पेंट अभी तक सूखा नहीं है।
No sooner had Helen come home than she fell sick.,हेलेन घर आते ही बीमार पड़ गई।
Bern is the capital of Switzerland.,बर्न स्विजरलैंड की राजधानी है।
It is dangerous to ride a motorbike without a helmet.,हेलमेट पहने बिना मोटरसाईकल चलाना बहुत खतरनाक होता है।
Some snakes are poisonous.,कुछ सांप ज़हरीले होते हैं।
Could you send someone up to make the bed?,आप किसी को बिस्तर बनाने के लिए भेज सकते हैं क्या?
Get out of bed!,बिस्तर से बाहर निकलो!
Come and join us.,आओ हमारे साथ बैठो।
French is her mother tongue.,फ़्रांसीसी उसकी मातृ भाषा है।
French is her mother tongue.,फ़्रांसीसी उनकी मातृ भाषा है।
The French word 'chat' means 'cat'.,'शा' इस फ्रांसीसी शब्द का मतलब है 'बिल्ली'।
The French word 'chat' means 'cat'.,'chat' इस फ्रांसीसी शब्द का मतलब है 'बिल्ली'।
I was ill at ease because I didn't speak French.,मैं परेशान था क्योंकि मुझे फ़्रांसीसी बोलनी नहीं आती थी।
France is in western Europe.,फ़्रान्स पश्चिमी यूरोप में है।
The swing is moving up and down.,झूला ऊपर नीचे हो रहा है।
I'd like a Bloody Mary.,मुझे एक ब्लडी मेरी चाहिए।
Football is my favorite game.,फ़ुटबॉल मेरा सबसे पसंदीता खेल है।
I'll buy a Ford.,मैं एक फोर्ड की गाड़ी खरीदूंगा।
I'll buy a Ford.,मैं एक फोर्ड की गाड़ी खरीदूंगी।
"We ordered pink, but we received blue.",हमने पिंक रंग वाले का ऑर्डर किया था पर हमे नीले रंग वाला मिला।
Bill resembles his father in character.,बिल चरित्र में अपने पिता से मिलता-जुलता है।
Bill lives near the sea.,बिल समुंदर के पास रहता है।
Bill did not commit the crime.,बिल ने अपराध नहीं किया था।
Bill did not commit the crime.,बिल गुनहगार नहीं था।
Bill is honest all the time.,बिल हमेशा ईमानदार होता है।
How do you like living on your own?,तुम्हें अकेले रहना अच्छा लगता है क्या?
Hitler invaded Poland in 1939.,हिटलर ने १९३९ में पोलैंड में धावा किया।
Picasso is a famous artist.,पिकासो एक बहुत प्रसिद्ध कलाकार है।
Will you sing me a Beatles' song?,तुम मेरे लिए एक बीटल्स का गाना गा सकते हो क्या?
Peter and I would often go to the movies.,पीटर और मैं अक्सर सिनेमा जाते थे.
On what kind of bread?,किस तरह की ब्रेड पर?
Pat stripped off his clothes and dived in.,पॅट ने अपने कपड़े उतार दिये और ग़ोता लगाया।
My bag was stolen.,मेरा बस्ता चोरी हो गया था।
One of my bags is missing.,मेरी एक अटैची ग़ायब है।
One of my bags is missing.,मुझे अपनी एक अटैची मिल नहीं रही है।
Butter and cheese are made from milk.,मक्खन और पनीर दूध से बनते हैं।
The bus hasn't come yet.,बस अभी तक आई नहीं है।
The bus leaves every ten minutes.,बस हर दस मिनिटों में जाती है।
The bus leaves every ten minutes.,बस हर दस मिनिटों में रवाना होती है।
I'll bring one more towel.,मैं एक और तौलिया लाती हूँ।
Stand the ladder against the wall.,सीढ़ी को दीवार के साथ खड़ा करो।
Don't be absurd.,पागल मत बनो।
"Yes, I like it very much.","हाँ, मुझे यह बहुत पसंद है।"
Whoever wants to come to my party may come.,मेरी पार्टी में जो भी आना चाहता है आ सकता है।
Can you come to the party?,तुम पार्टी में आ सकते हो क्या?
I don't see any point in going if the party is almost over.,मुझे जाने मेँ कोई तुक नहिं लगता अगर पीृतिभोज लगभग समापत हो चुका हो ।
I can't put up with that noise any longer.,मैं इस शोर को और बर्दाश्त नहीं कर सकता।
I can't put up with that noise any longer.,मुझसे यह शोर और बर्दाश्त नहीं किया जाएगा।
I'll call you back later.,मैं तुम्हें थोड़ी देर में फ़ोन करूँगा।
I'll call you back later.,मैं आपको थोड़ी देर बाद फ़ोन करूँगा।
I was caught in a shower and was drenched to the skin.,मैं बारिश में फंस गया था और तर-तर भीग गया।
What time does the train for New York depart?,न्यूयार्क जाने वाली ट्रेन कितने बजे रवाना होती है?
What a big eater!,कितना पेटू है!
What a big pumpkin!,कितना बड़ा कद्दू है!
What?,क्या?
Nancy is afraid of dogs.,नैनसी कुत्तों से डरती है।
Clean your lips with the napkin.,अपने होठों को नैपकिन से साफ़ करो।
Why did you turn down his offer?,तुमने उसके प्रस्ताव को स्वीकार क्यों नहीं किया?
Why did you come early?,तुम इतने जल्दी क्यों आ गए?
Why did you come early?,तुम इतने जल्दी क्यों आ गई?
Why did you come early?,आप इतने जल्दी क्यों आ गएं?
Why did you come early?,आप इतने जल्दी क्यों आ गईं?
Because I want to be a translator.,क्योंकि मैं अनुवादक बनना चाहती हूँ।
Why were you late this morning?,तुम आज सुबह देर से क्यों आए?
Science begins when you ask why and how.,"विज्ञान तब शुरू होता है जब तुम ""क्यों"" और ""कैसे"" पूछते हो।"
Please don't hesitate to ask me any questions.,मुझसे कोई भी सवाल पूछने में न हिचकिचाएँ।
What kind of work will you do?,तुम किस तरह का काम करोगे?
I don't want there to be any misunderstanding.,मैं नहीं चाहता कि कोई भी ग़लतफ़ैमी हो।
"However hard it may rain, we will start tomorrow.","चाहे जितनी भी ज़ोर से बारिश हो, हम कल निकल चलेंगे।"
What sports do you like?,तुम्हें कौनसे खेल पसंद है?
I will never sell my friend down the river for anything in the world.,मैं दुनिया में किसी भी चीज़ के लिए अपने दोस्त को धोखा नहीं दूँगा।
Tom is able to swim well.,टॉम को अच्छे से तैरना आता है।
Tom is a friend of mine.,टॉम मेरा एक दोस्त है।
Tom is a friend of mine.,टॉम मेरा एक मित्र है।
Tom and I are friends.,टॉम और मैं दोस्त हैं।
It was the window that Tom broke yesterday.,वह वह खिड़की है जिसको टॉम ने कल थोड़ा था।
I have no idea to what extent I can trust them.,मुझे नहीं पता मैं उनपर कितना भरोसा कर सकता हूँ।
I have no idea to what extent I can trust them.,मुझे नहीं पता मैं उनपर किस हद तक भरोसा कर सकता हूँ।
Which dog is yours?,तुम्हारा कुत्ता कौनसा है?
Which shoes are you going to put on?,तुम कौनसे जूते पहनोगी?
Every house had a garden.,हर घर में बगीचा था।
How long have you been abroad?,आप विदेश में कबसे हैं?
How long have you been abroad?,आप विदेश में किता समय रहे हैं?
How long have you waited?,तुम कितनी देर से प्रतीक्षा कर रहे हो?
How soon can you have this dress ready?,इस ड्रेस को कितनी जल्दी तैयार कर सकते हो?
What is Tony doing?,टोनी क्या कर रहा है?
Tony can play tennis very well.,टोनी अच्छी तरह से टेन्निस खेल सकता है.
When does Tony study?,टोनी कब पढ़ाई करता है?
It's so cold that the river has frozen over.,इतनी ठंड है के नदी जम गई है।
It was so noisy that I couldn't make myself heard.,इतना शोर था कि किसी को भी मेरी आवाज़ सुनाई नहीं दे रही थी।
Which book is yours?,तुम्हारी किताब कौनसी है?
You may choose whichever you want.,आप जो चाहें चुन सकते हैं.
"You can buy whichever you like, but not both.","तुम्हें इन में से जो भी पसंद है ख़रीद लो, मगर तुम दोनों नहीं ख़रीद सकते।"
Take whichever you want.,कोईसा भी ले लो।
Say which one you would like.,बोलो तुम्हें कौनसा चाहिए।
"By the way, have you ever been to Hokkaido?","वैसे, तुम कभी होक्काईदो गई हुई हो क्या?"
How far are you going?,तुम कितने दूर जा रहे हो?
How far are you going?,तुम कितने दूर जा रही हो?
How far are you going?,आप कितने दूर जा रहे हैं?
What school do you go to?,तुम कौनसे स्कूल में पढ़ते हो?
Where should I pick the tickets up?,मुझे टिकटें कहाँ से लेनीं होंगीं?
How is it going?,कैसा चल रहा है?
How did you make it?,तुमने कैसे बनाया?
How can I meet this quota?,मैं इस कोटे तक भला कैसे पहुंच सकता हूँ?
I seem to have a fever.,मुझे बुखार जैसा लगता है।
You must forgive me.,तुम्हें मुझे माफ़ करना होगा।
You must forgive me.,आपको मुझे क्षमा करना होगा।
Please do it quickly.,जल्दी कीजिए।
Please turn on the television.,टीवी चालू कीजिए।
"Sit down, please.",बैठिए।
What made her so angry?,उसे इतना गुस्सा कैसे आया?
Why is he angry about something like that?,वह इस तरह की बात पर गुस्सा क्यों है?
How come you say nothing?,तुम कुछ बोलते क्यों नहीं?
How come you made such a mistake?,तुम ऐसी ग़लती कैसे कर बैठे?
What put such an idea into your head?,तुम्हारे दिमाग़ में यह बात कैसे आई?
"Turn off the light, please.","बत्ती बंद करदो, प्लीज़।"
"Turn off the light, please.",कृपया बत्ती बंद कर दीजिए।
Please leave me alone.,मुझे अकेला छोड़ दीजिए।
"Do come in, please.",कृपया अंदर आईये।
What kind of people do you like best?,तुम्हें किस तरह के लोग सबसे ज़्यादा पसंद हैं?
What kind of people do you like best?,आपको किस तरह के लोग सबसे ज़्यादा पसंद हैं?
Don't leave the door open.,दरवाज़े को खुला मत छोड़ो।
Open the door.,दरवाज़ा खोलो।
Open the door.,दरवाज़ा खोलिए।
Would you mind my opening the door?,क्या मैं दरवाज़ा खोल सकता हूँ?
"The instant he opened the door, he smelt something burning.",उसे दरवाज़ा खोलते ही किसी चीज़ के जलने की बदबू सुँघाई दी।
"Opening the door, I found a stranger standing there.","मैंने जब दरवाज़ा खोला, मुझे एक अजनबी वहाँ खड़ा मिला।"
The door was locked and we couldn't get in.,दरवाज़े पर ताला लगा हुआ था और हम अंदर नहीं जा सके।
I watch television.,मैं टीवी देखता हूँ।
Will you turn on the TV?,टीवी चालू करदोगे क्या?
Will you turn on the television?,टीवी चालू कर दोगे क्या?
Do you think television does children harm?,क्या आपको लगता है के टेलीविज़न से बच्चों को हानी होती है?
Do you think television does children harm?,क्या तुम्हें लगता है कि टेलीविज़न से बच्चों को हानी होती है?
Where's the remote control for the TV?,टीवी का रिमोट कहाँ है?
"According to TV news, there was a plane crash in India.","टीवी समाचार के मुताबिक, भारत में विमान दुर्घटना हुई है।"
My TV has broken down.,मेरे टीवी का फिरसे भट्टा बैठ गया है।
"I will ask him about it tomorrow, then.",फिर मैं उससे उसके बारे में कल पूछूँगा।
It's fun to play tennis.,टेनिस खेलने में मज़ा आता है।
It's fun to play tennis.,टेनिस खेलना मज़ेदार होता है।
Playing tennis is easy for me.,मेरे लिए टेनिस खेलना बहुत आसान है।
"Let's play tennis. ""Yes let's.""","चलो टेनिस खेलने चलतें हैं। ""हाँ, चलो चलतें हैं"""
Ann is second to none in tennis.,टेनिस में अॅन किसी से कम नहीं।
Climb to the top.,ऊपर तक चढ़ जाओ।
I will help you as far as I can.,मैं तुम्हारा जितना हो सकेगा उतना मदद करूँगा।
I'll wait here until my medicine is ready.,जब तक मेरी दवाई तैयार नहीं होती मैं यहीं इंतेज़ार करूंगी।
Try to jump as high as possible.,जितना ऊँचा कूद सकते हो कूदो।
Tim is the black sheep of the Jones' family.,जोन्स परिवार के नाम पर जो काला धब्बा है वह टिम है।
Dick promised to come back by three o'clock.,डिक ने वादा किया कि वह तीन बजे से पहले वापस आ जाएगा।
"At last, he realized his mistakes.",आखिरकार उसको उसकी ग़लतियाँ समझ में आईं।
"At last, he solved the question.",उसने आखिरकार सवाल का जवाब ढूँढ निकाला।
"At last, we got to the lake.",हम आखिरकार झील तक पहुँच गए।
I feel like taking a rest.,मुझे थोड़ा आराम करने का मन है।
Turn to channel 1.,चैनल 1 पर जाओ.
Charlie was a mere child when I saw him last.,मैंने पिछली बार जब चार्ली को देखा था वह एक छोटा सा बच्चा था।
Do you have any tickets left?,तुम्हारे पास टिकटें बचीं हैं क्या?
No one can help me.,कोई मेरी मदद नहीं कर सकता।
It seems that everybody likes golf.,ऐसा लगता है जैसे कि सभी लोगों को गौल्फ़ अच्छा लगता है।
Tell whoever comes that I'm out.,अगर कोई आए तो उनसे कहना कि मैं बाहर गया हूँ।
I'll arrange for someone to pick you up at your home.,मैं किसी को तुम्हें घर से लेने के लिए भिजवादूँगा।
Would you mind if I smoke?,मेरे सिगरेट पीने पर आपको आपत्ति तो नहीं होगी?
Smoking is dangerous to health.,धूम्रपान सेहत के लिए हानिकारक होता है।
"There are few, if any, such men.",ऐसे लोग कम ही होंगे।
You can have this book for nothing.,तुम यह किताब मुफ़्त में ले सकते हो।
I want you to go to Osaka at once.,फ़ौरन ओसाका जाओ।
"Indeed he is rich, but he is not reliable.","वह पैसेवाला तो है, पर भरोसेमंद नहीं है।"
Flying a kite can be dangerous.,पतंग उड़ाना खतरनाक हो सकता है।
The kite got caught in the tree.,पतंग पेड़ में जाकर अटक गई।
I tried to tell you.,मैंने तुम्हें बताने की कोशिश करी थी।
Now stop crying.,बस अब रोना बंद करो।
Imagine that you have a time machine.,सोचो कि तुम्हारे पास एक टाइम मशीन है।
Most people like watching TV.,ज़्यादातर लोगों को टीवी देखना अच्छा लगता है।
About how much will it cost?,लगभग कितनी कीमत का है?
It's almost six o'clock.,छः बजने वाले हैं।
I can't buy a book this expensive.,मैं इतनी महंगी किताब नहीं ख़रीद सकता।
Such a thing cannot be found everywhere.,ऐसी चीज़ हर कहीं नहीं मिलती है।
You've got a nerve to say such a thing!,तुम्हारी जुर्रत कैसे हुई यह बोलने की?!
It is no use worrying about it.,इसके बारे में चिंता करने से कोई फ़ायदा नहीं है।
Drink it down.,पीकर खतम करदो।
I sold it for ten dollars.,मैंने उसे दस डॉलर के लिए बेच दिया।
It's for a friend of mine.,यह मेरे दोस्त के लिए है।
That was cooked in oil.,वह तेल में पकाया गया है।
That was cooked in oil.,वह तेल में पका हुआ है।
That is out of the question.,उसका तो सवाल ही नहीं उठता।
That is out of the question.,वह तो विचार के बाहर है।
That's really a great idea.,यह तो बहुत ही अच्छा सुझाव है।
It is a book.,यह किताब है।
I want to do it myself.,मैं अपने-आप करना चाहता हूँ।
It was too difficult for me.,वह मेरे लिए बहुत कठिन था।
It's an answer to her letter.,यह उसकी चिट्ठी का जवाब है।
That's his specialty.,वह उसकी ख़ासियत है।
That applies to him too.,यह उसपर भी लागु होता है।
It happened between eight and ten.,आठ से दस बजे के बीच हुआ।
It happened between eight and ten.,आठ से दस बजे के बीच हुई।
It is a difficult problem.,यह समस्या बहुत कठिन है।
It's the same for everyone.,सब लोगों के लिए एक समान है।
That's a completely unfounded rumor.,वह अफ़वाह पूरी तरह से बेबुनयाद है।
It is a sheer waste of time.,यह सरासर समय की बर्बादी है।
It is a task beyond my power.,यह काम मेरे बस के बाहर है।
Is it not black?,क्या यह काला नहीं है?
What an easy problem it is!,यह कितनी आसन समस्या है।
It is not far away from the hotel.,वह होटल से दूर नहीं है.
I had bought it the week before.,मैंने उसे पिछले हफ्ते ख़रीदा था.
When does it begin?,शुरू कब होता है?
That's too small to fit on your head.,वह तुम्हारे सर के लिए बहुत छोटा है।
I meant it as a joke.,मैंने तो मज़ाक के तौर पर कहा था।
I meant it as a joke.,मैंने तो मज़ाक समझकर बोला था।
"Well, I must be going.",मुझे चलना चाहिए।
They won't believe me even if I swear it is true.,वे मेरा विश्वास नहीं करेंगे चाहे मैं कसम भी क्यों न खालूँ।
I'll let you know when it has been decided.,निर्णय होने पर आपको बता दूँगा।
Let me try it.,मुझे दिखाओ।
Let me try it.,मुझे देखने दो।
Let me try it.,मुझे ट्राए करने दो।
Do you have any soft drinks?,तुम्हारे पास कोक-शोक है क्या?
The old man sat in the chair with his eyes closed.,वह बूढ़ा आदमी आँखें बंद करके कुरसी में बैठा था।
How fast the train is running!,देखो रेलगाड़ी कितनी तेज़ी से चल रही है!
I hurried so as not to miss the train.,मैंने जल्दी करी जिससे कि ट्रेन न छूट जाए।
The storm destroyed the whole town.,तूफ़ान ने पूरे नगर को नष्ट कर दिया।
The storm destroyed the whole town.,तूफ़ान ने पूरे शहर को तबाह कर दिया।
The next day Jesus decided to leave for Galilee.,अगले दिन यीशु ने गलील जाने का फ़ैसला लिया।
Such a thing occurs frequently.,ऐसा अक्सर होता है।
The medicine tastes bitter.,इस दवाई का स्वाद बहुत कड़वा है।
A committee has been set up to investigate the problem.,इस समस्या की तहकीकात करने के लिए एक समिति स्थापित करी गई है।
The question was much discussed.,इस सवाल पर बहुत बात-चीत हुई थी।
The problem is being discussed now.,समस्या पर बहस जारी है।
I have nothing to say with regard to that problem.,मुझे इस विषय पर कुछ नहीं कहना है।
I have nothing to say with regard to that problem.,मुझे इस समस्या के बारे में कुछ नहीं कहना है।
They are discussing the problem.,वे इस समस्या के बारे में बातचीत कर रहे हैं।
The good news brought tears to her eyes.,वह खुशखबरी मेरी आँखों में आँसू ले आई।
There is no hurry about returning the book to me.,मुझे वह किताब लौटाने में जल्द-बाज़ी करने की ज़रूरत नहीं है।
They have demanded that all copies of the book be destroyed.,उन्होंने मांग करी है कि इस किताब की सारी कॉपियाँ नष्ट कर दीं जाएं।
The law kept people from playing football for a while.,क़ानून ने लोगों को फ़ुटबॉल खेलने से बहुत देर तक रोका।
That dress becomes her very well.,वह ड्रेस उसपर बहुत जचती है।
The room has been empty for a long time.,यह कमरा काफ़ी देर से खाली रहा है।
I promised not to breathe a word of the secret.,मैंने वादा किया था कि इस राज़ के बारे में किसी को कुछ नहीं बताऊँगा।
Let me relieve you of that case. It looks heavy.,लाओ मैं इस बक्से को उठाने में तुम्हारी मदद करूँ. यह भार लगता है.
The box is made of wood.,डब्बा लकड़ी का बना है।
The box was so heavy I could not move it.,डब्बा इतना भारी था कि मैं उसे हिला नहीं सका।
The museum is open from Monday to Friday.,म्युज़ियम सोमवार से शुक्रवार तक खुला रहता है।
The old farmer did not pay him much money.,वह बूढ़ा किसान उसको बहुत पैसे नहीं देता था।
The cat slowly approached the mouse.,बिल्ली धीरे से चूहे की तरफ़ बढ़ी।
"It was cold that day, and moreover it began to rain.","उस दिन ठंड थी, और ऊपर से बारिश होने लगी।"
The weather varies from day to day.,मौसम दिन-ब-दिन बदलता है।
All the meat was bad.,सभी मांस खराब था।
The road is parallel to the river.,वह सड़क नदी के साथ साथ चलती है।
"In those days, I went to bed earlier.",उन दिनों में मैं (रात में) जल्दी से सो जाया करता था।
Few people live on the island.,इस द्वीप पर बहुत कम लोग रहते हैं।
The store is not open today.,दुकान आज बंद है।
The store is not open today.,दुकान आज खुली नहीं है।
The shop carried leather goods.,वह दुकान चमड़े के उत्पाद बेचती थी।
The investigation is under way.,जाँच-पड़ताल जारी है।
The town lay buried for centuries.,वह नगर सदियों तक दफ़न रहा।
That town is two miles away.,वह नगर दो मील दूर है।
That town is two miles away.,वह नगर दो मील की दूरी पर है।
Which is the best hotel in the town?,शहर में सबसे अच्छा होटल कौन सा है?
The news caused alarm throughout the village.,उस खबर ने गाँव में दहशत फैला दी।
The man hit me on the head.,उस आदमी ने मुझे सर पर मारा।
The man committed murder.,उस आदमी ने कत्ल किया।
The man was sitting on a fallen tree.,वह आदमी एक गिरे हुए पेड़ पर बैठा था।
The man lost all hope.,उस आदमी ने सारी उम्मीद छोड़दी।
The man looked at me.,उस आदमी ने मेरी ओर देखा।
I am not sure how to pronounce the word.,मुझे ठीक से नहीं पता इस शब्द को कैसे पढ़ा जाता है।
The village lies 20 miles north of this town.,गांव इस नगर से २० मील उत्तर की ओर स्थित है।
The ship is bound for Finland.,यह जहाज़ फ़िनलैंड के लिए रवाना है।
The ship is at sea for India.,जहाज़ समुंदर में है और भारत के लिए रवाना है।
"As a result of the war, many people died.",जंग की वजह से बहुत सारे लोग मर गए।
The baby fell asleep in the cradle.,बच्चा पालनी में सो गया।
The baby woke up in the middle of the night.,बच्चा की नींद आधी रात में खुल गई।
"Covered with dust, the doll stood in the corner of the room.",वह धूल से लिपटी हुई गुड़िया कमरे के कोने में खड़ी हुई थी।
Those people appreciate clarity.,वोह लोग सरलता को मानते हैं.
The gentleman is a very famous pianist.,यह महाशय बहुत जाने-माने पियानिस्ट हैं।
The animals in the forest died off.,जंगल के जानवर मर गए।
Please give me the paper when you have done with it.,जब आपने अखबार पढ़ लिया हो तो मुझे दे दीजिएगा।
The food was not fit for man or beast.,वह खाना न तो आदमी न जानवर को खिलाने लायक था।
"In that case, call the police.",अगर ऐसी बात है तो मैं पुलिस को फ़ोन मिलाता हूँ।
The boy ran toward his house.,लड़का अपने घर की तरफ भागा।
The boy has an apple in his pocket.,इस लड़के के जेब में एक सेव है।
The boy cannot have stolen my umbrella.,यह लड़का मेरा छाता नहीं चुरा सकता था।
The girl did nothing but cry.,उस लड़की ने रोने के अलावा और कुछ नहीं किया।
The novel is centered on the Civil War.,यह उपन्यास सिविल वॉर के बारे में है।
Who is the author of the novel?,इस उपन्यास का लेखक कौन है?
The girl entered the room.,लड़की ने कमरे में प्रवेश किया.
The prisoner was released.,क़ैदी को रिहा कर दिया गया।
Who was the letter written to?,पत्र किसको लिखा गया था?
The letter does not say what time she will come up to Tokyo.,पत्र में यह नहीं लिखा के वह टोक्यो कब आएगी ।
The car is ready.,गाड़ी तैयार है।
The car is exceeding the speed limit.,यह गाड़ी गति सीमा से तेज़ चल रही है।
That bicycle is too small for you.,यह साईकल तुम्हारे लिए बहुत छोटी है।
The accident was due to his careless driving.,वह ऐक्सीडेंट उसकी लापरवाही की वजह से हुआ।
When did the accident happen?,हादसा कब हुआ?
When did the accident happen?,घटना कब हुई?
The passengers who were injured in the accident were taken to the nearest hospital.,जिन यात्रियों को दुर्घटना मे चोट आई थी उन्हे अस्पताल ले जाया गया।
The incident gave a shock to the whole school.,उस दुर्घटना ने पूरे स्कूल को सदमा पहुँचाया।
The poet wrote many poems.,उस कवि ने बहुत सारी कविताएं लिखीं थीं।
He is in poor health.,उसकी हालत बुरी है।
He got lost in the park.,वह पार्क में खो गया।
"That child is only four, but he can already count to 100.","वह बच्चा हालांकि केवल चार साल का ही है, वह अभी से ही सौ तक गिनती कर सकता है।"
Don't force the child to eat.,बच्चे को ज़बरदस्ती मत खिलाओ।
The children were well looked after.,बच्चों की देखभाल अच्छी तरह से की जाती थी।
You must keep an eye on the child.,तुम्हें बच्चे पर नज़र रखनी पड़ेगी।
I'm wondering whether to take on that job.,मैं सोच रहा हूँ कि नौकरी लूँ या नहीं लूँ।
He couldn't get the job.,उसको नौकरी नहीं मिल पायी।
It won't take long to do the job.,इस काम को करने में ज़्यादा देर नहीं लगेगी।
The work was well done in a way.,काम एक तरह से अच्छी तरह से किया गया था।
The job must be finished by 3 p.m.,यह काम दोपहर तीन बजे से पहले खतम हो जाना चाहिए।
We cannot do the work in a day.,हम यह काम एक दिन में नहीं कर सकते।
The mountain is covered with snow.,पहाड़ पर बर्फ़ बिछी हुई है।
Please haul on the rope.,रस्सी को खींचिए।
The factory will cease operations next month.,फ़ैक्टरी में काम अगले महीने से रुक जाएगा।
I could not bear to see the scene.,मैं वह द्रिश्य देख नहीं सका।
I could not bear to see the scene.,मैं वह द्रिश्य देख नहीं सकी।
It was my brother that made the mistake.,वह ग़लती मेरे भ्राता की थी.
Then Mike tells Hiroshi to fasten his seat belt.,फिर माइक हिरोशी को अपनी सुरक्षा पेटी बांधने बोलता है।
Then Mike tells Hiroshi to fasten his seat belt.,फिर माइक हिरोशी को अपनी सुरक्षा पेटी बांधने बोलते हैं।
Don't play with that key!,उस चाबी के साथतानी मत करो!
The dog kept barking all night.,कुत्ता रातभर भौंकता रहा।
Please feed the dog every day.,कुत्ते को रोज़ खिलाईएगा।
I like the dog.,मुझे यह कुत्ता अच्छा लगता है।
The building is built of marble of a most lovely color.,यह इमारत बहुत ही सुंदर रंग के संगमरमर की बनी है।
May I talk with you in private about the matter?,मैं तुम्हारे साथ इस बारे में अकेले में बात कर सकता हूँ क्या?
I am pleased with the result.,मैं नतीजे से खुश हूँ।
The hole is about five feet across.,गड्ढा पाँच फ़ुट चौड़ा है।
The policeman observed the man open the door.,पुलीसवाले ने आदमी को दरवाज़ा खोलते देखा।
"The instant he saw the policeman, he ran away.",वह पुलिस अफ़सर को देखते ही भाग गया।
The plan has been successful so far.,प्लान अब तक कामयाब रहा है।
This rite is part of their religion.,यह उनके धर्म की एक रिति है।
This rite is part of their religion.,यह उनके धर्म की एक विधि है।
The machine generates a lot of electricity.,वह मशीन बहुत सारी बिजली बनाती है।
There's a rumor in the air that the firm is going into bankruptcy.,हवा में एक अफ़वाह है कि उस कारोबार का दिवालिया होने वाला है।
The school was founded seventy years ago.,स्कूल सत्तर साल पहले स्थापित हुआ था।
The cliff is almost vertical.,चट्टान लगभग बिलकुल सीधी है।
I've seen that picture before.,मैंने वह चित्र पहले भी देखा है।
How many cars has that company bought?,कम्पनी ने कितनी गाड़ियाँ ख़रीदीं हैं?
The company is on the verge of bankruptcy.,कंपनी दिवाले के हद पर है।
The company gave him a gold watch in acknowledgement of his services.,कम्पनी ने उसकी सेवाओं की पहचान में उसे सोनी की घड़ी दी।
The flower died for want of water.,फ़ूल पानी की कमी से मर गया।
The fire devoured the town.,आग ने नगर को तबाह कर दिया।
The house was ablaze.,घर आग में लिपटा हुआ था।
The house was altogether destroyed by the fire.,घर को आग ने सरासर नष्ट कर दिया।
There is a river beside the house.,घर के बगल में एक नदी है।
The house is said to be haunted.,लोग कहते हैं कि इस घर में भूत हैं।
Its value trebled.,उसकी कीमत तिगुनी हो चुकी थी।
That movie theater always shows good movies.,उस सिनेमा हॉल में हमेशा अच्छी फ़िल्में लगतीं हैं।
You should have seen the film.,तुम्हें वह फ़िल्म देखनी चाहिए थी।
The crow flew away.,कौआ उड़ गया।
The spaceship was never to return to Earth.,वह हवाई जहाज़ पृथ्वीपर वापस लौटनेवाला नहीं था.
The committee has something to do with this plan.,इस समिति का इस प्लान से कुछ लेना-देना है।
Whoever wins the race will receive the prize.,जो भी रेस जीतेगा ईनाम उसी का होगा।
The apple has begun to decay.,वह सेव सड़ने लगा है।
The apple trees set very well.,सेव के पेड़ों में बहुत सारे फल लग गए।
The hen lays an egg almost every day.,मुर्गी लगभग हर दिन एक अंडा देती है।
The twin girls are so much alike that I can't tell one from the other.,जुड़वा बहनें एक-दूसरे से इतनी मिलती-जुलतीं हैं कि मैं उनमें फ़र्क नहीं बता सकती।
The solution of the puzzle required no time.,पहेली को सुलझाने में बिलकुल भी समय नहीं लगा।
The mystery still remains unsolved.,वह आज भी एक रहस्य है।
You look nice in that dress.,तुम उस ड्रेस में अच्छी लगती हो।
The tiger laid in the middle of the cage.,बाघ पिंजरे के बीचों-बीच पड़ा हुआ था।
I met him then for the first time.,मैं उसे तब पहली बार मिली।
I met him then for the first time.,मैं उसे तब पहली बार मिला।
I could not tell what I should do then.,मैं बता नहीं पाया के तब मुझे क्या करना होगा.
The shirt needs pressing.,इस कमीज़ को इस्त्री की ज़रूरत है।
The monkey climbed up a tree.,बंदर पेड़ पर चढ़ा।
How did you get tickets for the concert?,तुम्हें कॉनसर्ट की टिकटें कैसे मिलीं?
The occasion demands a cool head.,इस बात को ठंडे दिमाग़ से सोचना होगा।
I found the glass empty.,मुझे गिलास खाली मिला।
The money should be distributed to those in need.,यह पैसा ज़रूरतमंदों में बाँट देना चाहिए।
The air conditioner makes too much noise.,एसी बहुत आवाज़ करता है।
The rumor is true to some extent.,वह अफ़वाह किसी हद तक सच है।
The two languages have a lot in common.,इन दो भाषाओं में बहुत सारी समानताएं हैं।
I'll be there at five p.m.,मैं वहाँ शाम के पाँच बजे पहुँच जाऊँगा।
And there is not even enough water.,और वहाँ पर पानी भी काफ़ी नहीं है।
And they would play hide and go seek.,और फिर वे लुका-छुप्पी खेलने जाया करते थे।
How long will it take to get there?,वहाँ पहुँचने में कितनी देर लगेगी?
Will you please go there?,आप वहाँ जाएँगे क्या?
Do you go there by bus or by car?,तुम वहाँ बस से जाते हो या गाड़ी से?
It hardly ever rains there.,यहाँ पर मुश्किल से कभी बारिश होती है।
There was no one there besides me.,वहाँ मेरे अलावा और कोई नहीं था।
Because there was plenty of water...,क्योंकि पानी की कोई भी कमी नहीं थी...
You can see the whole city from here.,तुम यहाँ से पूरा शहर देख सकते हो।
Don't be so self-assertive.,इतने सयाने मत बनो.
Under the circumstances I cannot allow the request.,इन परिस्तिथियों को ध्यान में रखकर मैं इस प्रस्ताव का स्वीकार नहीं कर सकता।
You must get rid of such a habit.,तुम्हें इस तरह की आदत तोड़ देनी चाहिए।
He might at least apologize.,उसको कम-से-कम माफ़ी तो माँगनी चाहिए।
Smog causes plants to die.,स्मॉग से पेड़-पौधों की मौत होती है।
"Excuse me, but can you help me?","माफ़ कीजिएगा, आप मेरी मदद कर सकते हैं क्या?"
"Excuse me, I'm lost.","माफ़ कीजिएगा, मैं खो गई हूँ।"
"Excuse me, is this seat taken?","माफ़ कीजिएगा, यहाँ कोई बैठा हुआ है क्या?"
I like sport.,मुझे स्पोर्ट्स अच्छे लगते हैं।
Not all birds can fly.,सारे पंछी उड़ नहीं सकते।
Spain was one of the world's mightiest nations.,स्पेन दुनिया के सबसे ताकतवर राष्ट्रों में से एक था।
The strikers called off the strike of their own accord.,हड़तालियों ने अपने-आप ही हड़ताल बंद कर दी।
The strikers called off the strike of their own accord.,हड़ताल करने वालों ने अपने-आप ही हड़ताल बंद कर दी।
Stella really is dead!,स्टेला सचमुच मर गई है!
Stella really is dead!,स्टेला सचमुच मर गईं हैं!
"Start at once, and you will be in time for school.",अगर बिलकुल अभी निकल पड़ोगे तो टाईम पर स्कूल पहुँच जाओगे।
I'm coming.,मैं आ रहा हूँ।
I fly into a rage easily.,मैं जल्दी गुस्सें में आ जाता हूँ.
You had better go at once.,तुम्हें तुरंत जाना चाहिए।
I'm coming at once.,मैं अभी आता हूँ।
The population of Sweden is on the increase.,स्वीडन की जनसंख्या बढ़ रही है।
Singapore has one big problem.,सिंगापुर में एक बड़ी समस्या है।
I'm from Singapore.,मैं सिंगापुर से हूँ।
John is my junior by two years.,जॉन मुझसे दो साल छोटा है।
John left for France yesterday.,जॉन फ्रांस के लिए कल रवाना हुआ।
John asked Mary whether she would like to go shopping in the afternoon.,जॉन ने मेरी से पूछा कि वह दोपहर में उसके साथ बाज़ार जाना चाहती है क्या।
John lives in New York.,जॉन न्यूयॉर्क में रहता है।
John caught a tiger and shot two lions.,जॉन ने एक बाघ पकड़ा और दो शेर मारे।
John will not answer the question.,जॉन सवाल का जवाब नहीं देगा।
"John, who is the youngest in a family of seven, is the apple of his parents' eyes.","जॉन, जो सात बच्चों के परिवार में सबसे छोटा है, वह अपने माता-पिता के आँखों का तारा है."
No one came to the party except John and Dick.,जॉन और डिक छोड़ के पार्टी में कोई नहीं आया।
Mr Johnson ran fastest of the three.,तीनों में से श्री जॉनसन सबसे तेज़ भागें।
Remove your shirt and lie down.,अपनी कमीज़ उतार कर लेट जाओ।
Jack is three years senior to me.,जैक मुझसे तीन साल बड़ा है।
Jack may have taken my umbrella by mistake.,जैक ने मेरा छाता शायद ग़लती से ले लिया है।
Jack keeps a cat and a parrot at home.,जैक घर पर एक बिल्ली और एक तोता रखता है।
"Can I have the key now, please?",मुझे अब चाबी मिल सकती है क्या?
Jim can read Japanese.,जिम को जापानी पढ़ने आती है।
Jim resembles his father.,जिम अपने पापा पर जाता है।
Say hello to Jimmy.,जिमी से मिलो।
Say hello to Jimmy.,जिमी से मिलिए।
Keep an eye on the baby for a while.,बच्चे पर ध्यान रखना थोड़ी देर के लिए।
"After some hesitation, he laid the book on the desk.","थोड़ी हिचकिचाहट के बाद, उसने किताब को मेज़ पर रखा।"
Stand still and keep silent.,शांति से खड़े रहो।
Hold still or you'll be shot.,हिलो मत नहीं तो गोली लग जाएगी।
But they will come here tomorrow.,पर वे कल यहाँ आएँगे।
Jane looks happy.,जेन खुश लगती है।
The jeans looked none the cleaner for having been washed.,जीन्ज़ धुलकर भी साफ़ नहीं लग रहीं थीं।
Sally and I work in the same office.,सैली और मैं एक ही दफ़्तर में काम करते हैं।
"To make matters worse, he fell ill.",और-तो-और वह बीमार भी पड़ गया।
Sam joined the army when he was eighteen.,सैम अठारह साल की उम्र में आर्मी में भर्ती हुआ था।
Now I'll introduce my parents to you.,अब मैं तुम्हारी मुलाक़ात अपने पापा-मम्मी से करवाता हूँ।
Mary was looking for you at that time.,मेरी उस समय तुम्हें ढूँढ रही थी।
Do you know your size?,क्या आपको अपना नाप पता है?
It's now my turn.,अब मेरी बारी है।
"Come on, sit down and rest your weary legs.","आओ, बैठो और अपने थके-हारे पैरों को आराम करने दो।"
Come on! I will best you.,आओ! मैं तुम्हें हार का स्वाद चखाऊँगा।
Let's play baseball!,चलो बेसबॉल खेलतें हैं।
"Here, please have a seat.","यहां, बैठिये।"
"Now, go and have a good time. The work can wait.",जाओ मौज करो। काम थोड़ी देर रुक सकता है।
Do you have rice?,तुम्हारे पास चावल है क्या?
I am much obliged to you for your help.,मैं आपकी मदद के लिए बहुत आभारी हूँ।
What's your home phone number?,तुम्हारे घर का फ़ोन नम्बर क्या है?
I am deeply grateful to you for your kindness.,मैं आपकी करुणा के लिए अत्यंत आभारी हूँ.
How do you feel today?,तुम्हें आज कैसा लग रहा है?
Never have I been so happy.,मैं कभी इतना खुश नहीं हुआ हूँ।
Your parents are not to blame for such a result.,ऐसे नतीजे के लिए तुम्हारे माता-पिता पर दोष नहीं डाला जा सकता।
Who doesn't know such a simple proverb?,इस तरह की आम कहावत को कौन नहीं जानता?
You had better not go out in this bad weather.,अच्छा होगा कि तुम इस बुरे मौसम में बाहर न जाओ।
Keep hold of my hand if you're afraid.,मेरा हाथ पकड़लो अगर तुम्हें डर लग रहा है तो।
Columbus argued that he could reach India by going west.,कोलम्बस ने सोचा कि वह पश्चिम दिशा में जाकर भारत पहुँच सकता था।
Whose book is this?,यह किसकी किताब है?
It's an absolute waste of time to wait any longer.,और इंतेज़ार करना समय की सरासर बर्बादी होगी।
I can't take any more work.,मुझसे और काम नहीं किया जाएगा।
These are very old books.,ये किताबें काफ़ी पुरानी हैं।
What old books these are!,ये कितने पुराने किताबें हैं!
"Instead of laying off these workers, why don't we just cut their hours?",इन कर्मचारियों को नौकरी से निकालने की बजाय क्यों न हम इनके काम करना का समय कम करदें?
These trees were planted by them.,ये पेड़ उन्होंने लगाए थे।
You can borrow these books from the library for a week.,आप ये किताबें पुस्तकालय से एक हफ़्ते के लिए ले सकते हैं।
These books are mine.,ये किताबें मेरीं हैं।
Whose books are these?,ये क्या किताबें हैं?
"Learn these words, one by one.",इन शब्दों को एक-एक करके याद करो।
These questions are easy to answer.,इन सवालों का जवाब देना आसान है।
These questions are easy to answer.,ये प्रश्न सरल हैं।
All those flowers look alike.,वे सभी फूल एक जैसे ही दिखते हैं।
These dogs are big.,ये कुत्ते बड़े हैं।
Can you tell the difference between these two pictures?,तुम इन दो तस्वीरों में अंतर बता सकते हो?
I cannot walk any farther.,मैं और नहीं चल सकती।
"This is an apple, too.",यह भी सेव है।
This is a book.,यह एक किताब है।
This is a book.,यह किताब है।
This is a map.,यह नक्शा है।
"This is a house to let, not to be sold.","यह घर किराय वाला वाला है, बिकने वाला नहीं है।"
This is a picture of my sister.,यह मेरी बहन की तस्वीर है।
This is the village where my father was born.,यह वह गाँव है जहाँ मेरे पिताजी पैदा हुए थे।
This is my bag.,यह मेरा बस्ता है।
This is what I found in the cave.,मुझे गुफ़ा में ये मिला।
This is for you.,यह तुम्हारे लिए है।
This is Mary's dog.,यह मेरी का कुत्ता है।
This is a dress of Mary's own making.,यह ड्रेस मेरी ने खुद बनाई है।
This is the very book that I wanted to read.,यह वही किताब है जिसे मैं पढ़ना चाहता था।
What a tall tree this is!,कितना लम्बा पेड़ है यह!
This feels like silk.,यह रेशम जैसा लगता है।
This is a plant unique to this country.,यह पौधा केवल इस देश में ही पाया जाता है।
This is as large as that.,यह उसके जितना बड़ा है।
What is the difference between this and that?,इस और उस में क्या अंतर है?
What is the difference between this and that?,इस और उस में क्या फ़र्क है?
Can you tell me what size this is?,क्या आप मुझे बता सकते हैं कि यह किस नाप का है?
"This is mine, and that's yours.",यह मेरा है और वह तुम्हारा है।
This is the house where I lived when I was a child.,यह वह घर है जिसमें मैं रहता था जब मैं छोटा था।
This is the book about which I told you.,यह वह किताब है जिसके बारे में मैंने तुम्हें बताया था।
These are the rules; act accordingly.,ये नियम हैं। इनके मुताबिक कम करिए।
"I'm sorry, but I can't hear you well.","माफ़ कीजिएगा, पर मैं आपको ठीक से सुन नहीं पा रहा हूँ।"
"I'm sorry, but I can't hear you well.","माफ़ कीजिएगा, पर मैं आपको ठीक से सुन नहीं पा रही हूँ।"
A rubber ball bounces because it is elastic.,रबड़ की गेंद उछलती है क्योंकि वह लचीली होती है।
This food is too salty.,यह खाना कुछ ज़्यादा ही नमकीन है।
This theory is too difficult for me to comprehend.,यह सिद्धांत मेरे समझने से बाहर है।
This medicine will clear up your cold.,यह दवाई तुम्हारा गला साफ़ कर देगी।
This medicine will take the pain away.,यह दवाई दर्द को दूर कर देगी।
This medicine will do you good!,यह दवाई तुम्हारा भला करेगी!
All the answers to this question were wrong.,इस प्रश्न के सारे उत्तर ग़लत थे।
All the answers to this question were wrong.,इस सवाल के सारे जवाब ग़लत थे।
This tree bears no fruit.,इस पेड़ पर फल नहीं लगते हैं।
May I leave this book with you?,मैं यह किताब तुम्हारे पास छोड़ूँ?
How long did it take you to translate this book?,तुम्हें इस किताब का अनुवाद करने में कितना समय लगा?
You had better not read this book.,तुम यह किताब न ही पढ़ो बेहतर होगा।
This is a book often read by adults.,इस किताब को अक्सर वयस्क पढ़ा करते हैं।
Is this book yours?,क्या यह किताब तुम्हारी है?
This book is older than that one.,यह किताब उस किताब से पुरानी है।
This book contains many pictures.,इस किताब में बहुत सारी तस्वीरें हैं।
It's this book.,यह किताब है।
This hat does match the brown dress.,यह टोपी उस ब्राऊन ड्रेस के साथ जचती नहीं है।
This law does not apply in Japan.,यह कानून जापन में लागू नहीं होता।
There are no houses around here.,यहां आसपास कोई घरें नहीं है।
Apples are produced in this district.,इस ज़िला में सेवों का उत्पाद किया जाता है।
Do you know this part of the city very well?,तुम शहर के इस हिस्से को अच्छी तरह से जानते हो क्या?
Don't lean against this wall.,इस दीवार पर मत झुँको।
How do you interpret these sentences?,तुम इन वाक्यों का क्या माईने निकालते हो?
There is a desk in this room.,इस कमरे में मेज़ है।
Don't you think the air conditioner is turned up too high in here?,तुम्हें नहीं लगता कि एसी कुछ ज़्यादा ही तेज़ चल रहा है?
This cloth adheres to the skin.,यह कपड़ा खाल से चिपकता है।
Do you want to watch this program?,तुम यह कार्यक्रम देखना चाहते हो क्या?
What is in this box?,इस डब्बे में क्या है?
This box contains five apples.,इस डब्बे में पाँच सेव हैं।
Choose between these two.,इन दोनों में से किसी एक को चुनो।
A part of this land is mine.,इस ज़मीन का हिस्सा मेरा है।
This train is bound for Boston.,यह ट्रेन बॉस्टन के लिए रवाना हो रही है।
It is better to ignore this point.,बेहतर होगा कि इस बात को अनदेखा किया जाए।
Stamps are not sold in this store.,यहां डाक टिकटें नहीं बेची जातीं हैं।
What do you call this bird?,इस पक्षी का नाम क्या है?
This bird lives neither in Japan nor in China.,यह पक्षी न तो जापान में रहता है न चीन में।
This town is increasing in population.,इस नगर कि जनसंख्या बढ़ रही है।
This town is increasing in population.,यह नगर जनसंख्या के हिसाब से बढ़ रहा है।
"In this village, they lived a happy life.",इस गांव में वे सुख की ज़िन्दगी जीए।
Something is wrong with this washing machine.,इस वॉशिंग मशीन में कुछ खराबी है।
This river is beautiful.,यह नदी बहुत सुन्दर है।
"This river is dangerous to swim in, in July.",इस नदी में जुलाई के महीने में तैरना खतरनाक होता है।
The number of fish caught in this river was very small.,इस नदी में बहुत कम मछलियाँ पकड़ीं गईं।
This stone is too heavy to lift.,यह पत्थर ज़्यादा वज़नदार है उठाने के लिए.
I'm tired of living this life.,मैं इस ज़िन्दगी को जीकर थक गया हूँ।
What would the world do without tea?,दुनिया चाय के बिना क्या करेगी?
There is nothing on earth that is not affected by the sun.,विष्व में ऐसी कोई भी वस्तु नहीं है जिसपर सूर्य का प्रभाव न पड़ता हो।
There is nothing on earth that is not affected by the sun.,दुनिया में ऐसी कोई भी चीज़ नहीं है जिसपर सूरज का असर न पड़ता हो।
Do you like this color?,यह रंग पसंद है क्या?
The novel is very exciting.,यह उपन्यास बहुत रोमांचक है।
Who is the author of this story?,इस कहानी का लेखक कौन है?
Please get these papers out of the way.,कृपया यह कागज़ रास्ते से हटाओ.
I don't like studying in this heat.,मुझे इस गर्मी में पढ़ाई करना अच्छा नहीं लगता।
Write back to me as soon as you get this letter.,तुम्हें जैसे ही यह पत्र मिले मुझे लिखकर जवाब देना।
Will you stamp this letter for me?,तुम इस चिट्ठी पर स्टैम्प लगादोगे क्या?
This car was made in Japan.,यह गाड़ी जापान में बनी थी।
This car isn't worth repairing.,यह कार मुरम्मत करवाने योग्य नहीं है.
This car has been used for the past ten years.,इस गाड़ी का पिछले दस साल से इस्तेमाल हो रहा है।
We need to look for a gas station because this car will soon run out of gas.,हमे पेट्रोल पम्प ढूँढना चाहिए क्योंकि गाड़ी में पेट्रोल खतम होने वाला है।
This car is better as compared with that one.,उस गाड़ी के मुकाबले में यह गाड़ी ज़्यादा अच्छी है।
This car has enough power to go up the mountain easily.,गाड़ी में आसानी से पहाड़ चढ़ने लायक जान है।
I want this photograph developed as soon as possible.,मुझे यह तस्वीर जल्द-से-जल्द बनवानी है।
Have a good look at this picture and tell me whether or not you can find me in it.,इस तस्वीर को अच्छी तरह से देखो और बताओ कि तुम मुझे ढूँढ पा रहे हो कि नहीं।
I will tell him about it when he comes next time.,"जब वह अगली बार आएगा, मैं उसे इसके बारे में बाताऊँगा।"
I will tell him about it when he comes next time.,"जब वह अगली बार आएगा, मैं उसे इसके बारे में बाताऊँगी।"
This watch is broken.,यह घड़ी टूटी हुई है।
Don't tell Father about this.,पिताजी को इसके बारे में मत बताओं।
Don't tell Father about this.,पापा को इस बारे में मत बताओं।
How do you interpret this poem?,इस कविता क्या आप क्या अर्थ निकालते हैं?
How do you interpret this poem?,इस कविता का तुम क्या मतलब निकालते हो?
This poem was written by a nameless poet.,यह कविता किसी बेनाम कवी ने लिखी थी।
This poem was originally written in French.,यह कविता सबसे पहले फ़्रानसीसी में लिखी गई थी।
This paper has very good absorption.,यह कागज़ बहुत अच्छे से सोखता है।
What is the height of this mountain?,इस पहाड़ की ऊँचाई कितनी है?
There were no Japanese in this country.,इस देश में कोई जापानी नहीं थे।
Every fifth person has a car in this country.,इस देश में हर पाँचवे व्यक्ति के पास गाड़ी है।
Let the tea draw for ten minutes.,चाय को दस मिनट के लिए उबलने दीजिए।
This old table is still in use.,पुरानी मेज़ अभी भी इस्तेमाल में है।
This word comes from Greek.,यह शब्द ग्रीक से आता है।
This silk feels smooth.,यह रेशम छूने में बहुत नर्म लगता है।
Do you have these shoes in my size?,क्या ये जूते मेरे नाप में भी हैं?
Do you have these shoes in my size?,क्या ये जूते मेरे नाप में भी मिल सकते हैं?
"This rule applies to you, too.",यह नियम तुम पर भी लागू होता है।
Food goes bad easily in this season.,इस मौसम में खाना आसानी से खराब हो जाता है।
This machine is driven by electricity.,यह मशीन बिजली से चलती है।
This machine is superior in quality to that one.,यह मशीन उस मशीन से बेहतर है।
Take care not to throw away this chance.,देखो कि इस मौके को न गवा बैठो।
This desk is made of wood.,यह मेज़ लकड़ी की बनी है।
I can't put up with this cold.,मुझसे यह ठंड सही नहीं जाएगी।
This amount includes tax.,इस कीमत में टैक्स शामिल है।
This school has many students.,इस स्कूल में बहुत सारे विद्यार्थी हैं।
Are you a member of this society?,क्या आप इस समिति के सदस्य हैं?
This house has six rooms.,इस घर में छः कमरे हैं।
This house has eleven rooms.,इस मकान में ग्यारह कमरे हैं।
I swam a lot during this summer vacation.,मैंने इस साल गर्मी की छुट्टियों में बहुत तैरा।
The English of this composition is too good.,इस लेख की अंग्रेज़ी बहुत ही अच्छी है।
Going out in this rain is out of the question.,इस बारिश में बाहर जाना एकदम सवाल के बाहर है।
Taste this wine to see if you like it.,यह वाईन चखकर देखो तुम्हें अच्छी लगती है कि नहीं।
"This apple tastes sour, doesn't it?",यह सेव खट्टा है ना?
This lion is very tame.,यह शेर बहुत पालतू है।
You ought to do away with this practice.,तुम्हें इस आदत को छोड़ देना चाहिए।
This present was given to me by Ann.,यह भेंट मुझे ऐन ने दी थी।
These grapes are so sour that I can't eat them.,ये अंगूर इतने खट्टे हैं कि मुझसे खाए नहीं जा रहे।
Blow your nose with this handkerchief.,नाक इस रुमाल में झाड़ो।
Is the mouse dead or alive?,चूहा ज़िन्दा है या मर गया है?
This tie doesn't go with my suit.,यह टाई मेरे सूट के साथ जचती नहीं है।
The knife is not sharp.,यह चाकू तेज़ नहीं है।
Wipe your hands with this towel.,अपने हाथ इस तौलिए से पोंछो।
Will you exchange this sweater for a larger one?,आप यह स्वेटर बड़े नाप वाले के लिए बदल देंगे क्या?
This soup smacks of fish.,इस सूप में मछली का स्वाद है।
I don't like this jacket.,मुझे यह जैकेट पसंद नहीं है।
The sheets feel damp.,चादरें गीलीं लगतीं हैं।
This coffee is so hot that I can't drink it.,यह कॉफ़ी इतनी गरम है कि मुझसे पी नहीं जा रही है।
There are fifty members in this club.,इस सभा में पचास सदस्य हैं।
There are fifty members in this club.,इस क्लब में पचास सदस्य हैं।
Please change this bill into coins.,इस नोट को सिक्कों में बदल दीजिए।
What are you going to do with this money?,तुम इन पैसों के साथ क्या करोगे?
This elevator does not go above the sixth floor.,यह लिफ़्ट छटी मंज़िल तक ही जाती है।
Please bring me some glasses.,कृपया मुझे चश्मा ला दीजिये.
This is Tom speaking. I'd like to speak to Ann.,मैं टॉम बोल रहा हूँ। मुझे ऐन से बात करनी है।
Here is your key.,यह रही तुम्हारी चाबी।
Here is your key.,यह रही आपकी चाबी।
It's been pouring here for the last few days.,यहाँ पिछले कुछ दिनों से दबाकर बारिश हो रही है।
This is a hospital.,यह अस्पताल है।
It's very hot here.,यहाँ बहुत गरम है।
Are you going to cut down all the trees here?,तुम यहाँ सारे के सारे पेड़ काट डालोगे क्या?
You cannot park your car here.,आप अपनी गाड़ी यहाँ खड़ी नहीं कर सकते।
Twenty families live here.,यहाँ बीस परिवार बसे हुए हैं।
Could you sign here?,यहाँ हस्ताक्षर कर सकते हैं क्या?
You are not supposed to play baseball here.,यहाँ बेसबॉल खेलना मना है।
Let's meet here again tomorrow.,यहाँ पर कल फिर मिलते हैं।
What would you do if you met a lion here?,अगर यहां तुम्हें शेर मिला तो तुम क्या करोगे?
What would you do if you met a lion here?,अगर यहां तुम्हें शेर मिला तो तुम क्या करोगी?
What would you do if you met a lion here?,अगर यहां आपको शेर मिला तो आप क्या करोगे?
What would you do if you met a lion here?,अगर यहां आपको शेर मिला तो आप क्या करेंगी?
Smoking is not allowed here.,यहाँ धूम्रपान करना मना है।
Articles bought here will be delivered free of charge.,यहाँ खरीदीं हुईं चीज़ों को मुफ़्त में घर तक पहुँचाया जाएगा।
We can hear the ocean from here.,हमे यहाँ से समुंदर सुनाई देता है।
The coffee bubbled in the pot.,कौढ़ी केतली में उबल रही थी।
A button has come off my coat.,मेरे कोट से एक बट्टन टूट गया है।
Ken is happy.,केन खुश है।
Ken beat me at chess.,केन ने मुझे शतरंज में हरा दिया।
You cannot eat your cake and have it too.,"तुम ""चित भी मेरी पट भी मेरी"" नहीं कर सकते।"
There were two cakes. I ate one and then I ate the other.,दो केक थे। मैंने एक खाया और फिर मैंने दूसरा खाया।
Kate has a cold.,केट को ज़ुकाम है।
Kate has been given an opportunity to play a major role in a movie.,केट को एक फ़िल्म में प्रमुख भूमिका निभाने का मौका दिया गया गै।
Hasn't Kate arrived yet?,केट अभी तक आई नहीं है?
Kate was surprised by Brian's story.,ब्रायन की कहानी सुन कर केट चौक गई।
Kate wants to finish her homework by ten.,केट को अपना होमवर्क दस बजे तक ख़तम करना है।
You must observe the rules of the club.,तुम्हें क्लब के नियमों का पालन करना होगा।
Don't speak ill of your classmates.,अपने सहपाठियों की बुराई मत करो।
Classical music is not my cup of tea.,मुझे शास्त्रीय संगीत सुनने का शौक नहीं है।
Christianity and Islam are two different religions.,ईसाईयत और इस्लाम दो अलग-अलग धर्म हैं।
The Greeks used to worship several gods.,यूनानी कई देवों की पूजा करते थे।
"Greeks often eat fish, too.",ग्रीक लोग भी अक्सर मछली खाते हैं।
On no account must you go out today.,तुम किसी भी हालत में आज बाहर नहीं जा सकते।
Carol has been studying Spanish for three years.,कैरल तीन साल से स्पैनिश पढ़ रही है।
I heard that Carol and Will have split up.,मैंने सुना है कि कैरल और विल अब एक साथ नहीं हैं।
"Did Cathy go, too?",क्या कैथी भी गई थी?
You look tired.,तुम थके-हारे से लगते हो।
Your cough is the consequence of smoking.,तुम्हारी खाँसी तुम्हारे सिगरेट पीने की वजह से है।
"Until yesterday, I had known nothing about it.",मुझे कल तक इसके बारे में कुछ भी नहीं पता था।
"I slept all day yesterday, because it was Sunday.","कल रविवार था, तो मैं पूरे दिन सोते रहा।"
A fox is a wild animal.,लोमड़ी जंगली जानवर होती है।
He must love you.,वह तुमसे प्यार करता होगा।
I want a guitar.,मुझे गिटार चाहिए।
A man named Carlos came to a mountain village looking for that old man.,कार्लोस नाम का एक आदमी किसी पहाड़ी गांव में उस बूढे आदमी की तलाश में आया।
Glass is made from sand.,ग्लास रेत से बनाया जाता है।
"They looked at the rubbish, then they looked at each other.","उन्होंने पहले कचरे की तरफ, और फिर एक दुसरे की तरफ देखा."
Is there a cafe?,यहाँ कैफ़े है क्या?
Have you ever been to Canada?,तुम कभी कनाडा गए हो क्या?
What languages do they speak in Canada?,कनाडा में कौनसी भाषाएं बोली जाती हैं?
There used to be a bridge here.,यहां एक पुल हुआ करता था।
Have you ever seen a cuckoo?,कभी कोयल देखी है?
Have you ever seen a cuckoo?,क्या आपने कभी कोयल देखी है?
Take this medicine when you have a cold.,ज़ुकाम हो तो यह दवाई ले लेना।
Do you cook by gas or electricity?,तुम बिजली से खाना पकाती हो या गैस से?
I wish I had more time to talk with you.,काश मेरे पास और समय होता तुम्हारे साथ बात करने के लिए।
Can we have a talk?,हम बात कर सकते हैं क्या?
I wish I could help you.,काश मैं तुम्हारी मदद कर सकता।
I have no time to see you.,मेरे पास तुमसे मिलने के लिए समय नहीं है।
Please tell me your name and telephone number.,मुझे अपना नाम और फ़ोन नम्बर बताईये।
During Obon there is much confusion at train stations.,ओबोन के समय में रेल स्टेशनों पर भागा-दौड़ी मची रहती है।
Mom scolded me for making fun of them.,माँ ने मेरे उनका मज़ाक उड़ाने के लिए डाँट लगाई।
Where is mother?,माँ कहाँ है?
"Mom, add a little more salt to the soup.","मम्मी, सूप में थोड़ा और नमक डालो।"
My stomach is growling.,मेरा पेट गुड़गुड़ा रहा है।
Dad is shaving in the bathroom.,पापा बाथरूम में दाढ़ी बना रहे हैं।
You two look exactly like brother and sister.,आप दोनों बिलकुल भाई-बहन लगते हो।
The hot water isn't running.,गरम पानी नहीं चल रहा है।
Leave it to me to prepare lunch.,खाना बनाना मुझपर छोड़ दो।
Please give me a cup of tea.,मुझे एक कप चाय दीजिए।
Would you like another cup of tea?,आप एक और कप चाय पीना चाहेंगे क्या?
Your dog is very big.,तुम्हारा कुत्ता बहुत बड़ा है।
Let me take you home.,मुझे तुम्हें घर लेजाने दो।
Please hang on. I'll put him on the phone.,थोड़ी देर ठहरिए। मैं उन्हें फ़ोन देता हूँ।
Please hang on. I'll put him on the phone.,थोड़ी देर होल्ड कीजिए। मैं उन्हें फ़ोन देता हूँ।
"This accident has nothing to do with me, officer.","इस दुर्घटना का मुझसे कोई लेना-देना नहीं है, ऑफिसर।"
"This accident has nothing to do with me, officer.","इस दुर्घटना का मुझसे कोई वास्ता नहीं है, ऑफिसर।"
I am sorry if I disturbed you.,माफ़ कीजिएगा अगर मैंने आपको परेशान किया तो।
Sit wherever you like.,कहीं भी बैठ जाओ।
Can we effect a compromise?,हम कोई समझौता कर सकतें हैं क्या?
My money was stolen.,मेरे पैसे चोरी हो गए।
Will you lend me some money?,क्या तुम मुझे कुछ पैसे उधार दोगे?
Is it possible to borrow money?,क्या पैसे उधार लिए जा सकते हैं?
I'm very happy to make your acquaintance.,मुझे आपसे मिलकर बहुत खुशी हुई।
"We had no customers, so we shut the shop early.","हमारे पास ग्राहक नहीं थे, तो हमने दुकान जल्दी बंद करदी।"
You are under arrest.,तुम्हें गिरफ्तार किया जाता है।
You are under arrest.,आपको गिरफ्तार किया जाता है।
I have a stomachache.,मुझे पेट में दर्द हो रहा है।
"If you are hungry, you can eat the bread.",अगर भूख लगी है तो ब्रेड खा सकते हो।
Could you bring me another hot towel?,मेरे लिए एक और गरम तौलिया ला सकते हैं क्या?
"My uncle lives in Madrid, the capital of Spain.",मेरे चाचा स्पेन की राजधानी मेड्रिड में रहते हैं।
"My uncle lives in Madrid, the capital of Spain.",मेरे मामा स्पेन की राजधानी मेड्रिड में रहते हैं।
I got an old Toyota from my uncle.,मुझे मेरे चाचा से एक पुरानी टोयोटा मिली।
I got an old Toyota from my uncle.,मुझे मेरे मामा से एक पुरानी टोयोटा मिली।
Where in Austria did you grow up?,ऑस्ट्रिया में तुम कहां बड़ी हुई?
Where in Austria did you grow up?,ऑस्ट्रिया में तुम कहां बड़े हुए?
Where in Austria did you grow up?,ऑस्ट्रिया में आप कहां बड़े हुएं?
Australia exports a lot of wool.,ऑस्ट्रेलिया ऊन का बड़ी मात्रा में निर्यात करता है।
English is spoken in Australia.,आस्ट्रेलिया में अंग्रेजी बोली जाती है।
"Hey you, shut up!",तुम चुप करो!
What's the height of the Empire State Building?,एम्पायर स्टेट बिल्डिंग की ऊँचाई कितनी है?
Where is the elevator?,लिफ़्ट कहाँ पर है?
The rumor proved to be an absolute lie.,वह अफ़वाह एकदम झूठी निकली।
Let's cut down our expenses.,हमें अपने खर्चे कम करने होंगे।
Everything is all right at home.,घर में सब-कुछ ठीक है।
Is it always a sin to tell a lie?,क्या झूठ हमेशा बुरा होता है?
A rabbit has long ears.,खरगोश के कान लम्बे होते हैं।
I ran out of money during my stay in India.,भारत में रहने के दौरान मेरे पास पैसे खतम हो गए।
India was subject to the British Empire.,भारत ब्रिटिज राज के शासन में था।
India is the seventh largest country in the world.,भारत विश्व में सातवाँ सबसे बड़ा देश है।
India is populous.,भारत घनी आबादी वाला देश है।
India is now short of food.,भारत में अभी अनाज की कमी है।
What is the population of India?,भारत की आबादी क्या है?
What is the population of India?,भारत की जनसंख्या क्या है?
India gained independence from Britain in 1947.,भारत को ब्रिटेन से १९४७ में स्वतंत्रता प्राप्त हुई।
India has a different climate from England.,भारत का मौसम इंग्लैड के मौसम से एकसमान नहीं है।
Cows are sacred to many people in India.,भारत में कई लोग गाय को पूज्य मानते हैं।
Have you ever been to India?,तुम कभी भारत गए हो क्या?
"In India, the cow is a sacred animal.",भारत में गाय को पूज्य माना जाता है।
Must I write in ink?,मुझे स्याही से ही लिखना होगा?
My pen has run out of ink! Can I borrow your pen?,मेरी कलम में स्याही खतम हो गई है। मैं तुम्हारी कलम ले सकता हूँ क्या?
The government of the Inca Empire controlled everything.,इनका साम्राज्य की सरकार सब कुछ नियंत्रित करती थी।
He was the ruler of the Inca Empire.,वह इनका साम्राज्य के शासक थे।
I don't believe him at all.,मैं उसका बिलकुल भी यकीन नहीं करता।
"If you do anything at all, do it well.",अगर कुछ करना है तो ढंग से करो।
"The dog barked furiously, which awakened my brother.","कुत्ते ने ज़ोर लगाकर भौंका, जिससे मेरे भाई की नींद खुल गई।"
When are you coming back?,तुम वापस कब आओगे?
When did you see her?,तुमने उसे कब देखा था?
When will you get ready to leave?,तुम चलने के लिए तैयार कब होगे?
When do you want to go?,तुम कब जाना चाहते हो?
When do you want to go?,आप कब जाना चाहते हैं?
When do you want to go?,तुम कब जाना चाहती हो?
When did you get back from London?,तुम लंदन से कब वापस आए?
When are you going to Europe?,तुम यूरोप कब जा रहे हो?
What do you usually do after dinner?,तुम आमतौर पर रात में खाना खाने के बाद क्या करते हो?
Always keep your office tidy.,अपने दफ़्तर को हमेशा साफ़-सुथरा रखना चाहिए।
I arrived later than usual.,मैं आमतौर के मुकाबले में देर से आया।
There is always something to do.,करने के लिए हमेशा कुछ-न-कुछ तो होता ही है।
When do you play tennis?,तुम टेनिस कब खेलना चाहते हो?
Can anyone believe you?,क्या कोई तुम्हारा यकीन कर सकता है?
Can you tell me when to switch the machine off?,क्या मुझे बता सकते हो कि मशीन को कब बंद करना है?
Someday your dream will come true.,तुम्हारा सपना एक दिन सच हो जाएगा।
Some day we'll take a trip to India.,हम एक दिन भारत का सफ़र करने जाएंगे।
I want to go to America some day.,मैं एक दिन अमेरिका जाना चाहता हूँ।
The capital of Italy is Rome.,इटली की राजधानी रोम है।
Mischief is common to most children.,लगभग सभी बच्चे नटखट होते हैं।
Shall I get you a chair?,मैं आपके लिए कुरसी लेआऊँ?
May I ask some questions?,क्या में थोड़े सवाल पूछ सकता हूं?
May I ask some questions?,क्या में थोड़े सवाल पूछ सकती हूं?
May I ask some questions?,थोडे सवाल पूछूं?
The voyage from England to India used to take 6 months.,इंग्लैड से भारत तक का सफ़र छः महीनों का हुआ करता था।
We have good news.,हमारे पास खुशखबर है।
A good idea entered my mind.,मेरे दिमाग़ में एक अच्छी तरक़ीब सूझी है।
I'm getting happy.,मैं खुश हो रहा हूँ।
"You see, I left school when I was thirteen.",बात यह है के मैंने तेरा साल की उम्र में ही पाठशाला छोड़ दी।
Happy Easter!,एसटर मुबारक हो!
"No, I don't think that I am to blame.","नहीं, मुझे नहीं लगता कि ग़लती मेरी है।"
Ann often plays tennis after school.,ऐन अक्सर स्कूल के बाद टेनिस खेलने जाती है।
Ann is a little girl.,अॅन छोटी लड़की है।
Ann is a little girl.,अॅन एक छोटी लड़की है।
I can't bear the sight of him.,मुझे उसको देखा नहीं जाता।
You are fortunate to have such loving parents.,तुम नसीब वालो हो जिसके इतना प्यार करने वाले माँ-बाप हैं।
This is my dog.,यह मेरा कुत्ता है।
That was my mistake.,वह मेरी ग़लती थी।
That's our house.,वह हमारा घर है।
What's that bird?,वह कौनसी चिड़िया है?
What is the name of that river?,उस नदी का नाम क्या है?
Is that a cat?,वह बिल्ली है क्या?
That is not a tiger.,वह बाघ नहीं है।
One day he helped a weak turtle.,उसने एक दिन एक कमज़ोर कछुए की मदद करी।
Don't drink any alcohol.,शराब की एक बूंद भी मत पियो।
Alice smiled.,ऐलिस मुस्कुरायी।
Americans participate in most sports.,अम्रीकी लोग ज़्यादातर खेलों में भाग लेते हैं।
When did America become independent of England?,अम्रीका को इंग्लैंड से आज़ादी कब मिली?
The urban population of America is increasing.,अमरीका की शहरी लोकसंख्या बढ़ रही है।
You have to cross the ocean to get to America.,अमरीका पहुँचने के लिये महासागर पार करना पड़ता है।
Why do you think soccer isn't popular in the US?,तुम्हारे खयाल से अम्रीका में फ़ुटबॉल लोकप्रिय क्यों नहीं है?
I do not have much time.,मेरे पास ज़्यादा समय नहीं है।
Africa was once called the Dark Continent.,अफ़्रीका को एक समय में अंधेर महाद्वीप बुलाया जाता था।
Have you ever been to Africa?,तुम कभी अफ़्रीका गए हुए हो क्या?
Have you ever been to Africa?,आप कभी अफ़्रीका गए हुए हैं क्या?
That book is worth reading.,वह किताब पढ़ने लायक़ है।
That lady appears rich.,वह औरत पैसेवाली लगती है।
That lady appears rich.,वह औरत दिखने से अमीर लगती है।
That box is bigger than this one.,वह डब्बा इस वाले से बड़ा है।
There was a strong wind that day.,उस दिन हवा बहुत तेज़ थी।
What he lacks is courage.,उसको बहादुरी की ज़रूरत है।
He doesn't have long to live.,उसके पास जीने के लिए ज़्यादा समय नहीं है।
The top of that mountain is flat.,उस पहाड़ की चोटी चपटी है।
I regret not having bought that house.,मुझे उस घर को न खरीदने का पछतावा हो रहा है।
The house is haunted.,इस घर में भूत है।
You should have seen the movie.,तुम्हें फ़िल्म देखनी चहिए थी।
Seeing that movie is something like taking a trip to India.,उस फ़िल्म को देखना भारत के सफ़र पर जाने जैसा है।
The love letter ought to have reached her.,वह प्रेम पत्र उसतक पहुँच जाना चाहिए था।
You must have such friends as will help you.,तुम्हारे ऐसे दोस्त होने चाहिए के जो तुम्हारी मदद करें।
You must have such friends as will help you.,आपके ऐसे दोस्त होने चाहिए के जो आपकी मदद करें।
I'm thinking of taking you to see Mr Jenkins.,मैं सोच रहा हूँ कि तुम्हें जेनकिन्स-जी से मिलवाने ले जाऊँ।
Will you go to America next month?,तुम अगले महीने अम्रीका जाओगे क्या?
You must not play.,तुम्हें खेलना नहीं चाहिए।
Are your eyes bad?,तुम्हारी आँखे खराब हैं क्या?
Are you reading an interesting book?,आप कोई दिलचस्प किताब पढ़ रहें हैं क्या?
Are you reading an interesting book?,तुम कोई दिलचस्प किताब पढ़ रहे हो क्या?
Are you reading an interesting book?,तुम कोई दिलचस्प किताब पढ़ रही हो क्या?
What time do you get up every day?,आप रोज़ कितने बजे उठते हैं?
What time do you get up every day?,तुम रोज़ कितने बजे उठते हो?
What time do you get up every day?,तुम रोज़ कितने बजे उठा करते हो?
What time do you usually get up every morning?,तुम आमतौर पर रोज़ सुबह कितने बजे उठते हो?
You've never seen a genuine diamond.,तुमने असली हीरा कभी देखा ही नहीं है।
You look busy.,व्यस्त लग रहे हो।
You look busy.,व्यस्त लग रही हो।
You look busy.,व्यस्त लग रहे हैं।
You may rely on him.,तुम उसपर भरोसा कर सकते हो।
Who do you think he is?,तुम्हारे ख़याल से वह कौन है?
Didn't you know that he passed away about two years ago?,तुम्हें पता नहीं कि वे दो साल पहले ही गुज़र चुके थे?
Can you drive?,तुम गाड़ी चला सकते हो क्या?
You should make good use of your time.,तुम्हें अपने समय का ठीक से इस्तेमाल करना चाहिए।
Will you go with us?,तुम हमारे साथ आओगे क्या?
Did you hear my son play the violin?,क्या तुमने मेरे बेटे को वायोलिन बजाते हुए सुना है?
Did you hear my son play the violin?,क्या आपने मेरे बेटे को वायोलिन बजाते हुए सुना है?
What did you do with my pants?,तुमने मेरे पतलून के साथ क्या किया?
What did you do with my pants?,आपने मेरे पतलून के साथ क्या किया?
Did you see my camera?,तुमने मेरा कैमरा देखा क्या?
I believe you like your job.,मुझे लगता है कि तुम्हें तुम्हारा काम अच्छा लगता है।
Did you have a good sleep last night?,तुम कल रात अच्छे से सोये क्या?
Did you study yesterday?,क्या तुमने कल पढ़ाई की?
Did you study yesterday?,क्या आपने कल पढ़ाई की?
Did you study yesterday?,कल पढ़ाई की?
What do you want to do in the afternoon?,तुम्हें दोपहर में क्या करने का मन है?
You have a good memory.,तुम्हारी याददाश्त अच्छी है।
You are a very good artist.,आप एक अच्छे कलाकार है
Are you interested in flowers?,तुम्हें फूलों में दिलचस्पी है क्या?
Do you have a pencil?,तुम्हारे पास पेनसिल है क्या?
Who were you waiting for at the station?,तुम स्टेशन पर किसका इंतज़ार कर रहे थे?
Who were you waiting for at the station?,तुम स्टेशन पर किसका इंतज़ार कर रही थी?
Who were you waiting for at the station?,आप स्टेशन पर किसका इंतज़ार कर रहे थें?
You must endeavor to improve your English.,तुम्हें अपनी अंग्रेज़ी सुधारने की कोशिश करनी चाहिए।
"You aren't leaving Japan for good, are you?",तुम हमेशा के लिए तो जापान नहीं जा रहे हो ना?
Did you hear the news on the radio?,तुमने रेडियो पर खबर सुनी क्या?
It is time you should get up.,तुम्हारे उठने का समय हो गया है।
Why do you talk about him as if he were an old man?,तुम उसके बारे में ऐसे बात क्यों करते हो जैसे कि वह बूढ़ा आदमी हो?
Why did you come here this morning?,तुम आज सुबह यहाँ क्यों आए?
Do you watch television?,आप टीवी देखतें हैं क्या?
You should have kept it secret.,तुम्हें इसे राज़ रखना चहिए था।
Were you told to do so?,तुम्हें यह करने के लिए बताया गया था?
It is necessary for you to go there immediately.,तुम्हारे लिए वहाँ तुरन्त जाना अनिवार्य है।
You are wearing your shirt inside out.,तुमने अपनी कमीज़ उलटी पहनी हुई है।
You are wearing your shirt inside out.,तुमने अपनी टी-शर्ट उलटी पहनी हुई है।
Are you for or against this?,आप इसके हित में हैं या नहीं?
Are you the owner of this house?,आप इस घर के मालिक हैं क्या?
What did you do yesterday?,तुमने कल क्या किया?
You must help your mother.,तुम्हें अपनी मां की मदद करनी चाहिए।
You must help your mother.,आपको अपनी मां की मदद करनी चाहिए।
Do you think we should import rice from the U.S.?,क्या आपको लगता है कि हमे अम्रीका से चावल का आयात करना चाहिए?
How many books do you read a month?,तुम एक महीने में कितनी किताबें पढ़ते हो?
What time do you go home?,तुम किस समय घर जाती हो?
What time do you go home?,तुम कितने बजे घर जाते हो?
You say one thing and then act just the opposite.,तुम बोलते एक बात हो और करते दूसरी।
What time did your friend go home?,तुम्हारा दोस्त कितने बजे घर वापस गया था?
Your sister can not speak English.,तुम्हारी बहन अंग्रेज़ी नहीं बोल सकती है।
It's your turn. Please come this way.,तुम्हारी बारी है। इस तरफ़ आओ।
You are correct in your judgement.,आप अपने निर्णय में सही हैं।
I feel like I'm being drawn into your eyes.,मुझे लगता है कि मैं तुम्हारी आँखों में खिंचा जा रहा हूँ।
I'm not saying that your answers are always wrong.,मैं यह नहीं कह रही हूँ कि तुम्हारे उत्तर हमेशा ग़लत होते हैं।
Let me know your address.,मुझे अपना पता बतादेना।
What is your name?,आपका नाम क्या है?
What is your name?,तुम्हारा नाम क्या है?
What's your older sister doing now?,तुम्हारी दीदी अभी क्या कर रही है?
What's your older sister doing now?,आपकी बड़ी बहन अभी क्या कर रही हैं?
What's your favorite food?,तुम्हारा सबसे पसंदीता खाना कौनसा है?
Your plan requires a large amount of money.,तुम्हारी योजना के लिए बहुत सारे पैसे की ज़रूरत है।
You should try to conquer your smoking habit.,तुम्हें अपने सिगरेट पीने पर रोक लगाने की कोशिश करनी चाहिए।
I wish I could speak English like you.,काश मैं आपकी तरह अंग्रेज़ी बोल पाता।
I wish I could speak English like you.,काश मैं आपकी तरह अंग्रेज़ी बोल पाती।
I wish I could speak English like you.,काश मैं तुम्हारी तरह अंग्रेज़ी बोल पाती।
I wish I could speak English like you.,काश मैं तुम्हारी तरह अंग्रेज़ी बोल पाता।
Please show me your notebook.,मुझे अपनी कौपी दिखाईए।
Have your roses come out yet?,तुम्हारे गुलाब खिल गए हैं क्या?
I am afraid I can't help you.,मुझे अफसोस है कि मैं आपकी मदद नहीं कर सकता।
I am afraid I can't help you.,मुझे अफसोस है कि मैं आपकी मदद नहीं कर सकती।
I am afraid I can't help you.,मुझे अफसोस है कि मैं तुम्हारी मदद नहीं कर सकती।
I am afraid I can't help you.,मुझे अफसोस है कि मैं तुम्हारी मदद नहीं कर सकता।
Is your father a teacher?,क्या आपके पिताजी अध्यापक हैं?
Is your father a teacher?,क्या तुम्हारे पिताजी अध्यापक हैं?
Is your father a teacher?,क्या आपके पापा अध्यापक हैं?
Is your father a teacher?,क्या तुम्हारे पापा अध्यापक हैं?
Is your father a teacher?,क्या आपके पिताजी टीचर हैं?
Is your father a teacher?,क्या तुम्हारे पिताजी टीचर हैं?
Is your father a teacher?,क्या आपके पापा टीचर हैं?
Is your father a teacher?,क्या तुम्हारे पापा टीचर हैं?
Is your father a teacher?,तेरा बाप टीचर है क्या?
I was scared that you might leave me.,मुझे डर था कि तुम मुझे छोड़ दोगे।
Do you have any brothers?,तुम्हारे कोई भाई हैं क्या?
I'd like to have a word with you.,मैं तुमसे बात करना चाहता हूँ।
I will come with you.,मैं तुम्हारे साथ आऊँगा।
You're a life saver.,तुमने मेरी जान बचाली।
People your age often have this problem.,तुम्हारी उम्र के लोगों को अक्सर इस तरह की दिक्कत होती है।
"If you act like a fool, you must be treated as such.",अगर तुम मूर्ख की तरह व्यवहार करोगे तो तुम्हारे साथ मूर्ख की तरह का व्यवहार ही होगा।
I was disappointed that you didn't call.,मैं निराश था कि तुमने फ़ोन नहीं किया।
Give up smoking if you want to live long.,अगर लम्बी ज़िन्दगी जीना चाहते हो तो सिगरेट पीना छोड़ दो।
It's all the same to me whether you go or stay.,"तुम जाओ या रहो, मुझे कोई फ़र्क नहीं पड़ता।"
It makes no difference to me whether you are rich or poor.,"तुम अमीर हो या ग़रीब, इससे मुझे कोई फ़र्क नहीं पड़ता।"
Tell me what you are looking forward to.,मुझे बताओ तुम किस चीज़ की आशा कर रहे हो।
There is no necessity for you to do that.,तुम्हें वैसे करने की कोई ज़रूरत नहीं है।
There is no necessity for you to do that.,आप को वैसे करने की कोई ज़रूरत नहीं हैं।
How long has it been since you gave up teaching at that school?,तुम्हें स्कूल में पढ़ाना छोड़े हुए कितना समय हो गया है?
I will help you in selecting the best from these clothes.,मैं तुम्हें इनमें से सबसे अच्छे कपड़े चुनने में मदद करूँगी।
How much time do we have to finish this?,हमारे पास इस काम को खतम करने के लिए कितना समय है?
The man who is standing there is my father.,वहाँ पर खड़े हुए वे मेरे पिता हैं।
What will you be doing at this time tomorrow?,तुम कल इस समय क्या कर रहे होगे?
Tomorrow is my birthday.,कल मेरा जन्मदिन है।
"As a light goes out, so a man dies.","जैसे दीपक बुझता है, वैसे ही आदमी मरता है।"
"I'm sorry, my father is out.","माफ़ कीजिएगा, मेरे पापा अभी घर पर नहीं हैं।"
"Nobody likes him, because he is always blowing his own horn.",उसे कोई भी पसंद नहीं करता क्योंकि वह सारे टाईम अपनी बड़ाई करता रहता है।
I don't care what they say.,वे जो मर्ज़ी कहें मुझे उससे कोई फ़र्क नहीं पड़ता।
"Oh, I do wish I could go to France.","ओह, काश मैं फ़्रान्स जा सकती!"
A politician like that gets my goat.,ऐसे नेताओं पर मुझे गुस्सा आता है।
A politician like that gets my goat.,ऐसे नेता मुझे गुस्सा दिलाते हैं।
A man like that gets on my nerves.,उस तरह का आदमी मुझसे झिलता नहीं है।
"Oh, no! We're running out of gas.",अरे नहीं! पेट्रोल खतम होने वाला है।
A is 5 times as long as B.,A B से पाँचगुना लम्बा है।
I will be back by nine.,मैं नौ बजे से पहले वापस आ जाऊँगा।
Come to my house at eight.,मेरे घर आठ बजे आना।
Take this medicine every six hours.,इस दवाई को हर छः घंटे लेना।
Please wait for five minutes.,कृपया पाँच मिनट इंतेज़ार करें।
May comes after April.,मई अप्रैल के बाद आता है।
Can you lend me 500 yen?,तुम मुझे पाँच सौ येन उधार दे सकते हो क्या?
It is easy to add 5 to 10.,पाँच से दस को जोड़ना बहुत आसान है।
Run in the 40 meters.,४० मीटर वाली में भागो।
It was not until three days after that I knew she had disappeared.,मुझे तीन दिन बीतने के बाद ही पता चला कि वह लापता थी।
Three men broke out of prison yesterday.,कल तीन आदमी जेल से भाग गए।
I'll be staying here for three months.,मैं यहाँ तीन महीनों के लिए रहूँगा।
Please come again two weeks from today.,आज से दो हफ़्तों के बाद फिरसे आईएगा।
It will go away by itself in two weeks.,वह दो हफ़्तों में अपने-आप चला जाएगा।
"Out of the students, only one had read that book.",विद्यार्थियों में से केवल एक ही ने किताब को पढ़ा था।
I saw him go into the toilet a few minutes ago.,मैंने उसे एक-दो मिनट पहले टॉयलेट में जाते हुए देखा था।
You'll be all right again in a couple of days.,तुम दो तीन दिनों में फिरसे ठीक हो जाओगे।
You'll be all right again in a couple of days.,तुम दो तीन दिनों में फिरसे ठीक हो जाओगी।
May I ask a few questions?,क्या मैं चंद सवाल पूछ सकती हूँ?
I cover twenty miles a day.,मैं रोज़ बीस मील चलता हूँ।
It is next to impossible to see Rome in a day.,रोम एक दिन में देखना असंभव है।
I must buy one.,मुझे एक तो खरीदना ही होगा।
A man appeared at the door.,दरवाज़े पर एक आदमी दिखाई दिया।
Let's get together here once a week.,हमे यहाँ हफ़्ते में एक बार मिलना चाहिए।
Exports in January were up 20% over the same period of last year.,पिछले जनवरी के मुकाबले इस साल निर्यात २० प्रतिशत बढ़ा.
The 1990s began with the Gulf War.,१९९० के दशक की शुरुआत खाड़ी युद्ध से शुरू हुई।
"In 1951, Sister Teresa was sent to Calcutta, then the largest city in India.","१९५१ में सिस्टर टेरेसा को कलकत्ता भेजा गया था, जो उस समय भारत का सबसे बड़ा शहर था।"
I learned to drive a car and got a driver's license when I was eighteen.,जब मैं अठारह साल का था मैंने गाड़ी चलानी सीखी और लाईसेंस बनवालिया।
"In the 1600s, tea was introduced into Europe from India.",१६०० की शतक में चाय को भारत से यूरोप में लाया गया था।
I'm catching the 11:00 train.,मैं ग्यारह बजे की ट्रेन पकड़ रहा हूँ।
Ten years is a long time.,दस साल बहुत लम्बा समय होता है।
You must be back by 10 o'clock.,तुम्हें दस बजे तक वापस आ जाना होगा।
I'll be back at ten.,मैं दस बजे वापस आऊँगा।
Ten houses were burned down.,दस घर जलकर राख हो गए।
One billion people speak English.,सौ अरब लोग अंग्रेज़ी बोलते हैं।
I don't want to spend more than $10.,मैं दस डॉलर से ज़्यादा नहीं खर्चना चाहता हूँ।
What do you mean by cultural relativism?,सांस्कृतिक सापेक्षवाद से आपका क्या मतलब है?
Road under Repair.,सड़क की मरम्मत जारी है।
"She said to herself, ""I am very happy.""","उसने अपने आप से कहा: ""मैं बहुत खुश हूँ"""
"The teacher said, ""That's all for today.""","टीचर ने कहा, ""बस आज के लिए इतना ही।"""
"Get rid of it, of course! answered the farmer.","बिलकुल, उसको फैंक दो! किसान ने जवाब दिया."
"Who is it? ""It's me.""","कौन है? ""मैं हूँ"""
What shall I do? I said to myself.,क्या करूँ? मैंने अपने-आप से पूछा।
"Will they go on strike again? ""I'm afraid so.""","वे फिरसे हड़ताल कर सकते हैं क्या? ""लगता तो ऐसा ही है।"""
"Where do you live? ""I live in Tokyo.""","आप कहाँ रहते हैं? ""मैं टोक्यो में रहता हूँ"""
"You are Israel's teacher, said Jesus.","तुम इज़राइल के शिक्षक हो, यीशु ने कहाँ।"
Spain has been a democracy since 1975.,स्पेन १९७५ से जनतंत्र रहा है।
Welcome.,आपका स्वागत है।
Welcome.,स्वागतम्।
The trees are green.,पेड़ हरे हैं।
I have no interest in ordinary people.,मुझे साधारण लोगों में कोई दिलचस्पी नहीं है।
"You are not coming, are you?",तुम नहीं आ रहे हो ना?
Will you go by train?,तुम रेलगाड़ी से जाओगे क्या?
I'll make you happy.,मैं तुम्हें खुश करूँगा।
It's up to me whether I kill you or let you live!,"तुम्हें जीने दूँ या मरने दूँ, यह मेरे ऊपर है।"
I am counting on you.,मैं तुमपर भरोसा कर रहा हूँ।
I can't live without you.,मैं तुम्हारे बिना जी नहीं सकता।
I can't live without you.,मैं तुम्हारे बगैर जी नहीं सकती।
The army has advanced to the river.,सेना नदी तक बढ़ चुकी है।
My brother would often stay up all night.,मेरा भाई अक्सर पूरी रात जागे रहता था।
The police were patrolling the street.,पुलिस ने सड़क पर पहरा लगा दिया था।
It will be dark by the time the police come here.,पुलीस यहां आने तक अँधेरा हो गया होगा।
It will be dark by the time the police come here.,पुलीस यहां आने तक अँधेरा हो जाएगा।
The police are after me.,पुलीस मेरे पीछे पड़ें हैं।
The police are after me.,पुलीस मेरे पीछे पड़ी हैं।
The police still can't point out who committed the crime.,पुलिस को अब तक इस बात की जानकारी नहीं है कि जुर्म किसने किया है।
The police arrested the man who had murdered the girl.,पुलिस ने उस लड़की के क़ातिल को हरासत में ले लिया।
A police officer is talking to her.,एक पुलिस अफ़सर उससे बात कर रहा है।
Policemen work at the risk of their own lives.,पुलिस अफ़सर अपनी जानों को जोखिम में डालकर काम करते हैं।
The shooting started around noon.,गोलीबारी लगभग दोपहर के बारह बजे शुरू हुई।
Never speak ill of others.,दूसरों की बुराई कभी नहीं करनी चाहिए।
It will not be long before we know the result.,नतीजा जानने में अब ज़्यादा देर नहीं लगेगी।
You should hand in your report to me on Monday.,तुम्हें अपनी रिपोर्ट मुझे सोमवार को सौंप देनी चाहिए।
Ken has not washed the car yet.,केन ने अभी तक गाड़ी नहीं धोई है।
"Ken is tall, but I'm not.","केन ऊंचा है, मगर मैं नहीं।"
Ken went to the park to meet Yumi.,केन यूमी से मिलने पार्क में गया।
"Who runs faster, Ken or Tony?","कौन ज़्यादा तेज़ भागता है, केन या टोनी?"
It is not till we lose our health that we realize its true value.,हम जब तक अपना स्वास्थ्य नहीं खो देते हैं तब तक उसकी असली कीमत नहीं पहचानते हैं।
It is not till we lose our health that we realize its true value.,"हम जब तक अपनी सेहत नहीं खो देते हैं, हमे तब तक उसकी असली कीमत नहीं पहचानते हैं।"
International trade is vital for healthy economies.,अंतर्राष्ट्रीय व्यापार मज़बूत अर्थव्यवस्था के लिए आवश्यक है।
Kenji decided to become a cook.,केन्जी ने बावर्ची बनने का निर्णय किया।
Kenji told his friends a story about his trip to India.,केनजी ने उसके दोस्तों को उसके भारत के सफ़र की कहानी सुनाई।
Fighting won't settle anything.,लड़ने-झगड़ने से बात का हल नहीं होगा।
Some people want to amend the constitution.,कुछ लोग संविधान को सुधारना चाहते हैं।
You had better chain up the dog so that he won't bite.,तुम्हें कुत्ते को बांध देना चाहिए जिससे कि वह किसी को काट न ले।
"You keep a dog, don't you?","तुम्हारे पास एक कुत्ता है, है न?"
It appears that he is honest.,वह ईमानदार लगता है।
Look! The book is burning.,देखो! किताब को आग लग गई है।
I'm disappointed with you.,मैं तुमसे निराश हूँ।
A strange man came up to us.,एक अजीब आदमी हमारे सामने आया।
Learn humility.,नम्रता सीखो।
There is a strange man at the door.,दरवाज़े पर कोई अजीब सा इनसान है।
Haven't you gone too far?,क्या तुम कुछ अधिक नहीं बोल गए?
Saying and doing are two different things.,कहने और करने में बड़ा अंतर है।
Saying and doing are two different things.,कहना और करना अलग-अलग बातें हैं।
"Talking is one thing, doing is another.",बोलने और करने में फ़र्क होता है।
"To say is one thing, and to do is another.",कथनी और करनी में अंतर होता है.
Don't tell me.,मत बताओ।
Don't tell me.,मत बताइए।
Don't tell me.,मुझे मत बताओ।
Don't tell me.,मुझे मत बताइए।
Watch your language.,ज़बान सम्भाल के बात करो।
"As the saying goes, ""Nothing ventured, nothing gained.""","एक कहावत है, ""कुछ पाने के लिए कुछ खोना पड़ता है""।"
The ancient Romans founded colonies throughout Europe.,प्राचीन रोमवासी यूरोप में हर जगह उपनिवेश स्थापित करते थे।
The lake is deep here.,झील यहाँ पर बहुत गहरी है।
Will it rain this afternoon?,क्या इस दोपहर बारिश होगी?
Will it rain this afternoon?,क्या आज दोपहर को बारिश होगी?
It is going to rain this afternoon.,आज दोपहर बारिश होने वाली है।
I'm gonna have to call you back.,मुझे तुम्हें वापस बुलाना पड़ेगा।
Speak louder for the benefit of those in the rear.,पीछे बैठे हुए लोगों के लिए थोड़ी ऊँची आवाज़ में बोलो।
Let me congratulate you on your engagement.,आपको आपकी सगाई पर बहुत बहुत बधाईंयाँ।
"Give me your attention, please.",कृपया ध्यान दीजिए।
You don't have to cover your mistake.,तुम्हें अपनी गलती छिपाने की ज़रूरत नहीं है।
I was caught in a traffic jam.,मैं ट्राफ़िक जाम में फँस गया था।
I was caught in a traffic jam.,मैं ट्रैफ़िक जैम में फँस गया था।
Let's keep public places clean.,हमें सार्वजनिक स्थानों को स्वच्छ रखना चाहिए।
"Whatever happens, I'll not tell anybody about it.","मैं किसी को भी नहीं बाताऊँगा, चाहे जो भी हो।"
You will play into their hands.,तुम उनके जाल में फँस जाओगे।
Put it where you like.,जहाँ भी डालना है डालदो।
Put it where you like.,जहाँ भी रखना है रखदो।
Put it where you like.,जहाँ भी घुसाना है घुसा दो।
She said that she was happy.,उसने कहा कि वह खुश थी।
Hiroki was at a loss what to do.,हिरोको को समझ नहीं आ रहा था कि वह क्या करे.
"Some like tea, others prefer coffee.","कुछ लोगों को चाय अच्छी लगती है, और कुछ लोगों को कॉफ़ी।"
Think about it.,सोच लो।
Let's go!,चलो चलें!
The king was deprived of his power.,उस राजा से उसकी ताक़त छीन ली गई।
The people deprived him of his rights.,लोगों ने उस से उसके हकों को छीन लिया.
Black becomes you.,काला रंग तुम पर जँचता है।
Dark clouds were brooding over the city.,शहर के ऊपर काले बादल छा रहे थे।
I have little money now.,अब मेरे पास बहुत थोड़े पैसे हैं।
Nothing but a miracle can save her now.,अब तो उसे कोई चमत्कार ही बचा सकता है।
He is walking now.,वह अब चल रहा है।
I'm satisfied with my current income.,मैं अपनी कमाई से संतुष्ट हूँ।
I'm satisfied with my current income.,मैं अपनी वर्तमान आमदनी से संतुष्ट हूँ।
He's out of town on business.,वे काम से शहर से बाहर गए हुएँ हैं।
He'll become a good husband.,वह एक अच्छा पती बनेगा।
He'll become a good husband.,वे एक अच्छे पती बनेंगे।
I don't feel like eating now.,मुझे अभी खाना खाने का मन नहीं है।
I can't make it this time.,मैं इस बार नहीं आ सकता।
There were two murders this month.,इस महीने दो क़त्ल हुए हैं।
There were two murders this month.,इस महीने दो हत्याएँ हुईं हैं।
What movies are playing this week?,इस सप्ताह कौन सी फ़िल्में लगीं हुईं हैं?
Did you feel the earthquake this morning?,तुम्हें आज सुबह भूकम्प महसूस हुआ क्या?
This morning the weather was so bad that I had to take a taxi.,आज सुबह मौसम इतना खराब था कि मुझे टैक्सी लेनी पड़ी।
I leave here at ten-thirty next Sunday.,मैं यहाँ से अगले रविवार को साढ़े दस बजे निकल जाऊँगा।
Will you take us for a drive next Sunday?,हमें अगले हफ़्ते ड्राईव पर लेजाओगे क्या?
Bring your sister next time.,अगली बार अपनी बहन को भी साथ लाना।
Are you busy today?,तुम आज बिज़ी हो क्या?
Are you busy today?,तुम्हारे पास आज समय है क्या?
I don't think I shall get through all this work this afternoon.,मुझे नहीं लगता मैं इतना सारा काम इस दोपहर को खतम कर पाऊँगा।
Today's minimum temperature was 3 °C.,आज का न्यूनतम तापमान तीन डिग्री सेल्सियस था।
I've not read today's paper yet.,मैंने अभी तक आज का अखबार नहीं पढ़ा है।
His behavior is very odd today.,उसका बर्ताव आज बहुत अजीब है।
Today is my sister's birthday.,आज मेरी बहन का जन्मदिन है।
Today is my sister's birthday.,आज मेरी दीदी का जन्मदिन है।
I have a lot of work to get through today.,मेरे पास आज बहुत काम है।
I'm lucky today.,आज मेरा नसीब अच्छा है।
What seems to be the problem today?,आज क्या समस्या है ?
"It is very cold today, isn't it?",आज बहुत ठंडा है ना?
Apples were on sale today.,आज सेव सस्ते बिक रहे थे।
I don't feel like studying English today.,मेरा आज अंग्रेज़ी पढ़ने का मन नहीं है।
What's the day today?,आज कौनसा दिन है?
"Instead of cleaning the house today, I think I'll take a walk.",मैं आज घर साफ़ करने के बजाय सैर करने जाऊँगी।
I'm in a hurry today.,मैं आज जल्दी में हूँ।
Today is my sixteenth birthday.,आज मेरा सोलहवा जन्मदिन है।
Let's let the workers go home early today.,आज कर्मचारियों को थोड़ा जल्दी घर जाने देते हैं।
It's hot today.,आज मौसम बहुत गरम है।
It's rather cold today.,आज मौसम काफ़ी ठंडा है।
Is anyone absent today?,क्या आज कोई अनुपस्थित है?
Is anyone absent today?,आज कोई है जो नहीं आया है?
It is essential to have good command of English nowadays.,आजकल अंग्रेज़ी अच्छे से बोलना जानना बहुत ज़रूरी है।
It isn't raining much this year.,इस साल ज़्यादा बारिश नहीं हो रही है।
I have no place to sleep tonight.,मेरे पास आज रात सोने के लिए जगह नहीं है।
Will you go to the party tonight?,तुम आज रात पार्टी में जाओगे क्या?
The trouble is that they have no time.,मुश्किल यह है कि उनके पास समय नहीं है।
Drop me a line when you are in trouble.,अगर कोई भी दिक्कत हो तो मुझसे कहना।
"Turning to the left, you will find the post office.",बाईं तरफ़ को मुड़ोगे तो तुम्हें डाक घर नज़र आएगा।
Add a little sugar and cream.,थोड़ी शक़्क़र और मलाई डालो।
Sugar dissolves in hot coffee.,चीनी गरम कॉफ़ी में घुल जाती है।
Few students use pencils these days.,आजकल बहुत कम विद्यार्थी पेनसिल इस्तेमाल करतें हैं।
Could I be going soft in the head? I forget things so easily these days.,शायद मैं सटिया गया हूँ। आजकल चीज़ें इतनी आसानी से भूल जाता हूँ।
I haven't seen Tom lately.,मैंने टॉम को हाल में नहीं देखा है।
Nowadays nobody believes in ghosts.,आजकल कोई भी भूत-प्रेत में विश्वास नहीं करता।
We haven't seen her of late.,हमने उसे हाल ही में देखा नहीं हैं।
We haven't seen her of late.,हमने उन्हें हाल ही में देखा नहीं है।
Whoever comes first will get the best seats.,जो भी पहले आएँगे उन्हें सबसे अच्छी सीटें मिलेंगीं।
My wife has just cleared the table.,मेरी बीवी ने अभी-अभी मेज़ को साफ़ किया है।
"Much as I admire him as a writer, I don't like him as a man.","मैं लेखक के तौर पर उनका आदर करता हूँ, पर इनसान के तौर पर उन्हें पसंद नहीं करता।"
Workers must have their hair cut short.,कर्मचारियों को अपने बाल छोटे कटाने होते हैं।
"The bat was stolen yesterday, along with the balls.",बैट और बॉल दोनो कल एकसाथ चोरी हो गए।
A big earthquake occurred in India yesterday.,भारत में कल एक बड़ा भूकम्प हुआ था।
I met Ken yesterday.,मेरी केन से कल मुलाकात हुई थी।
If only I had known the answer yesterday!,काश मुझे यह जवाब कल पता होता!
Only yesterday did I know the fact.,मुझे कल ही असलियत का पता चला।
Yesterday was my birthday.,कल मेरा जन्मदिन था।
There weren't any children in the park yesterday.,कल पार्क में एक भी बच्चा नहीं था।
The water was cut off yesterday.,पानी कल बंद हो गया था।
It was Tom that broke the window yesterday.,कल जिसने खिड़की तोड़ी थी वह टॉम था।
Yesterday we went into a huge maze.,कल हम एक बड़े से भूलभुलैया में गए थे।
I had a letter from her yesterday.,मेरे पास कल उसकी एक चिट्ठी आई।
I bought a book yesterday.,मैंने कल एक किताब खरीदी थी।
You should have come yesterday.,तुम्हें कल आना चाहिए था।
I wrote a love letter last night.,मैंने कल रात एक प्रेम पत्र लिखा था।
Last night I was caught in a shower and got wet to the skin.,कल रात मैं बारिश में फंस गया और तर तर भीग गया।
What happened last night?,कल रात क्या हुआ?
It was raining last night.,कल रात बारिश हो रही थी।
It was raining last night.,कल रात बरसात हो रही थी।
We had heavy rainfall last night.,हमारे यहाँ कल रात भारी बरसात हुई थी।
It has been raining for three days on end.,लगातार तीन दिनों से बारिश हो रही है।
Mr. and Mrs. Yamada will come home next month.,श्रिमान और श्रिमती यामादा अगले महीने घर आएंगे।
I fear so.,"खेद की बात है, लेकिन वैसा ही है।"
It's April first.,आज एक अप्रैल है।
My sister always keeps her room clean.,मेरी बहन अपने कमरे को हमेशा साफ़-सुथरा रखती है।
My sister likes sweets.,मेरी बहन को मिठाईयाँ पसंद हैं।
It is dangerous for children to play in the street.,रास्ते पर खेलना बच्चों के लिये खतरनाक होता है।
One must be patient with children.,बच्चों के साथ हमें सहनशीलता से पेश आना चाहिए।
The children tried to imitate their teacher.,बच्चों ने एक-दूसरे की नकल करने की कोशिश करी।
Children love playing on the beach.,बच्चों को समुद्रतट पर खेलना बहुत पसंद आता है।
I took the children to school.,मैं बच्चों को स्कूल ले गया।
I took the children to school.,मैं बच्चों को स्कूल ले गयी।
Keep children away from medicine.,बच्चों को दवाईयों से दूर रखना चहिए।
Even children can understand it.,इस बात को बच्चे भी समझते हैं।
I always got up early in my childhood.,जब मैं छोटा था मैं हमेशा जल्दी सोकर उठा करता था।
The child must be taught to respect the truth and to tell the truth.,इस बच्चे को सच का आदर और सच का पालन करना सिखाना होगा।
Children are to obey their parents.,बच्चों को माँ-बाप की बात माननी चाहिए।
The children were flying kites.,बच्चे पतंग उड़ा रहे थे।
The children are at play in the garden.,बच्चे बगीचे में खेल रहे हैं।
The market is held every Monday.,वह बाज़ार हर सोमवार को लगता है।
I'd like a map of the city.,मैं शहर का नक्शा खरीदना चाहता हूँ।
I'd like a city map.,मुझे शहर का नक्शा चाहिए।
I just cut my finger.,मैंने अपनी ऊँगली काट ली।
"The manager was out, so I left a message with his secretary.","मेनेजर बाहर निकल चुके थे, इसलिए मैंने उनके सेक्रेटरी के हाथों संदेस थमा दिया."
I want to see the manager.,मैं मैनेजर से मिलना चाहता हूँ।
I want to see the manager.,मैं मैनेजर से मिलना चाहती हूँ।
Dead?,मर चुका है?
I cooked dinner.,मैंने रात का खाना पकाया।
I will go there in place of you.,तुम्हारे बदले मैं वहाँ जाऊँगा।
Take back what you said about me being stingy.,"जो तुमने मेरे कंजूस होने के बारे में कहा था, उस बात को वापस लो।"
It was easy for me to do so.,यह मेरे लिए करना बहुत आसान था।
They were about to leave when I arrived there.,"जब मैं वहाँ पहुँचा, वे जाने वाले थे।"
Is it necessary for me to attend the party?,मेरा पार्टी में आना ज़रूरी है क्या?
It will take me no less than 10 hours to prepare for the exam.,मुझे परीक्षा की तैयारी करने के लिए कम-से-कम दस घंटे लगेंगे।
It is impossible for me to answer the question.,उस सवाल का जवाब देना मेरे लिये असंभव है।
It is impossible for me to answer the question.,उस प्रश्न का उत्तर देना मेरे लिये असंभव है।
Do you have to make a speech?,तुम्हें भाषण देना होगा क्या?
I had hardly reached the school when the bell rang.,मैं बस स्कूल पहुँचा ही था कि घंटी बज गई।
I found nothing but a pair of scissors.,मुझे कैंचियों के अलावा और कुछ नहीं मिला।
Please bear in mind what I said.,कृपया जो मैंने कहा उसे ध्यान में रखना.
I owe what I am to my friend.,मैं जो भी हूँ मेरे दोस्त की वजह से हूँ।
I was about to go out when he came to see me.,"मैं बाहर निकलने ही वाला था, जब वह मुझसे मिलने आया।"
I will never forget your kindness so long as I live.,मैं आपकी अच्छाई को कभी नहीं भूलूँगा।
"If I am a fool, you are another.",अगर मैं मूर्ख हूँ तो तुम भी हो।
I will explain it to her.,मैं उसको यह बात समझाउँगा।
We are all anxious about your health.,हम सब तुम्हारे स्वास्थ्य के लिए बहुत चिंतित हैं।
We are all anxious about your health.,हम सब तुम्हारी सेहत के लिए बहुत परेशान हैं।
It is very important for us to know each other.,हमारे लिए एक-दूसरे को समझना बहुत ज़रूरी है।
The day will come when space travel becomes possible.,किसी दिन अंतरिक्ष में यात्रा करना मुमकिन होगा।
The day will come when space travel becomes possible.,किसी दिन अंतरिक्ष में यात्रा करना संभव होगा।
The day will come when space travel becomes possible.,किसी दिन अंतरिक्ष में घूमना मुमकिन होगा।
The day will come when space travel becomes possible.,किसी दिन हम अंतरिक्ष में यात्रा कर पाएँगे।
There are lots of things for us to think about.,हमारे पास सोचने के लिए बहुत सारी बातें हैं।
It was not easy for us to find his house.,हमारे लिए उसका घर ढूँढना आसान नहीं था।
Health is the most precious thing we have.,हमारा स्वास्थ्य हमारी सबसे कीमती संपत्ति होती है।
I have two sons. One is in Nara and the other in Tsu.,मेरे दो बेटे हैं। एक नारा में है और एक त्सू में।
We had no water to drink.,हमारे पास पीने के लिए पानी नहीं था।
We had a little water.,हमने थोडा पानी पीया.
We have two unused rooms in our house.,हमारे पास घर में दो कमरे हैं जिनका हम इस्तेमाल नहीं कर रहे हैं।
Would you please call off our trip to Hong Kong?,हमारी हाँग काँग की ट्रिप को कैनसल कर दोगे क्या?
Our meeting was quite accidental.,हमारी मुलाकात ग़लती से हो गई।
What happened to our order?,हमारे औरडर का क्या हुआ?
We study music.,हम संगीत की पढ़ाई करते हैं।
We stayed with them all through the summer.,हमने पूरी गर्मी उनके साथ बिताई।
We all stand by you to the last.,हम सब आखिर तक तुम्हारा साथ देंगे।
We should try to understand one another.,हमे एक-दूसरे को समझने की कोशिश करनी चाहिए।
We were chatting over tea.,हम चाय पीते पीते गपशप कर रहे थे।
This is how we make ice cream.,ऐसे हम आइस-क्रीम बनाते है।
We often make mistakes.,हम अक्सर ग़लतियाँ कर बैठते हैं।
We rested for a while.,हमने थोड़ी देर आराम किया।
We enjoyed skating.,हमे स्केटिंग करके मज़ा आया।
We saw the child get on the bus.,हमने बच्चे को बस पर चढ़ते हुए देखा।
We calculated that we could reach the place within two weeks.,हमने हिसाब लगाया कि हम वहाँ दो हफ़्तों में पहुँच सकते थे।
We were startled at the explosion.,हम धमाके से डर गए।
We painted the door green.,हमने दरवाज़े को हरे रंग से पोत दिया।
We were very tired.,हम बहुत थक चुके थे।
We usually have breakfast at 7:30.,हम आमतौर पर साढ़े सात बजे नाश्ता खाते हैं।
We learned Russian instead of French.,हमने फ़्रांसीसी की जगह रूसी सिखी।
We'll cross the river in a boat.,हम नाव में नदी को पार करेंगे।
We are all eager to know the truth.,हम सब सच जानने के लिए बेचैन हैं।
We all live on the earth.,हम सब धरती पर रहते हैं।
We lack nothing.,हमे किसी भी चीज़ की कमी नहीं है।
We are given to regretting our past.,हमें बीते हुए कल पर पछतावा करने की आदत है।
We hurried for fear we should be late for school.,हमने जल्दी करी क्योंकि हमें डर था कि हमें स्कूल पहुँचने में देरी होजाएगी।
We must try to protect the environment.,हमे पर्यावरण की रक्षा करने की कोशिश करनी चाहिए।
We bought a round table.,हमने गोल मेज़ खरीदी।
We were in a hurry.,हम जल्दी में थे।
We ate a hasty meal and left immediately.,हमने जल्दी से खाना खाया और फिर तुरन्त निकल पड़े।
We went for a walk in the forest.,हम जंगल में सैर करने गए थे।
We must pay the tax.,हमें टैक्स भरना पड़ेगा।
We walked around the pond.,हम तालाब के आस-पास टहलें।
We speak Japanese.,हम जापानी बोलते हैं।
We took it for granted that he would join us.,हमने मान लिया था कि वह हमारे साथ आएगा।
We are to meet in front of his house.,हम उसके घर के सामने मिलेंगे।
We call his son Jimmy.,हम उसके बेटे को जिमी बुलाते हैं।
We must allow for his age.,हमे उनकी उम्र का लिहाज भी करना चाहिए।
To what degree can we trust him?,हम उस पर कितना भरोसा कर सकते हैं?
We regard him as our hero.,हम उसे अपना हीरो मानते हैं।
We went swimming at the beach.,हम समुद्रतट पर तैरने गएं।
We communicate with each other by telephone every day.,हम रोज़ एक-दूसरे से फ़ोन पर बात करते हैं।
We have decided on leaving this town tomorrow morning.,हमने इस नगर को कल सुबह छोड़ने का इरादा किया है।
We will have to call on our friends to help us.,हमें अपने दोस्तों से मदद माँगनी पड़ेगी।
We went shopping with our friends.,हम दोस्तों के साथ खरीददारी करने गए।
We are good friends.,हम अच्छे दोस्त हैं।
We were next-door neighbors.,हम पड़ोसी हुआ करते थे।
Don't ask me for money.,मुझसे पैसे मत माँगो।
"As for me, I am satisfied.",मैं तो संतुष्ट हूँ।
It is difficult for me.,वह मेरे लिए मुश्किल है।
It was hard for me to refuse his request.,"मेरे लिए उससे ""ना"" कहना बहुत मुश्किल था।"
It is difficult for me to get up before six.,मेरे लिए छः बजे से पहले उठना बहुत मुश्किल है।
I have no time to help you with the work.,मेरे पास तुम्हारी काम में मदद करने के लिए समय नहीं है।
I have a friend who lives in England.,मेरा एक दोस्त है जो इंग्लैंड में रहता है।
I have an uncle who lives in Kyoto.,मेरे क्योतो में रहने वाले एक चाचा हैं।
I have an uncle who lives in Kyoto.,मेरे क्योतो में रहने वाले एक मामा हैं।
I have no money with me.,मेरे पास अभी कोई पैसे नहीं हैं।
"I have two sisters, both of whom are married.",मेरी दो बहनें हैं और दोनो की शादी हो चुकी है।
I've got one brother and two sisters.,मेरा एक भाई और दो बहनें हैं।
I didn't know what to say to him.,मुझे समझ में नहीं आ रहा था कि उससे क्या कहूँ।
Can I do anything?,मैं कुछ कर सकता हूँ क्या?
It is no use asking me for money.,मुझसे पैसे माँगने में कोई फ़ायदा नहीं है।
Do you wish me to help?,तुम्हें मेरी मदद चहिए क्या?
I'm willing to help you if you want me to.,"अगर तुम मदद चाहते हो, तो मैं मदद करने के लिए तैयार हूँ।"
Please give me a glass of water.,मुझे एक गिलास पानी देदीजिए।
My family is small.,मेरा परिवार छोटा है।
My father is very nice.,मेरे पिता बहुत अच्छे हैं।
My father is very nice.,मेरे पापा बहुत अच्छे हैं।
My basket is under the table.,मेरी टोकरी मेज़ के नीचे है।
My basket is under the table.,मेरी टोकरी टेबल के नीचे है।
My class is made up of forty students.,मेरी क्लास में चालीस विद्यार्थी हैं।
Do you remember me?,तुम्हें मैं याद हूँ क्या?
My jeans shrank in the wash.,मेरी जीन्स पैंट धुलाई में सिकुड़ गई।
Will you make room for me?,मेरे लिए थोड़ी जगह बनाओगे क्या?
You may use my pen.,तुम मेरी कलम इस्तेमाल कर सकते हो।
My hens laid fewer eggs last year.,मेरी मुर्गियों ने पिछले साल के मुकाबले से कम अंडे दियें हैं।
My dear little cat has been missing for a week.,मेरी प्यारी सी नन्ही सी बिल्ली एक हफ़्ते से गायब है।
My opinion is entirely different from yours.,मेरी सोच तुम्हारी सोच से बिलकुल अलग है।
There is a beautiful park near my home.,मेरे घर के पास एक सुंदर बगीचा है।
My house is located at a distance from the station.,मेरा घर स्टेशन से कुछ दूरी पर है।
What did you do with my baggage?,तुमने मेरे सामान के साथ क्या किया?
My brother lives in Tokyo.,मेरा भाई टोक्यो में रहता है।
This is all I have to say.,मुझे बस इतना ही कहना है।
What I said hurt his pride.,मेरी बात ने उसके अभिमान पर चोट पहुँचाई।
Please follow me.,मेरे साथ आईए।
My wife really hates cats.,मेरी बीवी को बिल्लियों से नफ़रत है।
My wife is Chinese.,मेरी बीवी चीनी है।
My wife is Chinese.,मेरी पत्नी चीनी है।
Let me introduce my wife.,यह मेरी पत्नी है।
Both of my sisters are married.,मेरी दोनो बहनें शादीशुदा हैं।
My sister is very fond of children.,मेरी बहन को बच्चों से बहुत प्यार है।
It's four o'clock by my watch.,मेरी घड़ी के हिसाब से चार बजे हैं।
Answer me.,मुझे जवाब दो।
My car is a Toyota.,मेरी गाड़ी टोयोटा है।
My car is not running.,मेरी गाड़ी चल नहीं रही है।
My hobby is playing the guitar.,मेरा शौक गिटार बजाना है।
My hobby is collecting coins.,सिक्कों को इकट्ठा करना मेरा शौक है।
My hobby is visiting old temples.,मैं पुराने मंदिरों को देखने जाने का शौकीन हूँ।
"According to my calculation, she should be in India by now.",मेरे हिसाब के मुताबिक उसको अभी तक भारत पहुँच जाना चाहिए था।
Many friends of my youth also came.,मेरे बचपन के कई दोस्त भी आये थे ।
That's my fault.,वह मेरी गलती है।
My son can read a clock.,मेरा बेटा घड़ी देखकर समय बता सकता है।
My birthday is one month from today.,मेरा जन्मदिन आज से एक महीने में है।
"To my knowledge, she has not left yet.",जहाँ तक मुझे पता है वह अभी तक नहीं गयी.
My telephone is out of order.,मेरा फ़ोन खराब है।
My girlfriend is an actress.,मेरी गर्लफ्रेन्ड अभिनेत्री है।
My girlfriend is an actress.,मेरी सहेली अभिनेत्री है।
My girlfriend is an actress.,मेरी प्रेमिका अभिनेत्री है।
My father usually comes home at six.,मेरे पापा आमतौर पर छः बजे घर लौटकर आते हैं।
My father died of cancer.,मेरे पिताजी कैंसर से चल बसे।
My father left me a lot of money in his will.,मेरे पिता नें अपनी वसीयत में मुझे बहुत सारे पैसे छोड़े थे।
My father stopped smoking.,मेरे पिता ने सिगरेट पीना बंद कर दिया।
My father doesn't like music.,मेरे पिता को संगीत पसंद नहीं है।
My father spends a lot of time on his hobby.,मेरे पिता अपने शौक पर बहुत समय खर्च करते हैं।
My father may be sleeping.,मेरे पिता शायद सो रहे होंगे।
There is no TV in my room.,मेरे कमरे में टीवी नहीं है।
My mother is constantly forgetting people's names.,मेरी माँ अक्सर लोगों के नाम भूलती रहती है।
My mother often suffers from headaches.,मेरी माँ को अक्सर सिरदर्द होता है।
Where's my book?,मेरी किताब कहाँ है?
My daughter is in hospital because she was injured in a traffic accident.,मेरी बेटी हस्पताल में है क्योंकि उसे यातायात दुर्घटना में चोट पहुँची है।
My daughter is in hospital because she was injured in a traffic accident.,मेरी बेटी हस्पताल में है क्योंकि उसे ट्रैफ़िक ऐक्सीडेंट में चोट पहुँची है।
My name is omitted from the list.,मेरा नाम सूची में नहीं आया।
"My companion said that she was too tired to walk, let alone run.","मेरी साथी ने कहा भागना तो छोड़ो, वह चलने ले किये भी थकी हुई है."
I watched the game from beginning to end.,मैंने खेल को शुरू से अंत तक देखा।
I'm very tired.,मैं बहुत थक गया हूँ।
I don't like summer.,मुझे गर्मी का मौसम पसंद नहीं है।
I like dogs.,मुझे कुत्ते अच्छे लगते हैं।
I am on holiday this week.,मैं इस हफ़्ते छुट्टी पर हूं।
I shouldn't eat food that has sugar in it.,मुझे चीनी-वाला चीज़ें नहीं खानी चाहिएँ।
I truly loved her.,मैं उससे सच्चा प्यार करता था।
I remember my mother teaching me the alphabet.,मुझे याद है कि मेरी माँ ने मुझे क-ख-ग-ध सिखाए थे।
I'm not one hundred percent wrong.,मैं सौ प्रतिशत गलत नहीं हूँ।
I learned to play guitar when I was ten years old.,मैंने दस साल की उम्र में ही गिटार बजाना सीख लिया था।
I left for America at ten o'clock.,मैं दस बजे अम्रीका के लिए निकल गया।
I was born in Hiroshima in 1945.,मेरा जन्म १९४५ में हिरोशिमा में हुआ था।
I was born in Hiroshima in 1945.,मैं १९४५ में हिरोशिमा में पैदा हुआ था।
I was born in Hiroshima in 1945.,मैं १९४५ में हिरोशिमा में पैदा हुई था।
I was born in 1960.,मैं १९६० में पैदा हुआ था।
"I was born on June 4, 1974.","मैं ४ जून, १९७४ को पैदा हुआ था।"
I was born in Osaka in 1977.,मेरा जन्म सन १९७७ में ओसाका में हुआ था।
I was born in 1979.,मैं १९७९ में पैदा हुआ था।
I was able to win the first prize.,मैंने प्रथम पुरस्कार जीत लिया।
I take a bath every other day.,मैं हर दूसरे दिन नहाता हूँ।
I meet him once every six months.,मैं उससे छः महीनों में एक बार मिलता हूँ।
I'm as tall as you.,मैं तुम्हारे जितना लम्बा हूँ।
I'm glad to see you again.,मैं तुम्हें फिरसे देखकर बहुत खुश हूँ।
I was ignorant of your plan.,मुझे तुम्हारी योजना के बारे में जानकारी नहीं थी।
I want to help you with your homework.,मैं तुम्हें तुम्हारे होमवर्क के साथ मदद करना चाहता हूँ।
I was asked to give you a message.,मुझसे आपको यह संदेश देने के लिए बताया गया था।
I bet ten dollars on that horse.,मैंने उस घोड़े पर दस डॉलर लगाए थे।
I'm too tired to walk.,मैं इतना थक गया हूँ कि मुझसे और चला नहीं जाएगा।
I watched an American drama.,मैंने एक अमरीकी नाटक देखा।
I am interested in American literature.,मुझे अम्रीकी साहित्य में दिलचस्पी है।
I'm looking for an old man.,मैं एक बूढ़े आदमी की तलाश मे हूँ।
I know what that is.,मुझे पता है कि वह चीज़ क्या है।
I fell down the stairs in my haste.,अपनी ही जल्दबाज़ी मे मैं सीढ़ियों से नीचे गिर गया।
I made a mistake through doing it in a hurry.,जल्दबाज़ी में करने के कारण मैंने एक ग़लती की।
I ran away in a hurry.,मैं हड़बड़ी में दौड़ गया।
I went to Europe by way of Anchorage.,आंकरेज होते हुए मैं युरोप गया।
I was lost in Sir Anthony's wonderful story.,सर एंथनी की मज़ेदार कहानी मे मैं डूब गया।
I have never come across such a stubborn person.,इतने अड़ियल व्यक्ति से मेरी कभी भी मुलाकात नहीं हुई है।
I've never met such a kind man.,मैं कभी भी इतने दयालु व्यक्ति से नहीं मिला।
I'm staying in Italy.,मैं इटली में रह रहा हूँ।
I'm staying in Italy.,मैं इटली में रह रही हूँ।
I was determined to help her at the risk of my life.,मैं अपनी जान को जोखिम में डालकर भी उसकी मदद करने के लिए तैयार था।
I was on a trip to India.,मैं भारत की यात्रा पर था।
I would like tea or coffee.,मैं चाय या काफ़ी पसंद करूंगा।
I would like tea or coffee.,मैं चाय या काफ़ी पसंद करूंगी।
I've taught myself to play the guitar.,मैंने खुद से गिटार बजाना सीख लिया है।
I like cake.,मुझे केक अच्छा लगता है।
I like cake.,मुझे केक पसंद है।
I am not keen on this kind of music.,मुझे इस तरह का संगीत पसंद नहीं है।
I want to have a cup of coffee.,मुझे एक कप कॉफ़ी चाहिए।
I had two cups of coffee.,मैंने दो कप कॉफ़ी पी।
I haven't bought a new coat in five years.,मैंने पाँच सालों में नया कोट नहीं ख़रीदा है।
I've worked here for ten years.,मैं यहाँ दस साल से काम कर रहा हूँ।
I have been living here for three years.,मैं यहां तीन सालों से रहते आया हूं।
I am a stranger here.,मुझे यहाँ पर अजनबी के जैसा महसूस होता है।
I don't know how to operate this computer.,मुझे यह कम्प्यूटर चलाना नहीं आता।
I agree to this plan.,मैं इस योजना से सहमत हूँ।
I want to know about this mountain.,मुझे इस पहाड़ के बारे में जानना है।
I am familiar with this subject.,मैं इस विषय से परिचित हूं।
I can't put up with this noise anymore.,मैं इस शोर को और बर्दाश्त नहीं कर सकती।
I've never played golf.,मैंने कभी गोल्फ़ नहीं खेला है।
"Personally, I liked this one.","व्यक्तिगत रूप से, मुझे यह वाला पसंद आया।"
"Personally, I liked this one.","व्यक्तिगत रूप से, मुझे यह वाली पसंद आयी।"
I can't drink coffee as sweet as this.,मैं इतनी मीठी कॉफ़ी नहीं पी सकता।
I prefer walking to cycling.,मुझे सायकल चलाना चलने से ज़्यादा पसंद है।
I shook hands with Jane.,मैंने जेन से हाथ मिलाएं।
I followed the deer's tracks.,मैंने हिरण के पैरों के निशानों का पीछा किया।
I have already done my work.,मैं अपना काम कर चुका हूँ।
I had nothing to do with the group.,मेरा उस ग्रुप के साथ कोई संबंध नहीं था।
I found it impossible to do the work in one day.,मुझे एक दिन में काम खतम करना नामुमकिन लगा।
I had never seen her before that time.,मैंने उसे पहले कभी नहीं देखा था।
I had met her many times before then.,मैं उससे पहले कई बार मिल चुका था।
I have not seen him since then.,मैंने उसे तबसे नहीं देखा है।
I was amazed at the speed of the car.,मैं उस गाड़ी की रफ़तार देखकर हैरान रह गया।
I bet five pounds on the horse.,मैंने उस घोड़े पर पाँच पाऊंड की बाज़ी लगाई।
I made the woman angry.,मैंने उस औरत को गुस्सा दिलाया।
I have just finished reading the book.,मैंने अभी-अभी किताब को पढ़ना खतम किया है।
I am well acquainted with the subject.,मैं इस विषय से परिचित हूँ।
I know nothing whatever about it.,मुझे इसके बारे में कुछ भी नहीं पता।
I ordered those books from Germany.,मैंने उन किताबों जो जर्मनी से खरीदकर मंगवाया था।
I have been taking care of him ever since.,मैं तभी से उसकी देखभाल करता आया हूँ।
I got very sleepy.,मुझे नींद आ गई।
I was waiting for a taxi.,मैं टैक्सी का इंतेज़ार कर रहा था।
I was waiting for a taxi.,मैं टैक्सी की प्रतीक्षा कर रहा था।
I have just cleaned my room.,मैंने अपना कमरा अभी अभी साफ़ किया है।
I'm tired of watching television.,मैं टीवी देख देखकर थक गया हूँ।
I learned French instead of German.,मैंने जर्मन की बजाय फ़्रानसीसी सीखी ।
I learned French instead of German.,मैंने जर्मन के बदले फ़्रांसीसी सीखी।
At times I feel like quitting my job.,मुझे कभी-कभी अपनी नौकरी छोड़ देने का मन करता है।
I like both.,मुझे दोनो पसंद हैं।
I'm very thirsty.,मुझे बहुत प्यास लगी है।
I have so many clothes I don't know what to wear tomorrow.,मेरे पास इतने सारे कपड़े हैं कि मुझे समझ में नहीं आ रहा है कि कल क्या पहनूँ।
I sat between Tom and John.,मैं टॉम और जॉन के बीच में बैठा।
I like flowers of every description.,मुझे हर तरह के फूल पसंद हैं।
I like playing the piano.,मुझे पियानो बजाना पसंद है।
I was tired to death.,मैं थकान से मरा जा रहा था।
I met the president himself.,मैं खुद राष्ट्रपति से मिला।
I met the president himself.,मैं खुद राष्ट्रपति से मिली।
I take a bath almost every day.,मैं लगभग हर रोज़ नहाता हूँ।
I was laughed at by everyone.,सब लोग मुझपर हँसे।
I have another friend in China.,चीन में मेरा और एक दोस्त है।
I got lost in the forest.,मैं जंगल में खो गया।
I am often contrasted with my brother.,मेरी अक्सर मेरे भाई के साथ बराबरी करी जाती है।
I used to go to school with Ken.,मैं केन के साथ स्कूल जाता था।
I met her in London for the first time.,मेरी उसके साथ पहली मुलाकात लंदन में हुई थी।
I am accustomed to living alone.,मुझे अकेले रहने की आदत है।
I know a girl who can ride a unicycle.,मेरे जान-पहचान की एक लड़की को युनिसायकल चलाना आता है।
I like swimming very much.,मुझे तैरना बहुत पसंद है।
I can swim.,मुझे तैरना आता है।
I can swim.,मैं तैर सकता हूँ।
"I can't even speak English very well, much less Spanish.","स्पेनी छोड़ो, मैं तो अंग्रेज़ी भी अच्छी तरह से नहीं बोल पाता।"
"I can't even speak English very well, much less Spanish.","स्पेनी छोड़िए, मैं तो अंग्रेज़ी भी अच्छी तरह से नहीं बोल पाता।"
"I can't even speak English very well, much less Spanish.","स्पेनी छोड़ो, मैं तो अंग्रेज़ी भी अच्छी तरह से नहीं बोल पाती।"
"I can't even speak English very well, much less Spanish.","स्पेनी छोड़िए, मैं तो अंग्रेज़ी भी अच्छी तरह से नहीं बोल पाती।"
I am able to read English.,मैं अंग्रेज़ी पढ़ सकता हूँ।
I am able to read English.,मैं अंग्रेज़ी पढ़ सकती हूँ।
I like English and music.,मुझे अंग्रेज़ी और संगीत पसंद हैं।
I am interested in English.,मुझे अंग्रेज़ी में दिलचस्पी है।
I like studying English.,मुझे अंग्रेज़ी पढ़ना अच्छा लगता है।
I can teach English.,मैं अंग्रेज़ी पढ़ा सकता हूँ।
I don't like a novel without a hero.,मुझें बिना नायकवाले उपन्यास पसंद नहीं हैं।
I don't like a novel without a hero.,मुझें बिना नायकवाले नॉव्हेल पसंद नहीं हैं।
I'm just about to set off for the station.,मैं स्टेशन के लिए निकलने वाला हूँ।
I met my teacher on the way to the station.,मेरी स्टेशन के रास्ते पर अपनी टीचर से मुलाकात हुई।
I bought two dozen pencils.,मैंने दो दर्जन पेनसिलें खरीदीं।
I don't know what to study.,मुझे समझ में नहीं आ रहा कि क्या पढ़ूँ।
I went there dozens of times.,मैं वहाँ दसियों बार जा चुका हूँ।
I have tried innumerable times to contact him.,मैं बहुत बार उससे सम्पर्क करने की कोशिश कर चुकी हूँ।
I was at a loss when I lost my house key.,जब मेरी घर की चाबी खो गई थी मुझे समझ में नहीं आ रहा था कि मैं क्या करूँ।
I'm studying kabuki drama.,मैं काबुकी नाटक का अध्ययन कर रहा हूं।
I'm studying kabuki drama.,मैं काबुकी नाटक का अध्ययन कर रही हूं।
I like mountains better than seas.,मुझे सागरों से ज़्यादा पहाड़ियां पसंद हैं।
I wish to go to Paris to study art.,मैं पैरिस जाकर आर्ट पढ़ना चाहता हूँ।
I wish to go to Paris to study art.,मैं पैरिस जाकर आर्ट पढ़ना चाहती हूँ।
I took the opportunity to visit Rome.,मैंने रोम जाने के मौका का फ़ायदा उठाया।
I have been to Kyoto.,मैं क्योटो गया हुआ हूँ।
I work for a bank.,मैं बैंक में काम करता हूँ।
I have to go to the bank.,मुझे बैंक जाना है।
I came upon an old friend of mine on the train.,मेरी ट्रेन में एक पुराने दोस्त से मुलाक़ात हुई।
I know your father.,मैं तुम्हारे पिताजी को जानता हूँ।
I'm thinking about you.,मैं तुम्हारे बारे में सोच रहा हूँ।
I am fully convinced of your innocence.,मुझे तुम्हारे बेगुनाह होने पर पूरा यकीन है।
I had my brother repair my bicycle.,मैंने अपने भाई से अपनी साईकल ठीक करवाई।
I saw a dog swim across the river.,मैंने एक कुत्ते को तैरकर नदी पार करते हुए देखा।
"When he saw me, he pretended to be asleep.",मुझे देखने पर उसने सोने का ढोंग किया।
I'm fine.,मैं ठीक हूँ।
I bought an old car.,मैंने पुरानी गाड़ी खरीदी।
I have been writing letters all morning.,मैं पूरी सुबह से चिट्ठियाँ लिख रहा हूँ।
I have been writing letters all morning.,मैं पूरी सुबह से चिट्ठियाँ लिख रही हूँ।
I chose to leave instead of staying behind.,मैंने रहने की बजाय जाने का इरादा किया।
I'm a government worker.,मैं सरकारी कर्मचारी हूँ।
I had the good fortune to succeed.,मैं खुशकिसमत था कि सफ़ल हो गया।
I want to live a happy life.,मैं सुखभरी ज़िन्दगी जीना चाहता हूँ।
I went there because I wanted to.,मैं वहाँ गया क्योंकि मेरा मन था।
I'm at the airport now.,मैं अभी हवाईअड्डे में हूँ।
I took a walk with my dog this morning.,आज प्रात मैंने अपने कुत्ते के साथ सैर की.
I have caught a cold.,मुझे ज़ुकाम हो गया है।
I haven't seen him lately.,मैंने उसे हाल में नहीं देखा है।
I left the keys with my wallet.,मैंने चाबियों को अपने बटुए के साथ छोड़ दिया।
I fixed the car yesterday.,मैंने गाड़ी को कल ठीक किया था।
I met Mary yesterday.,मैं कल मेरी से मिला था।
I was in bed all day long yesterday.,कल मैं पूरे दिन बिस्तर में था।
I met your father yesterday.,मैं कल तुम्हारे पिताजी से मिला।
I had a strange dream last night.,मुझे कल रात एक बहुत अजीब सपना आया।
I cannot tolerate noisy children.,मैं शोर मचाते हुए बच्चों को झेल नहीं सकता।
I cannot tolerate noisy children.,मुझसे शोर मचाते हुए बच्चे सहे नहीं जाते।
I made the fact known to all my friends.,मैंने अपने सारे दोस्तों को इस बात के बारे में बता दिया था।
I would sometimes travel abroad alone.,मैं कभी-कभार अकेले विदेश सफ़र करने जाता था।
I admit my mistake.,मैं अपनी ग़लती मानता हूँ।
I am tired of my work.,मैं अपने काम से थक चुका हूँ।
I know how to drive a car.,मुझे गाड़ी चलाना आता है।
I am able to drive a car.,मैं गाड़ी चला सकता हूँ।
I visit my grandmother twice a week.,मैं अपनी नानी से हफ़्ते में दो बार मिलने जाता हूँ।
I visit my grandmother twice a week.,मैं अपनी दादी से हफ़्ते में दो बार मिलने जाता हूँ।
I have lots of work to clear up by the weekend.,मुझे इस हफ़्ते बहुत सारा काम कर के खतम करना है।
I'm busy with my homework.,मैं अपने होमवर्क में लगा हुआ हूँ।
"I have not asked for help, nor do I desire it.","न मैंने मदद माँगी है, न मैं मदद चाहता हूँ।"
I have some money.,मेरे पास कुछ पैसे हैं।
I laughed.,मैं हँसा।
I think that Shintaro speaks English well.,मुझे लगता है के शिन्तारो अंग्रेज़ी अच्छी तरह बोल लेता है।
I am really pleased with my new car.,मैं अपनी नई गाड़ी से बहुत खुश हूँ।
I am poor at swimming.,मुझे ढंग से तैरना नहीं आता।
I like maths.,मुझे गणित पसंद है।
I am weak in mathematics.,मैं गणित में कमज़ोर हूं।
I'm not a student.,मैं विद्यार्थी नहीं हूँ।
I like red roses.,मुझे लाल गुलाब पसंद हैं।
I wanted red shoes.,मुझे जूते चाहिए थे।
I've lost my ticket.,मेरी टिकट खो गई है।
I was in London last month.,मैं पिछले महीने लंदन में था।
My boss made me work last Sunday.,मेरे बॉस ने मुझसे पिछले रविवार को काम करवाया।
I dived into the river.,मैंने नदी में छलाँग लगाकर डुबकी ली।
I like cats best of all animals.,सभी जानवरों में से मुझे बिल्लियां सबसे ज़्यादा पसंद हैं.
I was able to answer all the questions.,मैं सारे सवालों का जवाब दे पाया था।
"I got up early, so that I could catch the first train.","मैं जल्दी उठा था, क्योंकि मुझे पहली ट्रेन पकड़नी थी।"
I don't mind waiting.,मुझे प्रतीक्षा करने में कोई आपत्ती नहीं है।
I am ashamed of having been lazy.,मुझे अपने आलसी होने पर शर्म आती है।
I live in a big city.,मैं बड़े शहर में रहता हूँ।
I don't like the polluted atmosphere of big cities.,मुझे बड़े शहरों का प्रदूषित वातावरण अच्छा नहीं लगता।
I don't know who wrote this letter.,मुझे नहीं पता कि यह चिट्ठी किसने लिखी है।
I have to learn many words and phrases by heart.,मुझे बहुत सारे शब्दों और वाक्यांशों को रटना है।
I refused absolutely.,मैंने सरासर इनकार कर दिया।
I go to school by subway.,मैं मेट्रो लेकर स्कूल जाती हूँ।
I came to Japan from China.,मैं चीन से जापान आया।
I came to Japan from China.,मैं चीन से जापान आयी।
I haven't got in touch with him for a long time.,मेरा उसके साथ काफ़ी देर से सम्पर्क नहीं हुआ है।
I haven't got in touch with him for a long time.,मेरा उसके साथ काफ़ी दिनों से सम्पर्क नहीं हुआ है।
I was kept waiting for a long time at the hospital.,अस्पताल में मुझसे बहुत देर तक इन्तज़ार करवाया गया।
I raise a variety of roses in the garden.,मैं अपने उद्यान में कई प्रकार के गुलाब उगाता हूँ।
I really like city life.,मुझे शहर की ज़िन्दगी पसंद है।
I often catch cold in winter.,मुझे सर्दियों में अक्सर बुखार हो जाता है।
I felt like running away.,मेरा भाग जाने का मन हुआ।
I will never do it again.,मैं फिरसे नहीं करूँगा।
I am going to stay here for a couple of days.,मैं यहाँ एक-दो दिन रहूँगा।
I'm standing in the shade.,मैं छाया में खड़ा हूँ।
I'm standing in the shade.,मैं छाँओं में खड़ा हूँ।
It is forty years since I began the study of Japanese.,अब चालीस साल हो गए हैं मेरी जापानी की पढ़ाई को शुरू किए हुए।
I clean up my room every Sunday.,मैं हर रविवार अपना कमरा साफ़ करता हूँ।
I'm never at home on Sundays.,में रविबार को कभी घर पे नहीं होता.
I have a bad pain in my back.,मुझे पीठ में बुरी तरह से दर्द हो रहा है।
I've got a bit of an ache in my back.,मेरी पीठ में थोड़ा दर्द हो रहा है।
I don't know if he knows it.,मुझे नहीं पता कि उसको पता है कि नहीं।
I am convinced that he did nothing wrong.,मुझे पूरा विश्वास है कि उसने कोई भी ग़लत काम नहीं किया।
I couldn't make out what he wanted to say.,मैं समझ नहीं पा रहा था कि वह कहना क्या चाहता था।
I was afraid he might die.,मुझे उसके मरने का डर था।
I saw him crossing the road.,मैंने उसे सड़क पार करते हुए देखा।
I am confident he will keep his promise.,मुझे भरोसा है कि वह अपना वादा निभाएगा।
I accompanied him on the trip.,मैं सफ़र पर उसके साथ गया।
I explained the rule to him.,मेने उसे नियम समझाया।
I will have him mend my shoes.,मैं अपने जूते उससे ठीक करवाऊँगा।
I gave him what money I had.,मेरे पास जो भी पैसे थे मैंने उसे दे दिए।
I believe whatever he says.,"वह जो भी कहे, मुझे उस पर यकीन है।"
I did it the way he told me to.,उसने जैसे बताया था मैंने वैसे किया।
I know his address.,मुझे उसका पता पता है।
"I know his address, but it's a secret.","मुझे उसका पता पता है, पर वह एक राज़ है।"
I could not but laugh at his joke.,मैं उसके मज़ाक पर बस हँस पड़ा।
I was surprised at the news of his sudden death.,मैं उसकी अचानक मौत की खबर से चौंक गया।
I am his friend and will remain so.,मैं उसका दोस्त हूँ और रहूँगा।
I cannot stand his arrogance any longer.,मैं उसके अक्खड़पन अब और बर्दाश्त नहीं कर सकता।
He can play the piano better than I.,वह पियानो मुझसे अच्छा बजाता है।
I know both of them.,मैं दोनो को जानता था।
I made him my servant.,मैंने उसे अपना नौकर बना लिया।
I help him.,मैं उसकी मदद करता हूँ।
"I tried to persuade him, but in vain.","मैंने उसे मनाने की कोशिश की, लेकिन सब बेकार ही गया।"
I have made him angry.,मैंने उसे गुस्सा कर दिया है।
I received a letter which was written by her.,मुझा उसकी लिखी हुई एक चिट्ठी मिली।
I accompanied her on a walk.,मैं उसके साथ सैर के लिए गया।
I'd like to see her.,मैं उसे देखना चाहूँगा।
I'd like to see her.,मैं उससे मिलना चाहूँगा।
I informed her of my success.,मैंने उसको अपनी कामयाबी के बारे में बताया।
I was worried on her account.,मैं उसके लिए परेशान था।
I caught a glimpse of her.,मुझे उसकी झलक दिखाई दी।
I caught a beautiful butterfly.,मैंने एक सुंदर तितली को पकड़ लिया।
"I am poor, whereas my brothers are very rich.","मैं ग़रीब हूँ, पर मेरे भाई बहुत अमीर हैं।"
I am nothing but a poor peasant.,मैं तो बस एक गरीब किसान ही हूँ।
I usually get home by six o'clock.,मैं आमतौर पर छः बजे तक घर आ जाता हूँ।
I usually get up at eight.,मैं आमतौर पर आठ बजे उठा करता हूँ।
I'm not ashamed of my father being poor.,मुझे अपने पिता की ग़रीबी पर शर्म नहीं आती है।
I pricked up my ears.,मैंने ध्यान से सुना।
I go to school on foot.,मैं स्कूल चल कर जाती हूँ।
I've never heard my mother sing a song.,मैंने कभी भी अपनी मां को गाना गाते हुए नहीं सुना।
I helped my mother wash the dishes.,मैंने अपनी मम्मी को बर्तन धोने में मदद करी।
I'm waiting for my mother.,मैं अपनी माँ का इंतेज़ार कर रहा हूँ।
I go to work by car every day.,में रोज कार से दफ्तर जाता हूं.
I run every day.,मैं रोज़ दौड़ने जाता हूँ।
I keep my diary every day.,मैं हर रोज़ अपनी डायरी में लिखती हूँ।
I will go to America tomorrow.,मैं कल अमेरिका जाऊँगी।
I will come back to Canada tomorrow.,मैं कल कनाडा वापस आऊँगा।
I will call on him tomorrow.,मैं कल उससे मिलने जाऊँगा।
I'll come back.,मैं वापस आऊँगा।
I have a few friends.,मेरे पास कुछ दोस्त हैं।
I make it a practice to help my brother with his homework after supper.,मुझे रात को खाना खाने के बाद अपने भाई को उसके होमवर्क के साथ मदद करने की आदत है।
I'll go to Hokkaido next month with my friend.,मैं अगले महीने मेरे दोस्त के साथ होक्काइदो जाउँगा।
I'll go to Hokkaido next month with my friend.,मैं अगले महीने मेरे दोस्त के साथ होक्काइदो जाउँगी।
I spent hours looking for the key that I had dropped.,मैं घंटों तक उस चाबी को ढूँढता रहा जिसे मैंने गिरा दिया था।
I bought a few eggs and a little milk.,मैंने कुछ अंडे और थोडा दूध खरीदा.
I like both science and math.,मुझे विज्ञान और गणित दोनों पसंद हैं।
I like history.,मुझे इतिहास पसंद है।
I'm interested in history.,मुझे इतिहास में दिलचस्पी है।
I want somebody to talk to.,मुझें बात करने के लिये कोई चाहिये।
Won't you join us for dinner?,हमारे साथ (रात का) खाना खाएँगे ना?
Don't worry about us.,हमारी चिंता मत करो।
We are sorry we can't help you.,माफ़ कीजिए पर हम आपकी मदद नहीं कर सकते।
We need the money.,हमें उस पैसे की ज़रूरत है।
We all laughed at his joke.,हम सब उसके मज़ाक पर हँसे।
We managed to swim across the river.,हम नदी को तैरकर पार कर पाए।
We managed to swim across the river.,हम नदी के पार तेर पाए.
We can never get rid of the past.,हम बीते हुए कल से नहीं छिप सकते।
We're in a hurry.,हम जल्दी में हैं।
We celebrated his birthday.,हमने उसका जन्मदिन मनाया।
We call him Mike.,हम उसे माईक बुलाते हैं।
Poets write poems.,कवी कविताएँ लिखते हैं।
You'll have to work hard if you want to pass the exam.,अगर तुम्हें परीक्षा पास करनी है तो मन लगाकर काम करना होगा।
Where is the changing room?,कपड़े बदलने का कमरा कहाँ पर है?
What's the story?,क्या कहानी है?
She felt less sad as time passed.,"जैसे जैसे समय बीतता गया, उसके दुख का अहसास भी कम होता गया।"
Time goes by quickly.,समय तेज़ी से बीतता है।
The clock has just struck three.,घड़ी पर अभी अभी तीन बजे हैं।
A clock has two hands.,घड़ी के दो हाथ होते हैं.
I must adjust my watch. It's slow.,मुझे अपनी घड़ी ठीक करनी है। धीरे चल रही है।
Sometimes she tried talking to him about India.,वह कभी-कभी उससे भारत की बात करने की कोशिश किया करती थी।
He is digging his own grave.,वह अपनी क़ब्र खोद रहा है।
It'll cure itself naturally.,वह अपने-आप ठीक हो जाएगा।
We should keep ourselves clean.,हमें अपने आप को साफ़ रखना चाहिए।
Go tell him yourself.,उसको अपने-आप जाकर बताओ।
Few people will admit their faults.,बहुत कम लोग अपनी गलतियों को मानते हैं।
Go about your business!,जाओ अपना काम करो!
Keep your room as neat as you can.,अपना कमरा जितना साफ़-सुथरा रख सकते हो रखो।
To know oneself is very difficult.,अपने-आप को जानना बहुत ही कठिन होता है।
"Without a dictionary, it would be hard to study English.",शब्दकोश (डिक्शनरी) के बिना अंग्रेज़ी की पढ़ाई करना बहुत मुश्किल होगा।
Look up the phrase in your dictionary.,शब्दकोश में उस वाक्यांश को ढूँढो।
The dictionary is close at hand.,शब्दकोष पास में ही है।
The deer was running by itself.,हिरण अकेले दौड़ रहा था।
I beg to differ with you.,"माफ़ किजिए, पर मैं आपसे सहमत नहीं हूँ।"
"As a matter of fact, I dislike him.",दरअसल मुझे वह पसंद नहीं है।
"To tell the truth, I don't like his way of talking.",सच कहूं तो मुझे उसका बात करने का तरीका पसंद नहीं आया।
"To tell the truth, I don't like his way of talking.",सच कहूं तो मुझे उनका बात करने का तरीका पसंद नहीं आया।
"To tell the truth, I don't like his way of talking.",सच कहूं तो मुझे उनका बात करने का तरीका ही पसंद नहीं आया।
"To tell the truth, I don't like his way of talking.",सच कहूं तो मुझे उसका बात करने का तरीका ही पसंद नहीं आया।
His failure was in reality due to his lack of care.,असलियत में उसकी नाकामयाबी उसकी लापरवाही की वजह से थी।
Can you identify the man in this picture?,क्या तुम उस आदमी को उसकी तस्वीर से पहचान सकते हो?
The car broke down on the way to the airport.,एयरपोर्ट के रास्ते पर गाड़ी खराब हो गई।
Let's go by car.,कार से चलते हैं.
Do you know how to drive a car?,क्या आपको गाड़ी चलाना आता है?
Do you know how to drive a car?,क्या तुमको गाड़ी चलाना आता है?
Do you know how to drive a car?,क्या तुम्हें गाड़ी चलाना आता है?
The car raised a cloud of dust.,उस गाड़ी ने बहुत धूल उड़ाई।
The car hit a telephone pole.,गाड़ी फ़ोन के खम्बे से जाकर भिड़ पड़ी।
How many cars do you have?,आपके पास कितनी गाड़ियाँ हैं?
You should work hard while you are young.,जवान हो तब तक तुम्हें कड़ी मेहनत से काम करना चाहिए।
You should work hard while you are young.,जवान हो तब तक आपको कड़ी मेहनत से काम करना चाहिए।
My hands are dirty. I have been repairing my bicycle.,मेरे हाथ गंदे हैं। मैं अपनी साईकल ठीक कर रहा था।
Wash your hands well.,अपने हाथ अच्छे से धोओ।
Please remind me to post the letters.,मुझे चिट्ठियों को डाक में डालने की याद दिलाना।
"I can't turn my neck, because it hurts a lot.",मैं अपनी गर्दन नहीं घुमा सकता क्योंकि बहुत दर्द होता है।
School begins at half past eight.,स्कूल साढ़े-आठ बजे शुरू होता है।
School begins at 8:30 a.m.,स्कूल साढ़े-आठ बजे शुरू होता है।
The seventh day of the week is Saturday.,हफ़्ते का सातवा दिन शनिवार है।
The seventh day of the week is Saturday.,हफ़्ते का सातवा दिन शनिवार होता है।
Can I extend my stay one more night?,मैं एक रात और रह सकता हूँ क्या?
Don't you want to go out?,बाहर नहीं जाना चाहते हो क्या?
Let me out!,मुझे बाहर जाने दो!
Let me out!,मुझे बाहर जाने दो !
Get out!,बाहर निकल जाओ!
The gate was left open.,गेट को खुला छोड़ दिया गया था।
I will pay my debt as soon as possible.,मैं अपना कर्ज़ जल्द-से-जल्द चुकताऊँगा।
I'll try to finish it in time as best I can.,मैं उसे जितना हो सकेगा उतना समय में खतम करने की कोशिश करूँगा।
It was so nice to sit on the grass in the spring sun.,सावन की धूप में घास पर बैठना कितना अच्छा लगता है।
We should abolish the death penalty.,हमें मृत्यु दंड का निर्मूलन करना चाहिए।
We should abolish the death penalty.,हमें मृत्यु दंड का उन्मूलन करना चाहिए।
Have you been here before?,तुम यहाँ पहले आए हुए हो क्या?
He could not sleep because of the heat.,वह गर्मी की वजह से सो नहीं पाया।
Will you hand the papers around?,क़ागज़ों को बाँट दोगे क्या?
A woman's strength is in her tongue.,औरत की ताकत उसकी जीभ में होती है।
It is said that women live longer than men.,कहा जाता है कि औरतों की उम्र आदमियों से ज़्यादा लम्बी होती है।
By degrees the friendship between him and her grew into love.,"थोड़े थोड़े से, उनके बीच की दोस्ती प्यार में बदल गई।"
I'm looking for a small suitcase.,मैं एक छोटी अटैची को ढूँढ रहा हूँ।
Please speak in a low voice.,कृपया धीमी आवाज़ में बात कीजिए।
Please speak in a low voice.,कृपया हल्की आवाज़ में बात कीजिए।
May I speak to you a minute?,में आपसे एक क्षण के लिए बात कर सकता हूं?
"Would you just move along a bit, please?",आप थोड़ा आगे खिसक सकते हैं क्या?
You might at least say thank you.,कम से कम शुक्रिया तो कह सकते हो।
You might at least say thank you.,कम से कम शुक्रिया तो कह सकती हो।
The girl looked around.,उस लड़की ने पीछे मुड़कर देखा।
The girl was aware of the danger.,उस लड़की को खतरे के बारे में पता था।
The girl tried hard to hold back her tears.,उस लड़की ने अपने आँसुओं को रोकने की बहुत कोशिश करी।
The boy stripped off his clothes.,उस लड़के ने अपने सारे कपड़े उतारे।
The boy gathered a handful of peanuts and put them in a small box.,उस लड़के ने एक मुट्ठीभर मूँगफलियाँ लीं और उन्हें एक छोटे से डब्बे में डाल दिया।
The boy ran away when he saw me.,लड़का मुझको देखते ही भाग गया।
Seicho Matsumoto died in 1992.,सेइचो मात्सुमोतो का निधन सन १९९२ में हुआ।
Elephants live in Asia and Africa.,हाथी एशिया और अफ़्रीका में रहते हैं।
An elephant is a very large animal.,हाथी एक बहुत बड़ा जानवर होता है।
Has the bell rung yet?,घंटी बज चुकी है क्या?
My boss will not say 'yes'.,"मेरे बॉस ""हाँ"" नहीं कहेंगे।"
Please get in.,कृपया अंदर आईए।
I missed my stop. How long does it take to reach the next stop?,मेरा स्टॉप छूट गया। अगला स्टॉप कितनी देर में आएगा?
The situation calls for drastic measures.,इस परिस्थिति में कठोर कदम उठाने होंगे।
I am afraid of the situation getting worse.,मुझे परिस्तिथि के बदतर होने का डर है।
The food is getting cold.,खाना ठंडा हो रहा है।
He finished his dinner because he didn't like to waste food.,"उसे खाने की बर्बादी करना पसंद नहीं था, तो उसने अपना खाना खाकर खतम किया।"
Brush your teeth after meals.,खाना खाने के बाद दाँतों को साफ़ करो।
Brush your teeth after meals.,खाना खाने के बाद दाँतों को ब्रश करो।
Won't you come to dine with us?,क्या आप हमारे साथ खाना खाने नहीं आएंगे?
Wash your hands before meals.,खाना खाने से पहले अपने हाथ धोओ।
Lack of food made them very hungry.,खाने की कमी ने उन्हें बहुत भूका कर दिया।
Do you believe me?,क्या तुम्हें मुझपर यकीन है?
Do you believe me?,क्या तुम मुझपर यकीन करते हो?
Do you believe me?,क्या तुम मेरा यकीन करते हो?
"Believe it or not, that is true.","मानो या न मानो, यह तो सच है।"
The signal turned from red to green.,सिगनल की बत्ती लाल से हरी हो गई।
Don't worry. You can count on me.,चिंता मत करो। तुम मुझपर भरोसा कर सकते हो।
Worrying deprived me of sleep last night.,मुझे चिंता की वजह से कल रात नींद नहीं आई।
The new bridge was named Rainbow Bridge.,नए ब्रिज को इन्द्रधनुष ब्रिज का नाम दिया गया।
The new government promised to rid the country of corruption.,नई सरकार ने देश को भ्रष्टाचार से मुक्त करने का वादा किया।
Please let in some fresh air.,कृपया ताज़ी हवा आने दो.
Fresh vegetables promote health.,ताज़ी सब्ज़ियाँ स्वास्थ्य के लिए अच्छी होतीं हैं।
Fresh vegetables promote health.,ताज़ी सब्ज़ियाँ सेहत के लिए अच्छी होतीं हैं।
What the newspapers say is true.,जो अखबार में लिखा है वह सच है।
"In the woods, she met with two strangers.",वह जंगल में दो अजनबियों से मिली।
Mariko studied not only English but also German.,मारिको ने अंग्रेज़ी ही नहीं जर्मन भी पढ़ी थी।
Only God knows.,भगवान जाने।
Kobe is the city which I was born in.,कोबे वह शहर है जिसमें मैं पैदा हुआ था।
A gentleman would not spit on the street.,कोई भी सुशील इनसान सड़क पर थूकेगा नहीं।
"Children whose parents are dead are referred to as ""orphans"".","जिन बच्चों के माता-पिता की मृत्यु हो गई होती है उने ""अनाथ"" बुलाया जाता है।"
Opinions vary from person to person.,हर इनसान की राय अलग होती है।
Opinions vary from person to person.,हर इनसान की सोच अलग होती है।
A man must work.,एक आदमी के लिए काम करना ज़रूरी है।
You can know a man by his friends.,आदमी को उसको दोस्तों से पहचाना जा सकता है।
Man is 70% water.,आदमी सत्तर प्रतिशत पानी का बना हुआ है।
Humans can't live on Mars.,इनसान मंगल पर नहीं रह सकतें।
A madman is not accountable for his actions.,एक पागल इनसान को अपने किये-धरे के लिए ज़िम्मेदार नहीं ठहराया जा सकता।
The population is increasing.,आबादी बढ़ रही है।
The population is increasing.,जनसंख्या बढ़ रही है।
A woman picked my pocket in the crowd.,भीड़ में एक औरत ने मेरी जेब काट ली।
Carrots contain a lot of vitamin A.,गाजर में बहुत सारा विटामिन ए समाया होता है।
People were filled with fright.,लोगों के दिल-व-दिमाग में भय भरा हुआ था।
Don't insult me in company.,मुझे लोगों के सामने शर्मिंदा मत करो।
I can't swallow these tablets without a drink of water.,मैं पानी के बिना इन गोलियों को निगल नहीं सकती।
Water consists of hydrogen and oxygen.,जल में उदजन व जारक होते है।
We have to buy water from Malaysia.,हमें मलेशिया से पानी खरीदना पड़ता है।
Hydrogen and oxygen combine to form water.,उदजन व जारक मिश्रण करके जल बनते है।
The water is running with great force.,पानी बड़े वेग से बह रहा है.
The water pipe burst.,पानी का पाइप फट गया।
Do you see a ship on the horizon?,तुम्हें समुंदर के क्षितिज पर एक जहाज़ दिखाई दे रहा है क्या?
Nobody in the world wants war.,दुनिया में कोई भी जंग नहीं चाहता।
"Since the Industrial Revolution, the world population has more than tripled.",औद्योगिक क्रांति के बाद से दुनिया की आबादी तीन गुना से भी ज़्यादा बढ़ गयी है।
The world's population tends to increase.,दुनिया की आबादी बढ़ती रहती है।
The world is changing more and more quickly.,दुनिया और-भी-और तेज़ी से बदल रही है।
You don't have to chat with them.,तुम्हें उसने गप मारने की ज़रूरत नहीं है।
The unwise statement by the government caused prices to rise again.,सर्कार के इस निर्बोध बयान से दाम फिर से बढ़ने लगे।
The government has been reforming education.,सरकार शिक्षा को सुधारने मे लगी हुई है।
The government started a program to promote industry.,सरकार ने उद्योग बढ़ाने के लिए कार्यक्रम शुरू किया।
The stars twinkled.,तारे चमके।
The stars are glittering above.,तारे ऊपर चमक रहें हैं।
Stars cannot be seen in the daytime.,सितारे दिन में नहीं दिखते |
Do that which is right.,जो सही है वो करो।
Tadashi has a soft voice.,तादाशी की आवाज़ बहुत हल्की है।
"As he was an honest man, I employed him.","वह ईमानदार इनसान था, इसलिए मैंने उसे नौकरी पर रख लिया।"
"To tell the truth, I felt lonely.",सच कहूं तो मुझे अकेलापन महसूस हुआ।
Honesty is the best policy.,ईमानदारी सर्वोत्तम नीति है।
All the students look up to him.,सारे विद्यार्थी उसका आदर-सम्मान करते थे।
Read it aloud.,पढ़के सुनाओ।
Be quiet. Don't talk in class.,शांत रहो। कक्षा के दौरान बात मत करो।
Be quiet. Don't talk in class.,शांत रहें। कक्षा के दौरान बात ना करें।
Be quiet. Don't talk in class.,शांत रहिए। कक्षा के दौरान बात मत कीजिए।
Where would you like to sit?,आप कहाँ बैठना चाहेंगे?
"When I was a kid, touching bugs didn't bother me a bit. Now I can hardly stand looking at pictures of them.","जब मैं बच्चा था, मुझे कीड़ों को छूने से कोई परेशानी नहीं होती थी, पर अब मैं उनकी तस्वीरें देखना भी बर्दाश्त नहीं कर सकता।"
She used to be a very shy girl.,वह बहुत शर्मीली लड़की हुआ करती थी।
She used to be a very shy girl.,वे बहुत शर्मीली लड़की हुआ करती थीं।
"Once upon a time, there lived a great king in Greece.","एक बार की बात है, यूनान में एक महान राजा रहता था।"
Kill two birds with one stone.,एक तीर से दो शिकार।
Kill two birds with one stone.,एक पंथ दो काज।
Don't throw stones.,पत्थर मत फेंको।
They substituted coal for oil.,उन्होंने कोयले के बजाय तेल का इस्तेमाल किया।
Petrol is no longer a cheap fuel.,ईंधनों में पेट्रोल भी अब सस्ता नहीं रहा।
The baby has been crying for a long time.,बच्चा बहुत देर से रो रहा था।
You shouldn't leave the baby alone.,तुम्हें बच्चे को अकेला नहीं छोड़ना चाहिए।
Hold the baby gently.,बच्चे को धीरे से पकड़ो।
The baby ceased crying.,बच्चे ने रोना समाप्त कर दिया।
The baby ceased crying.,बच्चे ने रोना बंद कर दिया।
I have to put the baby to bed.,मुझे बच्चे को सुलाना है।
Have you got a red pencil?,तुम्हारे पास लाल पेनसिल है क्या?
The equator divides the globe into two hemispheres.,भूमध्य रेखा पृथ्वी को दो गोलार्धों में बांटती है।
It looks like snow.,बरफ़ जैसा दिखता है।
There is no doubt.,इसमें कोई शक नहीं है।
There is no doubt.,उसमें कोई शक नहीं है।
We didn't have much rain last month.,पिछले महीने ज़्यादा बारिश नहीं हुई।
Last week five students were absent from class.,पिछले हफ़्ते क्लास से पाँच विद्यार्थी अनुपस्थित थे।
It has been fine since last Friday.,पिछले शुक्रवार से मौसम बहुत अच्छा है।
He was sick last week.,वह पिछले हफ़्ते बीमार था।
"Rabbi, you are the Son of God; you are the King of Israel.","रब्बी, तुम ईश्वर के बेटे हो; तुम इज़राइल के राजा हो।"
"Thank you very much, doctor.","डॉक्टर साहब, आपका बहुत बहुत धन्यवाद।"
Not all teachers behave like that.,सभी शिक्षक वैसा बर्ताव नहीं करते।
Not all teachers behave like that.,सभी शिक्षक वैसा व्यवहार नहीं करते।
The teacher was disappointed at my answer.,टीचर मेरा जवाब सुनकर निराश थीं।
Thank you for the other day.,उस दिन के लिए बहुत बहुत धन्यवाद।
The other day her mother passed away in the hospital.,कुछ दिन पहले उसकी माँ हस्पताल में चल बसीं।
The reason for declaring war is not certain.,जंग के ऐलान का कारण साफ़ नहीं है।
The war is going in our favor.,जंग हमारे हित में जा रहा है।
There's a possibility of war.,युद्ध की संभावना है।
The war wasted the country.,जंग ने देश को नष्ट कर डाला।
I feel sad when I think about all the people who die in wars.,मुझे दुख होता है जब मैं उन लोगों की सोचता हों जो जंग में अपनी जान खो देते हैं।
"During the war, we had to do without sugar.",जंग के समय में हमे चीनी के बिना ही काम चलाना पड़ा।
"Looking at the pile of laundry, I sighed.",धुलने वाले कपड़ों के ढेर को देखकर आँही भरी।
Traveling by boat takes longer than going by car.,नाव के सफ़र में कार से ज़्यादा समय लगता है.
The ship set sail for Bombay.,जहाज़ बमबई के लिए रवाना हुआ।
The ship set sail only to be wrecked two days after.,जहाज़ पाल तानने के दो दिन बाद पोत-भंग हो गया।
How many people are on board the ship?,जहाज़ में कितने लोग हैं?
To distinguish right from wrong is difficult.,सही और ग़लत में अंतर करना मुश्किल होता है।
"All the world is divided into three types of people - finger-users, chopstick-users, and fork-users.","सारी दुनिया में केवल तीन तरह के लोग हैं - ऊँगलीयाँ, चॉपस्टिक्स और फ़ोर्क इसतेमाल करने वाले।"
My grandmother speaks slowly.,मेरी नानी धीरे-धीरे बोलतीं हैं।
It was her fate to die young.,छोटी उम्र में मरना उसके भाग्य में था।
Come home early.,जल्दी घर आजाओ।
Early rising is good for the health.,सुबह जल्दी उठना सेहत के लिए अच्छा होता है।
He keeps on talking forever if you listen to him.,तुम उसकी बात सुनते रहो तो वह बात करता ही जाएगा।
You are at it again.,तुम फिरसे चालू हो गए।
They charged me for the broken window.,उन्होंने ने मुझसे टूटी हुई खिड़की के लिए पैसे माँगे।
What do you call a man who takes care of sheep in the field?,खेत में बकरियों की देखभाल करने वाले आदमी को क्या बुलाया जाता है?
Thank you for the present.,तोहफ़े के लिए धन्यवाद।
He will commit suicide if he can't see his son.,वह अपने बेटे को नहीं देख पाया तो वह आत्महत्या कर लेगा।
Wash your feet.,अपने पैर धोओ।
The villagers regarded the stranger as their enemy.,गांववालें अजनबी को अपना दुश्मन मानते थे।
The villagers regarded the stranger as their enemy.,ग्रामवासी अजनबी को अपना शत्रु मानते थे।
Is there anything I can do for you now?,क्या मैं अभी आप के लिए कुछ कर सकता हूं?
Is there anything I can do for you now?,क्या मैं अभी आप के लिए कुछ कर सकती हूं?
Is there anything I can do for you now?,क्या मैं अभी तुम्हारे लिए कुछ कर सकता हूं?
Is there anything I can do for you now?,क्या मैं अभी तुम्हारे लिए कुछ कर सकती हूं?
Keeping what belongs to another amounts to stealing.,दूसरे की चीज़ को अपने पास रखना चोरी के समान है।
"Many words are pronounced according to the spelling, but some are not.","बहुत सारे शब्दों को उनकी वर्तनी के हिसाब से पढ़ा जाता है, पर कुछ शब्दों को ऐसे नहीं पढ़ा जाता है।"
A lot of countries participated in the Olympic Games.,बहुत सारे देशों ने ओलिंपिक खेलों में हिस्सा लिया।
The sun came out.,सूरज बाहर आया।
The sun came out.,सूरज बाहर निकला।
The sun is much larger than the moon.,सूरज चांद से बहुत ज़्यादा बड़ा है।
The sun is much larger than the moon.,सूर्य चंद्रमा से बहुत ज़्यादा बड़ा है।
The batter was out.,बॅटर आऊट हो गया था।
My whole body feels heavy.,मेरा पूरा शरीर भारी सा लगता है।
It's not healthy for you.,यह तुम्हारी सेहत के लिए अच्छा नहीं है।
"While I was in Taiwan, I made friends with him.",मैं जब ताईवान में था तब उसके साथ दोस्त बन गया।
A big dog is always beside him.,उसके साथ हमेशा एक बड़ा सा कुत्ता रहता है।
"The heavy rain brought the flood, causing damage.",भारी बारिश के साथ बाढ़ भी आई और उसने बहुत नुकसान पहुँचाया।
What are you going to do in college?,तुम कॉलेज जाकर क्या करोगे?
What are you going to do in college?,तुम कॉलेज में क्या करोगे?
It was raining heavily in Osaka.,ओसाका में भारी बारिश हो रही थी।
That is almost correct.,यह लगभग सही है।
The President is to make a statement tomorrow.,राष्ट्रपति कल बयान देने वालें हैं।
It was very hot.,बहुत गरम था।
It was very hot.,बहुत गरमी थी।
Tell me the name of the ninth month.,मुझे नौवे महीने का नाम बताओ।
Let's fly kites.,चलो पतंग उड़ाएँ!
A river runs down through the valley.,वादी में से एक नदी बहती है।
Is anybody here?,कोई है क्या?
Someone knocked on the door.,किसी ने दरवाज़े पर खटखटाया।
I heard someone knocking.,मुझे किसी के खटखटाने की आवाज़ सुनाई दी।
I heard someone call my name from behind.,मैंने किसी को पीछे से मेरे नाम पुकारते हुए सुना।
Someone robbed Mary of her money.,किसी ने मेरी से उसके पैसे चुरा लिए।
Who made this cake?,यह केक किसने बनाया है?
Who made this pie?,यह पाय किसने बनाई है?
Who's at the wheel?,गाड़ी कौन चला रहा है?
Who wrote a letter?,चिट्ठी किसने लिखी?
Who wrote a letter?,पत्र किसने लिखा?
Who do you think broke the window?,तुम्हें क्या लगता है? खिड़की किसने तोड़ी है?
I do not like wearing anybody else's clothes.,मुझे किसी और के कपड़े पहनना अच्छा नहीं लगता।
Who knows?,कौन जाने?
Who knows?,किसको पता है?
Who knows?,किसे पता है?
Who knows?,किसे मालूम है?
Everybody wants to live in comfort.,सभी लोग आराम की ज़िन्दगी जीना चाहते हैं।
Who is to blame for the accident?,इस दुर्घटना के लिए कौन ज़िम्मेदार है?
Everyone knew the song.,वह गाना सभी को पता था।
Nobody can escape death.,मौत से कोई नहीं बच सकता है।
Everyone has a right to enjoy his liberty.,हर किसी को अपनी स्वतंत्रता का उपयोग करने का अधिकार होता है।
Everyone speaks well of him.,सभी उसकी अच्छाई करते है।
No one can move the big box.,उस बड़े डब्बे को कोई भी नहीं हिला सकता।
Nobody answered my question.,किसी ने भी मेरे सवाल का जवाब नहीं दिया।
Who are you laughing at?,तुम किस पर हँस रहे हो?
Who are you laughing at?,तुम किस पर हँस रही हो?
You'll get a lot of presents on your birthday.,तुम्हें अपने जन्मदिन पर बहुत सारे तोहफ़े मिलेंगे।
How was your birthday?,जन्मदिन कैसा था?
How was your birthday?,तुम्हारा जन्मदिन कैसा था?
How was your birthday?,आपका जन्मदिन कैसा था?
The men went hunting for lions.,वे आदमी शेरों का शिकार करने निकले।
Boys will be boys.,लड़के तो लड़के ही रहेंगे।
Every man should learn how to cook.,हर आदमी को खाना बनाना सीखना चाहिए।
Wisdom cannot come without experience.,बुद्धी तज़ुर्बे के बिना नहीं आती।
No one can deny the fact that the earth is round.,पृथ्वी गोल है इस सचाई को कोई भी अस्वीकार नहीं कर सकता।
No one can deny the fact that the earth is round.,पृथ्वी गोल है इस तथ्य को कोई भी ग़लत ठहरा नहीं कर सकता।
Three-fourths of the earth's surface is water.,धरती का तीन-चौथाई भाग पानी है.
The earth rotates.,पृथ्वी घूमती है।
The earth moves around the sun.,धरती सूरज की परिक्रमा करती है।
"The Earth, Mars and Jupiter are planets.","पृथ्वी, मंगल और बृहस्पति ग्रह हैं।"
"When an earthquake occurs, what will you do first?",भूकम्प आने पर तुम सबसे पहले क्या करोगे?
Please pardon me for coming late.,मुझे देर से आने के लिए माफ़ कीजिएगा।
Tea is widely grown in India.,चाय भारत में बहुत उगाई जाती है।
The population of China is larger than that of India.,चीन की जनसंख्या भारत की से बड़ी है।
China is much larger than Japan.,चीन जापान से काफ़ी ज़्यादा बड़ा है।
The decayed tooth came out on its own.,गला हुआ दांत स्वयं निकल आया है.
What would you like for breakfast?,सुबह के नाश्ते में आप क्या लेना पसंद करेंगे?
What would you like for breakfast?,सुबह के नाश्ते में आप क्या लेना पसंद करेंगी?
What would you like for breakfast?,सुबह के नाश्ते में तुम क्या लेना पसंद करोगे?
What would you like for breakfast?,सुबह के नाश्ते में तुम क्या लेना पसंद करोगी?
What time will you have breakfast?,तुम नाश्ता कितने बजे लोगे?
We shall start after breakfast.,हम नाश्ता खाकर निकलेंगे।
I spent my time strolling about the streets.,मैंने सड़कों की सैर कर के समय व्यतीत किया.
I felt hungry after the long walk.,मुझे लम्बी सैर के बाद भूख लग आई।
I found the cage empty.,मुझे पिंजरा खाली मिला।
Birds sing.,पंछी गाते हैं।
Birds build nests.,पक्षी घोसले बनातें हैं।
Birds build nests.,चिड़ियाँ घोसले बनातीं हैं।
Birds fly.,पंछी उड़ते हैं।
You must endure the pain.,तुम्हें दर्द सहना ही पड़ेगा।
You must endure the pain.,आपको दर्द सहना ही पड़ेगा।
He deliberately ignored me when I passed him in the street.,"जब मैं सड़क पर उसके सामने से गया, उसने जानबूझकर मुझे पहचाना नहीं।"
There is a church across the street.,सड़क के सामने एक चर्च है।
There is a church across the street.,सड़क के सामने एक गिरजाघर है।
All the flowers in the garden died for lack of water.,बाग के सारे फूल पानी की कमी की वजह से मर गए।
My brother depends on me for money.,मेरा भाई पैसों के लिए मुझपर निर्भर है।
The thief cursed the police for finding him.,चोर ने पुलिस को उसको पकड़ने के लिए गाली दी।
The thieves pulled open all the drawers of the desk in search of money.,चोरों ने पैसे ढूँढने के लिए मेज़ की सारी दराज़ें खोल डालीं।
The thief is certain to be caught eventually.,चोर अंत में तो पकड़ा ही जाएगा।
I worked all night.,मैंने पूरी रात काम किया।
I worked all night.,मैंने रातभर काम किया।
Iron is harder than gold.,लोहा सोने से सख्त होता है।
A new means of communication was developed — the railway.,संचार के एक नए माध्यम का विस्तार हुआ - रेल।
You might as well read a novel instead of staring at the ceiling.,छत पर घूरने के बजाए उपन्यास ही पढ़लो।
The weather varies quite often.,मौसम अक्सर बदलता है।
Astronomy is by no means a new science.,खगोल विद्या किसी भी तरह से नई विद्या नहीं है।
Do you like to live in the country?,आप को गाँव में रहना पसंद है क्या?
Mr Tanaka is our teacher of English.,तानाका जी हमारे अंग्रेज़ी के शिक्षक हैं।
The light doesn't work.,यह बत्ती काम नहीं करती।
Let's take a train.,रेलगाड़ी से चलते हैं।
You are on the wrong train.,आप गलत ट्रेन पर हैं।
Please answer me by telegram.,कृपया टेलीग्राम से उत्तर दीजिए।
The telephone rang several times.,फ़ोन कई बार बजा।
I'll make a phone call.,मैं फ़ोन करता हूँ।
They sell land by the acre.,वे ज़मीन एकड़ों में बेचतें हैं।
I till the earth.,मैं हल चलाता हूँ।
Saturday is the last day of the week.,शनिवार हफ़्ते का आखिरी दिन होता है।
Don't shout.,चिल्लाओ मत!
Don't shout.,चिल्लाईए मत।
"With winter coming on, it's time to buy warm clothes.","सर्दियाँ आ रहीं हैं, हमें गरम कपड़े खरीदने चाहिएँ।"
Winter is coming on.,सर्दी आ रही है।
"With the coming of winter, days are getting shorter.",सर्दियों के आने से दिन छोटे होते जाते हैं।
"In winter, our lips get chapped.",सर्दियों में हमारे होठ फट जातें हैं।
Wear warm clothes in winter.,सर्दियों में गरम कपड़े पहनो।
Do you live in Tokyo?,तुम टोक्यो में रहते हो क्या?
Toudaiji is the bigger of the two temples.,उन दो मंदिरों में तोदाइजी बड़ा वाला है।
The lights have been burning all night.,बत्तियाँ पूरी रात से जल रहीं हैं।
The authorities have been hiding the facts from the public.,अधिकारियों ने सच्चाई को आम जनता से छिपा कर रखा हुआ है।
In those days it was far from easy to come by a good job.,उन दिनों में अच्छी नौकरी ढूँढना बहुत मुश्किल हुआ करता था।
Travelling was much more difficult in those days.,उन दिनों में सफ़र करना बहुत मुश्किल हुआ करता था।
I stayed at home all day instead of going to work.,मैं काम पर जाने के बजाय सारे दिन घर पर रहा।
I can't move.,मैं हिल नहीं सकता।
We all stood up at once.,हम सब एक-साथ खड़े हो गए।
I found little amusement in reading.,मुझे किताबें पढ़ने से बिलकुल भी आनन्द नहीं आता था।
Where is the south terminal?,दक्षिण टर्मिनल कहाँ पर है?
Which is the more expensive of the two?,इन दोनो में से ज़्यादा महंगा कौनसा है?
Two crows are flying in the sky.,आसमान में दो कौवे उड़ रहें हैं।
Two brothers set out on a journey together.,दो भाई एक-साथ सफ़र पर निकले।
The two brothers smiled at each other.,दोनों भाई एक दूसरे पर मुस्कुराये.
Two boys came running out of the room.,दो लड़के कमरे से भागे निकल आए।
The two tried one after the other.,दोनो ने एक-एक करके कोशिश करी।
They hated each other.,वे एक-दूसरे से नफ़रत करते थे।
"By the time the sun sets, we will arrive at the destination.",हम सूरज के डूबने से पहले अपनी मंजिल तक पहुँच जाएँगे।
Let's take a rest in the shade.,चलो छाया में थोड़ा आराम करलें।
The date has been appointed but the place has not.,तारीख चुन ली गई है पर जगह नहीं।
In Japan people take off their shoes when they enter a house.,जापान में घर के अंदर जाने के समय जूते उतारे जाते हैं।
"In Japan, all children go to school.",जापान में सभी बच्चें स्कूल जाते हैं।
In Japan a new school year starts in April.,जापान में स्कूल अप्रैल में शुरू होता है।
It is expensive to live in Japan.,जापान में रहना बहुत महंगा है।
The Japanese national power is still developing.,जापानी राष्ट्रीय शक्ती अभी भी विकसित हो रही है।
Japan is not what it was ten years ago.,जापान दस साल पहले जैसे था वैसा अब नहीं रहा।
Japan is one of the greatest economic powers in the world.,जापान दुनिया के सबसे ताकतशाली अर्थतंत्रों में से एक है।
Japan depends on other countries for oil.,जापान तेल के लिए दूसरे देशों पर निर्भर है।
Welcome to Japan.,जापान में आपका स्वागत है।
The Japanese eat more beef than the British do.,जपानी ब्रिटिशों से ज़्यादा गोमांस खाते हैं।
The Japanese eat rice at least once a day.,जापानी दिन में कम-से-कम एक बार चावल खाते है।
The Japanese have dark eyes.,जापानियों की आँखें कालीं होतीं हैं।
The Japanese government made an important decision.,जपानी सरकार ने एक महत्त्वपूर्ण निर्णय लिया।
Is it open on Sunday?,रविवार को खुला होता है क्या?
I'm not always home on Sundays.,में रविबार को हमेषा घर पे नहीं होता.
Sunday is the last day of the week.,रविवार सप्ताह का अंतिम दिन होता है।
We abbreviate Sunday to Sun.,हम रविवार को संक्षिप्त करके रवि लिखते हैं।
We are supposed to take off our shoes at the entrance.,हमे अंदर जाने से पहले जूते उतारने होंगे।
Do I have to stay in the hospital?,क्या मुझे अस्पताल में रहना होगा?
A cat ran after a mouse.,एक बिल्ली चूहे के पीछे भागी।
"Some people like cats, others prefer dogs.","कुछ लोगों को बिल्लियाँ अच्छी लगतीं हैं, कुछ लोगों को कुत्ते।"
"The older you are, the more difficult it is to learn a language.","तुम्हारी उम्र जितनी बड़ी होती है, तुम्हारे लिए कोई भाषा सीखना उतना ही कठिन होता है।"
From year to year they were growing poorer.,वे हर साल और ज़्यादा गरीब हुए जा रहे थे।
The horse is a useful animal.,घोड़ा बड़े काम का जानवर है।
Don't have me on!,मुझे मूर्ख मत समझना!
It is up to you whether to buy it or not.,ख़रीदो या न ख़रीदो तुम्हारे ऊपर है।
There are no live animals in the museum.,म्युज़ियम में ज़िन्दा जानवर नहीं हैं।
Some of the apples in the box were rotten.,डब्बे में कुछ सेव सड़े हुए थे।
There is a doll in the box.,बक्से में एक गुड़िया है।
There is a doll in the box.,बक्से में एक गुड़िया होती है।
The growth in population is very rapid in developing countries.,विकासशील देशों में जनसंख्या वृद्धी बहुत तीव्र होती है।
I saw a girl whose hair came down to her waist.,मैंने एक लड़की को देखा जिसके बाल उसकी कमर तक आते थे।
He can't be under thirty.,वह कम-से-कम तीस साल का तो होगा।
He has every reason for getting angry with you.,उसके पास तुमसे नाराज़ होने का पूरा हक है।
He made such a long speech that we all got bored.,उसने इतना लम्बा भाषण दिया कि हम सब को बोर कर डाला।
It is definite that he will go to America.,"कि वह अम्रीका जाएगा, यह तो पक्का है।"
I expect him to come.,मुझे लगता है वह आएगा।
I wonder where to hang the picture he gave me.,सोच रही हूँ उसकी दी हुई तस्वीर को कहाँ टाँगा जाए।
What he did was nothing less than madness.,उसने जो किया वह पागलपन से कुछ कम नहीं था।
What he did was nothing less than madness.,उन्होंने जो किया वह पागलपन से कुछ कम नहीं था।
He cannot have done such a thing.,वह ऐसी चीज़ कर ही नहीं सकता।
He cannot have done such a thing.,वे ऐसी चीज़ कर ही नहीं सकतें।
Nobody could tell what he meant by that.,कोई नहीं बता सका उसका वह कहने से मतलब क्या था।
"When he would not give them higher pay, they went on strike.","जब उसने उनके वेतन बढ़ाने से इनकार कर दिया, उन्होंने हड़ताल कर दी।"
I have no idea how he escaped.,मुझे नहीं पता वह कैसे निकल भागा।
He won the race again.,उसने प्रतियोगिता फिरसे जीत ली।
Do you know what he has done?,क्या आपको पता है उसने क्या किया है?
His absence was due to illness.,वह बीमारी की वजह से नहीं आ सका।
The box he found was empty.,उसे जो डब्बा मिला वह खाली था।
The dog followed him wherever he went.,"वह जहाँ भी जाए, वह कुत्ता उसके पीछे-पीछे जाता था।"
He came to see you yesterday.,वह कल तुमसे मिलने आया था।
It doesn't matter whether he agrees or not.,वह माने या न माने उससे कुछ फ़र्क नहीं पड़ता।
I heard him go out.,मैंने उसके बाहर जाने की आवाज़ सुनी।
I am proud of his honesty.,मुझे उसकी ईमानदारी पर नाज़ है।
I saw him running.,मैंने उसे दौड़ते हुए देखा।
I saw him running.,मैंने उसे भागते हुए देखा।
He did the work on his own.,उसने काम अपने-आप किया।
I was surprised at his sudden appearance.,मैं उसके अचानक से आ जाने पर चौंक गया था।
The picture painted by him is of great value.,यह तसवीर जो उन्होंने पेंट करी है बहुत क़ीमती है।
He can't be ill.,वह बीमार नहीं हो सकता।
I'm anxious for him to return safe.,मैं उसके सुरक्षित लौटने के लिए बेचैन हूँ।
No one believes that he is innocent.,किसी को भी उसके निर्दोष होने का यकीन नहीं है।
The reason which he gave is hard to understand.,उसके दिए गए कारण को समझना मुश्किल है।
I was taking a bath when he came.,जब वह आया मैं नहा रहा था।
I will get through with my homework before he comes.,मैं उसके आने से पहले अपना होमवर्क खतम कर लूँगा।
His disappointment was obvious to everyone.,उसकी निराशा सभी आसानी से दिख सकते थे।
I haven't met him.,मेरी उससे मुलाकात नहीं हुई है।
It's no use arguing with him.,उससे बहस करने में कोई फ़ायदा नहीं है।
I asked him to do that.,मैंने उससे वह करने को कहा था।
I managed to make him understand it.,मैं उसे समझा पाया.
I'd rather not meet him.,हो सके तो मैं उससे मिलना नहीं चाहूँगा।
I'd rather not meet him.,हो सके तो मैं उससे मिलना नहीं चाहूँगी।
I doubt his ability to do the job.,मुझे उसके काम करने की योग्यता पर भरोसा नहीं है।
He couldn't understand the sentence.,उसको वाक्य समझ में नहीं आया।
"He made a careless mistake, as is often the case with him.",उसने हमेशा की तरह लापरवाही में ग़लती की।
I have not seen him in months.,मैंने उसे महीनों से नहीं देखा है।
He is possessed of intelligence.,वह अकलमंद है।
I'm longing to see him.,मैं उससे मिलने के लिए उत्सुक हूँ।
I mentioned your name to him.,मैंने उसके साथ तुम्हारा नाम लिया था।
How old might his grandfather be?,उसके नाना की उम्र क्या होनी चाहिए?
At times I can't understand him.,मैं कभी-कभी उसको समझ नहीं पाती।
He said the words in a very small voice.,उसने वह बात बहुत हल्की आवाज़ में कही।
The scar on his cheek hardly shows now.,उसकी गाल पर जो चोट का निशान है वह अब बहुत हल्का हो गया है।
I'm anxious about his safety.,मैं उसकी सुरक्षा के लिए परेशान हूँ।
His opinion is right to some extent.,उसकी राय कुछ हद तक सही है।
His opinion is right to some extent.,उनकी राय कुछ हद तक सही है।
His doctor told him not to drink alcohol.,उसके डाक्टर ने उसे मद्य पीने से मना किया।
His doctor told him not to drink alcohol.,उनके डाक्टर ने उन्हें मद्य पीने से मना किया।
He wiped the sweat from his forehead.,उसने अपने माथे से पसीना पोंछा।
I doubt the veracity of his statement.,मुझे उसके बयान की सच्चाई पर शक है।
The mud clung to his shoes.,उसके जूतों पर कीचड़ लगी हुई थी।
His shoes were so old that his toes were sticking out of them.,उसके जूते इतने पुराने थे कि उनमें से उसकी ऊँगलियाँ निकल रहीं थीं।
His plan is still in the air.,उसका प्लान अभी भी हवा में ही है।
His dog follows him wherever he goes.,"वह जहाँ भी जाता है, उसका कुत्ता उसके पीछे पीछे जाता है।"
I doubt the truth of his statement.,मुझे उसके बयान की सच्चाई पर शक है।
Not a word he says is worthy to be heard.,उसका कहा हुआ एक शब्द भी सुनने लायक नहीं है।
I think that he is right.,मुझे लगता है वह सही है।
What is his nationality?,उसकी राष्ट्रीयता क्या है?
His wife comes from California.,उसकी बीवी कैलिफ़ोर्निया से है।
His wife comes from California.,उसकी बीवी कैलिफ़ोर्निया से आती है।
His wife comes from California.,उनकी पत्नी कैलिफ़ोर्निया से हैं।
His wife comes from California.,उनकी पत्नी कैलिफ़ोर्निया से आती हैं।
His wife comes from California.,इसकी बीवी कैलिफ़ोर्निया से है।
His wife comes from California.,इनकी पत्नी कैलिफ़ोर्निया से आती हैं।
His wife comes from California.,इनकी पत्नी कैलिफ़ोर्निया से हैं।
There is no future in his job.,उसकी नौकरी का कोई भविष्य नहीं है।
Ten years have gone by since his death.,उसके मरने के बाद अब दस साल गुज़र चुके हैं।
His office is going to be shut down for want of money.,उसका दफ़्तर पैसे की कमी की वजह से बंद हो जाने वाला है।
His failure has nothing to do with me.,उसकी नाकामयाबी से मेरा कोई लेना-देना नहीं है।
We are disturbing him.,हम उनको परेशान कर रहें हैं।
We must consider his youth.,हमे उसकी जवानी का लिहाज करना चाहिए।
I have to answer his letter.,मुझे उसकी चिट्ठी का जवाब देना है।
I went to his place straight away.,मैं तुरंत उसके वहाँ गया।
His new book is going to come out next month.,उसकी नई किताब अगले महीने छपेगी।
His main object in life was to become rich.,उसका ज़िन्दगी में एक की उद्देश्य था और वह था अमीर बन जाना।
His success is out of question.,उसकी कामयाबी सवाल से बाहर है।
His statement runs as follows.,उसका बयान यह है।
Don't talk about it in front of him.,उसके सामने इसके बारे में बात मत करो।
His son is lazy and good for nothing.,उसका बेटा आलसी और निकम्मा है।
He has long legs.,उसके पैर लम्बे हैं।
He was burning with fever.,वह बुखार से जल रहा था।
His birthday is August 21st.,उसका जन्मदिन इक्कीस अगस्त को है।
His long speech bored us all.,उसका लम्बा भाषण सुनकर हम सब बोर हो गए।
I agree to his proposal.,मैं उसके प्रस्ताव को स्वीकार करता हूँ।
His sudden death surprised us greatly.,उसकी अचानक मौत ने हम सब को चौंका दिया।
His clothes always smell bad.,उसके कपड़े हमेशा बदबू करतें हैं।
His mother compelled him to do his homework.,उसकी माँ ने उसे अपना होमेवोर्क करने के लिए मजबूर किया.
She complained to me of his rudeness.,उसने मुझसे उसकी असभ्यता के बारे में शिक़ायत करी।
I forget his name.,मैं उसका नाम भूलता हूं।
I forget his name.,मैं उसका नाम भूलती हूं।
I forget his name.,मैं उनका नाम भूलता हूं।
I forget his name.,मैं उनका नाम भूलती हूं।
I deny his request.,मैं उसकी माँग से इनकार करता हूँ।
His story may not be true.,हो सकता है कि उसकी कहानी सच न हो।
"Listening to him, she got tired.",उसकी बात सुनते-सुनते वह थक गयी।
"Listening to him, she got tired.",उसकी बात सुनते-सुनते वे थक गयीं।
"Listening to him, she got tired.",उनकी बात सुनते-सुनते वह थक गयी।
"Listening to him, she got tired.",उनकी बात सुनते-सुनते वे थक गयीं।
He cut the envelope open.,उसने लिफ़ाफ़े को काटकर खोल दिया।
He seems to be rich.,वह दिखने में बहुत अमीर लगता है।
He is able to speak ten languages.,वह दस भाषाएँ बोलना जानता है।
He has the ability to speak ten languages.,वह दस भाषाएँ बोलना जानता है।
He left for New York a week ago.,वह एक सप्ताह पूर्व निऊ यारक के लिए रवाना हो गया था।
He took a day off.,उसने एक दिन की छुट्टी ली।
He took a day off.,उन्होंने एक दिन की छुट्टी लीं।
He will come home in a few days.,वह कुछ दिनों में ग्रह लौट आयेगा.
He was destined never to meet her again.,उसके नसीब में उससे फिरसे मिलना नहीं लिखा हुआ था।
He will return within 3 hours.,वह तीन घंटों में वापस आएगा।
He is always here between 5 and 6 o'clock.,वह हमेशा यहाँ पाँच से छः बजे के बीच होता है।
He became a member of this club five years ago.,वह इस क्लब का सदस्य पाँच साल पहले बना था।
He must be over sixty.,वे कम-से-कम साठ बरस के तो होंगे।
He lives in that house over there.,वह वहाँ उस घर में रहता है।
Did he tell you anything?,उसने तुम्हें कुछ बताया क्या?
He doesn't understand you.,वह तुम्हें समझता नहीं है।
He can't run very fast.,वह ज़्यादा तेज़ नहीं भाग सकता।
He couldn't run very fast.,वह ज़्यादा तेज़ नहीं भाग सकता था।
He does not seem to be very tired.,वह ज़्यादा थका हुआ नहीं लग रहा।
He does not seem to be very tired.,वे ज़्यादा थका हुआ नहीं लग रहे।
He came back from America.,वह अमरीका से वापस आ गया।
He took advantage of every opportunity he had.,उसने किसी भी मौके को हाथ से जाने नहीं दिया।
He earns a good salary.,वह अच्छा कमा लेता है।
He was born in a small town in Italy.,वह इटली के एक छोटे से गाँव में पैदा हुआ था।
He kept on crying.,वह रोता रहा।
He kept on crying.,वे रोते रहे।
He's always running short of cash.,उसको हमेशा पैसों की कमी होती है।
He is always losing his umbrella.,वह हमेशा अपना छाता खोता रहता है।
He's always late for class.,वह क्लास में हमेशा देर से आता है।
He is always speaking to her in whisper.,वह हमेशा उसके साथ फुसफुसाकर बात करता रहता है।
He put down the rebellion in India.,उसने भारत में विद्रोह को रोका।
"He is a nice man, except that he talks too much.","वह आदमी तो भला है, पर बात बहुत ज़्यादा करता है।"
He was hard up.,उसको पैसों की कमी थी।
He was arrested because he stole the money.,उसे पैसे चुराने के लिए गिरफ़्तार कर लिया गया।
He was arrested because he stole the money.,उसे पैसे चुराने के लिए हिरासत में ले लिया गया।
He gave me this in return.,उसने मुझे बदले में यह दिया।
He gave me this in return.,उन्होंने मुझे बदले में यह दिया।
He eats lunch at a cafeteria.,वह कैनटीन में लन्च खाता है।
He saw a pretty girl.,उसने एक सुंदर लड़की को देखा।
He did not die of cancer.,वह कैंसर से नहीं मरा।
He is sure to come.,वह ज़रूर आएगा।
He can run the fastest in the class.,पूरी कक्षा में वह सबसे तेज दौड़ सकता है।
He took a picture of the koala.,उसने कोआले की तस्वीर खींची।
He was buried in this graveyard.,उसको इस कब्रिस्तान में बरी किया गया था।
He was buried in this graveyard.,उसको इस कब्रिस्तान में दफ़नाया गया था।
He wants these shirts washed.,उसे ये कमीज़ें धुलवानीं हैं।
He plays soccer.,वह फुट‍बॉल खेलता है।
He plays soccer.,वे फुट‍बॉल खेलते है।
He likes playing soccer.,उसको फ़ुटबॉल खेलना अच्छा लगता है।
He is anxious to know the result of the test.,वह टेस्ट के नतीजे को जानने के लिए बेचैन है।
He contracted malaria while living in the jungle.,जंगल में रहते समय उसे मलेरिया हो गया।
He is smelling the soup.,वह सूप को सूँघ रहा है।
I thought that he had already finished the work.,मुझे लगा कि वह काम खतम कर चुका था।
He is said to know a lot about Spain.,कहते है वह स्पेन के बारे में बहुत कुछ जानता है।
He has mania for sports cars.,वह स्पोर्ट्स गाड़ियों के बारे में पागल है।
He was caught in the act of pickpocketing.,वह जेब काटते हुए पकड़ा गया।
He paid at most ten thousand dollars.,उसने ज़्यादा-से-ज़्यादा दस हज़ार डॉलर खर्चे होंगे।
He didn't go there. Neither did I.,"न वह वहाँ गया, न मैं।"
He lived there all by himself.,वह वहां अकेले से रहा।
He lived there all by himself.,वे वहां अकेले से रहे।
Did he go there?,वह वहाँ गया क्या?
He was afraid to go there.,वह वहाँ जाने से डरता था।
He is anxious about the result.,वह नतीजे के लिए बेचैन है।
He succeeded in climbing the mountain.,वह पहाड़ पर चढ़ने में कामयाब हो गया।
He rescued the child from the fire.,उसने बच्चे को आग से बचाया।
He had nothing to do with the case.,उसका इस केस के साथ कोई लेना-देना नहीं था।
He witnessed the accident.,उसने दुर्घटना को अपनी आँखों से देखा था।
He witnessed the accident.,वह उस दुर्घटना का चश्मदीद गवाह था।
He concealed the fact from me.,उसने मुझसे वह बात छिपाई।
He was then a boy of ten.,वह दस साल का लड़का था।
He looked into the boy's eyes.,उसने लड़के की आँखों में देखा।
He worked hard in order to get the prize.,उसने इनाम पाने के लिए कड़ी मेहनत की।
He adopted the new method.,उसने वह नया तरीका अपनाया।
He defeated his opponent in the election.,उसने चुनाव में अपने विरोधी को हरा दिया।
He threw the big man down.,उसने बड़े आदमी को पटक दिया।
He stuck the broken pieces together.,उसने टूटे हुए टुकड़ों को वापस जोड़ा।
He knocked at the closed door.,उसने बंद दरवाज़े पर खटखटाया।
He wanted to buy the book.,वह किताब को खरीदना चाहता था।
He hid behind the tree.,वह पेड़ के पीछे छुप गया।
He hid behind the tree.,वह पेड़ के पीछे छुपा।
What was his motive for doing it?,उसका यह करने में उद्देश्य क्या था?
What a lucky person he is!,वह कितना नसीबवाला है!
He usually comes home late.,वह आमतौर पर घर देर से आता है।
He decided to quit smoking.,उसने सिगरेट पीना छोड़ने का फ़ैसला किया।
He sold his own car without hesitation.,उसने अपनी गाड़ी बिना हिचकिचाहट हे बेच दी।
He hesitated for a moment.,उसने थोड़ी देर हिचकिचाया।
He is good at playing tennis.,वह टेनिस अच्छा खेलता है।
He knocked at the door.,उसने दरवाज़े पर खटखटाया।
He prefers French to German.,उसे फ़्रानसीसी जर्मन से ज़्यादा अच्छी लगती है।
He will not listen to me.,वह मेरी बात नहीं सुनेगा।
How did he earn his daily bread?,वह अपनी रोज़ी रोटी कैसे कमाता था?
He told me where to go.,उसने मुझे बताया कहाँ जाना है।
He can be reliable in that he is very patient.,उसके सब्र पर भरोसा किया जा सकता है।
He looks very tired.,वह बहुत थका-हारा सा लगता है।
He is Tony.,वह टोनी है।
He is Tony.,यह टोनी है।
He likes all kinds of sports.,उसे सब तरह के खेल पसंद है।
I know why he did it.,मुझे पता है उसने क्यों किया था।
How fast he runs!,देखो वह कितना तेज़ दौड़ता है!
He patted me on the shoulder with a smile.,उसने मेरी पीठ पर थपथपाया और मुस्कुराया।
He was accused of theft.,उसपर चोरी का इलज़ाम लगाया गया।
He decided not to go to the party.,उसने पार्टी में न जाने का फ़ैसला किया।
Did he come by bus or by train?,वो बस से आया था कि ट्रेन से?
He closed the door suddenly.,उसने अचानक से दरवाज़ा बंद किया।
He lost his balance and fell off his bicycle.,उसने अपना संतुलन खो दिया और वह अपनी साईकल पर से गिर गया।
He spread butter on the bread.,उसने मक्खन को ब्रेड पर लगाया।
He called for another glass of beer.,उसने और एक दारु की ग्लास मंगवाई.
He is brave enough to go there by himself.,वह वहाँ अकेले जाने लायक बहादुर है।
He has his hair cut once a month.,वह अपने बाल महीने में एक बार कटवाता है।
He took Bill swimming.,वह बिल को तैरने ले गया।
He is captain of the football team.,वह फ़ुटबॉल टीम का कप्तान है।
"He doesn't speak French, neither do I.",न उसको फ़्रानसीसी बोलनी आती है न मुझे।
He thrust the money into his pocket.,उसने पैसे अपनी जेब में ठूसे।
He came here again.,वह यहाँ फिर आया था।
He is ashamed that he has failed again.,उसको अपने फिरसे फ़ेल हो जाने पर शर्मिन्दगी महसूस हो रही है।
He hasn't written the letter yet.,उसने चिट्ठी अभी तक नहीं लिखी है।
He cried as if he were a boy of six.,उसने छः बरस के बच्चे की तरह रोया।
They made fun of Mary.,उन्होंने मेरी का मज़ाक उड़ाया।
He will soon come back.,वह थोड़ी देर में वापस आ रहा है।
He's already left.,वह जाचुका है।
He entered the room slowly by that door.,वह उस दरवाज़े से धीरे से कमरे में घुसा।
He will write for hours at a time.,वह एक बार में घंटो के लिए लिख सकता है।
He often plays the guitar.,वह अक्सर गिटार बजाता है।
"He went to Rome, where he saw a lot of old buildings.","वह रोम गया, जहां उसे कई पुरानी इमारतें दिखीं।"
"He went to Rome, where he saw a lot of old buildings.","वे रोम गएं, जहां उन्हें कई पुरानी इमारतें दिखीं।"
"He went to Rome, where he saw a lot of old buildings.","वह रोम गया, जहां उसने कई पुरानी इमारतें देखीं।"
"He went to Rome, where he saw a lot of old buildings.","वे रोम गएं, जहां उन्होंने कई पुरानी इमारतें देखीं।"
He can both speak and write Russian.,वह रूसी बोलना और लिखना दोनो जानता है।
He dearly loves his school.,उसे अपना स्कूल बहुत पसंद है।
He left all his property to his wife in his will.,उसने वसीयत में अपनी पत्नी को सारी जायदाद छोड़ दी।
He was a great poet as well as a doctor.,वह एक महान कवि ही नहीं बल्कि एक डॉक्टर भी थे।
He wishes to become a doctor.,उसकी डॉक्टर बनने की अभिलाषा है।
He abandoned his hope of becoming a doctor.,उसने डॉक्टर बन ने की उम्मीद त्याग दी.
He likes to take a solitary walk.,उसको अकेले सैर पर जाना पसंद है।
He was killed by a single bullet.,उसे केवल एक गोली से मारा गया था।
He learned how to swim.,उसने तैरना सीखा।
He can't swim.,उसे तैरना नहीं आता।
"He cannot speak English, much less German.",जर्मन तो छोड़ो वह तो अंग्रेज़ी भी नहीं बोल सकता।
Does he speak English?,वह अंग्रेज़ी बोलता है क्या?
He is busy learning English.,वह अंग्रेज़ी सीखने में व्यस्त है।
He began to learn English.,उसने अंग्रेज़ी सीखना शुरू किया।
"He can't speak English, much less French.",फ़्रेंच तो छोड़ो वह तो अंग्रेज़ी भी नहीं बोल सकता।
"He is a British citizen, but lives in India.",वह अंग्रेज़ी नागरिक है पर भारत में रहता है।
He arrived at the station.,वह स्टेशन पहुँचा।
He arrived at the station.,वे स्टेशन पहुँचे।
He was more than a king.,वह एक राजा से बहुत ज़्यादा था।
He is very fond of music.,वह संगीत का बहुत शौकीन है।
He was able to do everything at will.,वह जो भी करना चाहता था कर सकता था।
He had to go without food for days.,उसने दिनों तक खाना नहीं खाया।
He deals in furniture.,वो फ़र्निचर का व्यापार करता है।
He can imitate the rest of the family.,वह अपने सारे घरवालों की नकल उतार सकता है।
He worked hard in order that his family might live in comfort.,वह अपने परिवार के सुख के लिए बहुत मेहनत करता था।
He abandoned his family.,उसने अपने परिवार को छोड़ दिया।
He sang while working.,उसने गाते गाते काम किया।
He came singing a song.,वह गाना गाते हुए आया।
He bade us welcome.,उसने हमारा स्वागत किया।
He embezzled the money from his office.,उसने अपने दफ़तर के पैसों को गबन किया।
He was walking toward the sea.,वह समुंदर की ओर चल रहा था।
He made up his mind to study abroad.,उसने विदेश में पढ़ने का निर्णय लिया।
He studied abroad.,उसने विदेश में पढ़ाई करी थी।
He decided to go abroad.,उसने विदेश जाने का निर्णय लिया।
He has a beard.,उसके पास दाढ़ी है।
He is not the sort of guy who gives in easily.,वह आसानी से मान जाने वाला आदमी नहीं है।
He is afraid of making mistakes.,वह ग़लती करने से डरता है।
He asked our pardon for making a mistake.,उसने ग़लती करने के लिए हमसे माफ़ी माँगी।
He knows a lot of people.,वह बहुत सारे लोगों को जानता है।
He had to go through a lot of hardships.,उसे बहुत सारे कष्ट सहने पड़े थे।
He is hard to please.,उसको खुश करना बहुत मुश्किल है।
He pledged to marry me when he returned home.,घर लौटने पर मुझसे शादी करने की उसने प्रतिज्ञा की थी।
He broke himself of the bad habit of smoking.,उसने अपनी सिगरेट पीने की बुरी आदत छोड़ दी।
He broke one of the bones in his leg.,उसने अपने पैर की एक हड्डी तोड़ ली।
He cried and cried.,वह रोया और और रोया।
"He tried to give up smoking last year, but it was in vain.",उसने पिछले साल सिगरेट पीना छोड़ने की कोशीश करी थी पर वह छोड़ नहीं पाया।
He began to shout.,वह चिल्लाने लगा।
He's strong.,वह ताकतवर है।
"He was lying on his back, looking at the sky.",वह अपनी पीठ पर लेटकर आसमान को देख रहा था।
He is getting along with his employees.,वह अपने कर्मचारियों के साथ अच्छे से निभता है।
He married for money.,उसने पैसों के लिए शादी की।
He married for money.,उन्होंने पैसों के लिए शादी की।
"Though he is rich, he is not happy.",वह अमीर हो कर भी ख़ुश नहीं है।
"Though he is rich, he is not happy.",वे अमीर हो कर भी ख़ुश नहीं हैं।
"Though he is rich, he is not happy.","वह अमीर है, मगर ख़ुश नहीं।"
"Though he is rich, he is not happy.","वे अमीर है, मगर ख़ुश नहीं।"
It seems that he is rich.,ऐसा लगता है कि वह अमीर है।
He has plenty of money in the bank.,उसके पास बैंक में बहुत पैसे हैं।
He was looking at the sky.,वह आसमान की ओर देख रहा था।
He looked up at the sky.,उसने आसमान की तरफ़ देखा।
He is angry with you.,वह तुमसे नाराज़ है।
He was sentenced to death.,उसे मौत की सज़ा दे दी गई।
He was sent to prison.,उसे जेल भेजा गया।
He was sent to prison.,उन्हें जेल भेजा गया।
He ran faster than his brother did.,वह अपने भाई से तेज़ भागता था।
He realized his dream of becoming an artist.,उसका कलाकार बनने का सपना सच हो गया।
He will never admit his fault.,वह कभी भी अपनी गलती नहीं स्वीकारेगा।
He will never admit his fault.,वे कभी भी अपनी गलती नहीं स्वीकारेंगे।
He never speaks of his own job.,वह अपने काम के बारे में कभी बात नहीं करता।
I am of the opinion that he will never come back.,मेरे ख़याल से वह कभी भी वापस नहीं आएगा।
He went to New York on Monday.,वह सोमवार को न्यूयॉर्क चला गया।
His health has enabled him to succeed in life.,उसके स्वास्थ्य ने उसको ज़िन्दगी में कामयाब होने दिया है।
"He worked very hard, but could make little progress.","उसने कड़ी मेहनत की, मगर वह थोड़ी ही तरक्की कर पाया।"
"He worked very hard, but could make little progress.","उन्होंने कड़ी मेहनत की, मगर वे थोड़ी ही तरक्की कर पाएं।"
He struck me in the face with his fist.,उसने मुझे मुँह पर घूँसा मारा।
He struck me in the face with his fist.,उसने मुझे मुँह पर मुक्का मारा।
He tried in vain to open the locked door.,वह बंद दरवाज़े को खोल नहीं पाया।
He saw a dog near the door.,उसने दरवाज़े के पास एक कुत्ता देखा।
"He had nothing to say, so he went away.","उसके पास कुछ भी कहने को नहीं था, तो वह चला गया।"
He did it as he had been told.,उसने वैसा करा जैसे उसे बताया गया था।
He made up an excuse.,उसने कोई बहाना बना लिया।
He's reading a novel now.,वह अभी एक उपन्यास पढ़ रहा है।
He wants to play soccer this afternoon.,वह आज दोपहर फुटबॉल खेलना चाहता है।
He may come today.,वह आज आ सकता है।
He may come today.,वे आज आ सकते हैं।
"When he is in trouble, he always turns to his sister for help.","जब वह मुश्किलों में पड़ता है, वह हमेशा अपनी बहन से मदद माँगता है।"
He is used to hard work.,उसको मेहनत करने की आदत है।
Do you think he will be elected president again?,क्या तुम्हें लगता है वह फिरसे प्रेसीडेंट चुना जाएगा?
He reminded his wife to wake him up at 7:00 a.m.,उसने अपनी पत्नी को उसे सुबह सात बजे उठाने की बात का याद दिलाया।
"He took great care, yet he made a mistake.","उसने बहुत ध्यान लगाकर काम किया, पर फिर भी ग़लती कर बैठा।"
He read this book yesterday.,उसने यह किताब कल पढ़ी थी।
He died yesterday.,वह कल मर गया।
He died yesterday.,वे कल मर गये।
He visited Kyoto last year.,वह पिछले साल क्योटो गया था।
He changed schools last year.,उसने पिछले साल स्कूल बदला था।
He was accused of murder.,उसपर कत्ल का इलज़ाम लगाया गया।
He has been to London three times.,वह लंदन तीन बार जा चुका है।
"As soon as he finished his work, he went home.",वह अपना काम खतम करते ही घर चला गया।
He earns more money than he can spend.,वह ज़रूरत से ज़्यादा पैसे कमाता है।
He will not permit his children to sit up late.,वह अपने बच्चों को रात में देर से जागने नहीं देगा।
He gave his children a good education.,उसने अपने बच्चों को अच्छी शिक्षा दी।
He didn't fear death.,वह मृत्यु से डरता नहीं था।
He believes whatever I say.,मैं जो भी कहता हूँ वह मेरा यक़ीन कर लेता है।
He responded to the signal I gave.,उसने मेरे इशारे का जवाब दिया।
He wouldn't allow me to drive his car.,उसने मुझे उसकी गाड़ी नहीं चलाने दी।
He did the reverse of what I asked.,उसने मेरे बताए हुए से उलटा काम किया।
He knows us very well.,वह हमको अच्छी तरह से जानता है।
He seems to know us.,लगता है वह हमें जानता है।
He seems to know us.,लगता है वे हमें जानते हैं।
He is an ideal husband for me.,वह मेरे लिए आदर्श पति है।
He is an ideal husband for me.,वे मेरे लिए आदर्श पति हैं।
He used to tell me stories about India.,वह मुझे भारत के बारे में कहानियाँ सुनाया करता था।
He explained the rule to me.,उसने मुझे वह नियम समझाया।
He came to see me.,वह मुझसे मिलने आया था।
He asked me if I could do him a favor.,उसने मुझसे एक एहसान माँगा।
He asked me for some money.,उसने मुझसे थोड़े पैसे माँगे।
He promised me that he would be more careful in the future.,उसने मुझसे वादा किया था कि वह आगे से ज़्यादा सावधान रहेगा।
He taught me how to write.,उसने मुझे लिखना सिखाया।
He raised a weapon against me.,उसने मेरे खिलाफ़ हथियार उठाया।
"He said he would write to me, but he hasn't.","उसने कहा था कि वह मुझे चिट्ठी लिखेगा, पर उसने अभी तक एक भी चिट्ठी नहीं भेजी है।"
He lent me two books.,उसने मुझे दो किताबें उधार दीं।
He asked a favor of me.,उसने मुझसे एहसान मांगा।
He isn't my cousin.,वह मेरा चचेरा भाई नहीं है।
He isn't my cousin.,वह मेरा ममेरा भाई नहीं है।
He asked my pardon.,उसने मुझसे माफ़ी माँगी।
He doesn't live in my neighborhood.,वह मेरे आस-पड़ोस में नहीं रहता।
He was my dear friend.,वह मेरा अच्छा दोस्त था।
He envied my success.,उसको मेरी कामयाबी से जलन थी।
He went there instead of me.,वह मेरे बजाय वहां गया।
He took advantage of my youth.,उसने मेरे जवान होने का फ़ायदा उठाया।
He took advantage of my youth.,उसने मेरी जवानी का फ़ायदा उठाया।
He entered my room.,वह मेरे कमरे में आया।
He entered my room.,वे मेरे कमरे में आए।
He entered my room.,उसने मेरे कमरे में प्रवेश किया।
He entered my room.,उन्होंने मेरे कमरे में प्रवेश किया।
He seemed surprised by my ignorance.,उसने मेरे अज्ञान पर आशंका जताई।
He lives next to me.,वह मेरे पड़ोस में रहता है।
He speaks English better than I do.,वह अंग्रेज़ी मुझसे अच्छा बोलता है।
The moment he saw me he ran away.,"जिस क्षण उसने मुझे देखा, वह भाग गया।"
He treats me like his slave.,वह मुझसे ग़ुलाम की तरह बर्ताव करता है।
He charged me with dishonesty.,उसने मुझ पर बेईमानी का दोष लगाया।
He failed to come up to our expectations.,वह हमारी उम्मीदों को पूरा नहीं कर पाया।
He kept us waiting for a long time.,उसने हमसे बहुत देर तक इंतेज़ार करवाया।
He failed in the examination.,वह परीक्षा में फ़ेल हो गया।
He is confident that he will pass the examination.,उसको यकीन है कि वह परीक्षा में पास हो जाएगा।
He occasionally visited me.,वह कभी-कभार मुझसे मिलने आता था।
He comes to meet me sometimes.,वह कभी-कभार मुझसे मिलने आता है।
He intends to devote his life to curing the sick in India.,वह अपनी ज़िंदगी को भारत में बीमारों का इलाज करने में समर्पित करना चाहता है।
He expressed his feelings for nature in a poem.,उसने प्रकृति के प्रति अपनी भावनाओं को प्रकट किया।
He'll never admit to being in the wrong.,वह कभी अपनी ग़लती नहीं मानेगा।
He explained his plans in detail.,उसने विस्तृत रूप से अपनी योजना समझाई।
He set fire to his own house.,उसने अपने ही घर को आग लगा दी।
He exhibited no remorse for his crime.,उसको उसके जुर्म पर बिलकुल भी पछतावा नहीं था।
He is weary of his work.,वह अपने काम से थक गया है।
He ascribes his failure to bad luck.,उसने अपनी नाकामयाबी के लिए अपने बुरे नसीब को दोषी ठहराया।
He waited his turn.,उसने अपनी बारी का इंतेज़ार किया।
He ought to have made allowances for his age.,उसे अपनी उम्र के बारे में सोचना चाहिए था।
He had to reduce the price of his wares.,उसे अपने सामान की कीमतें कम करनीं पड़ीं।
He repeated his name slowly.,उसने अपना नाम दोबारा धीरे से बोला।
He saved my life at the risk of his own.,उसने अपनी जान को जोखिम में डालकर मेरी जान बचाई।
He fitted his schedule to mine.,उसने अपना कार्यक्रम मेरे अनुसार बदल लिया.
He used pigeons in his experiment.,वह अपने प्रयोगों में कबूतरों का उपयोग करता था।
"He cannot buy a car, still less a house.",मकान की बात तो छोड़ो वह तो गाड़ी भी नहीं ख़रीद सकता।
He is accustomed to hard work.,उसे मेहनत करने की आदत है।
He sent out the parcel the day before yesterday.,उसने पार्सल को परसों भेजा था।
He will get better little by little.,वह धीरे-धीरे ठीक हो जाएगा।
He reads at least ten books a month.,वह महीने में कम-से-कम दस किताबें पढ़ता है।
He is always complaining about his boss.,वह हमेशा अपने बॉस की शिकायत करता रहता है।
He is after a job.,वह किसी नौकरी के पीछे पड़ा है।
He is indifferent to what he eats.,उसे उसके खाने से फ़र्क नहीं पड़ता।
He looked back and smiled at me.,उसने पीछे मुड़कर मुझपर मुस्कुराया।
He went outside for a breath of fresh air.,वह थोड़ी ताज़ा हवा खाने के लिए बाहर गया।
He peered at the small print in a newspaper.,उसने अखबार के छोटे-छोटे अक्षरों को घूरा।
He ran away in the direction of the wood.,वह जंगल की दिशा में भाग गया।
He breathed deeply.,उसने गहरी साँस ली।
He could not breathe deeply.,वह लम्बी सांस नहीं ले पाता था।
He accepted our offer.,उसने हमारा प्रस्ताव स्वीकार कर लिया।
He tends to get angry when people oppose him.,जब लोग उसके खिलाफ़ जातें हैं तो वह गुस्सा हो जाता है।
It is said that he is the richest man in the world.,कहा जाता है कि वह दुनिया में सबसे अमीर आदमी है।
He wanted to succeed.,वह कामयाब होना चाहता था।
He has no sense of right and wrong.,वह सही-ग़लत में अंतर करना नहीं जानता।
"He told the truth, otherwise he would have been punished.","उसने सच बताया, वरना उसे सज़ा होती।"
He is a sharp-shooter.,उसका निशाना बहुत अच्छा है।
He has blue eyes and fair hair.,उसकी नीली आखें हैं और गोरे बाल हैं।
He weighed the stone in his hand.,उसने पत्थर को अपने हाथ में रखकर तोला।
He was respected both as a teacher and as a man.,उसको दोनो एक अध्यापक और एक इनसान के रूप में सम्मान मिला।
He walked along the river.,हमने नदी के किनारे सैर करी।
He betrayed his country.,उसने अपने देश को धोखा दे दिया।
He did not get up early.,वह जल्दी नहीं उठा।
He hammered at the window.,उसने खिड़की पर ज़ोर लगाकर खटखटाया।
He came running.,वह भागते हुए आया।
He disdained bribery.,उसे घूसखोरी से नफ़रत थी।
He left a large fortune to his son.,उसने अपने बेटे के लिए बड़ी जायदाद छोड़ी।
He pulled his son by the ear.,उसने अपने बेटे को कान से पकड़ कर खींचा।
He named his son James.,उसने अपने बेटे का नाम जेम्स रखा।
He is coarse in manner.,वह चाल-चलन में असभ्य है।
He got a lot of money.,उसे बहुत सारा पैसा मिला।
He will be a doctor when he grows up.,वह बड़ा होकर डॉक्टर बनना चाहता है।
He felt very lonely.,उसे बहुत अकेलापन महसूस हुआ।
He was patience itself.,वह स्वयं धैर्य की प्रतिमा था.
He made many costly purchases.,उसने बहुत सी महंगी चीज़ें खरीदीं।
He believed that the earth was round.,वह मानता था कि पृथ्वी गोल है।
He believed that the earth was round.,वे मानते थे कि पृथ्वी गोल है।
"They fined him 5,000 yen for illegal parking.",उन्होंने उसपर गाड़ी ग़लत खड़ी करने के लिए पाँच हज़ार येन का जुर्माना लगाया।
He works on the farm from morning till night.,वह खेत पर सुबह से शाम तक काम करता है।
He can't stay long.,वह ज़्यादा देर के लिए नहीं रह सकता।
He can't stay long.,वे ज़्यादा देर के लिए नहीं रह सकतें।
He lost no time answering the letter.,उसने फटाफट चिट्ठी का जवाब दिया।
He was standing at the street corner.,वह सड़क के किनारे पर खड़ा था।
He did well to accept the offer.,उसने अच्छा किया कि उस नौकरी को हाँ कर दिया।
He couldn't check his anger.,वह अपने गुस्से को काबू में नहीं रख पाया।
He was detected in the very act of stealing.,उसको चोरी करते हुए पकड़ा गया।
He knows a lot about wild animals.,वह जंगली जानवरों के बारे में बहुत कुछ जानता है।
He knows a lot about wild animals.,उन्हें जंगली जानवरों के बारे में बहुत कुछ पता है।
He passed away quite suddenly.,वह बिल्कुल अचानक से गुज़र गया।
He passed away quite suddenly.,वे बिल्कुल अचानक से गुज़र गएं।
He went to India by way of Japan.,वह जापान से होकर भारत गया।
He's always at home on Sundays.,रविवार को वह हमेशा घर पर ही होता है।
He's always at home on Sundays.,रविवार को वे हमेशा घर पर ही होते हैं।
He looks like a horse.,वह दिखने में घोड़े की तरह लगता है।
He is an actor.,वह अभिनेता है।
He is tall and strong.,वह लम्बा और ताकतवर है।
He is less impatient than his father.,उसमें उसके पिता जितनी बेसब्री नहीं है।
He ordered them to release the prisoners.,उसने उनको क़ैदियों को छोड़ने का आदेश दिया।
He put a hand gently on her shoulder.,उसने हल्के से उसके कंधे पर हाथ रखा।
He got angry with me.,वह मुझपर गुस्सा हो गया।
He traded on her kindness.,उसने उसके अच्छेपन का दुर्व्यवहार किया।
He helps her.,वह उसकी मदद करता है।
He helps her.,वह उनकी मदद करता है।
He is very strong--so much so that no one can defeat him.,"वह अत्यंत बलवान है, इतना अधिक बलवान के उसे कोई पछाड़ नहीं सकता."
He hid his sadness behind a smile.,उसने अपने दुख को अपनी मुस्कुराहट के पीछे छिपा लिया।
It is said that he is sick.,कहा जाता है कि वह बीमार है।
He was absent from school on account of illness.,वह बीमारी की वजह से स्कूल नहीं आया।
He couldn't join us because he was ill.,वह बीमारी की वजह से हमारे साथ नहीं आ सका।
He jumped about the room.,वह कमरे में कूद-फदक कर रहा था।
He jumped into the water clothes and all.,उसने कपड़े उतारे बिना ही पानी में छलाँग लगादी।
He understands physics.,वह भौतिक विज्ञान समझता है।
"He went to China as a soldier, never to come back.","वह सिपाही के रूप में चीन गया, और कभी लौटकर नहीं आया।"
He has a hat on.,उसने टोपी पहनी हुई है।
He never takes into account the fact that I am very busy.,वह कभी भी इस बात का खयाल नहीं करता है कि मैं कितना व्यस्त हूँ।
He never takes into account the fact that I am very busy.,वह कभी भी इस बात का खयाल नहीं करता है कि मैं कितनी व्यस्त हूँ।
He leveled his gun at me.,उसने अपनी बंदूक का निशाना मुझपर लगाया।
He pressed me for a prompt reply.,उसने मुझसे जल्द-से-जल्द उत्तर देने के लिए कहा।
He robbed me of my bag.,उसने मेरा बस्ता चुरा लिया।
He tore the book apart.,उसने किताब को फाड़ डाला।
Is he reading a book?,वह किताब पढ़ रहा है क्या?
He reads the paper every morning.,वह हर सुबह अखबार पढ़ता है।
He walks his dog every morning.,वह हर सुबह अपने कुत्ते को सैर पर ले जाता है।
He called me up almost every day.,उसने लगभग रोज़ मुझे फ़ोन किया।
He plays baseball every day.,वह हर रोज़ बेसबॉल खेलता है।
He seeks fame and wealth.,वह दौलत और शोहरत की तलाश में है।
He is admittedly an able leader.,यह मानना होगा कि वह एक योग्य मार्ग दर्शक है ।
He is coming to see me tomorrow afternoon.,वह कल दोपहर मुझसे मिलने आ रहा है।
He closed his eyes.,उसने अपनी आँखें बंद करीं।
He borrowed money from his friend.,उसने अपने मित्र से पैसे उधार लिए।
He is a famous merchant.,वह एक मशहूर व्यापारी है।
He is a famous merchant.,वह एक प्रसिद्ध व्यापारी है।
He did not show up at the party last night.,वह कल पार्टी में नहीं आया।
He turned traitor.,वह देशद्रोही बन गया।
He lives with his parents.,वह अपने माता-पिता के साथ रहता है।
He lives with his parents.,वे अपने माता-पिता के साथ रहते हैं।
It is said that she is a good cook.,कहते हैं की वह अच्छी बावर्ची है।
It is said that she is a good cook.,कहते हैं की वे अच्छी बावर्ची हैं।
He went mad when he heard the story.,वह कहानी सुन कर पागल हो गया।
He tends to be arrogant.,उसको घमण्डी होने की आदत है।
He tends to be arrogant.,उसको अहंकारी होने की आदत है।
He tends to be arrogant.,उसको अभिमानी होने की आदत है।
Nobody is cleverer than he.,उससे चतुर कोई नहीं है।
Both he and his wife have cars.,वह और उसकी पत्नी दोनो के पास गाड़ियाँ हैं।
It's important for them to go out.,उनके लिए बाहर जाना बहुत ज़रूरी है।
I haven't seen them anywhere.,मैंने उसे कहीं भी नहीं देखा है।
I haven't seen them anywhere.,मैंने उसे कहीं भी नहीं देखा।
I haven't seen them anywhere.,मैंने उन्हें कहीं भी नहीं देखा है।
I haven't seen them anywhere.,मैंने उन्हें कहीं भी नहीं देखा।
Their conversation was carried on for about an hour.,उनकी बातचीत लगभग एक घंटे तक चलती रही।
Their wedding will be tomorrow.,उनकी शादी कल होगी।
I will have to help them.,मुझे उनकी मदद करनी पड़ेगी।
Their son's name is John.,उनके बेटे का नाम जॉन है।
All their efforts were in vain.,उनकी सारी कोशिश व्यर्थ हो गयी थी.
Their manners and customs are different from those of this country.,उनके रीति-रिवाज़ इस देश के से अलग हैं।
"Their conversation being in Chinese, I did not understand one word.",उनकी बातचीत चीनी में होने के कारण में एक शब्द भी नहीं समझा।
"Their conversation being in Chinese, I did not understand one word.",उनकी बातचीत चीनी में होने के कारण में एक शब्द भी नहीं समझी।
They are both good teachers.,वे दोनों अच्छे अध्यापक हैं।
Now they have three children.,अब उनके तीन बच्चे हैं।
They live in a little village in England.,वे इंग्लैंड के एक छोटे से गाँव में रहते हैं।
They looked at each other.,उन्होंने एक-दूसरे को देखा।
They will fall in love with each other.,उन्हें एक-दूसरे से प्यार हो जाएगा।
They adopted the orphan.,उन्होंने अनाथ बच्चे को गोद ले लिया।
They missed the train.,उनकी ट्रेन छूट गई।
They went out of sight at last.,वे आखिरकार नज़र से बाहर निकल गए।
They wanted to get married as soon as they could.,वे जल्द-से-जल्द शादी करना चाहते थे।
They will be very glad.,वे बहुत प्रसन्न होंगे।
They gave us very little trouble.,उन्होंने हमको बहुत कम कष्ट दिया।
Each of them has a bicycle.,उन सभी के पास साईकल है।
They resolved to work harder.,उन्होंने ज़्यादा मेहनत से काम करने का इरादा किया।
They are talking about music.,वे संगीत के बारे में बात कर रहे हैं।
They went on talking for hours.,उन्होंने और कुछ घंटों के लिए बातचीत करी।
They abandoned their country.,उन्होंने अपने देश को त्याग दिया।
They must have made a mistake.,उनसे ग़लती हो गई होगी।
They stood face to face.,वे आमने-सामने खड़े हुए।
They were scattered in all directions.,वे सारी दिशाओं में फैले हुए थे।
They have full confidence in their leader.,उन्हें अपने लीडर पर पूरा भरोसा है।
They brought trouble on themselves.,उन्होंने अपने ऊपर मुसीबत बुलाई।
They have no house to live in.,उनके पास रहने के लिए कोई घर नहीं है।
They shouted for help.,उन्होंने मदद के लिए चिल्लाया।
They shouted for help.,उन्होंने मदद के लिए आवाज़ लगाई।
They are willing to learn English.,वे अंग्रेज़ी सीखने को तैयार हैं।
They furnished the library with many books.,उन्होंने पुस्तकालय को बहुत सारी किताबें दीं।
They fought in the cause of justice.,वे न्याय के निमित्त से लड़े।
They fought in the cause of justice.,वे इंसाफ के निमित्त से लड़े।
They are in favor of the reform of the tax laws.,वे टैक्स सुधार क़ानून के पक्ष में हैं।
They were scolded by the teacher.,उन्हें अपनी टीचर से डाँट पड़ी।
Are they in the gym?,वे जिमखाने में हैं क्या?
They gathered in the gym.,वे सब जिमखाने में मिले।
They worked hard from morning till night.,वे सुबह से ले कर रात तक कड़ी मेहनत करते थे।
They abandoned the sinking ship.,उन्होंने डूबते हुए जहाज़ को छोड़ दिया।
They abandoned the sinking ship.,वे डूबते हुए जहाज़ से निकल गए।
They were caught in a shower on the way.,वे रास्ते में बारिश में फँस गए।
They obtained a yield of 8 percent on their investment.,उनके इनवेस्टमेंट पर ८ प्रतिशत का फ़ायदा हुआ।
They are proud of their clever son.,उन्हे अपने अकलमंद बेटे पर नाज़ है।
They went to the zoo.,वे ज़ू गए थे।
Are they Japanese or Chinese?,वे जापानी हैं या चीनी?
He cannot answer their questions.,वह उनके सवालों का जवाब नहीं दे सकता।
They consider him intelligent.,वे उसे समझदार मानते हैं।
They looked on her behavior as childish.,उनकी आँखों में उसका बर्ताव बच्चे जैसा था।
They looked on her behavior as childish.,उनकी आँखों में उसके बर्ताव में बहुत बचपना था।
"They went out of the room, one after another.",वे एक-एक कर के कमरे से बाहर गयें।
They dug here and there for treasure.,उन्होंने ख़ज़ाना ढूँढने के लिए यहाँ-वहाँ खोदा।
They will get married next month.,उनकी शादी अगले महीने होगी।
Don't make fun of them.,उनका मज़ाक मत उड़ाओ।
"Although they are twins, they have few interests in common.","वे हालांकि जुड़वा हैं, उनके शोक एक-दूसरे से बहुत अलग हैं।"
I inquired after him.,मैं उसके बारे में पूछ-ताछ की।
There's no use trying to persuade him.,उसको मनाने की कोशिश करने में कोई फ़ायदा नहीं है।
Bring him in.,उसको अंदर ले आओ।
I don't know when she will leave for London.,मुझे नहीं पता वह लंदन के लिए रवाना कब होएगी।
Do you remember what she said?,तुम्हें याद है उसने क्या कहा था?
I don't know if she will go there with me.,मुझे नहीं पता वह मेरे साथ वहाँ जाएगी कि नहीं।
I do not know for certain what she is going to do.,मुझे ठीक से नहीं पता वह क्या करने वाली है।
I found out where she was.,मुझे पता लगा कि वह कहाँ थी।
Are you sure of her coming on time?,तुम्हें पक्का मालूम है कि वह समय पर आ रही है?
It is necessary that she should go herself.,उसका अकेला जाना ज़रूरी है।
She can only trust him.,वह उसी पर भरोसा कर सकती है।
I don't know if she will come.,मुझे नहीं पता कि वह आएगी कि नहीं।
I will be able to marry her.,मैं उसके साथ शादी कर सकूँगा।
I have seen her three times.,मैंने उसे तीन बार देखा है।
"I tried to give her some money, but she wouldn't take any.",मैंने उसको पैसे देने की कोशिश करी पर उसने इनकार कर दिया।
I know nothing about her.,मैं उसके बारे में कुछ नहीं जानता।
I know nothing about her.,मैं उसके बारे में कुछ नहीं जानती।
I know nothing about her.,मैं उनके बारे में कुछ नहीं जानता।
"She has a son, who became a doctor.","उसके पास एक बेटा है, और वह डॉक्टर बन गया है।"
"She had plenty of acquaintances, but no friends.",उसकी जान-पहचान में तो बहुत लोग थे पर दोस्त कोई भी नहीं थे।
I motioned for her to sit down.,मैंने उससे बैठ जाने का इशारा किया।
I saw her again.,मैंने उसे फिरसे देखा।
I wanted her to win.,मैं चाहता था कि वह जीत जाए।
I fell in love with her.,मुझे उससे प्यार हो गया।
It appears that her injury was pretty bad.,ऐसा लगता है की उसे बहुत ही बुरी बाधा हुई है.
She is a woman of great beauty.,वह एक बहुत ही खूबसूरत औरत है।
Her only interest is the accumulation of money.,"उसको एक ही काम से दिलचस्पी है, और वह है पैसा इकट्ठा करना।"
"If it had not been for her help, you would never have done it.",उसकी मदद के बिना तुम नहीं कर पाते।
She gave me a large room while I stayed at her house.,"जब मैं उसके घर पर रही, उसने मुझे रहने के लिए एक बड़ा सा कमरा दिया।"
"I know her by sight, but I've never spoken to her.",मैं उसे पहचानता हूँ पर मैंने उससे कभी बात नहीं करी है।
Don't be taken in by her crocodile tears.,उसके झूठ-मूठ के रोने पर यकीन मत कर लेना।
What she says sounds strange.,उसकी कही हुई बात अजीब लगती है।
"If I had known her address, I would have written to her.","अगर मुझे उसका पता पता होता, तो मैंने उसे चिट्ठी लिखी हुई होती।"
I know her address.,मुझे उसका पता पता है।
I like the way she smiles.,मुझे उसकी मुस्कान अच्छी लगती है।
Her new hat becomes her.,उसकी नई टोपी उसपर जँचती है।
He was happy at the news of her success.,वह उसकी कामयाबी की खबर सुनकर खुश था।
Her advice to me was to work harder.,उसकी मेरे लिए सलाह यह थी कि मैं ज़्यादा मन लगाकर काम करूँ।
Her father is Japanese.,उसके पिता जापानी हैं।
Her story can't be true.,उसकी कहानी सच्ची नहीं हो सकती।
Her mother was busy cooking the dinner.,उसकी माँ खाना बनाने में लगी हुई थी।
Her eyes are laughing.,उसकी आँखें हँस रहीं हैं।
Her way of talking got on my nerves.,उसके बात करने के तरीके पर मुझे खींज आती है।
"He is not coming, according to her.","उसके हिसाब से, वह नहीं आ रहा।"
Her story brought back our happy childhood.,उसकी कहानी ने मुझे हमारे बच्चेपन की खुशहाली याद दिलाई।
Her story can't be true. She often tells lies.,उसकी कहानी सच्ची नहीं हो सकती। वह अक्सर झूठ बोलती है।
She realized her ambition to be an actress.,उसकी अभिनेत्री बनने की अभिलाषा सच हो गई।
She will give her picture to whoever wants it.,वह अपनी तस्वीर जो भी चाहे उसको दे देगी।
She saved a hundred dollars.,उसने सौ डॉलर बचा लिए।
She thought for a few minutes.,उसने कुछ मिनटों के लिए सोचा।
She will become a doctor in two years.,वह दो सालों में डॉक्टर बन जाएगी।
She is two years senior to you.,वह तुमसे दो साल से बड़ी है।
She is two years senior to you.,वह आप से दो साल से बड़ी हैं।
She speaks a little Arabic.,वह थोड़ी सी अरबी बोलती है।
She speaks a little Arabic.,वे थोड़ी सी अरबी बोलती हैं।
How long has she been sick?,वह कितने दिनों से बीमार है?
She always works hard.,वह हमेशा मन लगाकर काम करती है।
She always tries something new.,वह हमेशा कोई नया काम आज़माती रहती है।
She is always dressed in black.,वह हमेशा काले कपड़े पहनती है।
She always smiles at me.,वह हमेशा मेरी तरफ़ मुस्कुराती है।
She always smiles at me.,वे हमेशा मेरी तरफ़ मुस्कुराती हैं।
She is well known in both India and China.,वह भारत और चीन दोनो में बहुत प्रसिद्ध है।
She is well known in both India and China.,वह भारत और चीन दोनो में बहुत मशहूर है।
She is living in some village in India.,वह भारत के किसी गाँव में रह रही है।
She smiled happily.,उसने खुशी से मुस्कुराया।
I'm fed up with her chatter.,मैं उसकी बकबक से तंग आ गया हूँ।
She was brought up by her grandmother.,उसकी दादी ने उसे पाल-पोस कर बड़ा किया था।
She was brought up by her grandmother.,उसकी नानी ने उसे पाल-पोस कर बड़ा किया था।
She married a rich man.,उसने पैसेवाले से शादी की।
She cut the cake into six pieces and gave one to each of the children.,"उसने केक को छः टुकड़ो में काट कर, हर बच्चे हो एक टुकड़ा दिया।"
She is in a mood.,वह भाव खा रही है।
I'm sure that she will come back soon.,मुझे यकीन है कि वह जल्द ही वापस आ जाएगी।
She burst into tears when she heard the news.,वह खबर सुनते ही रो पड़ी।
"When she was reading the letter, she looked sad.",वह चिट्ठी पढ़ने के समय दुखी लग रही थी।
She declined the invitation.,उसने आमंत्रण को स्वीकार नहीं किया।
She chose the red dress.,उसने लाल ड्रेस चुनी।
She is familiar with the subject.,वह इस विषय से परिचित है।
She didn't want to speak to anyone.,उसे किसी से भी बात करने का मन नहीं था।
She poured coffee into the cups on the table.,उसने मेज़ पर रखे हुए कपों में कॉफ़ी डाली।
She plays tennis very well.,वह टेनिस बहुत अच्छा खेलती है।
She loves watching tennis matches on TV.,उसे टीवी पर टेनिस देखना बहुत पसंद है।
She is very pretty.,वह बहुत सुंदर है।
She cooked us a wonderful meal.,उसने हमारे लिए बहुत ही शानदार भोजन तैयार किया।
"She is very careful, so she seldom makes mistakes.","वह बहुत ध्यानपूर्वक है, इसलिए बहुत कम ग़लतियाँ करती है।"
She married Tom last month.,उसने पिछले महीने टॉम से शादी करी थी।
She did not say anything.,उसने कुछ नहीं कहा।
She was heard playing the violin.,वह विओलिन बजाती सुनाई दी.
She bought two pounds of butter.,उसने एक किलो मक्खन खरीदा।
She has gone to Paris.,वह पेरिस गई है।
She left for Paris.,वह पेरिस के लिए रवाना हो गई।
She left for Paris.,वे पेरिस के लिए रवाना हो गईं।
"She bought a handbag, but she lost it the next day.","उसने नयी हैंडबैग खरीदी, मगर अगले ही दिन वह खो बैठी।"
"She bought a handbag, but she lost it the next day.","उन्होंने नयी हैंडबैग खरीदीं, मगर अगले ही दिन वह खो बैठीं।"
"She can speak French, and fluently at that.","वह फ़्रानसीसी बोल सकती है, और बहुत धड़ल्ले से बोलती है।"
She will be back before long.,वह थोड़ी देर में ही वापस आ जाएगी।
She has not come here yet.,वह अभी तक यहाँ नहीं आई है।
She believes her son is still alive.,उसको लगता है कि उसका बेटा अभी भी ज़िंदा है।
She did it all by herself.,उसने सब कुछ अपने-आप किया।
She talks as if she knew everything.,वह तो ऐसे बात करती है जैसे उसे सब कुछ पता हो।
She has already finished the work.,वह काम खतम कर चुकी है।
She talks a lot.,वह बहुत बोलती है।
She talks a lot.,वह बहुत बक-बक करती है।
She is an obstinate girl.,वह एक ज़िद्दी लड़की है।
She has worn the same hat for a month.,उसने एक महीने से वही टोपी पहन रखी है.
She lives in an apartment alone.,वह फ़्लैट में अकेले रहती है।
She remained single all her life.,उसने पूरी ज़िन्दगी शादी नहीं करी।
She suddenly became famous.,वह अचानक से मशहूर बन गई।
She is capable of teaching both English and French.,उसके पास अंग्रेज़ी और फ़्रांसीसी सिखाने की काबिलियत है।
She has a rich vocabulary of English words.,उसको बहुत सारे अंग्रेज़ी शब्द आते हैं।
She went to America for the purpose of studying English literature.,वह अंग्रेज़ी साहित्य का अध्ययन करने के इरादे से अमरीका गई।
She has a clean heart.,उसका दिल साफ़ है।
She went to Paris to study music.,वह संगीत पढ़ने के लिए पैरिस गई।
She began to sing.,वह गाने लगी।
She looked at the picture.,उसने तस्वीर को देखा।
She had her bag snatched.,उससे उसका बस्ता छीन लिया गया।
She dialed the wrong number.,उसने गलत नम्बर मिला डाला।
She gladly accepted his proposal.,उसने उसका प्रस्ताव खुशी से स्वीकार कर लिया।
She knew the story already.,उसको कहानी पहले से ही पता थी।
She is a wealthy woman.,वह बहुत पैसेवाली औरत है।
She married a rich old man.,उसने अमीर बूढ़े से शादी कर ली ।
She isn't married.,वह शादीशुदा नहीं है।
She forgot to feed her dog.,वह अपने कुत्ते को खिलाना भूल गई।
She is ashamed of her old clothes.,उसको अपने पुराने कपड़ो पर शर्म आती है।
She left the old newspapers lying in a heap.,उसने पुराने अखबारों को एक ढेर में करके छोड़ दिया।
She is five years old.,वह पाँच साल की है।
She bent down.,वह नीचे झुकी।
She isn't running.,वह भाग नहीं रही है।
She isn't running.,वे भाग नहीं रहीं हैं।
She is appearing on TV tonight.,वह आज टीवी पर आएगी।
She is busy at present and can't speak to you.,वे अभी व्यस्त हैं और आपसे बात नहीं कर सकतीं हैं।
She had a daughter by her first husband.,उसकी अपने पहले पति से एक लड़की थी।
She was robbed of her purse.,उसका पर्स उससे चुरा लिया गया।
She died yesterday afternoon.,उनकी मौत कल दोपहर को हुई थी।
She died yesterday afternoon.,वह कल दोपहर को मर गई।
She died yesterday afternoon.,वे कल दोपहर को मर गईं।
She passed away peacefully last night.,वह कल रात आराम से चल बसीं।
She tried to kill herself last night.,उसने कल रात ख़ुद की जान लेने की कोशिश की।
She tried to kill herself last night.,उन्होंने कल रात ख़ुद की जान लेने की कोशिश की।
She is dealing out two apples to each child.,वह हर बच्चे को दो सेव बाँट रही है।
She called her children into the room.,उसने अपने बच्चों को कमरे में बुलाया।
She helped me pack my suitcase.,उसने मुझे मेरी अटैची पैक करने में मदद करी।
She demanded that I should help him.,उसने मुझसे उसकी मदद करने की माँग की।
She showed me a letter written in English.,उसने मुझे अंग्रेज़ी में लिखी हुई चिट्ठी दिखाई।
She refused to notice me.,उसने मुझे ध्यान में लेने से इनकार करदिआ।
She doesn't speak to me.,वह मुझसे बात नहीं करती।
She got me a tiny toy.,वह मेरे लिए एक नन्हा सा खिलौना खरीद लाई।
She pulled my shirt.,उसने मेरी कमीज़ खींची।
She accused me of making a mistake.,उसने मुझपर ग़लती करने का इलज़ाम लगाया।
She reproached me for being lazy.,उसने मुझपर आलसी होने के लिए गुस्सा किया।
She is senior to me by three years.,वह मुझसे तीन साल बड़ी है।
She can't ride a bicycle.,वह साइकिल नहीं चला सकती।
She can't ride a bicycle.,वे साइकिल नहीं चला सकतीं।
She put down her thoughts on paper.,उसने अपने विचार कागज़ पर उतार दिेए।
She felt insecure about her future.,उसको अपना आने वाला कल थोड़ा डाँवाडोल लगा।
She felt insecure about her future.,उसको अपना भविष्य असुरक्षित लगा।
She has long arms and legs.,उसके हाथ-पैर लम्बे हैं।
She reproached me for not answering the letter.,उसने मुझे चिट्ठी का जवाब न देने के लिए डाँटा।
She forgot to mail the letter.,वह चिट्ठी को डाक में डालना भूल गई।
She forgot to mail the letter.,वह चिट्ठी को डाक करना भूल गई।
She went to the market once a week.,वह हफ़्ते में एक बार बाज़ार जाती थी।
She spoke in soft tones.,उसने नर्म आवाज़ में बोला।
She went to Paris for the first time.,वह पहली बार पैरिस गई थी।
She is not less than thirty.,उसकी आयु तीस साल से कम नहीं है।
She can sing and dance beautifully.,वह खूबसूरती से गा और नाच सकती है।
She can sing and dance beautifully.,वह खूबसूरती से गा और नाच लेती है।
She has a gentle heart.,वह नर्म दिल वाली है।
She was wandering in the woods.,वह जंगल में भटक रही थी।
She was wandering in the woods.,वे जंगल में भटक रहीं थी।
She resembles her sister in character.,उसका चरित्र उसकी बहन से मिलता-जुलता है।
She wore a red dress.,उसने लाल रंग के कपड़े पहने थे।
She wore a red dress.,उसने लाल ड्रेस पहनी थी।
She left the baby crying.,उसने बच्चे को रोते हुए छोड़ दिया।
She always complains of her teacher.,वह हमेशा अपनी टीचर की शिक़ायत करती है।
She's worried as it's been many months since she heard from her son.,वह चिंतित है क्योंकि पिछले कुछ महीनों से उसके बेटे की कोई भी ख़बर नहीं आई है।
She opened the window to free the kitchen of the smell.,रसोई से बदबू निकालने के लिए उसने खिड़की खोली।
She reminds me very much of her mother.,वह मुझे उसकी माँ की याद दिलाती है।
She was very surprised at the news.,वह खबर सुनकर हैरान रह गई।
She is shy and talks little.,वह शर्मीली है और कम बोलती है।
She was told off for being late.,उसे देर से आने के लिए डाँट खानी पड़ी।
She didn't like living in the city.,उसे शहर में रहना पसंद नहीं था।
She didn't like living in the city.,उसे शहर में रहना अच्छा नहीं लगता था।
She gazed at me for a long time.,उसने मुझको बहुत देर तक घूरकर देखा।
She lived a long life.,उसने लम्बी ज़िन्दगी जी।
She's in the garden planting roses.,"वह बगीचे में है, गुलाब के फूल लगा रही है।"
She stared me down with anger.,उसने मुझपर ग़ुस्से से घूरा।
"All of a sudden, she began to laugh.",वह अचानक से हँस पड़ी।
"While in Japan, she bought the camera.",जापान में होते वक़्त उसने वह कैमरा खरीदा।
"While in Japan, she bought the camera.",जापान में होते वक़्त उन्होंने वह कैमरा खरीदा।
She is in bed with a fever.,वह बुखार के साथ बिस्तर में लेटी हुई है।
She takes care of her old mother.,वह अपनी बूढ़ी माँ की देखभाल करती है।
She is dressed in white.,उसने सफ़ेद कपड़े पहने हुएँ हैं।
She wears her hair in a bun.,वह अपने बालों को जूड़े में बाँधती है।
"She wanted to have her hair cut, but her mother wouldn't let her.","वह अपने बाल कटवाना चाहती थी, पर उसकी मम्मी राज़ी नहीं थी।"
She went into ecstasies about the ring he had bought her.,वह उसकी खरीदी हुई अँगूठी को देखकर खुशी से पागल हो गई।
She warned him not to go alone.,उसने उसे अकेले न जाने की चेतावनी दी।
She asked him to raise the funds.,उसने उससे पैसे जुटाने के लिए कहा।
She gave him a watch.,उसने उसे एक घड़ी दी।
She began to cry at the sight of his face.,वह उसका चेहरा देखते ही रोने लगी।
She boiled over with rage at his betrayal.,वह उसके धोखे पर गुस्से से ज्वाला हो गई।
She tried in vain to please him.,उसने बेकार में उसको खुश करने की कोशिश की।
She is a beauty.,वह तो हसीना है।
She's a beauty from a distance.,वह दूर से हसीना लगती है।
She cannot attend school on account of illness.,वह बीमारी की वजह से स्कूल नहीं जा सकती।
"She is poor, but she looks happy.","वह गरीब है, पर दिखने से खुश लगती है।"
She was in despair when her husband died.,जब उसके पति की मौत हो गई उसने सारी उम्मीद छोड़ दी।
She is not afraid of anything.,वह किसी भी चीज़ से नहीं डरती है।
She is as beautiful as her mother.,वह अपनी माँ जैसी सुंदर है।
She really takes after her mother.,वह सचमुच अपने मां पर गई है।
She really takes after her mother.,वे सचमुच अपने मां पर गई हैं।
She cried out the moment she saw her mother.,"उसने जैसे ही अपनी मम्मी को देखा, वह चिल्ला उठी।"
She asked me if I knew her address.,उसने मुझसे पूछा कि मैं उसका पता जानता था या नहीं।
She showed me her room.,उसने मुझे अपना कमरा दिखाया।
She is angry with me.,वह मुझसे नाराज़ है।
She is angry with me.,वह मुझसे नाराज़ हैं।
She is two years younger than me.,वह मुझसे दो साल छोटी है।
She used to play tennis every Sunday.,वह हर रविवार टेनिस खेला करती थी।
She used to play tennis every Sunday.,वे हर रविवार टेनिस खेला करती थीं।
She saved money for a rainy day.,उसने बुरे वक्त के लिए पैसे बचाए।
She was only pretending to be asleep.,वह सोना का बहाना कर रही थी।
Her face lit up.,उसका चहरा चमक उठा।
Her face lit up.,उनका चहरा चमक उठा।
She left the table after dinner.,वह खाना खाने के बाद मेज़ से उठकर चली गई।
She is too young to go to school.,वह स्कूल जाने के लिए अभी बहुत छोटी है।
She leaped for joy.,वह खुशी से उछल पड़ी।
She may have to quit her job next month.,उसे शायद अपनी नौकरी अगले महीने छोड़नी पड़ेगी।
She bought a dozen eggs.,उसने एक दर्जन अंडे खरीदे।
She is busy preparing for the trip.,वह सफ़र की तैयारी में लगी हुई है।
"Since he was tired, he went to bed.","वह थक गया था, तो सोने चला गया।"
There is no point in studying if you are feeling tired.,अगर थक गए हो तो पढ़ाई करने से कोई फ़ायदा नहीं है।
Are you tired?,थक गए हो क्या?
Can you keep it a secret?,क्या तुम इसे राज़ रख सकते हो?
Fat hens lay few eggs.,मोटी मुर्गियाँ कम अंडे देतीं हैं।
Some fish fly.,कुछ मछलियाँ उड़ सकतीं हैं।
The plane will take off in one hour.,विमान एक घंटे में उड़ान भरेगा।
The plane took off exactly at six.,हवाईजहाज़ ने ठीक छः बजे उड़ान ली।
The plane will arrive at three.,विमान तीन बजे पहुँचेगा।
The plane crash took 200 lives.,विमान दुर्घटना ने दो सौ लोगों की जानें लें लीं।
She went to Paris in order to study art.,वह कला का अध्ययन करने पेरिस गई।
She went to Paris in order to study art.,वे कला का अध्ययन करने पेरिस गईं।
Don't fail to call me back.,मुझे वापस फ़ोन करना मत भूलना।
A hundred years is called a century.,सौ सालों को एक शतक बुलाया जाता है।
It is no less than ten miles to the hospital.,हस्पताल कम-से-कम दस मील दूर है।
Sickness prevented him from going out.,वह बीमारी की वजह से बाहर नहीं जा सका।
The patient breathed his last.,रोगी ने अपनी आखरी साँस भरी।
Poverty often engenders crime.,अप्राध की पैदाइश अक्सर ग़रीबी में होती है।
I helped my father water the flowers.,मैंने अपने पापा को फूलों को पानी डालने में मदद करी थी।
Where did dad go?,पापा कहाँ गए?
My father's hair has grown white.,मेरे पापा के बाल सफ़ेद हो गए हैं।
My father caught three fish yesterday.,मेरे पिता ने कल तीन मछलीयां पकड़ी।
My father has just come home.,मेरे पापा अभी अभी घर वापस आएँ हैं।
My father can speak English well.,मेरे पिताजी को अंग्रेज़ी अच्छे से बोलना आता है।
Father is watering flowers.,पापा फूलों को पानी दे रहे हैं।
Father kept in touch with us by mail and telephone while he was overseas.,"जब पिताजी विदेश में थे, वे हमारे साथ चिट्ठी और फ़ोन से सम्पर्क करते थे।"
Father has recently come back to Japan.,पिताजी हाल ही में जापान लौट आए हैं।
My father consented to my going abroad.,मेरे पिता मेरे विदेश जाने से राज़ी थे।
Father objected to my going to the mountain alone.,पिताजी मेरे पहाड़ पर अकेले जाने से राज़ी नहीं थे।
Father bought me a camera.,पिताजी ने मेरे लिए एक कैमरा खरीदा।
My father told me not to read books in bed.,मेरे पिता ने मुझसे बिस्तर में किताबें पढ़ने से मना किया।
Father sometimes took me to his office.,पापा कभी-कभी मुझे दफ़्तर ले जाया करते थे।
My father works for a power company.,मेरे पापा बिजली की कम्पनी में काम करते हैं।
Don't give in.,हार मत मान लो।
Shall I clean the room?,मैं कमरे की सफ़ाई करूँ क्या?
"When you leave the room, please make sure you turn off the lights.","कमरे से निकलने से पहले, कृपया बत्तियाँ बंद कर दीजिएगा।"
The wind scattered the leaves about.,हवा ने पत्तियों को यहाँ-वहाँ बिखेर दिया।
The wind carries seeds for great distances.,हवा बीजों को दूर-दूर तक लेजाती है।
"Keep down, or you'll be shot.","नीचे रहो, नहीं तो तुम्हें गोली लग जाएगी।"
Don't lose your temper.,नाराज़ मत हो जाओ।
We've run out of paper for the photocopier.,फ़ोटोकॉपियर में कागज़ खतम हो गया है।
I'd like to get a refund.,मुझे अपने पैसे वापस चाहिए।
Buddhism had its beginnings in India.,बौद्ध धर्म भारत में पैदा हुआ था।
Physics is my favorite subject.,भौतिक विज्ञान मेरा सबसे पसंदीता विषय है।
Soldiers are used to danger.,सिपाहियों को खतरे से खेलने की आदत होती है।
Show me another example.,मुझे एक और उदाहरण दो।
No answer is also an answer.,जवाब न देना भी एक तरह का जवाब होता है।
She is intense in her study.,वह अपनी पढ़ाई में बहुत ध्यान लगाती है।
I am tired with walking.,मैं चल-चलकर थक गया हूँ।
Mother and I are different in every way.,मम्मी और मैं किसी भी पहलू में एक-समान नहीं हैं।
I am looking for a present for my mother.,मैं अपनी मम्मी के लिए तोह्फ़ा ढूँढ रहा हूँ।
Mother bought a beautiful doll for her.,माँ ने उसके लिए एक सुन्दर सी गुड़िया खरीदी।
My mother put clean sheets on the bed.,मेरी माँ ने बिस्तर पर साफ़ चादर बिछाई।
Mother bought me the book.,मम्मी ने मेरे लिए वह किताब खरीदी।
Mother told me to mow the lawn.,मेरी माँ ने मुझसे घास काटने के लिए कहा।
A mother is responsible for the conduct of her children.,एक माँ अपने बच्चों के बर्ताव के लिए ज़िम्मेदार होती है।
The mother is leading her child by the hand.,माँ हाथ पकड़कर अपने बच्चे को ले जा रही है।
You'll be punished if you break the law.,अगर तुम कानून तोड़ोगे तो तुम्हें सज़ा मिलेगी।
The law says that all men are equal.,क़ानून के मुताबिक सभी मनुष्य समान हैं।
It is very important to keep the law.,क़ानूनों का पालन करना बहुत ज़रूरी है।
Don't forget to return the book to the library.,उस किताब को पुस्तकालय को लौटाना मत भूलना।
You should write it down before you forget it.,"तुम्हें इसे लिख लेना चाहिए, जिससे पहले कि तुम भूल जाओ।"
I'll admit I'm wrong.,मैं मानता हूँ कि मैं ग़लत था।
It's not my fault.,मेरी ग़लती नहीं है।
We cannot decide whether to go to college or not.,हम यह फ़ैसला नहीं ले पा रहें हैं कि कॉलेज जाएं या न जाएं।
Tell me the truth.,मुझे सच्चाई बताओ।
"There is a Tanaka in my class, too.",मेरी कक्षा में भी एक तानाका है।
Do you know my brother Masao?,तुम मेरे भय्या मसाओ को जानते हो क्या?
You may use my car at any time.,तुम मेरी कार कभी भी इस्तेमाल कर सकते हो।
You may use my car at any time.,आप मेरी कार कभी भी इस्तेमाल कर सकते हैं।
I can't walk any further.,मैं और नहीं चल सकती।
I can't walk any further.,मुझसे और नहीं चला जाएगा।
I have to go now.,मुझे अभी जाना है।
I'll stay home.,मैं घर पर ही रहूँगा।
I guess I'm not as smart as you.,मुझे लगता है मैं आपकी तरह चुस्त नहीं हूँ.
I'll be on duty this Sunday.,मैं इस रविवार को ड्यूटी पर हूँगा।
I am doing business on a large scale.,मैं बड़े पैमाने पर व्यापार कर रहा हूँ।
I want to marry her.,मैं उससे शादी करना चाहता हूँ।
You are allowed to check out not more than five books at a time.,आपको एक समय में केवल पांच पुस्तकों को ले जाने की इजाज़त है.
A book is made of paper.,किताब कागज़ का बना होता है।
Have you ever written a book?,आपने कभी किताब लिखी है क्या?
I am reading a book.,मैं किताब पढ़ रही हूँ।
My sister has a job.,मेरी बहन के पास नौकरी है।
My sister has long legs.,मेरी बहन की टांगें बहुत लम्बीं हैं।
I think it is very good to lead a regular life.,मेरे ख़याल से आम ज़िन्दगी जीना बहुत अच्छी बात है।
You must clean your room every day.,अपना कमरा हर रोज़ साफ़ करना चाहिये।
She was late once again.,वह एक बार फिर देर से आई।
"If you should die, what would become of your family?",अगर तुम मर गए तो तुम्हारे परिवार का क्या होगा?
"If you should die, what would become of your family?",अगर आप मर गएं तो आप के परिवार का क्या होगा?
How about the taste?,और स्वाद कैसा है?
Are you sleepy?,नींद आई है?
Are you sleepy?,तुम्हें नींद आई है?
Are you sleepy?,क्या तुम्हें नींद आई है?
"In order to stay awake, I may have to drink more coffee.",मुझे जगे रहने के लिए शायद और कॉफ़ी पीनी पड़ेगी।
It's like a dream come true.,मानो कोई सपना सच आ गया हो।
It's for free.,यह मुफ़्त है।
It's for free.,यह मुफ़्त का है।
A good idea occurred to me last night.,मुझे कल सोते समय दिमाग़ में एक अच्छा आयडिया आया।
A good idea suddenly struck her.,अचानक उसे एक अच्छा आइडिया आया।
"Where there is life, there is hope.","जहाँ जीवन, वहाँ आशा।"
Will you turn on the light?,बत्ती चालू कर दोगे क्या?
Put out the light and go to bed.,बत्ती बंद करो और सो जाओ।
Do we have to get up early tomorrow morning?,क्या हमे कल सुबह जल्दी उठना है?
Mind you call me up tomorrow.,मुझे कल फ़ोन करना न भूल जाना।
Don't forget to come here at seven tomorrow.,कल यहाँ सात बजे आना न भूलना।
Don't forget to come here at seven tomorrow.,कल यहाँ सात बजे पहुँचना न भूलना।
You can get in touch with me tomorrow.,तुम मुझे कल मिलो.
I'd like to see him tomorrow afternoon.,मैं उससे कल दोपहर को मिलना चाहता हूँ।
I don't think that it will rain tomorrow.,मुझे नहीं लगता कल बारिश होगी।
We may not win tomorrow.,हम कल शायद नहीं जीतेंगे।
The store will be closed tomorrow.,दुकान कल बंद रहेगा।
The store will be closed tomorrow.,दुकान कल बंद होगा।
The store will be closed tomorrow.,दुकान कल बंद हो जायेगा।
Tomorrow is my birthday and I will be seventeen.,"कल मेरा जन्मदिन है, और मैं सत्रह साल का हो जाऊँगा।"
Tomorrow is my birthday and I will be seventeen.,"कल मेरा जन्मदिन है, और मैं सत्रह साल की हो जाऊँगी।"
Come see me again tomorrow.,मुझसे कल फिर आकर मिलना।
I don't know if it will rain tomorrow.,मुझे मालूम नहीं कल बारिश होगी या नहीं।
I'm going to meet him tomorrow.,मैं कल उससे मिलने जा रहा हूँ।
You shall have an answer tomorrow.,तुम्हें कल जवाब मिल जाएगा।
You shall have an answer tomorrow.,आपको कल जवाब मिल जाएगा।
Do not trust such men as praise you to your face.,"जो लोग तुम्हारे सामने तुम्हारी अच्छाई करते हैं, ऐसे लोगों का भरोसा नहीं करना चाहिए।"
"Hold your tongue, or you'll be killed.","अपनी ज़बान बंद रखो, नहीं तो मारे जाओगे।"
It was night.,रात थी।
The arrow indicates the way to Tokyo.,यह ऐरो टोक्यो का रास्ता दिखाता है।
I want you to keep your promise.,मैं चाहता हूँ कि तुम अपना वादा निभाओ।
Don't go back on your promise.,अपना वादा मत तोड़ो।
I will find out how the medicine works.,मैं पता लगाऊँगा कि यह दिवाई कैसे काम करती है।
Take medicine.,दवाई लो।
I have got your name from my friend.,मुझे आपका नाम अपने दोस्त से मिला है।
I advise you not to borrow money from your friends.,मेरी तुम्हारे लिए यह सलाह है कि अपने दोस्तों से पैसे उधार मत लो।
My friends celebrated my birthday.,मेरे दोस्तों ने मेरा जन्मदिन मनाया।
Yumi went there by herself.,यूमी वहाँ अकेले गई थी।
The male peacock has colorful tail feathers.,मोर की पूंछ के पंख रंग-बिरंगी होते हैं।
"Last night you forgot to turn off the radio, didn't you?",तुम कल रात रेडियो को बंद करना भूल गए थे ना?
What would you like for supper?,आप रात में खाने के लिए क्या खाना चाहेंगे?
My father went jogging after dinner.,मेरे पापा रात को खाना खाने के बाद दौड़ने गए थे।
Do you have an appointment?,आपके पास अपौइंटमेंट है क्या?
Open an account.,खाता खोलें।
Open an account.,खाता खोलो।
Do you believe in fairies?,तुम परियों में विश्वास करते हो क्या?
Do you believe in fairies?,तुम परियों में विश्वास करती हो क्या?
"In brief, the party was splendid.",संक्षेप में कहें तो पार्टी बेहद अच्छी थी.
He said he would see me the next day.,उसने कहा था कि वह मुझसे अगले दिन मिलेगा।
Something must have happened to him on the way.,उसके साथ रास्ते पर कुछ हुआ होगा।
Won't you come and see me next week?,मुझे अगले हफ़्ते देखने आओगे ना?
I'll be in Tokyo on business next week.,मैं अगले हफ़्ते टोक्यो में हूँगा काम पर।
I want to study abroad next year.,मुझे अगले साल विदेश जाकर पढ़ाई करने का मन है।
How do you like your eggs done?,तुम्हें अपने अँडे कैसे पसंद हैं?
The storm did great harm to the crop.,तूफ़ान ने फ़सल को बहुत नुक्सान पहुँचाया।
A selfish man thinks of nothing but his own feelings.,मतलबी इनसान केवल अपनी भावनाओं के बारे में ही सोचता है।
A selfish man thinks of nothing but his own feelings.,मतलबी इनसान केवल अपने बारे में ही सोचता है।
I met him at the barber's.,मैं उससे नाई के यहाँ मिला।
"Frankly speaking, I don't want to work with him.",खुलकर बोलूँ तो मैं उसके साथ काम नहीं करना चाहता।
Those standing were all men.,"जो खड़े थे, वे सब पुरुष थे।"
Let's try and swim against the current.,चलो बहाव के खिलाफ़ तैरने की कोशिश करते हैं।
Our parents took care of us and now it's our turn to take care of them.,हमारे माता-पिता ने हमारी देखभाल की थी और अब हमारी बारी है उनकी देखभाल करने की।
My parents have just arrived at the station.,मेरे माता-पिता अभी-अभी स्टेशन पर पहुँचें हैं।
Parents are responsible for the safety of their children.,मातापिता अपने बच्चों की हिफ़ाज़त के लिए ज़िम्मेदार होते हैं।
Parents are responsible for the safety of their children.,मातापिता अपने बच्चों की सुरक्षा के लिए ज़िम्मेदार होते हैं।
I'm a good cook.,मैं अच्छा रसोइया हूँ।
I'm a good cook.,मैं अच्छा बावर्ची हूँ।
How can you tell good English from bad English?,तुम अच्छी और बुरी अंग्रेज़ी में कैसे अंतर कर सकते हो?
That's better.,यह बेहतर है।
Mother White next door likes reading.,पड़ोसवाली मदर व्हाईट को किताबें पढ़ना पसंद है।
Tears fell down her cheeks.,आँसू उसकी गालों पर बह गए।
The history class starts at nine.,इतिहास की क्लास नौ बजे शुरू होती है।
We arrived at the station as the train was leaving.,हम स्टेशन पर तब पहुँचे जब ट्रेन चल पड़ी थी।
The train is made up of fifteen cars.,रेलगाड़ी में १५ डब्बे हैं।
I think the train will come soon.,मुझे लगता है ट्रेन आने ही वाली है।
The train came to a smooth stop.,ट्रेन हल्के से आकर रुकी।
The train is ten minutes behind today.,आज ट्रेन दस मिनट लेट है।
The train ran off the tracks.,ट्रेन पटरी से उतर गई।
Smoking is banned in the train.,ट्रेन के अंदर धूम्रपान करने पर प्रतिबंध लगा हुआ है।
The workers were laid off for three weeks.,कर्मचारियों को तीन हफ़्तों के लिए काम से निकाल दिया गया।
Let's leave it at that.,बात वहीं पर छोड़ देते हैं।
"How many strokes does the kanji for ""michi"" have?",मिचि के कान्जी में कितनी रेखाएं होती हैं?
The speed of the spread of AIDS is horrifyingly fast.,एड्स के फैलाव की तेज़ गति बहुत भयानक है।
Helen's words suddenly filled me with new energy.,हेलेन के शब्दों से मुझमें अचानक नई जान आ गई।
This is an important thing for all of you.,यह आप सब के लिए एक बहुत महत्वपूर्ण मामला है।
Man can't live without dreams.,इनसान सपने देखे बिना जी नहीं सकता है।
Even so ... she didn't have to slap me!,फिर भी ... उसे मुझे थप्पड मारने की कोई ज़रूरत नहीं थी!
"Coincidentally enough, I know him.","इत्तेफ़ाक से, मैं उसे जानता हूँ।"
How does the moon shine at night?,रात को चाँद कैसे चमकता है?
Women want to have sex too.,महिलाएं भी सेक्स करना चाहतीं हैं।
"It gets cold in the mornings and evenings, so I want to take care how I dress.","सुबह-शाम को ठंड हो जाती है, इसलिए मैं ढंग से कपड़े पहनना चाहती हूँ।"
Wooden buildings catch fire easily.,लकड़ी से बनी इमारतों में आग आसानी से लग जाती है।
I am grateful to them.,मैं उनका आभारी हूँ।
The radio is powered off.,रेडियो बंद है।
All human beings are born free and equal in dignity and rights. They are endowed with reason and conscience and should act towards one another in a spirit of brotherhood.,सभी मनुष्यों को गौरव और अधिकारों के मामले में जन्मजात स्वतन्त्रता प्राप्त है। उन्हें बुद्धि और अन्तरात्मा की देन प्राप्त है और परस्पर उन्हें भाईचारे के भाव से बर्ताव करना चाहिये।
All human beings are born free and equal in dignity and rights. They are endowed with reason and conscience and should act towards one another in a spirit of brotherhood.,तमाम इनसान आज़ाद और हुकू़क़ और इज़्ज़त के इतिबार से बराबर पैदा हुए हैं। इन्हें ज़मीर और अक़ल वदीयत हुई हैं। इसलिए इन्हें एक दूसरे के साथ भाईचारे का सुलूक करना चाहीए।
It's the third biggest city in Serbia.,यह सर्बिया का तीसरा सबसे बड़ा शहर है.
"Hello, Chicago!","नमस्ते, शिकागो!"
I don't know.,मुझे नहीं पता।
I don't know.,मुझे नहीं मालूम।
How many times a day does that bus run?,वह बस दिन में कितनी बार चलती है?
Foreign people are amusing.,विदेशी लोग बड़े मनोरंजक होते हैं।
Good medicine is bitter.,अच्छी दवाई कड़वी होती है।
I forgot to ask him.,मैं उससे पूछना भूल गया।
These students are the crème de la crème of our school.,ये हमारे विद्यालय के सबसे उत्कृष्ट विद्यार्थी हैं।
Enough for one day.,एक दिन के लिए इतना काफ़ी है।
It's very romantic!,बहुत रोमैंटिक है!
Happy New Year!,नव वर्ष की शुभकामनाएं!
Happy New Year!,नए साल की बधाईयाँ।
The world will smile happily without me.,दुनिया मेरे बिना खुशी से मुस्कुराएगी।
"Life is a long, long road.",ज़िन्दगी एक बहुत लम्बा सफ़र है।
The world is a small village.,दुनिया एक छोटा सा गाँव है।
We are Arabs.,हम अरब हैं।
You are my friend.,तुम मेरा दोस्त हो।
I have a problem.,मैं मुश्किल में हूँ।
This book is Ali's.,यह किताब अली की है।
Where do you live?,आप कहाँ रहते हैं?
Where do you live?,तुम कहाँ रहते हो?
Where do you live?,तू कहाँ रहता है?
Where do you live?,तुम कहाँ रहती हो?
Where do you live?,तू कहाँ रहती है?
I am not from India.,मैं भारत से नहीं हूँ।
It looks like you are from India.,लगता है कि तुम भारत के हो।
These are birds.,ये चिड़ियाँ हैं।
The women of France are beautiful.,फ़्रांस की औरतें खूबसूरत हैं।
She can play the piano.,वह पियानो बजाना जानती है।
"What time is it? ""It's 3:20.""","अभी कितने बजे हैं? ""तीन बीस बजे हैं"""
We have eaten there three times.,हम वहाँ तीन बार खा चुके हैं।
Magnesium is a chemical element.,मैग्नीशियम एक रासायनिक पदार्थ है.
Only a few people didn't go there.,बहुत कम लोग थे जो वहाँ नहीं गए।
You want to drink tea or coffee?,तुम चाय पीना चाहते हो या कॉफ़ी?
How are you?,आप कैसे हैं?
How are you?,तुम कैसे हो?
How are you?,तुम कैसी हो?
How are you?,तू कैसा है?
How are you?,तू कैसी है?
How are you?,आप कैसी हैं?
How are you?,आप कैसे हो?
Hello!,नमस्ते।
Hello!,नमस्कार।
The work must be completed by tomorrow.,काम कल तक खतम होना होगा।
Thank you!,धन्यवाद!
Thank you!,शुक्रिया!
"I understand it a little, but I can't speak it.","मैं थोड़ा-बहुत समझ सकता हूँ, पर बोल नहीं सकता हूँ।"
You must not be afraid of making mistakes when learning a language.,कोई भी नई भाषा सीखने में ग़लतियों से डरना नहीं चहिए।
What were you doing?,तुम क्या कर रहे थे?
I do not understand.,मैं समझा नहीं।
Clean the room.,कमरे को साफ़ करो।
He is in hospital.,वह अस्पताल में है।
He is in hospital.,वे अस्पताल में हैं।
I have a dog.,मेरे पास एक कुत्ता है।
"Today, I saw a star.",मैंने आज एक तारा देखा।
"Today, I saw a star.",मैंने आज एक सितारा देखा।
I'm an atheist.,मैं अनीश्वरवादी हूँ।
I'm an atheist.,मैं भगवान में यकीन नहीं करता।
He needs money.,उसे पैसों की ज़रूरत है।
We don't know him.,हम उसे नहीं जानते हैं।
Can you teach me how to steal?,क्या तुम मुझे चोरी करना सिखा सकते हो?
Can you teach me how to fly?,क्या तुम मुझे उड़ना सिखा सकते हो?
I know that all of this is just a game.,मैं जानता हूँ कि यह सब एक खेल है।
Did it not occur to you to close the windows?,तुम्हें खिड़कियाँ बंद करने की नहीं सूझी?
"No, I'm not afraid of ghosts.","नहीं, मैं भूतों से नहीं डरता।"
It's raining cats and dogs.,मुसलाधार बारिश होती है।
It's raining cats and dogs.,मुसलाधार वर्षा होती है।
"When you have things you don't understand written on you, what will you do, if you get unexpected results?","अगर तुम अपने आप पर ऐसी चीज़ें लिखवाते हो जो तुम खुद भी नहीं समझ सकते, तो तुम क्या करोगे अगर तुम्हें अनपेक्षित परिणाम मिलेंगे?"
I was searching for something that didn't exist.,मैं एक ऐसी चीज़ ढूँढ रहा था जिसका अस्तित्व कभी था ही नहीं।
Will the weather be good tomorrow?,कल मौसम अच्छा होगा क्या?
He likes oranges.,उसे संत्रे अच्छे लगते हैं।
He likes oranges.,उसे नारंगी अच्छे लगते हैं।
I don't like school.,मुझे पाठशाला पसंद नहीं है।
It's hard to say what the weather will be like tomorrow.,कल का मौसम कैसा होगा कहना मुश्किल है।
We have three airplanes.,हमारे पास तीन हवाई जहाज़ हैं।
Let's start the party.,पार्टी शुरू करते हैं।
That program is now being broadcast.,वह कार्यकर्म अभी प्रस्तुत किया जा रहा है.
"This is a good newspaper, isn't it?",यह एक अच्छा अखबार है ना?
I hear that she's a famous actress.,मैंने सुना है कि वे मश्हूर अभिनेत्री हैं।
She hated her husband.,वह अपने पति से नफ़रत करती थी।
She kept on working.,वह काम करती रही।
I'll never forget how kind you have been.,मैं आपके अच्छेपन को कभी नहीं भूलूँगा।
The fat woman was holding a monkey.,उस मोटी औरत ने एक बंदर पकड़ा हुआ था।
"She can speak English, of course.",बेशक वह अंग्रेजी बोल सकती है.
Green suits Alice.,ऐलिस पर हरा रंग जचता है।
What do you think she is doing now?,तुम्हारे हिसाब से वह अभी क्या कर रही होगी?
She was crying in her room.,वह अपने कमरे में रो रही थी।
She was watching the dead leaves fall.,वह मुर्झाई हुई पत्तियों को गिरते हुए देख रही थी।
What is your age?,तुम्हारी उम्र क्या है?
"In May, all birds lay an egg.",मई में चिड़ियाँ अंडे देतीं हैं।
Please wait here until he comes.,उसके आने तक यहाँ इंतेज़ार कीजिए।
Is this what you wanted?,तुम यही चाहते थे ना?
He'll get well soon.,वह जल्द ही ठीक हो जाएगा।
What is this?,यह क्या है?
Please.,कृपया।
I don't want your pity.,मुझे तुम्हारी दया नहीं चहिए।
Summer is over.,गर्मियाँ खतम हों चुकीं हैं।
Does milk spoil quickly?,दूध जल्दी से खराब हो जाता है क्या?
I felt that I should help her.,मुझे लगा कि मुझे उसकी मदद करनी चाहिए।
I tried to erase the memory of her crying.,मैंने उसके रोने की याद को भुला देने की कोशिश करी।
Two plus two makes four.,दो और दो चार होते हैं।
What's the matter?,मुश्किल क्या है?
Do you have one that's cheaper?,इससे सस्ता वाला है क्या?
I know those women.,मैं उन औरतों को जानता हूँ।
I like that singer a lot.,मुझे वह गायक बहुत पसंद है।
I like that singer a lot.,मुझे वह गायिका बहुत पसंद है।
That guy annoys me.,मुझे उस आदमी से चिढ़ आती है।
Why didn't you go to the office?,तुम दफ़्तर क्यों नहीं गए?
I wrote down his name so I wouldn't forget it.,मैंने उसका नाम लिख लिया जिससे कि मैं उसे भूल न जाऊँ।
We hurried to the train station.,हम जल्दबाज़ी में ट्रेन स्टेशन गए।
His success is the result of many years of perseverance.,उसकी सफ़लता सालों की मेहनत का फल है।
Where did all the bread go?,सारा ब्रॅड कहाँ चला गया?
It started to snow.,बरफ़ गिरनी शुरू गो गई।
These are our books.,ये हमारी किताबें हैं।
Those books aren't yours?,वे तुम्हारी किताबें नहीं हैं?
That man has many debts.,इस आदमी के पास बहुत सारे कर्ज़ हैं।
I wish you spoke Spanish.,काश तुम स्पैनिश बोल सकते।
I had to decline his offer.,मुझे उसके प्रस्ताव को अस्वीकार करना पड़ा।
Spiders like to build spiderwebs.,मकड़ियों को जाल बुनना अच्छा लगता है।
"Hello, world!",नमस्ते दुनिया।
I always walk.,मैं हमेशा चलता हूँ।
I always walk.,मैं हमेशा चलती हूँ।
She likes Russian pop.,उसे रूसी पॉप संगीत पसंद है।
Do you accept credit cards?,क्या आप क्रेडिट कार्ड स्वीकार करते हैं?
"If my boy had not been killed in the traffic accident, he would be a college student now.","अगर मेरा बेटा ट्रेफ़िक हादसे में नहीं मारा गया होता, तो वह अभी कॉलेज जा रहा होता।"
"When he arrives in Tokyo, I'll call you right away.",उसके टोक्यो आते ही मैं तुम्हें तुरंत फ़ोन करूँगी।
He couldn't sleep because of the noise outside his window.,उसकी खिड़की के बाहर इतना शोर हो रहा था कि वह सो नहीं पा रहा था।
I don't want to buy this kind of sofa.,मुझे इस तरह का सोफ़ा नहीं खरीदना है।
Speaking English isn't easy.,अंग्रेज़ी बोलना आसान नहीं है।
He became a policeman.,वह पुलिस अफ़सर बन गया।
He became a policeman.,वह पुलिसवाला बन गया।
The police officer arrested the burglar.,पुलिस अफ़सर ने चोर को हिरासत में लेलिया।
You have to wait in line.,आपको लाईन में लगकर इंतेज़ार करना पड़ेगा।
I remember that man's name very well.,मुझे उस आदमी का नाम अच्छी तरह से याद है।
"Not only did I eat pilaf, but I also ate kebabs.","मैंने पुलाव ही नहीं, बल्कि कबाब भी खाए।"
You can't prove that.,तुम वह साबित नहीं कर सकते।
Where's the airport?,हवाई अड्डा कहाँ पर है?
I can't put up with his arrogance.,मुझसे उसका अक्खड़पन झेला नहीं जाता।
I'm hungry!,मुझे भूख लगी है!
I'm hungry!,मुझे भूख लगी है।
She asked me for help.,उसने मुझसे मदद मांगी।
What is happiness?,खुशी क्या होती है?
What is happiness?,सुख क्या होता है?
Are you at home?,तुम घर पे हो क्या?
You shouldn't wait here.,तुम्हें यहाँ इंतेज़ार नहीं करना चाहिए।
The rumor turned out to be true.,वह अफ़वाह सच निकली।
The conference will end tomorrow.,सम्मेलन कल समाप्त होगा।
We're eating apples.,हम सेब खा रहे हैं।
Tom is my friend.,टॉम मेरा दोस्त है।
Were you able to open up and talk?,तुम खुलकर बात कर सके क्या?
I'm not sure how much we should wait.,मुझे नहीं पता हमे कितनी देर इंतेज़ार करना चाहिए।
This was Rodica's fifth book.,यह रोडिका की पाँचवी किताब थी।
What's your name?,आपका नाम क्या है?
What's your name?,तुम्हारा नाम क्या है?
Maybe it will snow.,शायेद हिमपात होगा.
I am hungry.,मुझे भूख लगी है।
Even Japanese people make mistakes using the prefixes 'o' and 'go'.,"ओ और ""गो"" इन उपसर्गों के उपयोग में जापानी लोग भी गलतीयाँ करते हैं।"
Do you want to know my secret? It's very simple...,तुम मेरा राज़ जानना चाहते हो? बहुत ही आसान है...
She likes oranges.,उसे सन्तरा पसंद है।
She likes oranges.,उन्हें सन्तरा पसंद है।
I continued singing.,मैं गाता चला गया।
"In case I can't come, I'll give you a call beforehand.",अगर मैं नहीं आ पाया तो तुम्हें पहले फ़ोन करके बतादूँगा।
I'll pay.,मैं पैसे दूंगा।
Please tell me what I should do.,कृपया बताएं अब मुझे क्या करना चाहिए.
"Patriots always talk of dying for their country, and never of killing for their country.","देशप्रेमी हमेशा अपने देश के लिए मरने की बात करते हैं, कभी देश के लिए मारने की नहीं।"
I cannot understand what happened.,मुझे समझ में नहीं आ रहा क्या हुआ।
"Do whatever you want, there will be gossiping anyhow.","जो करना है करो, पर इस बात की चर्चा तो हो गी ही।"
I always rely on him in times of trouble.,मैं मुसीबत के समय में हमेशा उसपर भरोसा करती हूँ।
Turn left and you will find the cafe.,बाएं मुड़ो और तुम्हें एक कैफ़े मिलेगा।
An old man was resting in the shade of the tree.,एक बूढ़ा आदमी पेड़ की छाया में आराम कर रहा था।
"One, two, three, four, five, six, seven, eight, nine, ten.","एक, दो, तीन, चार, पाँच, छः, सात, आठ, नौ, दस।"
He's famous around the world.,वह दुनिया भर में प्रसिद्ध है।
This is my mother.,यह मेरी माँ है।
What's this?,यह क्या है?
What time does your watch say it is now?,तुम्हारी घड़ी अब क्या समय बता रही है?
What time does your watch say it is now?,आपकी घड़ी अब क्या समय बता रही है?
I live near here.,मैं आस-पड़ोस में रहता हूँ।
I will try.,मैं कोशिश करूँगा।
Please sit down.,बैठिए।
He called me a taxi.,उसने मेरे लिए टेक्सी बुलवाई।
He works at a bank.,वह बैंक में काम करता है।
Where are you going?,तुम कहाँ जा रहे हो?
Where are you going?,आप कहाँ जा रहे हैं?
"Liar today, thief tomorrow.","आज झूठा, कल चोर।"
What is the problem?,समस्या क्या है?
These shoes are hers.,यह जूते उसके हैं।
Happy Fourth of July!,४ जुलाई मुबारक हो!
There's been a lot of rain this year.,इस साल बहुत बारिश पड़ी है।
How many kebabs will you have?,कितने कबाब लोगे?
When do you usually get off work?,तुम आमतौर पर कितने बजे काम से छूटते हो?
We have five kinds of kebab.,हमारे पास पाँच तरह के कबाब हैं।
Chris gets 7 gold coins!,क्रिस को सात सोने के सिक्के मिलते हैं!
"We have pilaf, lo mein, and kebabs in our restaurant.","हमारे रेस्तराँ में पुलाव, लो मेइन और कबाब हैं।"
I'm not an Uighur. I'm a Russian.,मैं उइघुर नहीं हूँ। मैं रूसी हूँ।
Mary helped her mother cook.,मैरी ने खाना पकाने में अपने मां की मदद की।
Let's meet this afternoon.,इस दोपहर को मिलते हैं।
He's always dissatisfied.,वह कभी भी संतुष्ट नहीं होता।
How do people manage to sleep on the plane?,लोग हवाईजहाज़ में सो कैसे पाते हैं?
Muiriel is an Indian.,म्यूरियल भारतीय है।
It will snow tomorrow.,कल बरफ़ पड़ेगी।
"Hold it, are you kidding me? Why'd we wanna go to such a remote location?","रुको, क्या तुम मेरे साथ ठठा कर रहे हो? भला हम इतनी दूर जगह क्यूँ जाने लगे?"
I'll never come back.,मैं कभी वापस नहीं आऊँगा।
The enemy won't get close.,दुश्मन पास नहीं आ पाएगा।
The food's not ready yet.,खाना अभी तक तैयार नहीं हुआ है।
Pay attention!,ध्यान दो!
I want to leave this difficult job to her.,मैं यह मुश्किल काम उसके लिए छोड़ना चाहता हूँ।
He left his parents when he was eight years old.,वह आठ साल का था जब उसने अपने माता-पिता को छोड़ दिया।
Let's order twenty kebabs!,बारह कबाब मंगाते हैं!
I need to go home a little early today.,मुझे आज थोड़ा जल्दी घर जाना है।
What time is it?,अभी कितने बजे हैं?
What time is it?,अभी क्या समय हो रहा है?
You didn't have to come so early.,तुम्हें इतना जल्दी आने की ज़रूरत नहीं थी।
The pilaf with meat is eight yuan. The vegetarian pilaf is only four yuan.,मांस वाला पुलाव आठ युएन का है। बिना मांस वाला पुलाव केवल चार युएन का है।
We're going home.,हम घर जा रहें हैं।
Every apple is red.,हर एक सेब लाल है।
Apples are red.,सेब लाल होते हैं।
You came alone today?,तुम आज अकेले आए हो?
Nancy had never seen a giant panda.,नॅन्सी ने कभी भी विशालकाय पांडा नहीं देखा था।
When I look of this photo I remember my family.,"जब मैं इस तस्वीर को देखता हूं, मुझें मेरे परिवार की याद आती है।"
When I look of this photo I remember my family.,"जब मैं इस तस्वीर को देखती हूं, मुझें मेरे परिवार की याद आती है।"
The station is located between these two towns.,स्टेशन इन दो नगरों के बीच स्थित है।
He's big and strong.,वह बड़ा और ताकतवर है।
It is forbidden to read books in this bookshop.,इस बुकशॉप में किताबें पढ़ना मना है।
Was his story true?,उसकी कहानी सच्ची थी क्या?
Everyone likes her.,उसे सब पसंद करते हैं।
My aunt brought me flowers.,मेरी बुआ-जी मेरे लिए फूल लाईं।
I want my money back.,मुझे अपने पैसे वापस चाहिए।
Cut the potatoes.,आलूओं को काटो।
But I don't know how to cook kebabs!,पर मुझे कबाब पकाना नहीं आता!
I'm bored.,मैं बोर हो रहा हूँ।
John played the guitar and his friends sang.,जॉन ने गिटार बजाया और उसके दोस्तों ने गाना गाया।
Those who are about to die salute you.,जो मरने वाले हैं वे तुम्हें सलाम करते हैं।
Those who are about to die salute you.,जो मरने वाले हैं वे आपको सलाम करते हैं।
She's a stubborn girl.,वह एक ज़िद्दी लड़की है।
There's an apple in this boy's pocket.,इस लड़के के जेब में एक सेव है।
I am a Roman citizen.,मैं रोमन नागरिक हूँ।
I understand.,मैं समझता हूँ।
Don't move.,हिलो मत।
Excuse me.,माफ़ कीजिए।
Go away!,चले जाओ!
You're a person.,तुम इनसान हो।
Were you shot?,क्या तुम्हें गोली लग गई थी?
Answer my questions.,मेरे सवालों का जवाब दो।
Don't touch it.,उसे छूना मत।
The skies are clear.,आसमान साफ़ है।
Don't get fat.,मोटे मत हो जाना।
Come along with us.,हमारे साथ आओ।
Come with us.,हमारे साथ आओ।
I'm really tired.,मैं बहुत थक गया हूँ।
Once again.,और एक बार।
I'm a good-for-nothing bum.,मैं निकम्मा हूँ।
Follow him.,उसका पीछा करो।
I'm OK.,मैं ठीक हूँ।
Yes. That's right.,हाँ। यह सही है।
I'm full.,मेरा पेट भर गया है।
You're kidding!,मज़ाक कर रहे हो!
I'm very busy.,मैं बहुत व्यस्त हूँ।
A thick mist covered the countryside.,गाँव पर गहरा कोहरा छा गया।
Are you sick?,क्या तुम बीमार हो?
What an asshole!,क्या चूतिया है!
What an asshole!,क्या गांडू है!
Barcelona is in Spain.,बार्सेलोना स्पेन में है।
Because he is dirty and wet.,क्योंकि वह गंदा और गीला है।
Can I see your passport?,मैं आपका पासपोर्ट देख सकता हूँ क्या?
Could you speak more slowly?,थोड़ा धीरे बोल सकते हैं क्या?
Did you do your homework?,तुमने अपना होमवर्क कर लिया क्या?
Did you do your homework?,होमवर्क किया क्या?
Did you sleep well?,तुम अच्छे से सोये क्या?
Do you have brothers and sisters?,तुम्हारे पास भाई-बहन हैं क्या?
Does anyone here speak English?,यहाँ पर कोई अंग्रेज़ी बोलता है क्या?
Fancy to eat at my place?,मेरे यहाँ खाना खाना चाहती हो?
"Forgive me, but I have no change.",माफ़ कीजिएगा पर मेरे पास छुट्टे नहीं हैं।
Fucking whore.,रंडी साली।
He has a little money.,उसके पास थोड़े-बहुत पैसे हैं।
He is one of Spain's most famous authors.,वे स्पेन के सबसे मशहूर लेखकों में से एक हैं।
He is one of Spain's most famous authors.,वह स्पेन के सबसे प्रसिद्ध लेखकों में से एक है।
He reads Arabic.,वह अरबी पढ़ सकता है।
"He says he's innocent, but they put him in jail.","वह कहता है वह निर्दोष है, मगर उन्होंने उसे जेल में डाल दिया।"
He speaks Arabic.,वह अरबी बोलता है।
Help!,बचाओ!
I've quit drinking beer.,मैंने बीयर पीना छोड़ दिया है।
Whose turn is it?,किसकी बारी है?
It's too big.,बहुत ज़्यादा बड़ा है।
I'll attend.,मैं आऊंगा।
We really enjoyed ourselves.,हमने बड़ी मौज करी।
I like math.,मुझे गणित पसंद है।
That's a good question.,यह एक बहुत अच्छा सवाल है।
It's an easy victory.,यह जीत तो बहुत आसान थी।
Everyone dies.,मौत तो सभी की होती है।
There are also fish that fly.,उड़ने वाली मछलीयां भी होती हैं।
His opinions are worthless.,उसकी राय बेकार है।
How far along am I?,मैं कहाँ तक पहुँच गया हूँ?
How many bowls do we have?,हमारे पास कितनी कटोरियाँ हैं?
How much must I pay?,मुझे कितने पैसे देने होंगे?
How old are you?,तुम कितने साल के हो?
I am from Egypt.,मैं मिस्र से हूँ।
I am from Russia.,मैं रूस से हूँ।
I forgot.,मैं भूल गया।
I forgot.,मैं भूल गई।
I have a Facebook account.,मेरे पास फ़ेसबुक खाता है।
I have a heart condition.,मुझे दिल की बीमारी है।
I like the blue one. How much does it cost?,"मुझे नीला वाला पसंद है, कितने का है?"
I like the blue one. How much does it cost?,"मुझे नीली वाली पसंद है, कितने की है?"
I like this one.,मुझे यह वाला पसंद है।
I must have left it on the bus.,मैंने उसे बस में छोड़ दिया होगा।
I need coughing medicine.,मुझे खाँसी की दवाई चाहिए।
I wake up at 7 o'clock.,मैं सात बजे सोकर उठता हूँ।
I want to clean the house before my parents return.,मैं अपने पापा-मम्मी के वापस आने से पहले घर साफ़ करना चाहता हूँ।
I want to get to know you better.,मैं तुम्हें और अच्छी तरह से जानना चाहता हूं।
I want to get to know you better.,मैं तुम्हें और अच्छी तरह से जानना चाहती हूं।
I want to get to know you better.,मैं आपको और अच्छी तरह से जानना चाहता हूं।
I want to get to know you better.,मैं आपको और अच्छी तरह से जानना चाहती हूं।
I was born on 23 March 1969 in Barcelona.,मैं बारसिलोना में २३ मार्च १९६९ में पैदा हुई थी।
She's our neighbour.,वह हमारी पड़ोसी है।
We are happy.,हम खुश हैं।
I can't prevent myself from thinking.,मैं अपने-आप को सोचने से रोक नहीं सकता।
Barcelona is the capital city of Catalonia and the second largest city in Spain.,बार्सेलोना केटलोनिआ की राजधानी और स्पेन का दूसरा सबसे बड़ा शहर है।
We don't know her.,हम उसे नहीं जानते हैं।
Do you live with your parents?,क्या तुम अपने मम्मी-पापा के साथ रहते हो?
You didn't understand.,तुम समझे नहीं।
The power's out.,बिजली गई हुई है।
Please speak in a louder voice.,थोड़ी ऊँची आवाज़ में बोलिए।
That isn't fair.,यह तो ठीक नहीं है।
I am going to go play ball with Mohan.,मैं मोहन के साथ गेंद खेलने जा रहा हूँ।
Can you teach me?,क्या तुम मुझे सिखा सकते हो?
She showed me her new car.,उसने मुझे अपनी नई गाड़ी दिखाई।
"Yes, let's.","हाँ, चलो।"
That's not a grasshopper. It's a locust!,"वह टिड्डा नहीं है, उड़ने वाला टिड्डा है!"
Stop!,रुको!
Stop!,रुक!
Stop!,बस करो!
Stop!,बस कर!
Stop!,बस कीजिए!
Stop!,रुकिए!
Thanks!,धन्यवाद!
It's snowing.,बरफ़ गिर रही है।
They were afraid of you.,वे तुमसे डरते थे।
They were afraid of you.,उन्हें तुमसे डर लगता था।
Don't be disappointed.,निराश मत हो।
This is your key.,यह आपकी चाबी है।
It's no concern of mine.,इससे मेरे कोई लेना-देना नहीं है।
Come if you can.,आ सको तो आना।
Would you like to eat something?,क्या आप कुछ खाना चाहेंगे?
Would you like to eat something?,क्या आप कुछ खाना चाहेंगी?
Would you like to eat something?,क्या तुम कुछ खाना चाहोगी?
Would you like to eat something?,क्या तुम कुछ खाना चाहोगे?
"I've never met her, but I recognize her.",मैं उसे पहचानता हूँ पर मैं उससे कभी मिला नहीं हूँ।
"I've never met him, but I recognize him.",मैं उसे पहचानता हूँ पर मैं उससे कभी मिला नहीं हूँ।
I have nothing to say on this matter.,मुझे इस विषय पर कुछ नहीं कहना है।
"According to him, she is not coming.",उसके हिसाब से वह नहीं आ रही।
Everybody likes him.,उसे सब पसंद करते हैं।
Everyone likes him.,उसे सब पसंद करते हैं।
Everybody likes her.,उसे सब पसंद करते हैं।
I don't want it.,मुझे नहीं चाहिए।
I don't want it.,मुझे वह नहीं चाहिए।
I don't want it.,मुझे यह नहीं चाहिए।
I don't want it.,नहीं चाहिए।
He has three daughters.,उसकी तीन बेटियाँ हैं।
Is his father a teacher?,क्या उसके पिता शिक्षक हैं?
Is his father a teacher?,क्या उनके पिता शिक्षक हैं?
The pollution worsens with each year.,प्रदूषण हर साल बदतर होता जाता है।
Will he come tomorrow?,वह कल आएगा क्या?
Will he come tomorrow?,वे कल आएँगे क्या?
How many students are there in your class?,तुम्हारी कक्षा में कितने विद्यार्थी हैं?
How many students are there in your class?,आपकी कक्षा में कितने विद्यार्थी हैं?
After Saturday comes Sunday.,शनिवार के बाद रविवार आता है।
Could I please use your phone?,मैं आपका फ़ोन इस्तेमाल कर सकता हूँ क्या?
I would like to meet his father.,मैं उसके पिता से मिलना चाहता हूँ।
Don't open your book.,अपनी किताब मत खोलो।
My dad is not home at the moment.,मेरे पापा इस वक़्त घर पर नहीं हैं।
You have to leave.,तुम्हें जाना होगा।
Iron is a very useful metal.,लोहा एक बहुत उपयोगी धातु है।
She told me that she wanted a pet dog.,उसने मुझसे कहा कि उसे कुत्ता पालने का मन था।
These shoes are too big for me.,ये जूते मेरे लिए बहुत बड़े हैं।
He's a tennis player.,वह टेनिस खिलाड़ी है।
He's a tennis player.,वे टेनिस खिलाड़ी है।
Show me what's in your pocket.,अपने जेब में क्या है दिखाओ।
Show me what's in your pocket.,अपने जेब में क्या है दिखाइए।
"Whatever you say, she is the one I'm going to marry.","तुम जो भी कहो, मैं तो उससे ही शादी करूँगा।"
She's not a doctor.,वह डॉक्टर नहीं है।
Got it?,समझे कि नहीं?
I'm buying meat and vegetables.,मैं गोश्त और सब्ज़ी खरीद रहा हूं।
I'm buying meat and vegetables.,मैं गोश्त और सब्ज़ी खरीद रही हूं।
Japan is close to China.,जापान चीन के नज़दीक है।
Madrid is the capital of Spain.,मेड्रिड स्पेन की राजधानी है।
May I come in?,मैं अंदर आ सकता हूँ क्या?
My luggage is in the boot.,मेरा सामान डिक्की में है।
See what's going on outside.,देखो बाहर क्या हो रहा है।
She didn't give me my money back.,उसने मुझे मेरे पैसे नहीं लौटाए।
He was covered in mud from head to foot.,वह सर से पांव तक कीचड़ में लतपत था।
"It's mine, not his.","मेरा है, उसका नहीं।"
"It's mine, not his.","मेरी है, उसकी नहीं।"
I wasn't fired. I quit.,मुझे नौकरी से निकाला नहीं गया। मैंने खुद ही नौकरी छोड़ दी।
The flowers have all withered.,सारे फूल मुरझा गए हैं।
Do you think that fish can hear?,क्या तुम्हें लगता है कि मछलियाँ सुन सकतीं हैं?
"Maybe I am unhappy, but I don't intend to kill myself.","हाँ शायद मैं दुखी हूँ, पर मुझे अपनी जान लेने का इरादा नहीं है।"
French is his mother tongue.,फ़्रांसीसी उसकी मातृ भाषा है।
What language is spoken in Mexico?,मेक्सिको में कौनसी भाषा बोली जाती है?
He is one of my neighbors.,वह मेरे पड़ोसियों में से एक है।
I like each of them.,मुझे हर एक पसंद है।
Shove a stick up your ass.,डंडा घुसा अपनी गांड में।
"Since you're here, you can help me.",तुम यहाँ आ ही गए हो तो मेरी मदद कर सकते हो।
Soccer is very popular in Spain.,फुटबॉल स्पेन में बहुत लोकप्रिय है।
Suck my dick.,मरा लंड चूस।
The capital of Mexico is the largest city in Latin America.,मेक्सिको की राजधानी लैटिन अमरीका का सबसे बड़ा शहर है।
The horse is far from the house.,घोड़ा घर से दूर है।
The kids are making too much noise.,बच्चे कुछ ज़्यादा ही शोर कर रहे हैं।
The meat is not well enough cooked.,मीट अच्छे से पका नहीं है।
There are many Roman statues in the next room.,अगले कमरे में अनेक रोमन मूर्तियाँ हैं।
There are no towels in room 15.,कमरा नम्बर पंद्राह में तौलिये नहीं हैं।
They are watching a movie.,वे फ़िल्म देख रहे हैं।
This chair is too small.,यह कुरसी बहुत छोटी है।
This country is called Russia.,इस देश को रूस कहते हैं।
This is my book.,यह मेरी किताब है।
This museum has been closed for five years.,यह म्युज़ियम पाँच साल से बंद है।
I cannot tolerate naughty children.,मैं नटखट बच्चों को बर्दाश्त नहीं कर सकता।
Today I turn four years old.,आज मैं चार साल का हो गया हूँ।
We can hear the church bell every morning.,हमें हर सुबह चर्च की घंटी सुनाई देती है।
We study Arabic.,हम अरबी पढ़तें हैं।
Weather changes often.,मौसम अक्सर बदलता है।
What do you like to do?,तम्हे क्या करना अच्छा लगता है?
What do you like to do?,आपको क्या करना अच्छा लगता है?
What do you want it for?,तुम्हें किसलिए चाहिए?
What does it contain?,इसमें क्या है?
What fruit is red?,कौनसा फल लाल है?
Let him in.,उसे अंदर भेजो।
Let him in.,उसे अंदर आने दो।
Don't deceive him.,उसे धोका मत दो।
I had never seen him before.,मैंने उसे पहले कभी नहीं देखा था।
I had met him many times before then.,मैं उससे पहले कई बार मिल चुका था।
He gave his life for the nation.,उसने अपनी ज़िन्दगी अपने देश को प्रदान कर दी।
He gave his life for the nation.,उसने अपनी ज़िन्दगी अपने देश के लिए दे दी।
Please wait five minutes.,कृपया पाँच मिनट ठहरिए।
"Because of his advice, I was able to succeed.",मैं उसकी सलाह की वजह से कामयाब हो गया।
Kiev is the mother of Russian cities.,कीव रूसी शहरों की माँ है।
Where is your father?,तुम्हारे पिता कहाँ हैं?
"He is rich, but his older brother is poor.","वह अमीर है, मगर उसका बड़ा भाई गरीब है।"
One panini or two paninis?,एक पानिनी या दो पानिनी?
Do you have breakfast at home?,तुम घर में नाश्ता खाते हो क्या?
She has blue eyes.,उसकी नीली आँखें हैं।
He catches colds easily.,उसे ज़ुकाम बहुत आसानी से हो जाता है।
Why do you go about being cross at people?,तुम लोगों पर इतना गुस्सा क्यों होते हो?
I'm going to go buy some materials today.,मैं आज कुछ सामान ख़रीदने जाऊँगी।
We had three airplanes.,हमारे पास तीन हवाई जहाज़ थे।
Oh! Show me how.,अरे! मुझे भी सिखाओ!
I hope that it rains tomorrow.,काश कल बारिश हो जाए।
Bad news travels quickly.,बुरी खबर तेज़ी से फैलती है।
She knows nothing about your family.,उसे तुम्हारे परिवार के बारे में कुछ नहीं पता.
Are you speaking to me?,क्या आप मुझसे बात कर रहें हैं?
Are you speaking to me?,क्या तुम मुझसे बात कर रहे हो?
Are you speaking to me?,क्या तुम मुझसे बात कर रही हो?
I dove into the river.,मैंने नदी में छलाँग लगाकर डुबकी ली।
He killed that man.,उसने उस आदमी को मार डाला।
He killed that man.,उन्होंने उस आदमी को मार डाला।
I will explain it to him.,मैं उसको यह बात समझाउँगा।
My father hates the summer heat.,मेरे पापा को गर्मी के मौसम से नफ़रत है।
"Excuse me, is Xinqiao Restaurant far from here?","सुनिए, शिनछिआओ रेस्तराँ यहाँ से दूर है क्या?"
I haven't eaten yet.,मैंने अभी तक नहीं खाया है।
Please sign here.,यहाँ अपना हस्ताक्षर कीजिए।
I get up at six every day.,मैं रोज़ छः बजे उठता हूँ।
"Excuse me, is there a toilet nearby?","सुनिए, आस-पास में कोई टॉयलेट है क्या?"
"It's five o' clock. If you quickly post your letter, it still might make it in time.",पाँच बज गए हैं। अगर तुम अपनी चिट्ठी जल्दी से डाक में डालदो तो शायद अभी भी चली जाएगी।
It's good now; neither too heavy nor too light.,अब ठीक है। न ज़्यादा भारी है न ज़्यादा हल्का है।
What day is it today?,आज कौनसा वार है?
One of the lights is not working. Do you think you could come take a look?,एक बत्ती नहीं जल रही है। तुम ज़रा आकर देख सकते हो क्या?
He employs a maid.,वह नौकरानी रखता है।
Pakistan is a Muslim country.,पाकिस्तान मुस्लिम देश है।
Don't make noise.,शोर मत मचाओ।
Yes.,हाँ।
My god is the greatest!,मेरा भगवान सबसे महान है.
I usually get up at eight o'clock.,मैं आमतौर आठ बजे सोकर उठता हूँ।
I usually get up at eight o'clock.,मैं आमतौर पर आठ बजे उठा करता हूँ।
The sun is red.,सूरज लाल है।
Don't leave me!,मुझे छोड़ के मत जाओ!
Someone has cut my kite string.,किसी ने मेरी पतंग काट ली है।
Our health is our most precious possession.,हमारा स्वास्थ्य हमारी सबसे कीमती संपत्ति होती है।
Look how fast he runs!,देखो वह कितना तेज़ दौड़ता है!
Hindus and Muslims are all brothers.,हिंदू-मुसलमान भाई-भाई।
"In Soviet Russia, sentence writes you!",सोवियेत रूस में आप वाक्यों को नहीं वाक्य आपको लिखतें हैं।
Please sit.,बैठिए।
The conference ended at five.,यह सम्मेलन पाँच बजे खत्म हुआ।
Many people encouraged me to fulfill my ambitions.,अपनी अभिलाषाओं को पूरी करने के लिए मुझे बहुत से लोगों ने बढ़ावा दिया।
Waking up is the opposite of going to sleep.,जागना सोने का विलोम शब्द है।
Today is Independence Day.,आज स्वतंत्रता दिवस है।
India's Independence Day is celebrated on the fifteenth of August.,भारत का स्वतंत्रता दिवस पंद्रह अगस्त को मनाया जाता है।
Republic Day is celebrated on the twenty-sixth of January.,छब्बीस जनवरी को गणतंत्र दिवस मनाया जाता है।
The power went out.,बिजली चली गई।
"On the fifteenth of August, thousands of people fly kites.",पंद्रह अगस्त के दिन हज़ारों लोग पतंग उड़ातें हैं।
"The Indian flag is called the tricolour because it has stripes of three colours – saffron, white and green.","भारत का झंडा तिरंगा कहलाया जाता है क्योंकि उसमें तीन रंगों की पट्टियाँ हैं - केसरी, सफ़ेद और हरा।"
He's in a bad state.,उसकी हालत बुरी है।
This is the monsoon season.,यह वर्षा ऋतु का मौसम है।
He has a lot of money.,वह बहुत पैसेवाला है।
I'll phone you.,मैं तुम्हें फ़ोन करूँगा।
"He's not a scientist, but he is our friend.","वोह एक वैज्ञानिक न ही है, पर हमारा दोस्त जरूर है |"
Sumo wrestling is a traditional Japanese sport.,सूमो कुश्ती यह एक पारंपरिक जापानी खेल है।
What is this nonsense?,यह क्या बकवास है?
I'm really hungry.,मुझे बहुत भूख लगी है।
She prepared a wonderful meal for us.,उसने हमारे लिए बहुत ही शानदार भोजन तैयार किया।
He is French.,वह फ़्रानसीसी है।
Who doesn't know such a common saying?,इस तरह की आम कहावत को कौन नहीं जानता?
Precisely!,वही तो!
Guns don't kill people. People kill people.,बंदूकें लोगों को नहीं मारती। लोग लोगों को मारते हैं।
Can't you speak English?,तुम अंग्रेज़ी नहीं बोल सकते हो क्या?
I never dreamed that I would meet you here.,मैं सपने में भी नहीं सोच सकता था कि तुमसे यहाँ मुलाकात होगी।
I never dreamed that you would lose.,मैंने सपने में भी नहीं सोचा था कि तुम हार जाओगे।
Would you mind speaking a little softer please?,आवाज़ थोड़ी धीमी कर सकते हो क्या?
He could not come because of his illness.,वह बीमारी की वजह से नहीं आ सका।
She could not come because of her illness.,वह बीमारी की वजह से नहीं आ सका।
I just fixed the car yesterday!,मैंने गाड़ी को कल ही तो ठीक किया था!
Trade leads to national progress.,व्यापार से देश का विकास होता है।
Trade leads to national progress.,व्यापार से देश की प्रगति होती है।
Can't you see right?,तुम्हारी आँखे खराब हैं क्या?
Insert it wherever you like.,जहाँ भी घुसाना है घुसा दो।
Place it wherever you like.,जहाँ भी रखना है रखदो।
Yesterday's maximum temperature was 37°C.,कल का अधिकतम तापमान सैंतीस डिग्री सेल्सियस था।
Respect yourself and you will be respected.,अपनी मर्यादा अपने हाथ
Come sit with us.,आओ हमारे साथ बैठो।
Come sit with us.,"आइए, हमारे साथ बैठिए।"
In Japan there aren't any lakes bigger than Lake Biwa.,जापान में बीवा झील से बड़ी और कोई झील नहीं है।
Why don't you listen to me?,तुम मेरी बात सुनते क्यों नहीं हो?
To have one's cake and eat it too.,चित भी मेरी पट भी मेरी।
What's the problem?,मुश्किल क्या है?
I am dead to you.,मैं तुम्हारी आँखों में मर चुका हूँ।
"In your eyes, I am already dead.",मैं तुम्हारी आँखों में मर चुका हूँ।
That accident was due to his carelessness.,वह ऐक्सीडेंट उसकी लापरवाही की वजह से हुआ।
Your dog is very fat.,तुम्हारा कुत्ता बहुत मोटा है।
Could you get a hammer for me from the kitchen please?,रसोई में जाकर मेरे लिए एक हथौड़ा ले आओगे क्या?
"She is poor, but happy.","वह गरीब है, पर खुश है।"
"He is poor, but happy.","वह गरीब है, पर खुश है।"
I worked on the farm all day.,मैंने पूरे दिन खेत में काम किया।
He likes his school a lot.,उसे अपना स्कूल बहुत पसंद है।
She likes her school a lot.,उसे अपना स्कूल बहुत पसंद है।
He does not believe in any faith.,वह किसी भी धर्म को नहीं मानता है।
Everyone could easily see his disappointment.,उसकी निराशा सभी आसानी से दिख सकते थे।
My mother told me to do a careless job of it.,मेरी माँ ने मुझसे घास काटने के लिए कहा।
I refuse to talk to you!,मैं तुमसे नहीं बोलती!
"The Bhopal Gas Tragedy, which occurred on the night of December 2, 1984 at the Union Carbide plant in Bhopal, India, was the world's worst industrial catastrophe.","भोपाल गैस त्रासदी, जो भारत के भोपाल शहर के यूनियन कार्बाइड कारखाने में दिसम्बर २, १९८४ की रात को हुई, दुनिया की सबसे विपत्तिजनक औद्योगिक दुर्घटना है।"
"Thousands of people lost their lives in the Bhopal Gas Tragedy, and even today hundreds of thousands of people still suffer from the ill-effects of the poisonous gas.",भोपाल गैस त्रासदी में हज़ारों लोग मारे गए और आज भी लाखों लोग उस जहरीली गैस के दुर्प्रभावों से पीड़ित हैं।
We will have to take off our shoes before going in.,हमे अंदर जाने से पहले जूते उतारने होंगे।
"The Taj Mahal is a mausoleum located in Agra, India.",ताज महल भारत के आगरा शहर में स्थित एक मक़बरा है।
The Taj Mahal is one of the seven wonders of the world.,ताज महल विश्व के सात आश्चर्यों में से एक है।
The capital of India is New Delhi.,भारत की राजधानी नई दिल्ली है।
India is a union of twenty-eight states and seven union territories.,भारत अट्ठाईस राज्यों और सात केन्द्र शासित प्रदेशों का एक संघ है।
Mumbai is the capital of the Indian state of Maharashtra.,मुम्बई भारतीय राज्य महाराष्ट्र की राजधानी है।
Mumbai is the most populous city in India and the second most populous city in the world.,मुम्बई भारत की पहली और दुनिया की दूसरी सर्वाधिक आबादी वाली नगरी है।
Bombay is the former name of Mumbai and was given to it by the English.,बमबई मुम्बई का पुराना नाम है जो उसे अंग्रेज़ों ने दिया था।
The Qutub Minar and Red Fort are in Delhi.,क़ुतुब मीनार और लाल किला दिल्ली में हैं।
We don't have time to finish the job properly; we're just going to have to wing it.,"हमारे पास ठीक से काम खतम करने के लिए समय नहीं हैं, कोई-न-कोई जुगाड़ लगाना होगा।"
What the fuck do you think you're doing?,"साले, तू क्या कर रहा है?"
Have you gone nuts?,तेरी अकल घास चरने गई है क्या?
Swimming is easy for me.,मेरे लिए तैरना आसान है।
"The capital of Himachal Pradesh, Shimla, is only 115 kilometres away from Chandigarh.","हिमाचल प्रदेश की राजधानी, शिमला, चण्डीगढ़ से केवल ११५ किलोमीटर की दूरी पर है।"
"Bulla, who knows who I am!","बुल्ला, की जाणा मैं कौण!"
"Bulla, who knows who I am!","बुल्ला, कौन जाने मैं कौन!"
"This is not your book, it's mine.","यह तुम्हारी किताब नहीं है, यह मेरी है।"
"This is not your book, it's mine.","यह आपकी नहीं, मेरी किताब है।"
The ship leaves for Honolulu tomorrow.,वह जहाज़ कल होनोलूलू के लिए रवाना होगा।
You're driving like a maniac!,आप किसी सनकी की तरह गाड़ी चला रहे हैं!
You're driving like a maniac!,तुम किसी सनकी की तरह गाड़ी चला रहे हो!
You're driving like a maniac!,तुम किसी सनकी की तरह गाड़ी चला रही हो!
We drink our tea with sugar.,हम चाय चीनी के साथ लेते हैं।
We drink our tea with sugar.,हम चाय चीनी डालकर पीते हैं।
We put sugar in our tea.,हम चाय में चीनी डालते हैं।
We take our tea with sugar.,हम चाय चीनी के साथ लेते हैं।
"A neutral country is a country that doesn't sell weapons to a warring country, unless you pay cash.","तटस्थ देश वह देश होता है जो किसी युद्धरत देश को हत्यार नहीं बेचता, सिवाय अगर आप नकद में भुगतान कर रहे हैं।"
I hate taking risks.,मुझे जोखिम लेना पसंद नहीं है।
It was proved that he was a thief.,यह साबित कर दिया गया कि वह चोर था।
This cloth is really smooth and silky.,यह कपड़ा बहुत रेशमी है।
The dog is mine.,कुत्ता मेरा है।
The girl who works at the bakery is cute.,बेकरी में जो लड़की काम करती है वह बहुत क्यूट है।
These pictures are really very beautiful.,ये तस्वीरें सच में बहुत सुंदर हैं।
This is why I came back.,मैं इसीलिए वापस आया था।
I have a hard-on for her.,मेरा लुंड उसके लिए खड़ा है।
I have a hard-on for her.,मेरी लुंड उसके लिए खड़ी हो गई है।
This book is about China.,यह पुस्तक चीन के बारे में है।
Please shut the door.,दरवाज़े को बंद कर दीजिए।
Please close the door.,दरवाज़े को बंद कर दीजिए।
Who cut your hair?,तुम्हारे बाल किसने काटें?
Who cut your hair?,आपके बाल किसने काटें?
I count to ten.,मैं दस तक गिनता हूं।
I count to ten.,मैं दस तक गिनती हूं।
He is engaged to my sister.,उसकी मेरी बहन के साथ सगाई हो चुकी है।
"If it snows tomorrow, I'll build a snowman.",अगर कल बर्फ़ गिरी तो मैं स्नोमैन बनाऊंगा।
"If it snows tomorrow, I'll build a snowman.",अगर कल बर्फ़ गिरी तो मैं स्नोमैन बनाऊंगी।
Read as many books as possible.,जितनी किताबें पढ़ सकते हो पढ़ो।
There is a limit to how much one can tolerate.,बर्दाश्त की भी हद होती है।
Nice to meet you.,आपसे मिलकर खुशी हुई।
Are you a doctor?,आप डॉक्टर हैं क्या?
She prattles on and on.,वह बहुत बक-बक करती है।
I can drive a car.,मैं गाड़ी चला सकता हूँ।
China is bigger than Japan.,चीन जापान से बड़ा है।
I don't believe in God.,मैं भगवान में यकीन नहीं करता।
My eyes are tired.,मेरी आँखें थक गईं हैं।
The room smelled of tobacco.,कमरे में तम्बाकू की महक थी।
I've been studying Uighur for two years now.,मैं अभी दो सालों से उइघुर भाषा सीख रहा हूं।
I've been studying Uighur for two years now.,मैं अभी दो सालों से उइघुर भाषा सीख रही हूं।
When did you get married?,तुम्हारी शादी कब हुई थी?
We can deliver within a week.,हम एक हफ़्ते के अंदर-अंदर पहुँचा सकते हैं।
Let's eat before we go.,जाने से पहले खा लेते हैं।
He became a police officer.,वह पुलिस अफ़सर बन गया।
He doesn't know how to swim.,उसको तैरना नहीं आता।
English is my mother tongue.,अंग्रेज़ी मेरी मातृ भाषा है।
Spain is the winner of the 2010 FIFA World Cup.,२०१० फ़िफ़ा विश्व कप का विजेता स्पेन था।
There were a lot of men among the inhabitants.,वस्नीकों में काफी तादाद में मर्द थे.
Attention!,सावधान!
Do you know how to use a computer?,क्या आपको कम्प्यूटर का इस्तेमाल करना आता है?
Do you know how to use a computer?,क्या आपको कम्प्यूटर का उपयोग करना आता है?
His little sister is fuckable.,उसकी छोटी बहन चोदने लायक है।
Please leave.,कृपया जाईये।
I sank into unconsciousness.,मैं बेहोशी में चला गया।
"No, I didn't go.","नहीं, मैं नहीं गया था।"
Goodbye!,ख़ुदा हाफ़िज़।
We are responsible for your protection from now on.,अबसे आपकी हिफ़ाज़त के लिए हम ज़िम्मेदार हैं।
He stood up.,वह खड़ा हो गया।
The ticket for your return journey has been arranged for.,आपके लौटने की टिकट का बंदोबस्त हो गया है।
You may go.,चाहो तो तुम जा सकती हो।
Have you ever seen a koala?,तुमने कभी क्वाला देखा है?
I've known Jim since I was a child.,मैं जिम को बचपन से जानता हूँ।
I had a fight with my older brother yesterday.,मेरा कल मेरे भाई के साथ झगड़ा हुआ था।
I had a fight with my older brother yesterday.,मेरी कल मेरे भाई के साथ लड़ाई हुई थी।
He is her friend.,वह उसका दोस्त है।
He's blond.,उसके सुनहरे बाल है।
He's blond.,उनके सुनहरे बाल हैं।
Yesterday was Thursday.,कल गुरुवार था।
He climbed the stairs.,वह सीड़ियों पर चढ़ गया।
China's developing too quickly.,चीन कुछ ज़्यादा ही तेज़ी से विकसित हो रहा है।
But I don't think that it's strange at all.,पर मेरे खयाल से यह बिलकुल भी अजीब नहीं है।
Who likes insects?,कीड़ें किसे पसंद है?
"I speak English, Russian and Globish.","मैं अंग्रेज़ी, रूसी और ग्लोबिश बोलता हूँ।"
"I speak English, Russian and Globish.","मैं अंग्रेज़ी, रूसी और ग्लोबिश बोलती हूँ।"
Crap! I fell for his trap!,अरे! मैं उसके चंगुल में फंस गया!
"Look, there's a cat in the kitchen.","देखो, रसोई में बिल्ली है।"
I don't like bad children.,मुझे बुरे बच्चे पसंद नहीं हैं।
I can't remember.,मुझे याद नहीं।
They speak English in Australia.,ऑस्ट्रेलिया में अंग्रेजी बोलते हैं।
They speak English in Australia.,ऑस्ट्रेलिया में वे अंग्रेजी बोलते हैं।
The clock is slow.,यह घड़ी धीरे चलती है।
I wonder what I should get you for your birthday.,मैं सोच रही हूँ तुम्हारे जन्मदिव्स पर तुम्हें क्या उपहार दूँ।
I want to visit Korea.,मैं कोरिया जाना चाहता हूँ।
You like to sing?,तुम्हें गाना गाना पसंद है?
My father bought me a bicycle.,मेरे पिताजी ने मेरे लिए साइकिल खरीदी।
My father bought me a bicycle.,मेरे पिता ने मेरे लिए साइकिल खरीदी।
Russians never smile.,रूसी कभी मुस्कुराते नहीं।
Fix the clock.,घड़ी ठीक करो।
Fix the clock.,घड़ी ठीक करें।
Fix the clock.,घड़ी ठीक कीजिए।
"As long as there is life, there is hope.","जब तक जान है, आशा है।"
"As long as there is life, there is hope.","जब तक जीवन है, आशा है।"
There are more clouds today than yesterday.,आज बादल कल से ज़्यादा हैं।
History is the teacher of life.,इतिहास ज़िन्दगी का अध्यापक है.
After death there is nothing.,मृत्यु के बाद कुछ नहीं होता।
We must clean our classroom.,हमें हमारा कक्षागृह साफ़ करना चाहिए।
I don't like eggs.,मुझे अंडे पसंद नहीं है।
I categorically refused.,मैंने सरासर इनकार कर दिया।
How fast is that train going?,वह ट्रेन कितनी तेज़ जा रही है?
How fast is that train going?,वह रेलगाड़ी कितनी तेज़ जा रही है?
I love pizza very much.,मुझे पिज़्ज़ा बहुत पसंद है।
I'm with you.,मैं तुम्हारे साथ हूं।
I'm with you.,मैं आपके साथ हूं।
We want complete sentences.,हमें केवल सम्पूर्ण वाक्य चाहिएं।
"Don't change sentences that are correct. You can, instead, submit natural-sounding alternative translations.","अगर कोई वाक्य सही है, उसे मत बदलिए। उसके बजाय, आप दूसरा ज़्यादा स्वाभाविक अनुवाद जोड़ सकते हैं।"
Don't add sentences from copyrighted sources.,कॉपीराईट वाले सोत्रों से वाक्य न जोड़ें।
"We want natural-sounding translations, not word-for-word direct translations.","हमे स्वाभाविक अनुवाद चाहिएँ, वैसे नहीं जिनमें शब्दों का केवल एक एक करके अनुवाद करा गया होता है।"
Make a good translation of the sentence that you are translating. Don't let translations into other languages influence you.,"आप जिस वाक्य का अनुवाद कर रहे हैं, उस ही का अच्छी तरह से अनुवाद करें। दूसरी भाषाओं के अनुवादों से प्रभावित न होने दें।"
Don't add annotations.,पार्श्व-टिप्पणियाँ न जोड़ें।
One language is never enough.,एक भाषा कभी भी काफ़ी नहीं होती।
"Ten, twenty, thirty, forty, fifty, sixty, seventy, eighty, ninety, hundred.","दस, बीस, तीस, चालीस, पचास, साठ, सत्तर, अस्सी, नब्बे, सौ।"
I was going out.,मैं बाहर जा रहा था।
I was going out.,मैं बाहर जा रही थी।
Would you please explain the rules to me?,आप मुझे नियम समझा सकते हैं क्या?
I'm going to go give my shoes to the cobbler.,मैं जूतों को मोची को देने जा रहा हूँ।
He likes not only music but sports as well.,संगीत के अलावा उसे खेल भी पसंद है।
He likes not only music but sports as well.,संगीत के अलावा उन्हें खेल भी पसंद है।
They say that Firefox is downloaded more than 8 million times a day.,कहते हैं के फ़ायरफ़ॉक्स प्रतिदिन ८ मिलियन से ज़्यादा बार डाउनलोड किया जाता है।
They say that Firefox is downloaded more than 8 million times a day.,कहते हैं के फ़ायरफ़ॉक्स प्रतिदिन ८० लाख से ज़्यादा बार डाउनलोड किया जाता है।
They can understand me.,वे मुझे समझ सकते हैं।
They can understand me.,वे मुझे समझ पाते हैं।
They can understand me.,वे मेरी बात को समझते हैं।
My eye has swollen up.,मेरी आँख सूज गई है।
My foot is aching.,मुझे पैर में दर्द हो रहा है।
My leg is aching.,मुझे पैर में दर्द हो रहा है।
Straighten your back!,अपनी पीठ सीधी करो!
Don't make faces.,मूँह मत बनाओ।
I'm going to the village tomorrow.,मैं कल गाँव जा रहा हूँ।
Look at that girl!,उस लड़की को तो देखो!
Look at that girl!,उस लड़की को तो देख!
Look at that girl!,उस लड़की को देखिए!
I am Japanese.,मैं जापानी हूँ।
Do not feed the troll.,ट्रोल को मत खिलाओ।
Do not feed the troll.,ट्रोल को ना खिलाएं।
No! Did he really say that? You can't be serious!,हँ! उसने सच में ऐसा कहा क्या? ऐसा कैसे हो सकता है!
These are the people who saw the explosion.,ये वे लोग है जिन्होंने वह विस्फोट देखा।
They're able to sing.,उन्हें गाना आता है।
They lifted her above their heads.,उन्होंने उसे अपने सिरों के ऊपर उठाया।
Tom is an activist in his community.,टॉम अपने समाज में कार्यकर्ता है।
Brad Pitt is an actor.,ब्रैड पिट अभिनेता हैं।
Mary's doctor advised her to exercise.,मैरी के डाक्टर ने उसे व्यायाम करने की सलाह दी।
Some people are afraid of spiders.,कुछ लोग मकड़ीयों से डरते हैं।
I didn't hear it.,मुझे सुनाई नहीं दिया।
I didn't hear it.,मैंने वह नहीं सुना।
Tom works for the Environmental Protection Agency.,टॉम पर्यावरण संरक्षण एजेंसी के लिये काम करता है।
Many countries depend on agriculture.,कई देश कृषि पर निर्भर करते हैं।
Agriculture is an important industry in California.,कैलिफोर्निया में कृषि एक महत्त्वपूर्ण उद्योग है।
The balloon is filled with air.,गुब्बारे में हवा भरी है।
Tom always wanted to join the air force.,टॉम को हमेशा से ही वायु सेना में भरती होना था।
This is Carrie Underwood's latest album.,यह कैरी अंडरवूड का सबसे नया अलबम है।
I finished all my work early.,मैंने अपना सारा काम जल्दी ख़तम कर दिया।
Mary spent all her time working.,मैरी ने अपना पूरा वक़्त काम करने में बिता दिया।
Tom was alone on Friday night.,टॉम शुक्रवार की रात अकेला था।
The factory produces ammunition.,वह कारखाना गोलाबारूद उत्पादित करता है।
Do you like ancient history?,क्या तुम्हें प्राचीन इतिहास पसंद है?
Do you like ancient history?,क्या आपको प्राचीन इतिहास पसंद है?
Anger is hard to control.,क्रोध पर नियंत्रण पाना मुश्किल होता है।
What's your answer?,तुम्हारा जवाब क्या है?
What's your answer?,आपका जवाब क्या है?
They appointed a judge.,उन्होंने एक न्यायाधीश नियुक्त किया।
What area of China do you like the best?,तुम्हें चीन का कौनसा इलाक़ा सबसे ज़्यादा पसंद आया?
What area of China do you like the best?,तुम्हें चीन का कौनसा क्षेत्र सबसे ज़्यादा पसंद आया?
What area of China do you like the best?,आपको चीन का कौनसा इलाक़ा सबसे ज़्यादा पसंद आया?
What area of China do you like the best?,आपको चीन का कौनसा क्षेत्र सबसे ज़्यादा पसंद आया?
They arrived in New Delhi on July 9th.,वे ९ जुलाई को नयी दिल्ली पहुँचें।
The white ball weighs as much as the red ball.,सफ़ेद गेंद का वज़न लाल गेंद जितना ही है।
Neil Armstrong was the first astronaut to walk on the moon.,नील आर्मस्ट्रांग चांद पर चलने वाला पहला अंतरिक्ष यात्री था।
Atoms are in everything.,परमाणु सभी में होते हैं।
Who first split the atom?,परमाणु को सबसे पहली बार विभाजित किसने किया?
There was an attack on a worker last night.,कल रात एक मज़दूर पर हमला हुआ था।
The soldiers started their attack.,सैनिकों ने अपना हमला शुरू किया।
Twenty people attended the party.,बीस लोग पार्टी में हाजिर थे।
Tom has a very old automobile.,टॉम के पास एक बहुत पुरानी मोटर है।
We live ten minutes away from him.,हम उससे दस मिनट दूर रहते हैं।
We live ten minutes away from him.,हम उनसे दस मिनट दूर रहते हैं।
Tom put his money in the bank.,टॉम ने अपने पैसे बैंक में डाल दिये।
Do you keep your money in a bank?,क्या आप अपने पैसे बैंक में रखते हैं?
Do you keep your money in a bank?,क्या तुम अपने पैसे किसी बैंक में रखते हो?
Do you keep your money in a bank?,क्या तुम अपने पैसे किसी बैंक में रखती हो?
There are many examples of beauty.,सुंदरता के कई उदाहरण होते हैं।
There are many examples of beauty.,सुंदरता के कई उदाहरण हैं।
We have space for two beds.,हमारे पास दो बिस्तरों के लिये जगह है।
There is a border between America and Mexico.,अमरीका और मेक्सिको के बीच एक सीमा है।
They were born in Thailand.,वे थाइलैंड में जन्मे थे।
They were born in Thailand.,उनका जन्म थाइलैंड में हुआ था।
Sixty-five countries boycotted the 1980 summer Olympics.,पैंसठ देशों ने १९८० ग्रीष्मकालीन ओलंपिक खेलों का बहिष्कार किया।
The human brain weighs about three pounds.,इनसानी दिमाग का वज़न लग-भग तीन पाउंड होता है।
Someone broke the window.,किसी ने खिड़की तोड़ी।
People normally breathe 12 to 20 times a minute.,लोग आमतौर पर 12 से 20 प्रति मिनट श्वास लेते हैं.
The bridge between Denmark and Sweden is almost five miles long.,डेनमार्क और स्वीडन के बीच का पुल लग-भग पाँच मैल लंबा है।
They built the first electric car.,उन्होंने पहली विद्युत कार निर्माण की।
It took 22 years to build the Taj Mahal.,ताज महाल बनाने में २२ साल लगे।
It will burn.,जलेगा।
The balloon will burst.,वह गुब्बारा फट जाएगा।
They buried her dead husband.,उन्होंने उसके मरे हुए पति को दफनाया।
She's burying her money in the sand.,वह अपना पैसा रेत में दफना रही है।
They bought a car.,उन्होंने एक गाड़ी खरीदी।
The family wants to buy a house.,वह परिवार एक घर खरीदना चाहता है।
Mary wants to buy a dress.,मैरी एक ड्रेस खरीदना चाहती है।
Tom's mother and sister had breast cancer.,टॉम के माँ और बहन को स्तन कैंसर हुआ था।
Tom caught the ball.,टॉम ने गेंद पकड़ी।
They want to change the law.,वह कानून बदलना चाहते हैं।
Nature is changing.,प्रकृति बदल रही है।
He's a citizen of China.,वह चीन का नागरिक है।
Tom wants to become a citizen.,टॉम नागरिक बनना चाहता है।
Tom is a citizen of the United States.,टॉम यूनाइटेड स्टेट्‍स का नागरिक है।
Malibu is on the coast of Southern California.,मालिबू दक्षिणी कॅलिफॉर्निया के समुद्र-तट पर है।
Tom collected old coins.,टॉम पुराने सिक्के इकट्ठा करता था।
What's the most famous college in the world?,दुनिया का सबसे मशहूर कॉलेज कौन सा है?
We live in a global community.,हम एक जागतिक समाज में रहते हैं।
A computer's electronics are very complex.,कंप्यूटर के इलेक्ट्रानिक्स बहुत जटिल होते हैं।
"I'll do it, but there's one condition.","करूँगा, मगर एक शर्त पर।"
"I'll do it, but there's one condition.","करूँगी, मगर मेरी एक शर्त है।"
"I'll do it, but there's one condition.","मैं करूँगा, मगर एक शर्त है।"
"I'll do it, but there's one condition.","मैं करूँगी, लेकिन एक शर्त है।"
Connect the two cables together.,उन दो केबलों को एक-साथ जोड़िए।
Connect the two cables together.,उन दो केबलों को एक-साथ जोड़ो।
They consider him their best employee.,वे उसे उनका सबसे अच्छा कर्मचारी मानते हैं।
They contacted their local politicians.,उन्होंने अपने स्थानिक नेताओं से संपर्क किया।
"This cake contains flour, milk, eggs and sugar.","इस केक में आटा, दूध, अंडे और शक्कर है।"
Copy this program on your computer.,इस प्रोग्राम को अपने कंप्यूटर पर कॉपी कर लेना।
Copy this program on your computer.,इस प्रोग्राम को अपने कंप्यूटर पर कॉपी कर लीजिए।
This bride is covering her face with a veil.,यह दुल्हन अपना चेहरा एक परदे से छिपा रही है।
The motorcycle crashed into a car.,मोटरसाइकिल गाड़ी से टकराई।
The cars crashed into each other.,गाडीयाँ एक दुसरे से टकराई।
James Cameron created a new way to make movies.,जेम्स कैमेरन ने फ़िल्में बनाने का एक नया तरीका निर्माण किया।
There was a financial crisis in 2009.,२००९ में एक वित्तीय संकट हुई थी।
A big crowd stood in the street.,रास्ते में एक बड़ी भीड़ खड़ी थी।
The drug culture has its own rules.,ड्रग संस्कृति के अपने ही नियम होते हैं।
Dance is a beautiful part of every culture.,नृत्य हर एक संस्कृति का एक सुंदर भाग होता है।
People dress colorfully in that culture.,उस संस्कृति में लोग रंग-बिरंगी कपड़े पहनते हैं।
They like to dance.,उन्हें नाचना पसंद है।
Some people like danger.,कुछ लोगों को खतरा पसंद होता है।
This room is too dark.,इस कमरे में कुछ ज़्यादा ही अँधेरा है।
The national debt is growing.,राष्ट्रीय ऋण बढ़ रही है।
What should you do to decrease your debt?,अपने ऋण को कम करने के लिये क्या करना चाहिए?
Mary will get her degree in June.,मैरी को जून में अपनी डिग्री मिलेगी।
An earthquake destroyed the building.,एक भूकंप ने वह इमारत तबाह कर दी।
Children love to dig in the sand.,बच्चों को रेत में खोदना अच्छा लगता है।
Breast cancer is a disease.,स्तन कैंसर एक रोग है।
Tom drowned in the ocean.,टॉम महासागर में डूब कर मरा।
Tom drowned in the ocean.,टॉम महासागर में डूब कर मरे।
They became friends in elementary school.,वे प्रारम्भिक पाठशाला में दोस्त बने।
Russia imported wheat from the United States.,रूस ने यूनाइटेड स्टेट्‍स से गेहूँ आयात किया।
Lake Baikal in Russia is the deepest lake in the world.,रूस में स्थित बाइकाल झील दुनिया की सबसे गहरी झील है।
They lived in Spain for several years.,वे कई साल स्पेन में रहें।
Tom joined the navy after finishing college.,टॉम कॉलेज की पड़ाई सम्पूर्ण करने पश्चात जल सेना में भरती हो गया ।
Mexico is a neighbor of the United States.,मेक्सिको यूनाइटेड स्टेट्‍स का पड़ोसी है।
Have you ever lived in a rural area?,कभी ग्रामीण क्षेत्र में रहे हो?
"The first artificial satellite was Sputnik 1, launched by Russia in 1957.","स्पुटनिक १ सबसे पहला कृत्रिम उपग्रह था, जिसे रूस मे १९५७ में प्रक्षेपित किया।"
America is made up of 50 states.,अमरीका ५० राज्यों का बना है।
The walls in the old house were not straight.,उस पुराने घर की दीवारें सीधी नहीं थी।
The road stays straight for the next 50 miles.,रास्ता अगले ५० मैल सीधा ही रहेगा।
A strange car was parked in front of my house.,मेरे घर के सामने एक अजीब सी गाड़ी पार्क की गयी थी।
Tom's answer surprised me.,टॉम के जवाब से मैं चौक गया।
Tom's answer surprised me.,टॉम का जवाब सुन कर मैं चौक गयी।
The bridge is very long and very tall.,वह पुल बहुत लंबा और बहुत ऊंचा है।
All Americans have to pay their taxes.,सभी अमरीकीयों को अपना कर भरना पड़ता हैं।
The world's largest telescope is in the Canary Islands.,दुनिया की सबसे बड़ी दुरबीन कैनरी द्वीप समूह पर है।
We saw a terrible movie last night.,हमने कल रात एक भयानक फ़िल्म देखी।
Tom could never forget the terror of war.,युद्ध का आतंक टॉम कभी नहीं भूल पाया।
Terrorists attacked the World Trade Center in New York City in 2001.,२००१ में न्यूयॉर्क शहर में आतंकवादियों वर्ल्ड ट्रेड सेंटर पर हमला किया।
The forest is very thick.,जंगल बहुत घना है।
This laptop computer is very thin.,यह लैपटॉप कंप्यूटर बहुत पतला है।
"In baseball, the pitcher is the player who throws the ball.","बेसबॉल में गेंद फेंकने वाले को ""पिचर"" कहते है।"
The town was established in the 18th century.,यह नगर १८वे शतक में स्थापित किया गया था।
Trade between two countries can be complex.,दो देशों के बीच का व्यापार जटिल हो सकता है।
They both cried after hearing the tragic news.,वह दुखद ख़बर सुन कर वे दोनों रोए।
Where's the bakery?,बेकरी कहाँ है?
Where's the ice?,बर्फ कहाँ है?
Going down on somebody is an art.,किसी के साथ मुख मैथुन करना एक कला होती है।
He has invited me to attend his wedding.,उसने मुझे अपनी शादी में आने का का न्योता दिया है।
She has invited me to attend her wedding.,उसने मुझे अपनी शादी में आने का का न्योता दिया है।
My father is going to China.,मेरे पिता चीन जा रहे हैं।
She hadn't given me her name.,उसने मुझे अपना नाम नहीं दिया था।
"I'm gay, so?","मैं गे हूँ, तो?"
See you at five.,पाँच बजे मिलते हैं।
We'd like to climb that mountain.,हम उस पहाड़ के ऊपर चड़ना पसंद करेंगे.
"In a calm sea, every man is a pilot.",समुंदर शांत तो हर कोई कप्तान।
"Harry, I'm worried.","हॅरी, मुझे चिंता हो रही है।"
How many letters does the Russian alphabet have?,रूसी वर्णमाला में कितने अक्षर हैं?
I'm not a fan of Kim Kardashian.,मैं किम कार्दशियन का प्रशंसक नहीं हूं।
I'm not a fan of Kim Kardashian.,मैं किम कार्दशियन की प्रशंसक नहीं हूं।
That's the badger!,वह रहा बिज्जू!
It's the law.,यही कानून है.
"If you wish, you can go.",अगर आप चाहो तो आप जा सकते हैं।
"If you wish, you can go.",चाहो तो तुम जा सकते हो।
"If you wish, you can go.",चाहो तो तुम जा सकती हो।
Who's that?,वह कौन है?
Few elephants would volunteer to move to Europe.,केवल कुछ ही हाथी स्वेच्छा से यूरोप को जाना पसंद करेंगे।
China is twenty times bigger than Japan.,चीन जापान से बीस गुना बड़ा है।
Which films are showing now?,अभी कौनसी फ़िल्में दिखाई जा रहीं हैं?
I was a teacher for fifteen years.,मैं पन्द्रह साल शिक्षक था।
I was a teacher for fifteen years.,मैं पंद्रह साल शिक्षिका थी।
Game over.,खेल ख़त्म।
"Yeah, and?","हां, तो?"
"Yeah, and?","हां, और?"
I saw a red car and a white one. The red one was nicer looking than the white one.,मैंने एक लाल कार और सफ़ेद कार देखी. लाल कार सफ़ेद कार से दिखने में ज़्यादा अच्छी थी.
I am living in Volgograd.,मैं वोल्गोग्रैड में रह रहा हूँ।
I am living in Volgograd.,मैं वोल्गोग्रैड में रह रही हूँ।
I don't have four sisters.,मेरी चार बहने नहीं है।
I don't have four sisters.,मेरे पास चार बहने नहीं है।
He waved at her.,उसने उसकी तरफ हाथ फिराया.
The penis entered the vagina.,लिंग ने योनी में प्रवेश किया।
This manga is pretty popular in China.,यह मान्गा चीन में बहुत लोकप्रिय है।
She has big boobs.,उसके बड़े मम्मे हैं।
She thinks about cocks all the time.,वह हर वक़्त लंडों के बारे में सोचती है।
I am Anthony.,मैं एंथनी।
I am Anthony.,एंथनी मैं हूँ।
She has large breasts.,उसके पास बड़े स्तन हैं।
She has large breasts.,उनके पास बड़े स्तन हैं।
I want to sleep with your wife.,मैं तुम्हारी बीवी के साथ सोना चाहता हूं।
I want to sleep with your wife.,मैं तुम्हारी बीवी के साथ सोना चाहती हूं।
I want to sleep with your wife.,मैं आपकी पत्नी के साथ सोना चाहता हूं।
I want to sleep with your wife.,मैं आपकी पत्नी के साथ सोना चाहती हूं।
My dad's name is Fritz.,मेरे पापा का नाम फ्रित्ज़ है।
Open Sesame!,खुल जा सिमसिम!
This writer is Russian.,यह लेखक रूसी है।
My friend is Indian.,मेरा दोस्त भारतीय है।
My friend is Indian.,मेरा मित्र भारतीय है।
My friend is Indian.,मेरी सहेली भारतीय है।
"I don't understand Chinese, but I want to learn.","मैं चीनी नहीं समझता, मगर सीखना चाहता हूं।"
"I don't understand Chinese, but I want to learn.","मैं चीनी नहीं समझती, मगर सीखना चाहती हूं।"
"Yesterday I became a god, but found that a bit boring, so today I became a devil.","कल मैं देवता बना, लेकिन इसमें मुझे मज़ा नहीं आया। इसलिए आज मैं शैतान बन गया।"
Do you want to have sex with me tonight?,क्या तुम आज रात मेरे साथ सेक्स करना चाहते हो?
Do you want to have sex with me tonight?,क्या तुम आज रात मेरे साथ सेक्स करना चाहती हो?
Do you want to have sex with me tonight?,क्या आप आज रात मेरे साथ सेक्स करना चाहते हैं?
What is the capital of Haiti?,हैती की राजधानी क्या है?
They accepted the new government.,उन्होंने नया सरकार स्वीकारा।
They said Anderson and his men must leave the fort.,उन्होंने कहां के अॅन्डर्सन और उसके आदमियों को गढ़ छोड़ना पड़ेगा।
They said Anderson and his men must leave the fort.,उन्होंने कहां के अॅन्डर्सन और उनके आदमियों को गढ़ छोड़ना पड़ेगा।
He was a Roman Catholic.,वह रोमन कैथोलिक था।
He spoke to farmers in Iowa.,उसने आयोवा में किसानों से बात की।
He spoke to farmers in Iowa.,उन्होंने आयोवा में किसानों से बात की।
He was aiming a gun at them.,उसने बंदूक से उन पर निशाना साधा था।
He was caught in the middle.,वह बीच में अटका था।
He did not like responsibility.,उसे जिम्मेदारी पसंद नहीं थी।
He was living with the Indians.,वह उन भारतीयों के साथ रह रहा था।
He crossed the Rio Grande River.,उसने रिओ ग्रांडे नदी पार की।
He was the king of rock-and-roll.,वह रॉक अॅन्ड रोल का राजा था।
He was the king of rock-and-roll.,वे रॉक अॅन्ड रोल के राजा थे।
He was a member of the Supreme Court.,वह सर्वोच्च न्यायालय का सदस्य था।
He was a member of the Supreme Court.,वे सर्वोच्च न्यायालय के सदस्य थे।
The people of Boston hated the British soldiers.,बॉस्टन के लोग ब्रिटिश सैनिकों से नफ़रत करते थें।
"Finally, on January eighth, the British attacked.","आखिर, आठ जनवरी को, ब्रिटिशों ने हमला किया।"
General Montcalm attacked several British forts in 1757.,सेनापति मोन्टकाम ने १७५७ में अनेक ब्रिटिश गढ़ों पर हमला किया।
The British defeated the French in North America in 1763.,ब्रिटिशों ने १७६३ में फ़्रांसीसीयों को उत्तर अमेरिका में हराया।
The British believed the Americans were violating their law.,ब्रिटिशों का मानना था के अमरीकी उनके कानूनों का उल्लंघन कर रहे थे।
British Prime Minister Neville Chamberlain was forced to resign.,ब्रिटिश प्रधान मंत्री नेविल चेम्बरलेन को इस्तीफ़ा देना पडा।
"Italy, Romania, Portugal, and Greece joined the Allies.","इटली, रोमानिया, पुर्तगाल और यूनान मित्र-राष्ट्रों में शामिल हो गये।"
Japan had defeated Russia in a war in 1905.,१९०५ में जापान ने रूस को एक युद्ध में हराया था।
Germany wanted Russia to stay out of the war.,जर्मनी चाहता था कि रूस युद्ध से बाहर रहे।
Two Indians were killed.,दो भारतीय मारे गये।
Thirty-thousand people were killed.,तीस हजार लोग मारे गये।
There was enough food for forty days.,चालीस दिनों के लिये काफ़ी भोजन था।
There was enough food for forty days.,चालीस दिनों के लिये काफ़ी खाना था।
Saddam rejected the demand.,सद्दाम ने मांग को अस्वीकार किया।
Spain ruled Cuba at that time.,उस वक़्त क्यूबा पर स्पेन राज करता था।
Warren Harding was an honest man.,वॉरेन हार्डिंग ईमानदार आदमी था।
"In August 1990, Iraq invaded Kuwait.",अगस्त १९९० में इराक ने कुवैत पर आक्रमण किया।
More than five-hundred were wounded.,पाँच सौ से ज़्यादा ज़ख्मी थे।
One of Hamilton's friends explained the rules.,हॅमिल्टन के दोस्तों में से एक ने नियम समझाएं।
My birthday approaches.,मेरा जन्मदिन पास आ रहा है।
No doubt.,कोई शक नहीं।
This sentence has only one language.,इस वाक्य की बस एक भाषा है।
What happened then?,उसके बाद क्या हुआ?
What happened then?,फिर क्या हुआ?
My grandfather was a farmer.,मेरे दादा किसान थे।
You tell him the truth.,उसे सच बताओ।
English is a common language for many Asians.,अंग्रेज़ी कईं एशियाइयों के लिए सामान्य भाषा है।
I don't like teachers who like students who don't like asking questions.,सवाल पूछना न पसंद करने वाले विद्यार्थियों को पसंद करने वाले शिक्षक मुझे पसंद नहीं।
We've been here for a couple of minutes.,हमें यहाँ आये हुए केवल दो मिनट ही हुए हैं.
I had naan with the tea for breakfast.,मैंने सुबह के नाश्ते में चाय के साथ नान ली।
I had naan with the tea for breakfast.,मैंने सुबह के नाश्ते में चाय के साथ नान खाई।
I ate three pieces of cake.,मैंने केक के तीन टुकड़े खाए.
"Not long ago we heard a father say in the presence of his large family, ""I don't want any of my boys to be lawyers.""",हाल ही में हमने एक पिता को यह बोलते सुना कि उसका कोई भी लड़का बड़ा होके वकील नहीं बनेगा.
"Do you watch ""Tom and Jerry""?",टॉम एंड जेरी देखते हो?
"Do you watch ""Tom and Jerry""?",टॉम एंड जेरी देखती हो?
"Do you watch ""Tom and Jerry""?","क्या आप ""टॉम एंड जेरी"" देखते हो?"
Two years ago I went to China.,दो साल पहले मैं चीन गया।
Two years ago I went to China.,दो साल पहले मैं चीन गयी।
Looking at your Facebook friends' photos is a waste of time.,फ़ेसबुक पर अपने दोस्तों की तसवीरें देखते बैठना मतलब वक़्त की बरबादी है।
I saw my grandfather last week.,मैंने मेरे दादा को पिछले हफ़्ते देखा।
I saw my grandfather last week.,मैंने मेरे नाना को पिछले हफ़्ते देखा।
I saw you in the strip club the day before yesterday.,मैंने तुम्हें परसों स्ट्रिप क्लब में देखा था।
Where were we?,हम कहां थे?
Iran is the eighteenth largest country in the world.,ईरान दुनिया का अठारहवाँ सबसे बड़ा देश है।
Kate Middleton is now the duchess of Cambridge.,केट मिडलटन अभी केंब्रिज की डचेस हैं।
Lucy is an American.,लूसी अमरीकी है।
"This week, we're in a hurry.",इस हफ़्ते हम जलदी में हैं।
You will speak Swedish.,तुम स्वीडिश में बोलोगे।
You will speak Swedish.,आप स्वीडिश में बोलेंगे।
You will speak Swedish.,तुम स्वीडिश में बोलोगी।
He will have to do that task again.,उसे वो काम फिर से करना पड़ेगा ।
We are going to meet him tonight.,हम आज रात उसको मिलेंगे.
She sent those e-mails an hour ago.,उसने वे पपत्र एक घंटे पहले भेजे।
She sent those e-mails an hour ago.,उन्होंने वे पपत्र एक घंटे पहले भेजे।
She and I are Brazilian.,वह और मैं ब्राज़ीली हैं।
She and I are Brazilian.,वे और मैं ब्राज़ीली हैं।
Jack and Bill were very good friends.,जैक व बिल घनिष्ठ मित्र थे।
We're sharing your work.,हम तुम्हारा काम बाँट रहें हैं।
When is the Apocalypse?,क़यामत कब है?
She didn't want him to go overseas.,वह लड़की नहीं चाहती थी कि वह लड़का विदेश जाए।
She handed him his jacket then opened the door and asked him to leave.,"उसने उसे उसका जैकेट हाथ में दे दिया, फिर दरवाज़ा खोला और उसे चले जाने के लिए कहां।"
She handed him his jacket then opened the door and asked him to leave.,"उन्होंने उन्हें उनका जैकेट हाथ में दे दिया, फिर दरवाज़ा खोला और उन्हें चले जाने के लिए कहां।"
She helps him.,वह उसकी मदद करती है।
She helps him.,वह उनकी मदद करती है।
She is helping him.,वह उसकी मदद कर रही है।
She is helping him.,वह उनकी मदद कर रही है।
She is helping him.,वे उसकी मदद कर रहीं हैं।
We all speak English.,हम सब अंग्रेज़ी बोलते हैं।
Vladivostok is a city in Russia.,व्लोदिवोस्तोक रूस में एक शहर है।
Japanese are Asians.,जापानी एशियाई हैं।
There are fifty stars on the American flag.,अमेरिकी झंडे पर पचास सितारें हैं।
"The major religions in China are Taoism, Buddhism, Islam and Christianity.","चीन में प्रमुख धर्म है ताओ धर्म, बुद्ध धर्म, इस्लाम और ईसाई धर्म।"
Run!,भाग!
Run!,भागो!
Run!,भागिए!
What's your favorite castle in Japan?,जापान में आपका सबसे पसंदीदा किला कौनसा है?
What's your favorite castle in Japan?,जापान में तुम्हारा सबसे पसंदीदा किला कौनसा है?
What's your favorite domestic wine?,तुम्हारी पसंदीदा देशी वाइन कौन सी है?
What's your favorite non-Google search engine?,गूगल के अलावा आपका सबसे पसंदीदा सर्च इंजन कौनसा है?
She left with her friends.,वह अपने दोस्तों के साथ चली गई।
She left with her friends.,वे अपने दोस्तों के साथ चली गईं।
Who's your favorite American actor?,तुम्हारा सबसे पसंदीदा अमरीकी अभिनेता कौन है?
Who's your favorite character on Glee?,ग्ली में तुम्हारा सबसे पसंदीदा किरदार कौनसा है?
Who's your favorite character on Glee?,ग्ली में आपका सबसे पसंदीदा किरदार कौनसा है?
It's working properly here but not up there.,यह यहाँ तो ठीक चल रहा है पर वहाँ ऊपर नहीं।
Portugal has only one neighbor and it's Spain.,"पुर्त्तगाल का बस एक ही पड़ोसी है, और वह हे स्पेन।"
The woman is naked.,वह औरत नंगी है।
The woman is naked.,वह महिला नंगी है।
I was forced to work on Sunday.,मुझसे रविवार को जबरदस्ती कम कराया गया था |
Many young Romans went to Greece.,कई जवान रोमन यूनान गएं।
I remember this word.,मुझे यह शब्द स्मरण है ।
Drink the medicine.,दवाई पियो।
This is my email address.,यह मेरा ईमेल एड्रेस है।
Maja Keuc is a good singer.,माया केउत्स अच्छी गायिका है।
I know quite a few people who don't eat meat.,मैं ऐसे कई लोगों को जानता हूं जो मांस नहीं खाते।
I know quite a few people who don't eat meat.,मैं ऐसे कई लोगों को जानती हूं जो मांस नहीं खाते।
They ate turkey on Thanksgiving Day.,उन्होंने थैंक्सगिविंग दिवस पर टर्की खाया।
You look Japanese.,तुम जापानी दिखते हो।
You look Japanese.,तुम जापानी दिखती हो।
You look Japanese.,आप जापानी दिखते हैं।
The man is naked.,वह आदमी नंगा है।
The madness has yet to begin.,पिकचर अभी बाकी है।
Where's the nearest metro station?,सबसे पास का मेट्रो स्टेशन कहां है?
Where's the nearest metro station?,सबसे पास वाला मेट्रो स्टेशन कहां है?
I wanted to go to China.,मैं चीन जाना चाहता था।
Is everything ready?,सब कुछ तैयार है?
Is everything ready?,क्या सब कुछ तैयार है?
Please do not write in this library book.,कृपया पुस्तकालय के किताबों में कुछ न लिखे
"First France, then Iraq.","पहले फ़्रांस, फिर इराक।"
That's the law.,यही कानून है।
I am learning Japanese.,मैं जापानी सिख रहा हूँ|
Are you alright?,तुम ठीक हो?
The capital of the United Kingdom is London.,संयुक्त राज्य की राजधानी लंदन है।
I'm in Portugal.,मैं पुर्तगाल में हूँ।
There wasn't anybody in that room.,कमरे में कोई भी नहीं था।
There wasn't anybody in that room.,उस कमरे में कोई भी नहीं था।
I don't like to drink coffee.,मुझे कॉफ़ी पीना पसंद नहीं।
I'm taking my book with me.,मैं यह किताब मेरे साथ ले जा रहा हूँ।
I'm taking my book with me.,मैं यह किताब मेरे साथ ले जा रही हूँ।
The children built a sand castle on the beach.,बच्चों ने बीच पर रेत का किला बनाया।
I'm gay.,मैं गे हूँ।
What does Tom do?,टॉम क्या करता है।
Tom talked about his family.,टॉम ने अपने परिवार के बारे में बात की।
Tom likes listening to the radio when he's driving.,टॉम गाड़ी चलाते वक्त रेडियो सुनना पसंद करता है।
Tom likes listening to the radio when he's driving.,टॉम गाड़ी चलाते वक्त रेडियो सुनना पसंद करते हैं।
Tom let out a deep breath.,टॉम ने एक गहरी सांस छोड़ी।
Tom isn't able to drive yet.,टॉम अभी गाड़ी नहीं चला सकता।
Tom is leaving for India next Friday.,टॉम अगले शुक्रवार भारत के लिए रवाना हो रहा है।
Tom is leaving for India next Friday.,टॉम अगले शुक्रवार भारत के लिए रवाना हो रहे हैं।
Tom is in need of help.,टॉम को मदद की ज़रूरत है।
Tom is in his office.,टॉम अपने दफ़्तर में है।
Tom is in his office.,टॉम अपने दफ़्तर में हैं।
Tom hasn't cleaned the kitchen yet.,टॉम ने अभी तक रसोई साफ़ नहीं की है।
Tom has two sons. Both of them live in Boston.,टॉम के दो बेटे हैं। दोनों बॉस्टन में रहते हैं।
Tom has been living in Boston for almost ten years.,टॉम बॉस्टन में लगभग दस सालों से रह रहा है।
Tom has been living in Boston for almost ten years.,टॉम बॉस्टन में लगभग दस सालों से रह रहे है।
Tom has accumulated a lot of junk.,टॉम ने बहुत सारा कबाड़ इकट्ठा किया है।
Tom has a nice camera.,टॉम के पास एक अच्छा सा कैमेरा है।
Tom had fifty dollars in his pocket at the time.,टॉम की जेब में उस समय पचास डॉलर थें।
Tom had fifty dollars in his pocket at the time.,टॉम के पास जेब में उस वक्त पचास डॉलर थें।
Tom eats the same food every day.,टॉम वही खाना हर रोज़ खाता है।
Tom eats the same food every day.,टॉम वही खाना हर रोज़ खाते हैं।
Tom doesn't want to read that book.,टॉम को वह किताब पढ़नी नहीं है।
Tom doesn't want to read that book.,टॉम वह किताब पढ़ना नहीं चाहता।
Tom doesn't know who I am.,टॉम नहीं जानता मैं कौन हूं।
Tom doesn't know who I am.,टॉम नहीं जानते हैं के मैं कौन हूँ।
Tom didn't read the newspaper yesterday.,टॉम ने कल अखबार नहीं पढ़ा।
Tom didn't know whether to laugh or cry.,टॉम को सूझ नहीं रहा था के वह हँसे या रोये.
Tom can't seem to do anything right.,टॉम कुछ भी सही ढंग से नहीं कर सकता.
Tom came a little after noon.,टॉम दोपहर के बाद थोडी ही देर में आया।
Tom bought a sweater for thirty dollars.,टॉम ने तीस डौलर्स में स्वेटर खरीदा।
Tom always looks happy.,टॉम हमेशा ख़ुश लगता है।
I hear that Tom isn't in Boston now.,सुना है टॉम अब बॉस्टन में नहीं है।
Tom's dream is to travel around the world with Mary.,टॉम का सपना है मेरी के साथ पूरी दुनिया की सैर करना।
Tom pushed Mary out the door.,टॉम ने मैरी को दरवाज़े के बाहर ढकेल दिया।
Tom pushed Mary out the door.,टॉम ने मैरी को दरवाज़े के बाहर ढकेला।
Tom often plays tennis with Mary after school.,पाठशाला छूटने के बाद टॉम अक्सर मॅरी के साथ टेनिस खेलता है।
Tom often plays tennis with Mary after school.,पाठशाला छूटने के बाद टॉम अक्सर मॅरी के साथ टेनिस खेलते हैं।
Tom left the matter entirely in Mary's hands.,टॉम ने मामला पूरी तरह मैरी के हाथों सौंपा।
Tom left the matter entirely in Mary's hands.,टॉम ने मामला पूरी तरह मैरी के हाथों सौंप दिया।
Tom is married to Mary.,टॉम की मैरी से शादी हुई है।
Tom couldn't understand what Mary was saying.,टॉम मेरी की बात समझ नहीं पाया।
Tom couldn't understand what Mary was saying.,टॉम को मेरी की बात समझ नहीं आई।
Tom couldn't understand what Mary was saying.,टॉम मेरी की बात समझ नहीं सका।
Tom couldn't get Mary to do it.,टॉम मेरी को यह करने के लिए मनवा नहीं सका.
Tom answered all of Mary's questions.,टॉम ने मैरी के सभी सवालों के जवाब दिए।
Mary used to play with dolls.,मैरी गुड़ियों के साथ खेलती थी।
Mary used to play with dolls.,मैरी गुड़ियों के साथ खेलती थीं।
"Zulfiqar was the famous sword of Hazret-i Ali, fourth caliph of Islam.","ज़ुलफ़िकर इस्लाम के चौथे खलीफ़ा, हज़रती अली की मशहूर तलवार थी।"
Tom stripped off his dirty clothes and threw them into the washing machine.,टॉम ने अपने गंदे कपड़े उतार दिये और उन्हें वॉशिंग मशीन में डाल दिया।
We wrote many books about China.,हमने चीन के बारे में कई किताबें लिखी।
I was in China last year.,पिछले साल में चीन में था।
I'm not a Nazi!,मैं नाज़ी नहीं हूँ!
I didn't want to spend any more time in jail.,मैं जेल में और वक्त नहीं बिताना चाहता था।
I didn't want to spend any more time in jail.,मैं जेल में और वक्त नहीं बिताना चाहती थी।
Who are you going to eat dinner with?,डिनर किसके साथ करोगे?
Would you like to live in Mumbai?,क्या आप मुम्बई में रहना पसंद करेंगे?
Would you like to live in Mumbai?,क्या तुम मुम्बई में रहना पसंद करोगे?
Would you like to live in Mumbai?,क्या तुम मुम्बई में रहना पसंद करोगी?
Don't ask her any questions about her marriage.,उसकी शादी के बारे में उससे कोई सवाल मत पूछना।
Don't ask her any questions about her marriage.,उनकी शादी के बारे में उनसे कोई सवाल मत पूछना।
Don't ask her any questions about her marriage.,उसकी शादी के बारे में उससे कोई सवाल मत पूछें।
Don't ask her any questions about her marriage.,उनकी शादी के बारे में उनसे कोई सवाल मत पूछें।
That's a table.,वह मेज़ है।
That's a table.,वह एक मेज़ है।
Bert's bisexuality was troubling Tom and excited Mary.,बर्ट के उभयलैंगिकता से टॉम परेशान था और मैरी उत्तेजित।
The thief admitted his crime.,चोर ने अपना जुर्म कबूल किया।
They are Russian.,वे रूसी हैं।
I was born in Russia.,मैं रूस में जन्मा था।
I was born in Russia.,मैं रूस में जन्मा थी।
Natasha is a Russian name.,नताशा रूसी नाम है।
Teresa is a Portuguese name.,टेरेसा पुर्त्तगाली नाम है।
You should talk to Tom.,तुम्हें टॉम से बात करनी चाहिए।
You should talk to Tom.,आप को टॉम से बात करनी चाहिए।
Tom must be proud of himself.,टॉम को खुद पर गर्व होगा।
Tom has a sister named Mary.,टॉम की मॅरी नाम की एक बहन है।
Tom has a sister named Mary.,टॉम के पास मैरी नाम की एक बहन है।
Tom got the job he wanted.,टॉम को मनचाही नौकरी मिल गई।
Tom got the job he wanted.,"टॉम जो नौकरी चाहता था, वही उसे मिल गई।"
Tom got the job he wanted.,टॉम जो नौकरी चाहिए थी वह उसे मिल गई।
Tom felt uneasy talking to Mary about that matter.,मैरी से उस मामले की बात करने में टॉम को बेचैनी महसूस हुई।
Tom doesn't understand any French.,टॉम को फ्रांसीसी भाषा समझ नहीं आती।
Tom doesn't understand any French.,टॉम को फ्रांसीसी समझ नहीं आती।
Tom didn't mean any harm.,टॉम कोई नुकसान नहीं पहुँचाना चाहता था।
Tom didn't mean any harm.,टॉम कोई नुकसान नहीं पहुँचाना चाहते थें।
Tom certainly is skinny.,टॉम तो बिलकुल पतला है।
Tom can't get over Mary.,टॉम मेरी को दिल से निकाल नहीं सकता.
Tom beat Mary unconscious.,टॉम ने मेरी को मार-मार कर बेहोश कर दिया।
I had sex with a Soviet-American woman.,मैं ने एक सोवियत-अमरीकी औरत के साथ सेक्स किया।
Give this to Ramu.,यह रामू को दे देना।
Give this to Ramu.,यह रामू को दो।
Give this to Ramu.,यह रामू को दे दें।
Give this to Ramu.,यह रामू को दे दिजिए।
Give this to Ramu.,यह रामू को दें।
Give this to Ramu.,यह रामू को दीजिए।
Oh! Raju has fallen down the stairs!,अरेरे! राजु सिढ़ियों से गिर गया है!
You'll be fine!,तुम्हें कुछ नहीं होगा!
What's wrong with being nude in your own house?,अपने ही घर में नंगा होने में क्या गलत है?
Tom seems to enjoy watching horror movies.,लगता है टॉम को हॉरर फ़िल्में देखने में मज़ा आता है।
How many people died?,कितने लोग मरें?
How many people died?,कितने लोग मर गएं?
Why do you want to die?,तुम मरना क्यों चाहते हो?
Why do you want to die?,आप मरना क्यों चाहते हैं?
Why do you want to die?,तुम मरना क्यों चाहती हो?
She betrayed you.,उसने तुम्हें धोखा दिया।
I want to have sex with him.,मैं उसके साथ सेक्स करना चाहता हूँ।
I want to have sex with him.,मैं उसके साथ सेक्स करना चाहती हूँ।
I want to have sex with her.,मैं उसके साथ सेक्स करना चाहता हूँ।
I want to have sex with her.,मैं उसके साथ सेक्स करना चाहती हूँ।
Should I clean my room?,क्या मैं कमरा साफ़ कर सकती हूँ?
All apples are red.,सभी सेब लाल होते हैं।
Cut the crap!,बकवास बंद कर!
Cut the bullshit!,बकवास बंद कर!
The article was written in Russian.,लेख रूसी में लिखा हुआ था।
The medicine only works on men.,यह दवाई केवल पुरुषों पर काम करती है।
You're under arrest.,तुम्हें गिरफ्तार किया जाता है।
You're under arrest.,आपको गिरफ्तार किया जाता है।
"The three major monotheistic religions are Christianity, Islam and Judaism.","ईसाई धर्म, इस्लाम और यहुदी धर्म ये तीन प्रमुख एकेश्वरवादी धर्म हैं।"
I wish I had this problem.,काश ये समस्या मुझे हुई होती।
I wish I had this problem.,काश ये मुसीबत मेरे पल्ले पड़ती।
Does this mean that we have to file bankruptcy?,क्या इसका मतलब हमारा दिवाला निकल गया?
Tom went back to his office.,टॉम अपने दफ़्तर लौटा।
Tom went back to his office.,टॉम अपने दफ़्तर लौटें।
I want it.,मुझे चाहिए।
Yes!,जी!
Yes!,हाँ!
Yes!,जी हाँ!
Can you sing the song?,क्या तुम वह गाना गा सकते हो?
Can you sing the song?,क्या तुम वह गाना गा सकती हो?
Can you sing the song?,क्या आप वह गाना गा सकते हैं?
What did you say? Dead?,तुमने क्या कहा? मर गया?
How many apples are there?,कितने सेब हैं?
Tom put the children to bed.,टॉम ने बच्चों को सुलाया।
Tom put a bandage on Mary's arm.,टॉम ने मैरी के बांह पर पट्टी बांधी।
Tom never wears red.,टॉम कभी भी लाल कपड़े नहीं पहनता।
Tom is our guest.,टॉम हमारा मेहमान है।
I think Tom is going to win.,मुझे लगता है टॉम जीतने वाला है।
I'm playing SpaceChem.,मैं स्पेसकेम खेल रहा हूँ।
I'm playing SpaceChem.,मैं स्पेसकेम खेल रही हूँ।
You raped him!,तुम ने उसका बलात्कार किया!
You raped him!,आपने उसका बलात्कार किया!
The woman said the spot was hers.,औरत ने कहा वह जगह उसकी है.
Tom has lost control.,टॉम ने नियंत्रण खो दिया था।
We went to Russia.,हम रूस गए।
There is a monster under my bed.,मेरे बिस्तर के नीचे भूत है.
We're in Calgary!,हम कॅलगरी में हैं!
I'm completely naked.,मैं पूरी तरह से नंगा हूँ।
I'm completely naked.,मैं पूरी तरह से नंगी हूँ।
Mexico is a country located in North America.,मेक्सिको उत्तर अमरीका में स्थित एक देश है।
She didn't provide an answer to every question.,उसने हर एक सवाल का जवाब नहीं दिया।
I am trying to memorise the names of constellations.,मैं सभी नक्षत्रों के नाम याद रखने की कोशिश कर रहा हूं।
I've lived in China for six months.,मैं चीन में छह महीने रहा हूँ।
I've lived in China for six months.,मैं चीन में छह महीने रही हूँ।
What do you think of Japan's economy?,जापान की अर्थव्यवस्था के बारे में आपके क्या विचार हैं?
"In Christianity, Jesus is believed to be the son of God.",ईसाई धर्म में यीशु को ईश्वर का बेटा माना जाता है।
The age of the universe is about 13.75 billion years.,ब्रह्मांड की आयु लगभग १३.७५ अरब साल हैं।
Unity in diversity.,विविधता में एकता।
What were your favourite subjects at school?,स्कूल में तुम्हारे पसंदीदा विषय कौनसे हैं?
"Someone called Mr Dell is waiting for you in your office, Mrs Stevens.","श्री स्टीवन्स, आपके दफ़्तर में श्री डेल नाम के कोई व्यक्ती आपकी प्रतिक्षा कर रहे हैं।"
"Someone called Mr Dell is waiting for you in your office, Mrs Stevens.","श्री स्टीवन्स, आपके दफ़्तर में श्री डेल नाम के कोई व्यक्ती आपका इंतज़ार कर रहे हैं।"
"The three main monotheistic religions are Islam, Judaism and Christianity.","इस्लाम, यहुदी धर्म और ईसाईयत यह तीन मुख्य एकेश्वरवादी धर्म हैं।"
Your journey starts here.,तुम्हारा सफ़र यहीं शुरू होता है।
Your journey starts here.,तुम्हारा सफ़र यहां शुरू होता है।
Your journey starts here.,आपका सफ़र यहीं शुरू होता है।
Your journey starts here.,आपका सफ़र यहां शुरू होता है।
Where in Mexico are you guys going?,मेक्सिको में तुम लोग कहाँ जा रहे हो?
Where in Mexico are you guys going?,मेक्सिको में आप लोग कहाँ जा रहे हो?
Capri is one of the most beautiful islands in Italy.,कापरी इटली में सबसे सुंदर द्वीपों में से एक है।
I'll give him the letter.,मैं उसे चिट्ठी दे दूंगा।
I'll give him the letter.,मैं उसे चिट्ठी दे दूंगी।
I'll give him the letter.,मैं उन्हें चिट्ठी दे दूंगा।
I'll give him the letter.,मैं उन्हें चिट्ठी दे दूंगी।
The sixth prime minister of Malaysia is Dato' Sri Najib Abdul Razak.,दातो श्री नाजिब अब्दुल रज़ाक मलेशिया के छठे प्रधान मंत्री है।
She could not understand the whole story.,वह पूरी कहानी को नहीं समझ पायी ।
Are you able to read the book attentively?,क्या तुम ध्यान से किताब पढ़ सकते हो?
That food is so bad that I wouldn't dream of eating it.,वह खाना ऐसा बुरा है कि मैं उसको भूलकर भी नहीं खाना चाहती हूँ।
Don't break my heart.,मेरा दिल मत तोड़ो।
Don't break my heart.,मेरा दिल ना तोड़ें।
Paulina has a pink cap.,पॉलिना के पास गुलाबी टोपी है।
Ammonium carbonate is an organic compound.,अमोनियम कार्बोनेट एक कार्बनिक यौगिक यौगिक है।
Let's eat first.,पहले खा लेते है।
Everyone needs to find his own path.,सभी को अपना-अपना मार्ग ढूँढ़ना पड़ता है।
Turkey is the heir of the Ottoman Empire.,तुर्की उस्मानी साम्राज्य का वारिस है।
The Umayyad armies invaded Spain in 711.,उमय्यद सेनाओं ने ७११ में स्पेन पर आक्रमण किया।
Air is missing!,वायु अनुपस्थित है!
We eat so we may live.,हम इसलिए खाते हैं ताके हम जीवित रह सकें.
Learn to speak English in a short time!,थोड़े ही समय में अंग्रेजी बोलना सीखें!
Learn to speak English in a short time!,थोड़े ही समय में अंग्रेजी बोलना सीखो!
What time does the exam start?,परीक्षा कितने बजे शुरू होगी?
Do you like New York?,तुम्हें न्यू यॉर्क पसंद आया?
Do you like New York?,क्या आपको न्यू यॉर्क पसंद आया?
There's nothing left to lose.,गंवाने के लिए कुछ बचा नहीं है।
There's nothing left to lose.,गंवाने के लिए कुछ भी बचा नहीं है।
"Don't ask me why but, he ran away when he saw me.","मुझे यह मत पूछना क्यूँ, किन्तु वह मुझे देख कर भाग गया."
Paper was invented in China.,कागज़ का आविष्कार चीन में किया गया था।
I love her so much I could die.,मैं उसके प्यार में मरने के लिए भी तयार हूँ.
I learn ten new words every day.,मैं हर रोज़ दस नये शब्द सीखता हूँ।
I learn ten new words every day.,मैं हर रोज़ दस नये शब्द सीखती हूँ।
Russia has woken up.,रूस जाग गया है।
It has been six years since I started to study English.,मुझे अंग्रेजी की पढाई शुरू किये हुए छह महिने हुए हैं।
Just forget it.,बस भूल जाओ।
"I know you're upset about your car being totaled, but you weren't injured and you should be thankful to be alive.","मुझे ज्ञात है तुम अपनी कार खराब होने के कारण परेशान हो, परन्तु तुम्हें कोई चोट नहीं लगी, तुम्हें तो जीवित होने के लिए धन्यवाद देना चाहिए."
Are your friends Portuguese or Brazilian?,तुम्हारे दोस्त पुर्त्तगाली हैं या ब्राज़ीली?
You punch like a girl.,तुम किसी लड़की की तरह मुक्का मारते हो।
You punch like a girl.,आप किसी लड़की की तरह मुक्का मारते हैं।
You punch like a girl.,तुम किसी लड़की की तरह मुक्का मारती हो।
You punch like a girl.,आप किसी लड़की की तरह मुक्का मारती हैं।
Round boxes? Are you nuts?,गोल बक्से? पागल हो गये हो क्या?
Round boxes? Are you nuts?,गोल बक्से? पागल हो गई हो क्या?
I am who I am.,मैं हूँ जो हूँ।
"A ""shiitake"" is a type of mushroom.",शिइताके यह कुकुरमुत्ते का एक प्रकार है।
"It's written in pencil, so you can erase it.","पेन्सिल से लिखा है, तो तुम उसे मिटा सकते हो।"
"It's written in pencil, so you can erase it.","पेन्सिल से लिखा है, तो आप उसे मिटा सकते हैं।"
He turned 16 years old.,वह १६ साल का हो गया।
He turned 16 years old.,वे १६ साल के हो गएं।
They speak many languages in Spain.,स्पेन में कई भाषाएं बोली जाती हैं।
Every ship needs a captain.,हर जहाज़ को एक कप्तान की ज़रूरत होती है।
He was a good king.,वह अच्छा राजा था।
He went abroad to study English.,वह अंग्रेज़ी सीखने विदेश चला गया।
He went abroad to study English.,वह अंग्रेज़ी सीखने विदेश गया।
He went abroad to study English.,वे अंग्रेज़ी सीखने विदेश चले गएं।
He went abroad to study English.,वे अंग्रेज़ी सीखने विदेश गएं।
"The Muslims call Jesus ""Issa"".","मुसलमान यीशु को ""ईसा"" कहते हैं।"
His eyes are red.,उसकी आँखें लाल हैं।
He took out one egg.,उसने एक अंडा बहर निकाला।
My grandmother can fly.,मेरी दादी उड़ सकती है।
My grandmother can fly.,मेरी नानी उड़ सकती है।
The film should have already started.,फ़िल्म शुरू हो चुकी होगी।
They say that golf is very popular in Japan.,कहाँ जाता है कि जापान में गोल्फ़ बहुत लोकप्रिय है।
"It seems that many people don't know the difference between ""then"" and ""than"".","लगता है बहुत सारे लोगों को ""देन"" और ""दॅन"" के बीच का फ़र्क पता नहीं है।"
It's five o'clock.,पाँच बज गए हैं।
"That new song is called ""Lollipop"".","उस नये गाने का नाम ""लॉलीपॉप"" है।"
Are wasps poisonous?,क्या ततैयां ज़हरीली होती हैं?
French is spoken in France and in some parts of Italy.,फ्रेंच फ्रांस में अौर इटली के कुछ हिस्सो में बोली जाती है।
"Our customers are in Taiwan, explained Tom.","हमारे ग्राहक ताइवान में हैं, टॉम ने समझाया।"
Mary's parents live in a big house.,मैरी के माता-पिता बड़े घर में रहते हैं।
Mary's parents live in a large house.,मैरी के माता-पिता बड़े घर में रहते हैं।
Do you like to travel? Me too.,"क्या तुम यात्रा करना पसंद करते हो? ""मैं भी।"""
Don't say anything without thinking.,बिना सोचे कुछ मत कहना।
Don't say anything without thinking.,बिना सोचे कुछ मत कहें।
Green is my favourite colour.,हरा मेरा पसंदीदा रंग है।
My history teacher is an old Portuguese.,मेरे इतिहास के शिक्षक एक वृद्ध पुर्त्तगाली हैं।
I saw an airplane.,मुझे एक हवाई जहाज़ दिखा।
My uncle has a house in Italy.,मेरे चाचा का इटली में एक घर है।
My uncle has a house in Italy.,मेरे मामा का इटली में एक घर है।
"If possible, I'd like to know the name of the author.",अगर हो सके तो में लेखक का नाम जानना चाहूंगी।
"If possible, I'd like to know the name of the author.",अगर हो सके तो में लेखक का नाम जानना चाहूंगा।
Russia is big.,रूस बड़ा है।
Red is better.,लाल बेहतर है।
Tom and Mary are very hungry.,टॉम और मॅरी बहुत भूखें हैं।
The President proposed a new plan.,राष्ट्रपति ने एक नयी योजना प्रस्थापित की।
I'm used to living alone.,मुझे अकेले रहने की आदत है।
She came here once again.,वह यहाँ और एक बार आई थी।
Esperanto will triumph.,एस्पेरांतो जीतेगी।
What language is spoken in the USA?,यू एस ए में कौन सी भाषा बोली जाती है?
What language is spoken in the USA?,अमरीका में कौन सी भाषा बोली जाती है?
I'm going to Spain next week.,मैं अगले हफ़्ते स्पेन जा रहा हूँ।
Everyone in my family gets up early.,मेरे परिवार में हर कोई जल्दी उठता है।
It looks like it'll rain.,लगता है बारिश होगी।
It looks like it'll rain.,लगता है बारिश होनेवाली है।
What's the Italian pronunciation of this word?,इस शब्द का इतालवी उच्चारण क्या है?
Your lips are red.,तुम्हारे होंठ लाल हैं।
Your lips are red.,आपके होंठ लाल हैं।
"The house is small, but it's enough for us.","घर तो छोटा है, किन्तु हमारे लिए पर्याप्त है।"
Today is Wednesday.,आज बुधवार है।
She is Russian.,वह रूसी है।
Tom is a member of the SAS.,टॉम एस.ए.एस. का सदस्य है।
Russia is a very big country.,रूस एक बहुत बड़ा देश है।
You can see the Empire State Building from here.,आप यहां से एम्पायर स्टेट भवन देख सकते हैं।
You can see the Empire State Building from here.,आप यहां से एम्पायर स्टेट भवन देख सकती हैं।
You can see the Empire State Building from here.,तुम यहां से एम्पायर स्टेट भवन देख सकते हो।
You can see the Empire State Building from here.,तुम यहां से एम्पायर स्टेट भवन देख सकती हो।
You can see the Empire State Building from here.,यहां से एम्पायर स्टेट भवन दिखता है।
My foot fell asleep.,मेरा पाँव सो गया.
I will give you a large folder.,मैं तुम्हें एक बड़ा फ़ोल्डर दूँगा।
They have a different opinion regarding your problem.,तुम्हारी समस्या के बारे में उनकी कुछ और राय है।
They have a different opinion regarding your problem.,आपकी समस्या के बारे में उनकी कुछ और राय है।
He bought a car.,उसने गाड़ी खरीदी।
He bought a car.,उन्होंने गाड़ी खरीदी।
What was the first capital of Portugal?,पुर्तगाल की पहली राजधानी क्या थी?
I'm studying in the library.,मैं पुस्तकालय में अध्ययन कर रही हूँ ।
Two hunters meet: both are dead.,दो शिकारी मिलते हैं: दोनों मर गये हैं।
Tom burned the letter.,टॉम ने वह चिट्ठी जला दी।
"In the Cold War era, Soviet naval and air bases existed in Cuba and Vietnam.",शीत युद्ध के काल में क्यूबा और वियतनाम में सोवियत नौसैनिक और वायु सेना अड्डे हुआ करते थे।
China has more than a billion inhabitants.,चीन में एक अरब से ज़्यादा निवासी हैं।
Mary loves going to the spa.,मेरी को स्पा जाना पसंद है।
Did the police arrest Tom?,पुलीस ने टॉम को गिरफ़्तार किया क्या?
Tom is my grandfather.,टॉम मेरे दादा हैं।
Tom is my grandfather.,टॉम मेरे नाना हैं।
Tom is my grandfather.,टॉम मेरे दादा लगते हैं।
Tom is my grandfather.,टॉम मेरे नाना लगते हैं।
It's all over now.,अब तो सब कुछ ख़तम हो चुका.
Do you live in Portugal or in Brazil?,तुम पुर्त्तगाल में रहते हो या ब्राज़ील में?
Do you live in Portugal or in Brazil?,तुम पुर्त्तगाल में रहती हो या ब्राज़ील में?
Do you live in Portugal or in Brazil?,आप पुर्त्तगाल में रहते हैं या ब्राज़ील में?
Egyptian began to be written using the Greek alphabet in the 1st century.,पहले शतक से मिस्री भाषा यूनानी अक्षरों में लिखी जाने लगी।
I became friends with him while I was in Taiwan.,तैवान में रहते समय मेरी उससे दोस्ती हुई।
Mars is the god of war.,मार्स युद्ध का देवता है।
Spain is a developed country.,स्पेन एक विकसित देश है।
My wife is cooking.,मेरी पत्नी पका रही है।
This is my song.,यह मेरा गाना है।
He did the opposite.,उसने उल्टा किया।
This work is simple enough that even a child can do it.,यह काम इतना सरल है की कोई बच्चा भी इसे कर सकता है।
Once upon a time they used to travel by a diligence.,एक समय वे सफ़र करने में परिश्रम करते थे
"In the past, people used to travel by a diligence.",पुराने ज़माने में लोग परिश्रम से सफ़र करते थे
Sex sells.,सेक्स बिकता है।
Mary showed her breasts.,मैरी ने अपने स्तन दिखाएँ।
Today I'm online.,मैं आज ऑनलाईन हूँ।
I believe in Jesus Christ.,मेरा यीशु मसीह में विश्वास है।
They're Russian.,वे रूसी हैं।
Please show me your passport.,कृपया आपका पासपोर्ट दिखाएं।
Please show me your passport.,कृपया तुम्हारा पासपोर्ट दिखाओ।
"For all my life, I was a liar. That's why people liked me.",मैं मेरे जीवन में हमेशा से झूठा था। इसी लिए लोग मुझे पसंद करते थे।
"For all my life, I was a liar. That's why people liked me.",मैं मेरे जीवन में हमेशा से झूठी थी। इसी लिए लोग मुझे पसंद करते थे।
Tom can do it in 10 minutes.,टॉम १० मिनट में कर सकता है।
Tom can do it in 10 minutes.,टॉम १० मिनट में कर सकते हैं।
Mary is kneeling.,मैरी घुटने टेक रही है।
Mary is kneeling.,मैरी घुटने टेक रहीं है।
She had a flower in her hand.,उसके हाथ में एक फूल था।
She had a flower in her hand.,उसने अपने हाथ में एक फूल पकड़ा हुआ था।
She had a flower in her hand.,उन्होंने अपने हाथ में एक फूल पकड़ा हुआ था।
The student ended up sleeping in the classroom.,वह छात्र कक्षा में ही सो गया।
The student ended up sleeping in the classroom.,वो स्टूडेंट क्लास में ही सो गया।
You're never at home.,तुम कभी भी घर पर नहीं होते।
That chicken looks good.,वह मुर्गी अच्छी लग रही है।
"Natasha was born in Russia, but she doesn’t speak Russian.","नताशा का जन्म रूस में हुआ था, मगर वह रूसी नहीं बोलती।"
I am a Japanese writer.,मैं जापानी लेखक हूँ।
Tom followed Mary.,टॉम ने मेरी का पीछा किया।
Tom followed Mary.,टॉम मेरी के पिछ-पिछे चला।
Is this where you live?,यह तुम यहां रहते हो?
Is this where you live?,यह तुम यहां रहती हो?
Is this where you live?,यह आप यहां रहते हैं?
Is this where you live?,यह आप यहां रहती हैं?
Mary stripped off her clothes.,मैरी ने अपने कपड़े उतार दिये।
It's wrong.,गलत है।
"He who is not satisfied with a little, is satisfied with nothing.","जो कम से संतुष्ट नहीं, किसी भी चीज़ से संतुष्ट नहीं है."
Ho Chi Minh City is the largest city in Vietnam.,हो ची मिन्ह शहर वियतनाम में सबसे बड़ा शहर है।
Mary wears a sports bra for exercise.,मैरी व्यायाम करते वक़्त स्पोर्ट्स ब्रा पहनती है।
Tom stayed in bed all day watching TV.,टॉम पूरा दिन टीवी देखते बिस्तर पर पड़ा रहा।
Tom stayed in bed all day watching TV.,टॉम पूरा दिन टीवी देखते बिस्तर पर पड़े रहें।
You are a good person.,तुम अच्छे व्यक्ति हो।
You are a good person.,आप अच्छे व्यक्ति हैं।
You are a good person.,तुम अच्छी व्यक्ति हो।
It should be fun.,मज़ा आएगा।
I'm waiting for my boyfriend.,मैं मेरे बॉयफ़्रेन्ड का इंतज़ार कर रही हूं।
I'm waiting for my boyfriend.,मैं मेरे बॉयफ़्रेन्ड का इंतज़ार कर रहा हूं।
He is Japanese.,वह जापानी है।
"During the Soviet Union, there were two big newspapers - ""Pravda"" and ""Izvestiia.""","सोवियत संघ के दौरान दो बड़े अखबार थे - ""प्रावदा"" और ""इज़वेस्तीया""।"
Tell me your name.,अपना नाम बताओ।
Tell me your name.,अपना नाम बताएं।
"Beryllium, magnesium, calcium, strontium, barium and radium are alkaline earth metals.","विडूर, भ्राजातु, चूर्णातु, शोणातु, हर्यातु, व तेजातु क्षारीय पार्थिव धातुएँ है।"
"Have you ever read ""Moby Dick""?",मोबी डिक कभी पड़ी है?
They are reading her book.,वे उसका किताब पढ़ रहे हैं।
They are reading her book.,वे उनका किताब पढ़ रहे हैं।
What's the price of this?,इसका दाम क्या है?
What's the price of this?,इसकी क़ीमत क्या है?
Ukraine became independent again when the Soviet Union dissolved in 1991.,१९९१ में सोवियत संघ विघटित होने पर युक्रेन फिर स्वतंत्र हो गया।
It seems worthless.,बेकार लगता है।
Tom raised his hairy fist.,टॉम ने अपनी बालदार मुट्ठी उठाई।
I am used to living alone.,मुझे अकेले रहने की आदत है।
Somebody has to talk.,किसी को तो बात करनी होगी।
Somebody has to talk.,किसी को तो बात करनी पड़ेगी।
Ding is playing on the computer.,डिंग कम्प्यूटर पर खेल रहा है।
Ding is playing on the computer.,डिंग कम्प्यूटर पर खेल रही है।
Ding is playing on the computer.,डिंग कम्प्यूटर पर खेल रहे हैं।
I fucked lots of friends.,मैंने कई दोस्तों को चोदा।
I fucked lots of friends.,मैंने कई दोस्तों को चोद डाला।
I fucked lots of friends.,मैंने कई सहेलियों को चोदा।
I am from China.,मैं चीन से हूँ।
Yesterday there was an earthquake.,कल भूकंप आया था.
Will Israel attack Iran?,क्या इज़राइल ईरान पर हमला करेगा?
Will Iran attack Israel?,क्या ईरान इज़राइल पर हमला करेगा?
Her students study too much.,उसके विद्यार्थी कुछ ज़्यादा ही पढाई करते हैं।
I don't like this store.,मुझे यह दुकान पसंद नहीं है।
We both are friends.,हम दोनो दोस्त है |
He served his king faithfully.,उसने अपने राजा की वफ़ादारी से सेवा की।
Remember these rules.,इन नियमों को याद रखना।
Remember these rules.,इन नियमों को याद रखें।
Remember these rules.,इन नियमों को याद रखिए।
The Persian Gulf is located between Iran (Persia) and the Arabian Peninsula.,फारस की खाड़ी ईरान (पर्शिया) और अरबी प्रायद्वीप के बीच स्थित है।
There is a church at the back of my house.,मेरे घर के पीछे एक चर्च है।
I don't drink wine.,मैं वाइन नहीं पीता।
I don't drink wine.,मैं वाइन नहीं पीती।
Did you see that small mouse?,वह छोटा चूहा देखा?
Did you see that small mouse?,तुमने वह छोटा चूहा देखा?
Did you see that small mouse?,आपने वह छोटा चूहा देखा?
Did you see that small mouse?,क्या आपने वह छोटा चूहा देखा?
Did you see that small mouse?,क्या तुमने वह छोटा चूहा देखा?
Kids want to play.,बच्चे खेलना चाहते हैं।
Give me an orange.,मुझे एक संत्रा दो।
Give me an orange.,मुझे एक संत्रा दीजिए।
Spain will need to borrow 100 billion euros.,स्पेन को १०० अरब युरों का उधार लेना पड़ेगा।
I am sure that we will be very happy here.,मुझे विश्वास है कि हम यहाँ अत्यंत प्रसन्न रहेंगे।
"It is clear that the Americans can't even solve their own problems, so how can they possibly think themselves capable of dealing with the rest of the world's problems?","साफ़ है कि अमरीकी अपनी समस्याएँ भी सुलझा नहीं सकते हैं, तो फ़िर वे खुद को बाकी दुनिया की समस्याएँ सुलझाने के काबिल कैसे समझ सकते हैं?"
Tom was spot on.,टॉम बिल्कुल सही था।
Tom was spot on.,टॉम बिल्कुल सही थे।
Did you find a doctor?,क्या तुम्हें कोई डॉक्टर मिला?
She cannot stop him.,वह उसे रोक नहीं सकती।
They cannot stop us.,वे हमें रोक नहीं सकते।
They cannot stop us.,वे हमें रोक नहीं सकती।
They can't stop laughing.,वे हँसना बंद नहीं कर सकते।
You're spending too much time watching TV.,तुम टीवी देखने में काफ़ी समय बरबाद कर रहे हो।
Spain is a European country.,स्पेन एक यूरोपीय देश है।
I made him cry.,मैंने उसे रुलाया।
I made him cry.,मैंने उन्हें रुलाया।
The apple is red.,सेब लाल है।
Tom is reading a novel.,टॉम एक उपन्यास पढ़ रहा है।
Tom is reading a novel.,टॉम एक उपन्यास पढ़ रहे हैं।
It's a Hindi movie.,हिन्दी फ़िल्म है।
"When I was at high school, I knew a lot of jokes.",जब मैं उच्च विद्यालय में था तब बहुत सारे चुटकुलें जानता था।
"When I was at high school, I knew a lot of jokes.",जब मैं उच्च विद्यालय में थी तब बहुत सारे चुटकुलें जानती थी।
I am filling this bottle with oil.,मैं इस बोतल में तेल भर रहा हूँ।
I am filling this bottle with oil.,मैं इस बोतल में तेल भर रही हूँ।
I am smiling at that little girl.,मैं उस लड़की को देख मुस्कुरा रहा हूँ.
She's helping me.,वह मेरी मदद कर रही है।
She's helping me.,वे मेरी मदद कर रहीं हैं।
They are reading their book.,वे अपनी किताब पढ़ रहे हैं।
They are reading their book.,वे अपनी किताब पढ़ रही हैं।
Get her out of here!,उसे यहां से बाहर निकालो!
Get her out of here!,उन्हें यहां से बाहर निकालो!
Keep going straight through the village.,गाँव में सीधे जाते रहिए।
Hello and how are you?,"नमस्ते, आप कैसे हैं?"
Russia is the largest country in the world.,रूस दुनिया का सबसे बड़ा देश है।
I cannot make such a mistake. Russian is my native tongue.,मैं ऐसी गलती नहीं कर सकता। रूसी मेरी मातृ भाषा है।
We didn't see anything.,हमें कुछ नहीं दिखा।
We didn't see anything.,हमने कुछ नहीं देखा।
This girl is really hot.,यह युवती अत्यंत आकर्षक है।
I'm ashamed of my body.,मुझे मेरे शरीर की शरम आती है।
The children are riding their bikes.,बच्चे अपनी साइकिलें चला रहे हैं।
I'm sleepy. I'm going to sleep. Good night.,मुझे नींद आई है। मैं सोने जा रहा हूं। गुड नाइट।
I'm sleepy. I'm going to sleep. Good night.,मुझे नींद आई है। मैं सोने जा रही हूं। गुड नाइट।
Barack Obama is the President of the United States.,बराक ओबामा संयुक्त रोज्यों के राष्ट्रपति हैं।
I am connecting this computer to the Internet.,मैं इस कम्प्यूटर को इंटरनेट से जोड़ रहा हूं।
I am connecting this computer to the Internet.,मैं इस कम्प्यूटर को इंटरनेट से जोड़ रही हूं।
Is it true that you learnt Esperanto in a week?,क्या यह सच है कि तुम ने एस्पेरांतो एक हफ़्ते में सीखी?
Is it true that you learnt Esperanto in a week?,क्या यह सच है कि आपने एस्पेरांतो एक हफ़्ते में सीखी?
The clock is broken.,घड़ी टूटी हुई है।
He was caught red handed.,वह रंगे हाथों पकड़ा गया।
She was caught red handed.,वह रंगे हाथों पकड़ी गयी।
This is the first time I've ever worn a white coat.,यह मैं पहली बार सफ़ेद रंग का कोट पहन रहा हूं।
This is the first time I've ever worn a white coat.,यह मैं पहली बार सफ़ेद रंग का कोट पहन रही हूं।
Prince Charles will be the next British king.,युवराज चार्ल्स अगले ब्रिटिश राजा बनेंगे।
He lost everything.,वह सब कुछ खो बैठा।
He lost everything.,वे सब कुछ खो बैठें।
He lost everything.,उसने सब कुछ खोया।
He lost everything.,उन्होंने सब कुछ खोया।
"Unfortunately, she lives abroad.","दुर्भाग्य से, वह विदेश में रहती है।"
"Unfortunately, she lives abroad.","दुर्भाग्य से, वे विदेश में रहती हैं।"
I am going to that place.,मैं उस जगह जा रहा हूं।
I am going to that place.,मैं उस जगह जा रही हूं।
My purse has been stolen.,मेरा पर्स चोरी हो गया है.
I write letters almost every day.,मैं लगभग हर रोज़ खत लिखता हूं।
I write letters almost every day.,मैं लगभग हर रोज़ खत लिखती हूं।
Don't let him talk to Taninna.,उसे तनिन्ना से बात करने मत देना।
Don't let him talk to Taninna.,उन्हें तनिन्ना से बात करने मत देना।
"Whose medicines are these? ""They are Fahima's.""","ये किसकी दवाइयां हैं? ""फ़ाहिमा की हैं।"""
"Whose medicines are these? ""They are Fahima's.""","ये किसकी दवाइयां हैं? ""फ़ाहिमा की।"""
"Whose letters are these? ""They are Linda's.""","ये किसके खत हैं? ""लिंडा के।"""
Asshole!,चूतिये!
Wait!,रुक जाओ!
Which language do you teach?,आप कौन सी भाषा सिखाते हैं?
The thief broke the window.,चोर ने खिडकी तोड़ी।
The thief broke the window.,चोरनी ने खिडकी तोड़ी।
They did not go there.,वे वहां नहीं गए।
I have seen angels and talked with them.,"मैंने फ़रिश्तों को देखा है, उनसे बातचीत भी की है।"
Where is the Indian embassy?,भारतीय दूतावास कहाँ है?
Where is the New Zealand embassy?,न्यू ज़ीलंड का दूतावास कहां है?
Where is the Russian embassy?,रूसी दूतावास कहाँ है?
My father stayed a few days in Frankfurt.,मेरे पिता फ़्रैंकफुर्ट में कुछ दिन रहें।
This is an egg.,यह मुर्गी का अंडा है।
I like to make Mary laugh.,मुझे मैरी को हँसाना अच्छा लगता है।
I am gay.,मैं गे हूँ।
This dog is gay.,यह कुत्ता गे है।
You're gay.,तुम गे हो।
You're gay.,आप गे हैं।
He is gay.,वह समलैंगिक है।
He is gay.,वे समलैंगिक हैं।
He is gay.,वह गे है।
He is gay.,वे गे हैं।
Joshua is gay.,जॉशुआ गे है।
This is my dick.,यह मेरा लंड है।
Damascus is in Syria.,दमिश्क सीरिया में है।
I'm from Greece.,मैं यूनान से हूँ।
I watch the BBC.,मैं बीबीसी देखता हूँ।
I watch the BBC.,मैं बीबीसी देखती हूँ।
I'm Azerbaijani.,मैं अज़रबैजानी हूँ।
Does your sister live there?,क्या तुम्हारी बहन वहां रहती है?
Does your sister live there?,क्या आपकी बहन वहां रहती है?
Why are you stuttering?,हकला क्यों रहे हो?
She forgot to bring her swimsuit.,वह अपना स्विमसूट लाना भूल गयी।
We're here to protect you.,आपकी रक्षा करना हमारा काम है।
We're here to protect you.,हम आपकी रक्षा करने के लिए यहाँ आए हैं।
She's your friend.,वह तुम्हारी सहेली है।
She's your friend.,वह तुम्हारी दोस्त है।
She's your friend.,वह आपकी सहेली है।
She's your friend.,वह आपकी दोस्त है।
Who can help you to learn German?,जर्मन सीखने में तुम्हारी मदद कौन कर सकता है?
It is not walls that protect men but men that protect walls.,"दीवारें इंसानों को नहीं बचातीं, बल्कि इंसान दीवारों को बचाते हैं."
Do you want to go to Germany with me?,क्या तुम मेरे साथ जर्मनी जाना चाहते हो?
Do you want to go to Germany with me?,क्या तुम मेरे साथ जर्मनी जाना चाहती हो?
Do you want to go to Germany with me?,क्या आप मेरे साथ जर्मनी जाना चाहते हैं?
I lost my hat on the bus.,मैं बस में अपनी टोपी भूल आया।
Kabul is Afghanistan's capital city.,काबुल अफ़गानिस्तान की राजधानी है।
Bahrain became a kingdom in 2002.,बहरीन २००२ में राज्य बना।
Bangladesh fought a war against Pakistan in 1971.,बांग्लादेश ने पाकिस्तान के ख़िलाफ़ जंग लड़ी थी।
Where could they be?,वे कहां हो सकते हैं?
The Naxi language is spoken in China.,नाशी भाषा चीन में बोली जाती है I
Nobody knows my country.,मेरा देश कोई नहीं जानता।
Are you writing the proverbs?,क्या तुम मुहावरें लिख रहे हो?
Are you writing the proverbs?,क्या तुम मुहावरें लिख रही हो?
Are you writing the proverbs?,क्या आप मुहावरें लिख रहे हैं?
Why don't I write in Russian?,मैं रूसी में क्यों नहीं लिखता?
Why don't I write in Russian?,मैं रूसी में क्यों नहीं लिखती?
Kabul is the capital of Afghanistan.,काबुल अफ़गानिस्तान की राजधानी है।
You're going too fast.,तुम कुछ ज़्यादा ही तेज़ जा रहे हो।
You're going too fast.,तुम कुछ ज़्यादा ही तेज़ जा रही हो।
You're going too fast.,आप कुछ ज़्यादा ही तेज़ जा रहे हैं।
You're going too fast.,आप कुछ ज़्यादा ही तेज़ जा रही हैं।
It wasn't him.,वह नहीं था।
"Before I joined the army, I was a doctor.",सेना में दाखिल होने से पहले में एक वैद्य था।
"Before I joined the army, I was a doctor.",सेना में दाखिल होने से पहले में एक वैद्य थी।
They are living in misery.,वे विपत्ती में जी रहे हैं।
She's a girl.,वह लड़की है।
She's a girl.,वे लड़की हैं।
Can we save the planet?,क्या हम उस ग्रह को बचा सकते हैं?
Can we save the planet?,क्या हम इस ग्रह को बचा सकते हैं?
Can we save the planet?,क्या हम पृथ्वी को बचा सकते हैं?
"India is called ""Bharat"" in Hindi.","इंडिया को हिन्दी में ""भारत"" कहते है।"
"Spain is called ""España"" in Spanish.","स्पेन को स्पेनिश में ""एस्पान्या"" कहते हैं।"
"Russia is called ""Rossiya"" in Russian.","रूस को रूसी में ""रोस्सिया"" कहते है।"
"Austria is called ""Österreich"" in German.",ऑस्ट्रिया को जर्मन में एओस्तेराइख़ कहते हैं।
"Bhutan is called ""Druk Yul"" in Tibetan.","भूटान को तिब्बती में ""ड्रुक युल"" कहते हैं।"
"Brazil is called ""Brasil"" in Portuguese.","ब्राज़ील को पुर्त्तगाली में ""ब्रासिल"" कहते हैं।"
"Burma is called ""Myanmar"" in Burmese.","बर्मा को बर्मी में ""म्यानमार"" कहते हैं।"
"The Dominican Republic is called ""República Dominicana"" in Spanish.","डोमिनिकन गणराज्य को स्पेनी में ""रेपुबलिका डोमिनिकाना"" कहते है।"
"Egypt is called ""Misr"" in Arabic.","मिस्र को अरबी में ""मिस्र"" ही कहते हैं।"
"Greece is called ""Hellas"" in Greek.","यूनान को यूनानी में ""हेल्लास"" कहते है।"
"Ireland is called ""Éire"" in Irish Gaelic.","आयरलैंड को आयरलैंड के केल्ट भाषा में ""ऐर"" कहते है।"
"Ireland is called ""Éire"" in Irish Gaelic.","आयरलैंड को आयरिश केल्टिक में ""ऐर"" कहते है।"
"Kyrgyzstan is called ""Kirgiziya"" in Russian.","किर्गिज़स्तान को रूसी में ""किर्गिज़िया"" कहते है।"
"Nepal is called ""Nepal"" in Nepali.","नेपाल को नेपाली में ""नेपाल"" कहते हैं।"
"Saudi Arabia is called ""Al-Mamlakah Al-‘Arabiyyah As-Sa‘ūdiyyah"" in Arabic.","सऊदी अरब को अरबी में ""अल-मामलकह अल-अरबिय्यह अस-सऊदिय्याह"" कहते हैं।"
"Singapore is called ""Singapura"" in Malay.","सिंगापुर को मलाय में ""सिंगापुरा"" कहते हैं।"
"Spain is called ""Espanya"" in Catalan.","स्पेन को कैटलन में ""एस्पान्या"" कहते हैं।"
"Syria is called ""Suriyah"" in Arabic.","सीरिया को अरबी में ""सुरियाह"" कहते हैं।"
"Ukraine is called ""Ukraina"" in Ukrainian.","युक्रेन को युक्रेनी में ""युक्राईना"" कहते हैं।"
Saudi Arabia is the largest country in the Arabian Peninsula.,अरब प्रायद्वीप में सबसे बड़ा देश सउदी अरब है।
Saudi Arabia is the largest country in the Middle East.,सउदी अरब मध्य पूर्व में सबसे बड़ा देश है।
Spain is the second largest country in Western Europe.,स्पेन पश्चिमी यूरोप में दूसरा सबसे बड़ा देश है।
He goes with his mother to Russia every year.,वह हर साल अपनी माँ के साथ रूस जाता है।
He wanted to buy a small house in Romania.,वह रोमानिया में एक छोटा सा घर खरीदना चाहता था।
He lived in Ukraine for many years.,वह कई साल युक्रेन में रहा।
"I heard that now, he works in Saudi Arabia.",मैंने सुना है कि अब वह सउदी अरब में रहता है।
He learns Portuguese in Brazil.,वह ब्राज़ील में पुर्त्तगाली सीखता है।
I am not a monster.,मैं राक्षस नहीं हूँ।
How many republics were there in the Soviet Union?,सोवियत संघ में कितने गणराज्य हैं?
How many articles are there on Wikipedia?,विकिपीडिया पर कितने लेख हैं?
This kingdom needs a new king.,इस राज्य को एक नये राजा की ज़रूरत है।
Islamabad is the capital of Pakistan.,इस्लामाबाद पाकिस्तान की राजधानी है।
Wake them up.,उन्हें जगाओ।
They translated the novel from Russian into Armenian.,उन्होंने वह उपन्यास का रूसी से आर्मीनियाई में भाषांतर किया।
Is the phone ringing?,फ़ोन बज रहा है क्या?
Tom always peels apples before he eats them.,टॉम हमेशा सेब खाने के पहले उनकी छाल उतारता है।
Please don't touch me.,कृपया मुझे मत छुएँ.
Does Arnold Schwarzenegger still know German?,क्या आर्नोल्ड श्वार्झनेगर को अब भी जर्मन आती है?
That was my finger.,वह मेरी उँगली थी।
I saw this movie a very long time ago.,मैंने यह चलचित्र बहुत समय पहले देखा था.
What did Galileo see?,गैलीलियो ने क्या देखा?
What did Galileo see?,गैलीलियो को क्या दिखा?
I'm not a monster.,मैं राक्षस नहीं हूँ।
"These texts were written in Hebrew, not in Aramaic.","यह पाठ्य इब्रानी में लिखे थे, आरामाईक में नहीं।"
Where's Tom going to sleep?,टॉम कहाँ सोने वाला है?
Tom looks scared.,टॉम डरा हुआ लगता है।
I'd like to talk to you.,मुझे तुमसे बात करनी है।
I'd like to talk to you.,मुझे आपसे बात करनी है।
I'd like to talk to you.,मैं तुमसे बात करना चाहता हूं।
I'd like to talk to you.,मैं आपसे बात करना चाहता हूं।
I see a giraffe.,मुझे एक जिराफ़ दिखाई दे रहा है।
I see a giraffe.,मुझे एक जिराफ़ दिख रहा है।
I didn't see you.,मैंने तुम्हें देखा नहीं।
I didn't see you.,मैंने आपको देखा नहीं।
Everyone looks uncomfortable.,सभी बेआराम लगते हैं।
Everyone looks uncomfortable.,सभी बेसुखद लगते हैं।
Give me a kiss.,मुझे एक किस दो।
Hug me.,मेरे गले लगो।
Hug me.,गले लगो।
He married a farmer's daughter.,उसने एक किसान के बेटी से शादी की।
He married a farmer's daughter.,उन्होंने एक किसान के बेटी से शादी की।
"How did you two meet? ""It's a long story.""","तुम दोनों मिले कैसे? ""लंबी कहानी है।"""
Stay here with Tom.,यहां टॉम के साथ रहो।
Stay here with Tom.,यहां टॉम के साथ रुको।
Stay here with Tom.,यहां टॉम के साथ रहें।
Stay here with Tom.,यहां टॉम के साथ रुकें।
Delete his name from the list.,सूची से उसका नाम मिटाओ।
Delete his name from the list.,सूची से उनका नाम मिटाओ।
Delete his name from the list.,सूची से उसका नाम मिटाइए।
Delete his name from the list.,सूची से उनका नाम मिटाइए।
Tom looked at Mary.,टॉम ने मॅरी को देखा।
Tom looked at Mary.,टॉम ने मैरी की तरफ़ देखा।
Tom is a guest.,टॉम मेहमान है।
Tom doesn't let anyone touch him.,टॉम किसी को उसे छूने नहीं देता।
Tom didn't tell me.,टॉम ने मुझे बताया नहीं।
This is a beautiful book.,यह खूबसूरत किताब है।
This is a beautiful book.,यह सुंदर पुस्तक है।
This isn't right.,यह सही नहीं है।
I have to go home already.,मुझे अभी घर जाना है.
I can't accept your gift.,मैं यह तुम्हारा उपहार स्वीकार नहीं कर सकता।
I can't accept your gift.,मैं यह तुम्हारा उपहार स्वीकार नहीं कर सकती।
I can't accept your gift.,मैं यह आपका उपहार स्वीकार नहीं कर सकता।
I can't accept your gift.,मैं यह आपका उपहार स्वीकार नहीं कर सकती।
Tom won't be eating anything else.,टॉम और कुछ नहीं खायेगा.
I'm not Uyghur. I'm Russian.,मैं उइघुर नहीं हूँ। मैं रूसी हूँ।
The sun will shine again soon.,सूरज जल्दी ही फिर से चमकेगा।
You look fine.,तुम ठीक लग रहे हो।
You look fine.,तुम ठीक लग रही हो।
You look fine.,आप ठीक लग रहे हैं।
I am from Portugal.,मैं पुर्तगाल से हूँ।
Does Tom know?,टॉम को पता है?
Does Tom know?,क्या टॉम को पता है?
Can you move your legs?,क्या आप अपने पैर हिला सकते हैं?
Can you move your legs?,क्या आप अपने पैर हिला सकती हैं?
Can you move your legs?,क्या तुम अपने पैर हिला सकते हो?
Can you move your legs?,क्या तुम अपने पैर हिला सकती हो?
Can you help us?,क्या तुम हमारी मदद कर सकते हो?
Can you help us?,क्या तुम हमारी मदद कर सकती हो?
Can you help us?,क्या आप हमारी मदद कर सकते हैं?
Can you help us?,क्या आप हमारी मदद कर सकती हैं?
Which one do you want?,कौनसा चाहिए?
Which one do you want?,कौनसी चाहिए?
What happened next?,उसके बाद क्या हुआ?
Were you two close?,क्या तुम दोनों पास ही थे?
Is that Tom?,वह टॉम है?
Is that Tom?,क्या वह टॉम है?
Is that Tom?,वे टॉम हैं?
Is that Tom?,क्या वे टॉम हैं?
I didn't ask for this.,मैंनें यह नहीं मांगा था।
I didn't ask for this.,मैंनें यह नहीं मांगी थी।
I don't have anything else.,मेरे पास और कुछ नहीं है।
I got into trouble.,मैं मुसीबत में पड़ गया।
I got into trouble.,मैं मुसीबत में पड़ गई।
I heard a noise.,मुझे कोई आवाज़ सुनाई दी।
I just want you to be happy.,मैं बस चाहता हूं कि तुम ख़ुश रहो।
I just want you to be happy.,मैं बस चाहती हूं कि तुम ख़ुश रहो।
I just want you to be happy.,मैं बस चाहता हूं कि आप ख़ुश रहें।
I just want you to be happy.,मैं बस चाहती हूं कि आप ख़ुश रहें।
I think Mary likes me.,मुझे लगता है मैरी मुझे पसंद करती है।
I think Mary likes me.,मुझे लगता है मैरी को मैं पसंद हूँ।
I think Mary likes me.,मुझे लगता है मैरी को मैं अच्छा लगता हूँ।
I think Mary likes me.,मुझे लगता है मैरी को मैं अच्छा लगती हूँ।
I want to see Tom.,मुझें टॉम को देखना है।
I want to see Tom.,"मुझें ""टॉम"" देखना है।"
I'd help you if I could.,अगर हो सकता तो मैं तुम्हारी मदद करता।
I'd help you if I could.,अगर हो सकता तो मैं तुम्हारी मदद करती।
I'm just saying we can't trust Tom.,मैं बस इतना कह रहा हूं के हम टॉम पर भरोसा नहीं कर सकते।
I'm just saying we can't trust Tom.,मैं बस इतना कह रही हूं के हम टॉम पर भरोसा नहीं कर सकते।
We'll call you.,हम आपको फ़ोन करेंगे।
We'll call you.,हम आपको बुलाएँगे।
We want to talk to you.,हम तुम से बात करना चाहते हैं।
We want to talk to you.,हम आप से बात करना चाहते हैं।
We want to talk to Tom.,हम टॉम से बात करना चाहते हैं।
We understand.,हम समझते हैं।
We understand each other.,हम एक-दूसरे को समझते हैं।
We tried to save Tom.,हमने टॉम को बचाने की कोशिश की।
We have some new products we'd like you to see.,आपको कुछ नए प्रॉडक्ट्स दिखाना चाहते हैं।
You don't have to go to school today.,तुम्हें आज पाठशाला जाने की ज़रूरत नहीं है।
You don't have to go to school today.,आपको आज पाठशाला जाने की ज़रूरत नहीं है।
He plays World of Warcraft.,वह वर्ल्ड ऑफ़ वॉरक्राफ़्ट खेलता है।
He plays World of Warcraft.,वे वर्ल्ड ऑफ़ वॉरक्राफ़्ट खेलते हैं।
She plays World of Warcraft.,वह लड़की वर्ल्ड ऑफ वॉरक्राफ्ट खेलती है।
It's a weapon.,यह एक हथियार है।
You've got to stop Tom.,तुम्हें टॉम को रोकना ही होगा।
You're really funny.,तुम सचमुच मज़ाकिया हो।
You're really funny.,आप सचमुच मज़ाकिया हैं।
Someone told me Mary left her husband.,किसी ने मुझे बताया के मेरी ने अपने पती को छोड़ दिया।
I have a gay neighbor.,मेरा एक गे पड़ोसी है।
She got what she wanted.,उसे जो चाहिए था वह उसे मिल गया।
Listen.,सुनो।
He likes Indian food.,उसे भारतीय खाना पसंद है।
I refuse to answer.,मैं जवाब देने से इन्कार करता हूं।
I refuse to answer.,मैं जवाब देने से इन्कार करती हूं।
The girl who works at that bakery is cute.,बेकरी में काम करनेवाली वह लड़की प्यारी है।
The girl who works at that bakery is cute.,बेकरी में काम करनेवाली वह लड़की क्यूट है।
Tom wanted to spend some time alone with Mary.,टॉम थोडा समय मैरी के साथ अकेला बिताना चाहता था।
Tom wanted to spend some time alone with Mary.,टॉम थोडा समय मैरी के साथ अकेला बिताना चाहता थे।
There are mosquitoes even in Greece.,मच्छर तो यूनान में भी है।
You look like your dad.,तुम तुम्हारे पापा की तरह दिखती हो।
You look like your dad.,तुम तुम्हारे पापा की तरह दिखते हो।
Don't forget rule no. 72.,नियम क्र. ७२ मत भूलना.
I thought Tom would bring us something to eat.,मैंने सोचा टॉम हमारे खाने के लिए कुछ लाएगा.
I thought Tom would be different.,मुझे लगा था टॉम अलग होगा।
I thought Tom wouldn't like Mary.,मुझे लगा था टॉम को मैरी पसंद नहीं आएगी।
Don't come in! I'm naked.,अंदर मत आओ! मैं नंगा हूँ।
Don't come in! I'm naked.,अंदर मत आओ! मैं नंगी हूँ।
Don't come in! I'm naked.,अंदर मत आना! मैं नंगा हूँ।
Don't come in! I'm naked.,अंदर मत आना! मैं नंगी हूँ।
I consider making mistakes an important part of the learning process.,मैं मानता हूं कि गलतियां करना यह सीखने की प्रक्रिया का एक महत्त्वपूर्ण हिस्सा होता है।
I consider making mistakes an important part of the learning process.,मैं मानती हूं कि गलतियां करना यह सीखने कि प्रक्रिया की एक महत्त्वपूर्ण हिस्सा होता है।
I can't believe it's that simple.,इतना आसान है कि मुझे यकीन ही नहीं हो रहा।
Tom can't believe Mary.,टॉम को मैरी पर विश्वास नहीं हो रहा।
I can't hear a word.,मुझे एक शब्द सुनाई नहीं दे रहा।
You can't let that come between you and Tom.,तुम उस बात को तुम्हारे और टॉम के बीच आने नहीं दे सकते।
You can't let that come between you and Tom.,तुम उस बात को तुम्हारे और टॉम के बीच आने नहीं दे सकती।
You can't let that come between you and Tom.,आप उस बात को आपके और टॉम के बीच आने नहीं दे सकतें।
I can't let you leave.,आपको जाने नहीं दे सकता हूँ।
I can't really talk about it.,मैं उस बारे में कुछ बोल नहीं सकता।
I can't remember anything about that night.,मुझे उस रात के बारे में कुछ याद नहीं.
We can't waste any more time.,हम और वक्त बरबाद नहीं कर सकते।
It's a strip club for women.,महिलाओं के लिये स्ट्रिप क्लब है।
I only care about Tom.,मुझे बस टॉम की चिंता है।
I try to think.,मैं सोचने की कोशिश करता हूँ।
I try to think.,मैं सोचने की कोशिश करती हूँ।
I hate you with all of my heart.,मैं तुम से पूरे दिल से नफ़रत करता हूं।
I hate you with all of my heart.,मैं तुम से पूरे दिल से नफ़रत करती हूं।
I hate you with all of my heart.,मैं आप से पूरे दिल से नफ़रत करता हूं।
I hate you with all of my heart.,मैं आप से पूरे दिल से नफ़रत करती हूं।
I thought I was alone here.,मुझे लगा मैं यहां अकेला हूं।
I thought I was alone here.,मुझे लगा मैं यहां अकेली हूं।
I thought I was alone here.,मैंने सोचा के मैं यहां अकेला हूं।
I thought I was alone here.,मैंने सोचा के मैं यहां अकेली हूं।
I thought you two would have a lot in common.,मैं सोचता था कि तुम दोनो में बहुत सी बातें एक दुसरे से मिलती जुलती होगी।
I thought you were a man of honor.,मैं सोचता था कि तुम एक इज्जतदार आदमी हो।
I thought you were going steady with Tom.,मैं समझता था कि तुम्हारी और टॅाम की जोड़ी अच्छी चल रही थी।
I am not writing in English. This language is Russian.,मैं अंग्रेज़ी में नहीं लिख रहा। यह भाषा रूसी है।
I am not writing in English. This language is Russian.,मैं अंग्रेज़ी में नहीं लिख रही। यह भाषा रूसी है।
Why am I studying Icelandic?,मैं आइसलॅन्डिक क्यों सीख रही हूं?
Why am I studying Icelandic?,मैं आइसलॅन्डिक क्यों सीख रहा हूं?
It's a large one.,बड़ा वाला है।
She writes about Sri Lanka.,वह श्रीलंका के बारे में लिखती है।
Can this car go any faster?,क्या यह गाड़ी और तेज़ जा सकती है?
I kissed her on the forehead.,मैंने उसे माथे पर किस किया।
I'm your sister.,मैं तुम्हारी बहन हूँ।
I'm your sister.,मैं तेरी बहन हूँ।
I'm your sister.,मैं आपकी बहन हूँ।
This problem is hard to solve.,इस समस्या को सुलझाना बहुत कठिन है।
"Oh, here comes Chris.","लो, क्रिस आ गया।"
"Oh, here comes Chris.","लो, क्रिस आ गए।"
Do you like sweet tea?,तुम्हें मीठी चाय पसंद है?
Do you like sweet tea?,क्या आप मीठी चाय पसंद करते हैं?
Bangladesh became independent in 1971.,बांग्लादेश १९७१ में स्वतंत्र हुआ।
The older daughter wants to be British.,बड़े बेटी को ब्रिटिश बनना है।
She's ready now.,वह अब तैयार है।
She's ready now.,वे अब तैयार हैं।
Let's do something together.,चलो कुछ एक साथ करें।
Let's do something together.,चलो कुछ एक साथ करते हैं।
Let's do something together.,चलो मिल कर कुछ करते हैं।
Let's just go to sleep.,बस सो जाते हैं।
Let's start with this.,इससे शुरुआत करते हैं।
Let's start with that.,उससे शुरुआत करते हैं।
Let's play a new game.,नया खेल खेलते हैं।
Let's just meet here.,यहीं मिल लेते हैं।
Let's start at 2:30.,२:३० बजे शुरू करते हैं।
Let's just eat here.,चलो यहीं खा लेते हैं।
Let's finish it now.,चलो अभी खत्म कर देते हैं।
Let's do this right.,ठीक से करते हैं।
Let's do it tonight.,आज रात करते हैं।
Let's do it for Tom.,टॉम के लिये करते हैं।
Let's just say yes.,बस हाँ कह देते हैं।
"Let's go home, Tom.","चलो घर चलते हैं, टॉम।"
"Let's go home, Tom.","घर चलते हैं, टॉम।"
Let's get you home.,चलो तुम्हें घर पहुँचाते हैं।
Let's begin again.,फिर से शुरुआत करते हैं।
Let's go ask Tom.,टॉम से पूछते हैं।
Let's go inside.,अंदर चलते हैं।
Let's find Tom.,टॉम को ढूंढते हैं।
Let's call Tom.,टॉम को बुलाते हैं।
Let's talk.,चलो बात करते हैं।
Let's talk.,बात करते हैं।
I love my mom.,मैं अपनी मां से प्यार करता हूं।
I love my mom.,मैं अपनी मां से प्यार करती हूं।
I want this.,मुझे यह चाहिए।
I wanted this.,मुझे यह चाहिए था।
We wanted Tom.,हमें टॉम चाहिए था।
Who wants jello?,जेलो किसे चाहिए?
Tom wanted a job.,टॉम को एक नौकरी चाहिए थी।
Tom wants to run.,टॉम भागना चाहता है।
Tom wants to run.,टॉम दौड़ना चाहता है।
We only want you.,हमें बस तुम चाहिए।
We only want you.,हमें बस आप चाहिए।
They want to talk.,वे बात करना चाहते हैं।
Tom wants our help.,टॉम को हमारी मदद चाहिए।
Who wants this one?,यह वाला किसे चाहिए?
Who wants to fight?,कौन लड़ना चाहता है?
Why do you want it?,तुम्हें क्यों चाहिए?
Why do you want it?,आपको क्यों चाहिए?
Does Tom want to see me?,क्या टॉम मुझे देखना चाहता है?
Does Tom want to see me?,क्या टॉम मुझें देखना चाहते हैं?
I don't want your stuff.,मुझे तुम्हारा सामान नहीं चाहिए।
I don't want your stuff.,मुझे तेरा सामान नहीं चाहिए।
I don't want your stuff.,मुझे आपका सामान नहीं चाहिए।
What did you want to say?,तुम क्या कहना चाहते थे?
What did you want to say?,आप क्या कहना चाहते थे?
I don't want to go on my own.,मैं अकेले जाना नहीं चाहता।
I don't want to go on my own.,मैं अकेले जाना नहीं चाहती।
I just want to talk a minute.,मैं बस आपसे एक मिनट बात करना चाहता हूं।
I just want to talk a minute.,मैं बस तुमसे एक मिनट बात करना चाहता हूं।
I just want to talk a minute.,मैं बस तुमसे एक मिनट बात करना चाहती हूं।
I just want to talk a minute.,मैं बस आपसे एक मिनट बात करना चाहती हूं।
I want Tom to know the truth.,मैं चाहता हूं के टॉम सच जाने।
I want Tom to know the truth.,मैं चाहती हूं कि टॉम सच जाने।
"I don't want to lose you, Tom.","मैं तुम्हें खोना नहीं चाहता, टॉम।"
"I don't want to lose you, Tom.","मैं तुम्हें खोना नहीं चाहती, टॉम।"
"I don't want to lose you, Tom.","मैं आपको खोना नहीं चाहता, टॉम।"
"I don't want to lose you, Tom.","मैं आपको खोना नहीं चाहती, टॉम।"
What is it you want to ask me?,तुम मुझसे क्या पूछना चाहते हो?
What is it you want to ask me?,वह क्या है जो तुम मुझसे पूछना चाहते हो?
I don't want to argue with you.,मैं तुम से बहस करना नहीं चाहता।
I don't want to argue with you.,मैं तुम से बहस करना नहीं चाहती।
I don't want to do this with you.,मैं तुम्हारे साथ ऐसा नहीं करना चाहती.
I want you to come to my wedding.,मेरी इच्छा है तुम मेरे विवाह पर आओ.
They want us to come in right away.,वह चाहते हैं हम अभी इसी समय अन्दर आ जायें.
I don't want to talk to you anymore.,मैं आपके साथ अब और बात नहीं करना चाहता.
"You wanted me to get a job, so I did.","तुम चाहते थे मैं कोई काम ढूँढूं, इसलिए मैंने ढून्ढ लिया."
Have you played The Legend of Zelda?,क्या तुमने 'द लेजंड आफ ज़ेल्डा' खेला है?
It's not impossible.,नामुमकिन नहीं है।
I can't see through walls.,मैं दीवारों के पार नहीं देख सकता।
Superman can see through walls.,सुपरमैन दीवारों के पार देख सकता है।
She says that she can see through walls.,वह कहती है कि वह दीवारों के पार देख सकती है।
The cat is stuck in the tree.,वह बिल्ली पेढ पर अटक गयी है।
Can Superman also see through clothes?,क्या सुपरमैन कपडों के पार भी देख सकता है?
This scanner can see through clothes.,यह स्कैनर कपडों के पार भी देख सकता है।
I have to buy a new scanner.,मुझे नया स्कैनर खरीदना है।
You can't stop progress.,तुम प्रगति को रोक नहीं सकते।
You can't stop progress.,आप प्रगती को रोक नहीं सकते।
You can't stop progress.,तुम प्रगति को रोक नहीं सकती।
Can I try it?,क्या मैं कोशिश करूं?
Can I try it?,क्या मैं कोशिश कर सकता हूं?
Can I try it?,क्या मैं कोशिश कर सकती हूं?
He's allergic to cats.,उसे बिल्लियों से ऐलर्जी है।
She's allergic to cats.,उसे बिल्लियों से ऐलर्जी है।
I don't work here.,मैं यहाँ काम नहीं करता।
I don't work here.,मैं यहाँ काम नहीं करती।
I'm only doing this for your own good.,मैं यह बस तुम्हारे ही भले के लिये कर रहा हूं।
I'm only doing this for your own good.,मैं यह बस तुम्हारे ही भले के लिये कर रही हूं।
I only did it for your own good.,मैंने यह बस तुम्हारे ही भले के लिये किया।
This doesn't mean anything.,इसका कोई मतलब नहीं।
He wants to marry my daughter.,वह मेरी बेटी से शादी करना चाहता है।
"Two is a couple, three is a crowd.","दो व्यक्ति जोड़ा हैं, तीन भीड़ है."
"I don't want to stay here anymore, Tom.","मुझे यहां और नहीं रहना है, टॉम।"
I want a cup of coffee and I want it now.,मुझे एक कप काफ़ी चाहिए और वह भी अभी के अभी चाहिए।
Why do you want to be alone all the time?,तुम हमेशा अकेले क्यों रहना चाहते हो?
Why do you want to be alone all the time?,तुम हमेशा अकेले क्यों रहना चाहती हो?
Why do you want to be alone all the time?,आप हमेशा अकेले क्यों रहना चाहते हैं?
The Chinese don't know that I'm not human.,चाईनिज नहीं जानते कि मैं मानव नहीं हुँ।
She's nice to me.,उसका मेरे प्रति व्यवहार अच्छा है.
There's no wind here.,यहां हवा नहीं है।
I don't want to quit.,मैं छोड़ना नहीं चाहता।
I don't want to quit.,मैं छोड़ना नहीं चाहती।
I want to say thank you.,मैं शुक्रिया अदा करना चाहता हूं।
I want to say thank you.,मैं शुक्रिया अदा करना चाहती हूं।
I want to make Tom happy.,मैं टॉम को ख़ुश करना चाहता हूं।
I want to make Tom happy.,मैं टॉम को ख़ुश करना चाहती हूं।
"Tom, I want to talk to you.","टॉम, मुझे तुमसे बात करनी है।"
I want to speak to you about Tom.,मैं तुम से टॉम के बारे में बात करना चाहता हूँ।
I want to speak to you about Tom.,मैं तुम से टॉम के बारे में बात करना चाहती हूँ।
I want to speak to you about Tom.,मैं आप से टॉम के बारे में बात करना चाहता हूँ।
I want to speak to you about Tom.,मैं आप से टॉम के बारे में बात करना चाहती हूँ।
Tom wants to tell you about Mary.,टॉम तुम्हें मॅरी के बारे में कुछ बताना चाहता है।
Tom wants to tell you about Mary.,टॉम तुम्हें मॅरी के बारे में कुछ बताना चाहते हैं।
Tom wants to tell you about Mary.,टॉम आपको मॅरी के बारे में कुछ बताना चाहता है।
Tom wants to tell you about Mary.,टॉम आपको मॅरी के बारे में कुछ बताना चाहते हैं।
Tom wants to know why you didn't call him back.,टॉम पूछ रहा है कि तुमने उसे कॉल बैक क्यों नहीं किया।
I'm not happy here.,मैं यहाँ खुश नहीं हूँ।
They are all happy.,वे सब खुश हैं।
They seem so happy.,वे कितने खुश लगते हैं।
Tom seemed so happy.,टॉम कितना खुश लग रहा था।
Tom seemed so happy.,टॉम कितना खुश लगता था।
She is our neighbor.,वह हमारी पड़ोसी है।
What a beautiful story!,क्या खूबसूरत कहानी है!
That's so beautiful.,वह कितना सुंदर है।
That's child's play.,वह तो बच्चों का खेल है।
Stay with us tonight and find a hotel tomorrow.,"आज रात हमारे साथ रहो, कल कोई होटल दूंढ लेना."
Sri Lanka is a beautiful island.,श्रीलंका एक सुंदर द्वीप है।
"There are many webs within the World Wide Web. Rings are obvious. Less apparent are webs of server farms, which are in effect distributed Web sites.","वर्ल्ड वाइड वेब में कई जाल हैं. उनके चक्र साफ़ नज़र आते हैं. सर्वर फार्मों के जाल उनसे कम दृष्ट्मान हैं, जो के असलियत में विस्तृत वेब साईट हैं."
I'm to blame.,दोष मेरा है।
Who's to blame?,दोष किसका है?
You're not to blame.,दोष तुम्हारा नहीं है।
You're not to blame.,दोष आपका नहीं है।
There's something we need to talk about.,मुझे तुमसे किसी बारे में बात करनी है।
Tom must have seen something.,टॉम को कुछ दिखा होगा।
Tom is writing something.,टॉम कुछ लिख रहा है।
Can I show you something?,क्या मैं तुम्हें कुछ दिखा सकता हूं?
Can I show you something?,क्या मैं तुम्हें कुछ दिखा सकती हूं?
Can I show you something?,क्या मैं आपको कुछ दिखा सकता हूं?
Can I show you something?,क्या मैं आपको कुछ दिखा सकती हूं?
Can I show you something?,तुम्हें कुछ दिखाऊं?
Can I show you something?,आपको कुछ दिखाऊं?
I'm going to tell you something.,मैं तुम्हें कुछ बताने वाला हूँ।
I'm going to tell you something.,मैं तुम्हें कुछ बताने जा रहा हूँ।
Who wants freedom?,आज़ादी किसे चाहिए?
Tom changed the future.,टॉम ने भविष्य बदला।
Tom changed the future.,टॉम ने भविष्य बदल दिया।
We are from Russia.,हम रूस से हैं।
Mars has two moons.,मंगल के दो चांद हैं।
Greece cancels the referendum.,यूनान जनमत-संग्रह को रद्द कर देता है।
Who?,कौन?
Russia should give the Kuril Islands back to Japan.,रूस ने कुरील द्वीप जापान को लौटाने चाहिए।
No one's in sight.,आसपास कोई नहीं है।
Where is my son?,मेरा बेटा कहाँ है?
Is everyone all right?,सब ठीक हैं?
How many people have you slept with?,तुम कितने लोगों के साथ सोये हो?
How many people have you slept with?,तुम कितने लोगों के साथ सोयी हो?
They're fighting.,वे लड़ रहे हैं।
They're fighting.,वे झगड़ रहे हैं।
They stood.,वे खड़े हुए।
They stood.,वे खड़े रहें।
They called.,उन्होंने बुलाया।
That's beautiful.,वह सुंदर है।
Stay close.,पास रहना।
Stay close.,पास रहिए।
Someone's talking.,कोई बात कर रहा है।
Somebody answered.,किसी ने जवाब दिया।
Say goodbye.,अलविदा कहो।
Say goodbye.,अलविदा कहिए।
Nothing's there.,वहाँ कुछ नहीं है।
Nothing'll happen.,कुछ नहीं होगा।
Nobody's there.,वहाँ कोई नहीं है।
Nobody's around.,आसपास कोई नहीं है।
Nobody'll know.,किसी को पता नहीं चलेगा।
Leave everything.,सब कुछ छोड़ दो।
Leave everything.,सब कुछ छोड़ दीजिए।
Keep walking.,चलते रहो।
Keep walking.,चलते रहिए।
Keep this.,यह रखो।
Keep this.,यह रख।
Keep this.,यह रखें।
Keep this.,यह रखिए।
I'm quitting.,मैं छोड़ रहा हूँ।
I'm quitting.,मैं छोड़ रही हूँ।
I'm positive.,मैं सकारात्मक हूँ।
I'm naked.,मैं नंगा हूँ।
I'm naked.,मैं नंगी हूँ।
Don't fight.,लड़ना मत।
Don't fight.,झगड़ा मत करो।
Italy isn't Greece.,इटली यूनान नहीं है।
Greece has many islands.,यूनान में कई द्वीप हैं।
He did not read the book.,उसने वह किताब पड़ी नहीं।
You've grown.,तुम बड़े हुए हो।
You've grown.,तुम बड़ी हुई हो।
It's time.,वक़्त हो गया है।
It's time.,समय हो गया है।
It's scary.,डरावना है।
These books are yours.,ये किताबें आपकी हैं।
These books are yours.,ये किताबें तुम्हारी हैं।
Wait a little longer.,थोड़ी देर और रुको।
Wait a little longer.,थोड़ी देर और रुकिए।
The age of nuclear power is not yet over.,नाभिकीय ऊर्जा का काल अभी तक खतम नहीं हुआ है।
Don't say anything!,कुछ मत कहना!
Don't say anything!,कुछ मत कहो!
Don't say anything!,कुछ मत कहिएगा!
Don't say anything!,कुछ मत कहिए!
"If you have time, could you translate some sentences below, please?","अगर आपके पास थोड़ा समय हो, तो कृपया निम्न वाक्यों का अनुवाद करेंगे?"
"I know Portuguese, English, and Russian.","मुझे पुर्तुगाली, अंग्रेज़ी और रूसी आती हैं।"
Damascus is located in Syria.,दमिश्क सीरिया में स्थित है।
Electric power companies are seeking to reduce their use of coal.,बिजली कम्पनियाँ कोयले का इस्तेमाल कम करने की कोशिश कर रही हैं।
They were both naked.,वे दोनों नंगे थे।
Both were naked.,दोनों नंगे थे।
It's very difficult to know oneself.,अपने आप को जानना बहुत मुश्किल होता है।
Are you gay?,तुम गे हो?
It's Wednesday.,बुधवार है।
Do you have it?,तुम्हारे पास है?
Do you have it?,आपके पास है?
Love the earth.,पृथ्वी से प्यार करो।
Take care of our planet.,हमारे ग्रह का ध्यान रखो।
Take care of our planet.,हमारे ग्रह का ध्यान रखें।
You are a liar.,तुम झूठे हो।
You are a liar.,तुम झूठी हो।
My eyes are red.,मेरी आँखें लाल हैं।
He grabbed my breasts.,उसने मेरे स्तन पकड़ लिये।
How many people have you had sex with in the last year?,गये साल में तुम ने कितने लोगों के साथ सेक्स किया है?
They met in Spain seven years ago.,वे सात साल पहले स्पेन में मिलें।
We're afraid.,हम डरे हुए हैं।
You're aggressive.,तुम आक्रामक हो।
You're aggressive.,आप आक्रामक हैं।
You're artistic.,तुम कलात्मक हो।
You're artistic.,आप कलात्मक हैं।
We're ashamed.,हम शरमिंदा हैं।
Mary is attractive.,मैरी आकर्षक है।
Mary is attractive.,मैरी आकर्षक हैं।
You're attractive.,तुम आकर्षक हो।
You're attractive.,आप आकर्षक हैं।
You're dangerous.,तुम खतरनाक हो।
You're dangerous.,आप खतरनाक हैं।
You're OK.,तुम ठीक हो।
I am Death.,मैं मृत्यु हूँ।
I am Death.,मैं मौत हूँ।
I'm not going alone.,मैं अकेला नहीं जा रहा।
I'm not going alone.,मैं अकेली नहीं जा रही।
I've gotten used to living alone.,मुझे अकेले रहने की आदत पड़ गयी है।
They're in math class.,वे गणित के क्लास में है।
Why don't you ever help?,तुम कभी भी मदद क्यों नहीं करते?
Why don't you ever help?,तू कभी भी मदद क्यों नहीं करता है?
I'm proud to be a Burgundian.,मुझे बुरगुंदीयाई होने पर गर्व है।
Hinduism is the main religion in India.,हिंदू धर्म भारत का मुख्य धर्म है।
Tom will forgive Mary.,टॉम मेरी को माफ़ कर देगा।
He lives like a king.,वह किसी राजा की तरह जीता है।
You stole my heart.,तुमने मेरा दिल चुराया।
You're not smiling.,तुम हंस नहीं रहे हो
You're so hot.,तुम कितने हॉट हो।
You're so hot.,आप कितने हॉट हैं।
I have searched internet to learn Portuguese.,मैंने पोर्तुगीज का ज्ञान लेने के लिये इंटरनेट का उपयोग किया है।
I am learning for you.,मैं आपके लिये ज्ञान/विद्या अर्जित कर रहा हूँ।
This is huge.,यह विशाल है।
What's the rule?,नियम क्या है?
I was only joking.,मैं तो बस मजाक कर रहा था।
I was only joking.,मैं तो बस मजाक कर रहा थी।
I was just joking.,मैं तो बस मजाक कर रहा था।
I was just joking.,मैं तो बस मजाक कर रहा थी।
What school did you go to?,तुम कौनसे स्कूल गये थे?
What school did you go to?,आप कौनसे स्कूल गये थे?
I am Egyptian.,मैं मिस्री हूँ।
I'm Tom's driver.,मैं टॉम का ड्राईवर हूँ.
Tom came close.,टॉम पास आया।
Tom congratulated Mary.,टॉम ने मैरी को बधाई दी।
Tom doesn't understand.,टॉम नहीं समझता।
Tom doesn't understand.,टॉम को समझ नहीं आता।
Tom finally arrived.,टॉम आख़िरकार आ ही गया ।
Tom is naked.,टॉम नंगा है।
Tom isn't naked.,टॉम नंगा नहीं है।
Tom isn't OK.,टॉम ठीक नहीं है।
Tom looked again.,टॉम ने फिर देखा।
Tom was naked.,टॉम नंगा था।
We're all crazy.,हम सब पागल हैं।
We're in town.,हम शहर में हैं।
We're with you.,हम तुम्हारे साथ हैं।
We're with you.,हम आपके साथ हैं।
We're coming in.,हम अंदर आ रहे हैं।
They found this.,उन्हें यह मिला।
They saw Tom.,उन्होंने टॉम को देखा।
They saw Tom.,उन्हें टॉम दिखा।
They're both laughing.,वे दोनों हँस रहें हैं।
Taiwan isn't part of China.,ताइवान चीन का हिस्सा नहीं है।
Has Tom left?,टॉम चला गया क्या?
Tom didn't show.,टॉम ने दिखाया नहीं।
Everybody looked sick.,सभी बीमार लग रहे थे।
Finish the story.,कहानी खतम करो।
Finish the story.,कहानी खतम कीजिए।
I do worry.,चिंता तो में करता ही हूँ।
I do worry.,चिंता तो में करती ही हूँ।
I found somebody.,मुझे कोई मिला।
I found somebody.,मुझे कोई मिली।
I have evidence.,मेरे पास सबूत है।
I have proof.,मेरे पास सबूत है।
What is your planet like?,तुम्हारा ग्रह कैसा है?
What is your planet like?,आपका ग्रह कैसा है?
I was assaulted.,मुझपर हमला किया गया।
I was naked.,मैं नंगा था।
I'll come along.,मैं साथ आऊँगा।
I'll come along.,मैं साथ आऊँगी।
I've already called.,मैंने फ़ोन कर लिया है।
I've got cookies.,मेरे पास कुकीज़ हैं।
Is Monday OK?,सोमवार ठीक है?
It looks Egyptian.,मिस्री लगता है।
It looks Egyptian.,मिस्री लगती है।
It may hurt.,दर्द हो सकता है।
It's a promise.,वादा रहा।
It's their anniversary.,उनकी सालगिरह है।
It's very old.,बहुत पुराना है।
Now go home.,अब घर जाओ।
Now go home.,अब घर जाइए।
Now help me.,अब मेरी मदद करो।
Now help me.,अब मेरी मदद कीजिए।
Somebody's watching you.,कोई तुम्हें देख रहा है।
Somebody's watching you.,कोई आपको देख रहा है।
Somebody's watching you.,किसी की आप पर नज़र है।
Take us home.,हमें घर ले चलो।
Take us home.,हमें घर ले चलिए।
That wasn't real.,वह सच नहीं था।
There is silence.,शांति है।
There wasn't time.,वक़्त नहीं था।
Where's my cane?,मेरी छड़ी कहाँ है?
Which one's yours?,तुम्हारा वाला कौन सा है?
In Spain they speak Spanish.,स्पेन में स्पेनिश बोली जाती है।
Who told you?,तुम्हें किसने बताया?
Who told you?,आपको किसने बताया?
Who was here?,यहां कौन था?
You may leave.,तुम जा सकते हो।
You may leave.,आप जा सकते हैं।
You wouldn't understand.,तुम नहीं समझोगे।
You wouldn't understand.,तुम नहीं समझोगी।
You wouldn't understand.,आप नहीं समझेंगे।
You wouldn't understand.,आप नहीं समझेंगी।
Tom will dance.,टॉम नाचेगा।
He makes fun of everybody.,वह सबका मज़ाक उड़ाता है।
My family is very proud of me.,मेरे परिवार को मुझ पर बहुत गर्व है।
What were you thinking?,तुम सोच क्या रहे थे?
What were you thinking?,तुम सोच क्या रही थी?
What were you thinking?,आप क्या सोच रहे थे?
I just saw Tom.,मैंने अभी टॉम को देखा।
I broke her heart.,मैंने उसका दिल तोड़ा।
I broke his heart.,मैंने उसका दिल तोड़ा।
I'm a fan of German opera.,मैं जर्मन ऑपेरा का शौकीन हूँ।
I'm a fan of German opera.,मैं जर्मन ऑपेरा की शौकीन हूँ।
Gay marriage is legal here.,गे विवाह यहाँ वैध है।
Greece was the cradle of western civilization.,यूनान पश्चिमी संस्कृति का पालना था।
You'll never get my boobs.,तुम्हें मेरे मम्मे कभी नहीं मिलेंगे।
Don't go down there.,वहाँ नीचे मत जाओ।
Don't start doing that.,वह काम शुरु मत करो।
I didn't find anything.,मुझे कुछ नहीं मिला।
Tom won't eat that.,टॉम वह नहीं खाएगा।
Tom didn't stop Mary.,टॉम ने मैरी को नहीं रोका।
Tom is kissing Mary.,टॉम मेरी को किस कर रहा है।
Tom is kissing Mary.,टॉम मेरी को चूम रहा है।
Tom is my son.,टॉम मेरा लड़का है।
Tom is very sad.,टॉम बहुत उदास है।
Where did it go?,कहाँ गया?
Where did it go?,कहाँ गयी?
Don't bother me with details.,मुझे बारीकियां बता कर तंग मत करो.
I'm not like that.,मैं वैसा नहीं हूँ।
I'm not gay.,मैं गे नहीं हूँ।
Here's what I don't get.,एक बात मेरे समझ नहीं आ रही।
They released all the prisoners.,उन्होंने सभी कैदीयों को आज़ाद कर दिया है।
Tom is a teaching assistant.,टॉम एक शिक्षण सहायक है।
Americans like football in the same way that Japanese like baseball.,अमरिकियों को फ़ुटबॉल पसंद है वैसे ही जैसे जापानीयों को बेसबॉल।
Mary is my mother.,मैरी मेरी माँ है।
Somebody's going to die.,कोई तो मरने वाला है।
I went home and cried.,मैं घर गया और रोया।
I went home and cried.,मैं घर गयी और रोई।
"You didn't recognize me, did you?","तुम ने मुझे पहचाना नहीं, है ना?"
I didn't answer a single question.,मैंने एक भी सवाल का जवाब नहीं दिया।
I didn't have any friends in Boston.,मेरे बास्टन में कोई दोस्त नहीं थे।
He was lucky.,वह भाग्यवान था।
I can barely afford to buy enough food to feed my family.,अपने परिवार के लिए खाना खरीदना भी मेरे लिए मुश्किल है।
She's always been a very cheerful person.,वह हमेशा से ही खुशमिज़ाज रही है।
I want to live here.,मैं यहाँ रहना चाहता हूँ।
I want to live here.,मैं यहाँ रहना चाहती हूँ।
I don't think I can wait that long.,मैं उतनी देर रुक नहीं सकता।
The drug smuggler was arrested at the airport.,दवा तस्कर हवाई अड्डे पर गिरफ्तार किया गया था।
The czar was the ruler of Russia.,ज़ार रूस का शासक था।
The tsar was the ruler of Russia.,ज़ार रूस का शासक था।
The sky was red.,आकाश लाल था।
I have a key.,मेरे पास एक चाबी है।
I've already read that document.,मैंने वह दस्तावेज पहले से ही पढ़ लिया है।
I've already read that novel.,मैंने वह उपन्यास पहले से ही पढ़ा है।
I've been given a three-year sentence.,मुझे तीन साल की सज़ा दी गई है।
I've got plenty of food.,मेरे पास बहुत सारा खाना है।
I haven't heard that name in years.,मैंने वह नाम कई सालों से नहीं सुना है।
I've let everybody down.,मैंने सभी को निराश कर दिया है।
I don't love you that much.,मैं तुम से उतना प्यार नहीं करता।
I don't love you that much.,मैं तुम से उतना प्यार नहीं करती।
I don't love you that much.,मैं आप से उतना प्यार नहीं करता।
I don't love you that much.,मैं आप से उतना प्यार नहीं करती।
I have a gut feeling that Tom won't pass the test.,मुझे नहीं लगता कि टॉम परीक्षा में उत्तीर्ण होगा।
I have a gut feeling that Tom won't pass the test.,मुझे नहीं लगता कि टॉम टेस्ट में पास होगा।
I'm proud to be a Canadian.,मुझे कैनेडियन होने पर गर्व है।
I just downloaded a lot of files.,मैंने अभी-अभी बहुत सारी फाइलें डाउनलोड की हैं।
She's wearing red.,उसने लाल कपड़े पहने हैं।
I knew you'd quit.,मैं जानता था तुम छोड़ दोगे।
I knew you'd quit.,मैं जानती थी तुम छोड़ दोगे।
I knew you'd quit.,मैं जानता था आप छोड़ देंगे।
I knew you'd quit.,मैं जानती थी आप छोड़ देंगे।
"I like almonds, but not peanuts.","मुझे बदाम पसंद हैं, मगर मूँगफली नहीं।"
I live here now.,मैं अब यहाँ रहता हूँ।
"I live in Boston, too.",मैं भी बॉस्टन में ही रहता हूँ।
I lived with Tom for three years.,मैं टॉम के साथ तीन साल रहा हूँ।
I lived with Tom for three years.,मैं टॉम के साथ तीन साल रही हूँ।
I love you guys.,में तुम लोगो से प्यार करता हुँ ।
I owed him a thousand dollars.,मुझे उसे हजार डालर देने थे।
I opened the door.,मैंने दरवाज़ा खोला।
Tom was raped by his father.,टॉम के पिता ने उस पर बलात्कार किया।
I remember when I first saw you.,मुझे हमारी पहली मुलाकात याद है।
Portuguese is beautiful but not easy.,"पुर्त्तगाली सुंदर है, मगर आसान नहीं।"
My family loved Tom.,मेरे परिवार को टॉम पसंद था।
"I always have misconceptions, too.",मुझे भी हमेशा गलतफ़हमियाँ होती हैं।
I saw Tom smoking a cigarette.,मैंने टॉम को सिगरेट पीते हुए देखा।
I still have your key.,तुम्हारी चाबी अभी भी मेरे पास है।
These are very big apples.,ये सेब बहुत बड़े हैं।
The water is not drinkable.,यह पानी पिया नहीं जा सकता है।
The revolution has its own laws.,क्रांति के अपने ही नियम होते है।
"Thank you so much, my friends!","आपका बहुत बहुत शुक्रिया, मेरे दोस्तों!"
There's a cat there.,वहाँ एक बिल्ली है।
There's a cat there.,वहाँ एक बिल्ला है।
Tom hates school.,टॉम को स्कूल से नफ़रत है।
The soul is eternal.,आत्मा अनन्त है।
He's Tony.,वह टोनी है।
He's Tony.,यह टोनी है।
Where did you meet Marika?,तुम मारिका से कहाँ मिले?
Where did you meet Marika?,तुम मारिका से कहाँ मिली?
Tom's book was translated into French.,टॉम की किताब फ़्रांसीसी में अनुवादित की गयी।
I've written several songs in French.,मैंने फ़्रांसीसी में कई गाने लिखे हैं।
I am a fly!,मैं मक्खी हूँ!
Tom had two choices.,टॉम के पास दो विकल्प थे।
"Tom, where are we?","टॉम, हम कहाँ है?"
She didn't even say thanks.,उसने तो शुक्रिया तक नहीं कहा।
"I always say goodbye, and I stay.",मैं हमेशा अलविदा कहता हूं और रूक जाता हूं।
There's a rumor that Tom is gay.,अफवाह है कि टॉम गे है।
Athens is in Greece.,एथेंस यूनान में है।
How far?,कितने दूर?
I'll go to Greece.,मैं यूनान जाऊँगा।
I'll go to Greece.,मैं यूनान जाऊँगी।
It may not be necessary for us to go to that meeting.,शायद हमें उस मीटिंग में जाने की ज़रूरत नहीं पड़ेगी।
Tom wouldn't be here if it wasn't for me.,मैं ना होता तो टॉम आज यहाँ नहीं होता।
Tom wouldn't be here if it wasn't for me.,मैं ना होती तो टॉम आज यहाँ नहीं होता।
"Tom, Mary and John are eating breakfast.","टॉम, मैरी और जॉन नाश्ता कर रहे हैं।"
This isn't a violin. It's a viola.,यह वायलिन नहीं है। यह वायोला है।
What does Tom eat for breakfast?,टॉम नाश्ते में क्या खाता है?
I'm not going anywhere with you.,मैं तुम्हारे साथ कहीं नहीं जा रहा।
I'm not going anywhere with you.,मैं तुम्हारे साथ कहीं नहीं जा रही।
We're asking the questions.,सवाल हम पूछ रहे हैं।
"Tom, your life's in danger.","टॉम, तुम्हारी जान खतरे में हे।"
"Tom, you've got to help me.","टॉम, तुम्हें मेरी मदद करनी ही होगी।"
Tom wouldn't do that to me.,टॉम मेरे साथ वैसा नहीं करेगा।
Tom would've thrown us out.,टॉम ने हमें बाहर फेंक दिया होता।
"If Tom dies, what'll we do?","अगर टॉम मर गया, तो हम क्या करेंगे?"
"I'm telling the truth, Tom.","मैं सच कह रहा हूँ, टॉम।"
"I'm telling the truth, Tom.","मैं सच कह रही हूँ, टॉम।"
I'm staying at Tom's house.,मैं टॉम के घर रह रहा हूँ।
I'm staying at Tom's house.,मैं टॉम के घर रह रही हूँ।
I'm sitting here in my car.,मैं यहाँ मेरी गाड़ी में बैठा हूँ।
I'm sitting here in my car.,मैं यहाँ मेरी गाड़ी में बैठी हूँ।
I'm leaving that up to you.,मैं वह तुम पर छोड़ रहा हूँ।
I'm leaving that up to you.,मैं वह तुम पर छोड़ रही हूँ।
I'm going to work with Tom.,मैं टॉम के साथ काम करने वाला हूँ।
I'm going to work with Tom.,मैं टॉम के साथ काम करने वाली हूँ।
I'll turn thirty next week.,मैं अगले हफ़्ते तीस साल का हो जाऊँगा।
I'll turn thirty next week.,मैं अगले हफ़्ते तीस साल की हो जाऊँगी।
I'll teach you many things.,मैं तुम्हें बहुत सारी चीज़ें सिखाऊंगा।
I'll teach you many things.,मैं तुम्हें बहुत सारी चीज़ें सिखाऊंगी।
I'll teach you many things.,मैं आपको बहुत सारी चीज़ें सिखाऊंगा।
I'll teach you many things.,मैं आपको बहुत सारी चीज़ें सिखाऊंगी।
"We're friends, aren't we?","हम दोस्त हैं, है ना?"
I'm asking for your help.,मैं तुम्हारी मदद माँग रहा हूँ।
I'm asking for your help.,मैं तुम्हारी मदद माँग रही हूँ।
I'm asking for your help.,मैं आपकी मदद माँग रहा हूँ।
I'm asking for your help.,मैं आपकी मदद माँग रही हूँ।
You're not my assistant.,तुम मेरे सहायक नहीं हो।
You're not my assistant.,आप मेरे सहायक नहीं हैं।
You're my new assistant.,तुम मेरे नये सहायक हो।
You're my new assistant.,आप मेरे नये सहायक हैं।
"We're your friends, Tom.","हम तुम्हारे दोस्त हैं, टॉम।"
We're worried about you.,हमें तुम्हारी चिंता हो रही है।
We're worried about you.,हमें आपकी चिंता हो रही है।
Tom put on his raincoat.,टॉम ने अपना रेनकोट पहना।
Tom isn't wearing a tie.,टॉम ने टाई पहना नहीं है।
They're all watching us.,वे सब हमें देख रहे हैं।
They're all watching us.,उन सब की हम पर नज़र है।
I'm taking them with me.,मैं उन्हें अपने साथ ले जा रहा हूँ।
I'm taking them with me.,मैं उन्हें अपने साथ ले जा रही हूँ।
I'm giving you a chance.,मैं तुम्हें एक मौका दे रहा हूँ।
What's behind the door?,उस दरवाज़े के पीछे क्या है?
That wasn't the reason.,वह कारण नहीं था।
I'm trying to help Tom.,मैं टॉम की मदद करने की कोशिश कर रही हूँ।
I'm trying to help Tom.,मैं टॉम की मदद करने की कोशिश कर रहा हूँ।
I'm taking you with me.,मैं तुम्हें मेरे साथ ले जा रहा हूँ।
I'm taking you with me.,मैं तुम्हें मेरे साथ ले जा रही हूँ।
I'm taking Tom with me.,मैं टॉम को अपने साथ ले जा रहा हूँ।
I'm taking Tom with me.,मैं टॉम को अपने साथ ले जा रही हूँ।
I'm sitting right here.,मैं यहीं बैठा हूँ।
I'm sitting right here.,मैं यहीं बैठी हूँ।
Tom is also an artist.,टॉम कलाकार भी है।
You're a soldier now.,अभी तुम सैनिक हो।
You're a soldier now.,अभी आप सैनिक हैं।
What're you watching?,क्या देख रहे हो?
What're you watching?,क्या देख रही हो?
"Tom's my friend, too.",टॉम मेरा भी दोस्त है।
Tom wasn't surprised.,टॉम को आश्चर्य नहीं हुआ था।
They're not my rules.,वे मेरे नियम नहीं हैं।
They're in my office.,वे मेरे दफ्तर में हैं।
I'm working here now.,मैं अभी यहाँ काम कर रहा हूँ।
I'm working here now.,मैं अभी यहाँ काम कर रही हूँ।
I'm proud of you all.,मुझे तुम सब पर गर्व है।
I'm proud of you all.,मुझे आप सब पर गर्व है।
I'm nothing like you.,मैं तुम्हारी तरह बिलकुल भी नहीं हूँ।
I'm not your brother.,मैं तुम्हारा भाई नहीं हूँ।
I'm not your brother.,मैं आपका भाई नहीं हूँ।
I'm not stopping you.,मैं तुम्हें नहीं रोक रहा।
I'm not stopping you.,मैं तुम्हें नहीं रोक रही।
I'm not ready to die.,मैं मरने के लिये तैयार नहीं हूँ।
I'm in the air force.,मैं वायु सेना में हूँ।
I'm going to the gym.,मैं जिम जा रहा हूँ।
I'm going to the gym.,मैं जिम जा रही हूँ।
I'm going to my room.,मैं मेरे कमरे में जा रहा हूँ।
I'm going to my room.,मैं मेरे कमरे में जा रही हूँ।
I'm going to bed now.,मैं अभी सोने जा रहा हूँ।
I'm going to bed now.,मैं अभी सोने जा रही हूँ।
I'm going to be late.,मुझे देर होने वाली है।
I'm giving it to Tom.,मैं टॉम को दे रही हूँ।
I'm giving it to Tom.,मैं टॉम को दे रहा हूँ।
"I'm coming home, Tom.","मैं घर आ रहा हूँ, टॉम।"
"I'm coming home, Tom.","मैं घर आ रही हूँ, टॉम।"
You've defeated Tom.,तुमने टॉम को हरा दिया है।
You've defeated Tom.,आपने टॉम को हरा दिया है।
You've defeated Tom.,तुमने टॉम को हराया है।
You've defeated Tom.,आपने टॉम को हराया है।
You're our prisoner.,तुम हमारे कैदी हो।
You're all the same.,तुम सब एक जैसे हो।
"It's true, isn't it?","यह सच है, है ना?"
"It's nice, isn't it?","अच्छा है, है ना?"
"It's cool, isn't it?","ठंडा है, है ना?"
I'm writing my will.,मैं अपना इच्छापत्र लिख रहा हूँ।
I'm writing my will.,मैं अपना इच्छापत्र लिख रही हूँ।
I'm wasting my time.,मैं मेरा वक़्त बरबाद कर रहा हूँ।
I'm so proud of Tom.,मुझे टॉम पर कितना गर्व है।
"I'm right here, Tom.","मैं यहीं हूँ, टॉम।"
I'm not coming home.,मैं घर नहीं आ रहा हूँ।
I'm not coming home.,मैं घर नहीं आ रही हूँ।
I'm headed that way.,मैं उसी रास्ते जा रहा हूँ।
I'm headed that way.,मैं उसी रास्ते जा रही हूँ।
I'm happy right now.,मैं इस वक़्त खुश हूँ।
I'm completely deaf.,मैं पूरी तरह से बहरा हूँ।
I'm completely deaf.,मैं पूरी तरह से बहरी हूँ।
I'll watch the door.,मैं दरवाज़े पर नज़र रखता हूँ।
I'll tell you later.,मैं तुम्हें बाद में बताता हूँ।
I'll tell you later.,मैं तुम्हें बाद में बताती हूँ।
I'll tell you later.,मैं तुम्हें बाद में बताऊंगी।
I'll tell you later.,मैं तुम्हें बाद में बताऊंगा।
I'll find you later.,मैं तुम्हें बाद में ढूंढ लूंगा।
I'll find you later.,मैं तुम्हें बाद में ढूंढ लूंगी।
I'll find you later.,मैं आपको बाद में ढूंढ लूंगा।
I'll find you later.,मैं आपको बाद में ढूंढ लूंगी।
I'll bring the wine.,मैं शराब लाता हूँ।
I'll bring the wine.,मैं शराब लाऊँगा।
You've got an hour.,तुम्हारे पास एक घंटा है।
You've got an hour.,आपके पास एक घंटा है।
You're married now.,तुम अब शादीशुदा हो।
You're married now.,अभी तुम विवाहित हो।
You're married now.,अभी आप शादीशुदा हैं।
Why isn't Tom here?,टॉम यहाँ क्यों नहीं है?
Where are the kids?,बच्चे कहाँ गए?
We're good friends.,हम अच्छे दोस्त हैं।
We're all like Tom.,हम सब टॉम जैसे हैं।
We're all like Tom.,हम सब टॉम की तरह हैं।
We'll have to wait.,हमें रुकना पड़ेगा।
We'll have to wait.,हमें रुके रहना पड़ेगा।
Tom's nose was red.,टॉम का नाक लाल था।
Tom's dog stood up.,टॉम का कुत्ता खड़ा हुआ।
I'll get your coat.,मैं तुम्हारा कोट लाता हूँ।
I'll get your coat.,मैं तुम्हारा कोट लाती हूँ।
I'll get your coat.,मैं आपका कोट लाता हूँ।
I'll get your coat.,मैं आपका कोट लाती हूँ।
We haven't failed.,हम असफल नहीं हुए हैं।
I'm not safe here.,मैं यहाँ सुरक्षित नहीं हूँ।
I'm just a friend.,मैं बस एक दोस्त हूँ।
I'm just a friend.,मैं केवल एक मित्र हूँ।
I'm going to stay.,मैं रहने वाला हूँ।
I'm going to stay.,मैं रहने वाली हूँ।
I'll do just that.,मैं बिलकुल वहीं करूँगा।
I'll do just that.,मैं बिलकुल वहीं करूँगी।
You'll be OK now.,तुम अभी ठीक हो जाओगे।
You'll be OK now.,अभी आप ठीक हो जाओगे।
You'll be OK now.,तुम अभी ठीक हो जाओगी।
"I'm in here, Tom.","मैं यहाँ अंदर हूँ, टॉम।"
I'm here for Tom.,मैं यहाँ टॉम के लिये आया हूँ।
"Scary, isn't it?","डरावना है, ना?"
I'm over thirty.,मेरी उम्र तीस से ज़्यादा है।
I'm not on duty.,मैं ड्यूटी पर नहीं हूँ।
I'm in the band.,मैं उस बैंड में हूँ।
You came back.,तुम लौटे।
You came back.,तुम लौट आये।
You came back.,आप लौट आये।
I'm unmarried.,मैं अविवाहित हूँ।
Tom is alive.,टॉम ज़िंदा है।
Tom got home.,टॉम घर पहुँचा।
They're blue.,वे नीले हैं।
It was round.,गोलाकार था।
It was black.,काला था।
It was black.,काली थी।
It was a bet.,शर्त थी।
Is it a wolf?,भेड़िया है?
Is it a wolf?,भेड़िया है क्या?
What's next?,इसके बाद क्या है?
They're red.,वे लाल हैं।
Watch this.,यह देख।
Watch this.,यह देखो।
Watch this.,यह देखिए।
What could I do?,मैं क्या करता?
What could I do?,मैं क्या करती?
What would the king know of Diwali?,राजा को दिवाली क्या पता?
A dead rooster does not fear the fire.,मरा हुआ मुर्गा आग से डरता नहीं.
"If you live in the water, do not feud with the fishes.",पानी में रह कर मछली से वैर?
The poet sees what the sun does not.,जो न देखे रवि वह देखे कवि।
"Like master, like disciple.",जैसा गुरू वैसा चेला।
"He who climbs up, will fall down.",चढ़ेगा वह गिरेगा।
There is a howdah on the horse and a saddle on the elephant.,"घोडे पर हौदा, हाथी पर ज़ीन।"
You can't clap with just one hand.,एक हाथ से ताली नहीं बजती।
The Industrial Revolution began in England.,औद्योगिक क्रांति इंग्लैंड में शुरू हुई।
"He who is present, is the vizier.",हाज़िर वह वज़ीर।
"If you must kill, kill an elephant and if you must rob, rob a treasury.",मारें तो हाथी और लूटें तो भंडार।
The mind is the king and the mind is the subject.,"मन राजा, मन प्रजा।"
"First God, then food.","पहले भगवान, फिर भोजन।"
Come on! I will show you the taste of defeat.,आओ! मैं तुम्हें हार का स्वाद चखाऊँगा।
"Not only does a rock sink, but it drowns others as well.",ख़ुद डूब कर पत्थर दूसरे को डुबो देता है।
Water cannot be separated by hitting it with a stick.,छड़ी मारने से पानी अलग नहीं होता।
The sun of the east shall rise in the west.,पूरब का सूरज पश्चिम में उगेगा।
"A sea of words, but only a drop of sense.",शब्दों का सिंधु मगर अक़्ल का एक बिंदु।
Rain does not fall from the ground.,ज़मीन से बारिश नहीं गिरती।
"If so believed, it is God; if not, it is a stone.","माना तो भगवान, नहीं तो पत्थर।"
He has gone to Spain.,वह स्पेन गया है।
London is the capital of the United Kingdom.,संयुक्त राज्य की राजधानी लंदन है।
"Where there is Jeevan, there is Asha.","जहाँ जीवन, वहाँ आशा।"
My car is red.,मेरी गाड़ी लाल रंग की है।
I have no such desire.,मेरी ऐसी कोई इच्छा नहीं है।
The king is naked!,राजा तो नंगा है!
The king is naked!,राजाजी तो नंगे हैं!
It should be revoked immediately.,इसे तुरंत वापस लिया जाना चाहिए
Greece is a European country.,यूनान यूरोपीय देश है।
Bangladesh is an Asian country.,बांग्लादेश एक एशियाई देश है।
Are you in Bangladesh?,क्या तुम बांग्लादेश में हो?
Are you in Bangladesh?,क्या आप बांग्लादेश में हैं?
I'm Russian.,मैं रूसी हूँ।
He's a funny man.,वह मज़ेदार आदमी है।
Moscow is the capital of Russia.,मास्को रूस की राजधानी है।
Athens is the capital of Greece.,एथेंस यूनान की राजधानी है।
Lisbon is the capital of Portugal.,पुर्तगाल की राजधानी लिस्बन है।
Tom and Mary want to know what our plan is.,टॉम और मेरी हमारा प्लैन जानना चाहते हैं।
Tom and Mary understood each other.,टॉम और मैरी एक-दूसरे को समझते थे।
"What're you looking at, Tom?","तुम क्या देख रहे हो, टॉम?"
"What're you looking at, Tom?","तू क्या देख रहा है, टॉम?"
Tom and I'll both be there.,टॉम और मैं दोनों वहाँ रहेंगे।
Have you ever seen a ghost?,कभी कोई भूत देखा है?
Have you ever seen a ghost?,क्या आपने कभी कोई भूत देखा है?
Get Tom something to drink.,टॉम को कुछ पिलाओ।
Do you remember that night?,वह रात याद है?
You're on the wrong floor.,तुम गलत मंज़िल पर हो।
You're on the wrong floor.,आप गलत मंज़िल पर हैं।
You'll understand someday.,तुम किसी दिन समझ जाओगे।
You'll understand someday.,किसी दिन समझ जाओगे।
You'll understand someday.,तुम किसी दिन समझ जाओगी।
You'll need a screwdriver.,तुम्हें एक स्क्रू ड्राइवर लगेगा।
You'll need a screwdriver.,आपको एक स्क्रू ड्राइवर लगेगा।
Why is Tom wearing a coat?,टॉम ने कोट क्यों पहन रखा है?
Why is Tom wearing a coat?,टॉम ने कोट क्यों पहना है?
Why has Tom been arrested?,टॉम को गिरफ़्तार क्यों किया गया है?
Where were you that night?,तुम उस रात कहाँ थे?
Where were you that night?,तुम उस रात कहाँ थी?
Where were you that night?,आप उस रात कहाँ थे?
Where are you from anyway?,वैसे तुम हो कहाँ के?
Where are you from anyway?,वैसे तुम हो कहाँ की?
Where are you from anyway?,वैसे आप हैं कहाँ के?
What's your lawyer's name?,तुम्हारे वकील का नाम क्या है?
What's your lawyer's name?,आपके वकील का नाम क्या है?
Tom won't let you do that.,टॉम तुम्हें वैसे करने नहीं देगा।
What was in the envelope?,लिफ़ाफ़े में क्या था?
Tom ignored the question.,टॉम ने उस सवाल को नज़रअंदाज़ कर दिया।
Why aren't you sleeping?,तुम सो क्यों नहीं रहे?
Why aren't you sleeping?,तुम सो क्यों नहीं रही?
Why aren't you sleeping?,आप सो क्यों नहीं रहें?
What were they thinking?,वे क्या सोच रहे थे?
What should we do first?,हमें पहले क्या करना चाहिए?
You'll need this again.,तुम्हें इसकी फिर ज़रूरत पड़ेगी।
You'll be needing this.,तुम्हें इसकी ज़रूरत पड़ेगी।
"What're you doing, Tom?","तुम क्या कर रहे हो, टॉम?"
Tom didn't meet anyone.,टॉम किसी से भी नहीं मिला।
This isn't your office.,यह तुम्हारा दफ्तर नहीं है।
This isn't your office.,यह आपका दफ्तर नहीं है।
This isn't their fault.,यह उनकी गलती नहीं है।
It isn't your decision.,यह तुम्हारा फ़ैसला नहीं है।
It isn't your decision.,यह आपका फ़ैसला नहीं है।
Why wasn't Tom there?,टॉम वहाँ क्यों नहीं था?
Why aren't you there?,तुम वहाँ क्यों नहीं हो?
Why aren't you there?,आप वहाँ क्यों नहीं हैं?
Why aren't they here?,वे यहाँ क्यों नहीं हैं?
What's in the basket?,टोकरी में क्या है?
What're you counting?,तुम क्या गिन रहे हो?
What're you counting?,तुम क्या गिन रही हो?
What're you counting?,आप क्या गिन रहे हैं?
Tom thinks I'm right.,टॉम को लगता है मैं सही हूँ।
Tom says he's hungry.,टॉम कहता है उसे भूक लगी है।
Tom knows we're here.,टॉम जानता है हम यहाँ हैं।
Tom isn't that crazy.,टॉम उतना भी पागल नहीं है।
This is Tom's school.,यह टॉम की पाठशाला है।
This is Tom's school.,यह टॉम की स्कूल है।
It isn't Tom's fault.,टॉम की गलती नहीं थी।
Isn't that Tom's hat?,"वह टॉम की टोपी है, ना?"
"How's your wife, Tom?","तुम्हारी बीवी कैसी है, टॉम?"
Where have you gone?,कहाँ चले गए हो?
Where have you gone?,कहाँ चले गई हो?
Where have you gone?,कहाँ गए हो?
Where have you gone?,कहाँ गई हो?
What's Tom done now?,अब क्या किया है टॉम ने?
What's ours is ours.,जो हमारा है वह हमारा है।
What's in your hand?,तुम्हारे हाथ में क्या है?
What's in your hand?,आपके हाथ में क्या है?
What's in the truck?,ट्रक में क्या है?
We've met only once.,हम बस एक बार मिले हैं।
We've met only once.,हम केवल एक बार मिले हैं।
Tom's now in a coma.,टॉम अभी कोमा में है।
Tom says he's dying.,टॉम कहता है वह मर रहा है।
Tom said you'd know.,टॉम ने कहाँ तुम्हें पता होगा।
Tom said you'd come.,टॉम ने कहाँ तुम आओगे।
Tom said you'd come.,टॉम ने कहाँ तुम आओगी।
Tom knows I'm right.,टॉम जानता है मैं सही हूँ।
Tom isn't even here.,टॉम तो यहाँ है भी नहीं।
Tom can't help Mary.,टॉम मैरी की मदद नहीं कर सकता।
Tom can't find them.,टॉम को वे नहीं मिल रहें।
This isn't your job.,यह तुम्हारा काम नहीं है।
This isn't your job.,यह आपका काम नहीं है।
"How's it going, Tom?","क्या हाल है, टॉम?"
"How's it going, Tom?","कैसा चल रहा है, टॉम?"
Aren't you a doctor?,"तुम डाक्टर हो, ना?"
Aren't you a doctor?,"आप डाक्टर हो, ना?"
Who's with Tom now?,अभी टॉम के साथ कौन है?
Where's Tom anyway?,वैसे टॉम है कहाँ?
What's in the file?,फ़ाईल में क्या है?
We're not dead yet.,हम अभी तक मरें नहीं हैं।
We need Tom's help.,हमें टॉम के मदद की ज़रूरत है।
Tom won't eat meat.,टॉम मांस नहीं खाएगा।
Tom isn't to blame.,टॉम दोषी नहीं है।
Tom isn't safe yet.,टॉम अभी तक सुरक्षित नहीं है।
Tom isn't in there.,टॉम वहाँ अंदर नहीं है।
Tom can't stand up.,टॉम खड़ा नहीं हो सकता।
Time's on our side.,वक़्त हमारे साथ है।
It's in your truck.,तुम्हारे ट्रक में है।
It's in your truck.,आपके ट्रक में है।
It's in your hands.,तुम्हारे हाथों में है।
It's in your hands.,आपके हाथों में है।
Is this Tom's room?,क्या यह टॉम का कमरा है?
How long's it been?,कितनी देर हुई है?
You could've gone.,तुम जा सकते थे।
You could've gone.,आप जा सकते थें।
You could've died.,तुम मर सकते थे।
You could've died.,आप मर सकते थें।
Why isn't it here?,यहाँ क्यों नहीं है?
Where's my driver?,मेरा ड्राइवर कहाँ है?
What've you found?,तुम्हें क्या मिला है?
What've you found?,आपको क्या मिला है?
Tom isn't up here.,टॉम यहाँ ऊपर नहीं है।
Tom could've gone.,टॉम जा सकता था।
This isn't my car.,यह मेरी गाड़ी नहीं है।
It's in my pocket.,मेरी जेब में है।
It's been decided.,तय हुआ है।
I need Tom's help.,मुझे टॉम के मदद की ज़रूरत है।
You could've run.,तुम भाग सकते थे।
You could've run.,आप भाग सकते थे।
Tom isn't so bad.,टॉम उतना भी बुरा नहीं है।
Tom isn't in bed.,टॉम बिस्तर पर नहीं है।
It's not for you.,तुम्हारे लिये नहीं है।
It's not for you.,आपके लिये नहीं है।
It's my decision.,मेरा फ़ैसला है।
It's my decision.,मेरा निर्णय है।
It's a bad habit.,बुरी आदत है।
I'm not so tired.,मैं उतना भी थका हुआ नहीं हूँ।
I'm not so tired.,मैं उतनी भी थकी हुई नहीं हूँ।
You're so weird.,तुम कितने अजीब हो।
You're so weird.,आप कितने अजीब हैं।
Where's my room?,मेरा कमरा कहाँ है?
Where's my coat?,मेरा कोट कहाँ है?
Tom has a horse.,टॉम के पास एक घोड़ा है।
Tom can't go in.,टॉम अंदर नहीं जा सकता।
Tom can't do it.,टॉम नहीं कर सकता।
It was Tom's.,टॉम का था।
It was Tom's.,टॉम की थी।
She's a fan of Sex and the City.,"वह ""सेक्स एंड द सिटी"" की शौकीन है।"
Your blood is red.,तुम्हारा ख़ून लाल रंग का है।
She has been with me through the ebb and flow of my fortunes.,वे मेरी किस्मत के उतार चढ़ाव में लगातार मेरे साथ रहीं हैं।
The conditions that lead to my parents' divorce were engendered by their obsessive attitude toward work.,मेरे माता-पिता के विवाह विच्छेद के हालात उनके काम के प्रति अत्याधिक लगाव से पैदा हुए थे।
Her first answer was laudable.,उनका पहला जवाब प्रशंसनीय था।
Nancy received much solace from the cards and phone calls received from friends in the weeks after her husband died.,अपने पति की मृत्यु के बाद मित्रों के फोन और पत्रों से नेन्सी को काफी सांत्वना मिली।
Their efforts to curtail spending didn't quite succeed.,उनके खर्च घटाने के प्रयास ज़्यादा सफल नहीं हुए।
"This is going to sound completely fatuous, but it's my honest answer.","यह पूरी तरह से ऊटपटाँग लग सकता है, लेकिन यह मेरी ओर से दिया गया ईमानदार उत्तर है।"
The depredations of human hunters are thought to have been the key factor that pushed many species to extinction.,ऐसा माना जाता है कि मानव शिकारियों द्वारा की गई लूटमार ही अनेक प्रजातियों के लुप्त होने का बड़ा कारण है।
"It is, however, apposite to note that this process will continue in the year ahead.","तथापि, यह नोट करना उपयुक्त है कि यह प्रक्रिया अगले वर्ष जारी रहेगी।"
"Apart from hearing sporadic gunfire, the day was pretty quiet.",इक्का-दुक्का गोलीबारी की आवाज सुनने के अलावा दिन भर काफी शांति बनी रही।
I know that the opposition member might be wrong.,मैं जानता हूं कि विरोधी सदस्य गलत हो सकता है।
I don't want to refute this outworn idea.,मैं उसके घिसे-पिटे विचार का खंडन नहीं करना चाहता हूं।
He had found shortcomings in the repair.,उसने मरम्मत में कमियां पाई थीं।
"No circumstance, no purpose, no law whatsoever can ever make licit an act which is intrinsically illicit.","कोई परिस्थिति, कोई उद्देश्य, किसी भी प्रकार का कोई कानून, किसी अंतर्निहित रूप से अवैध कार्य को कभी वैध नहीं बना सकता है।"
What's more surprising?,अधिक आश्चर्य की बात क्या है?
I am so disappointed.,मुझे इतनी अधिक निराशा हुई है।
"In India, you can find many saints in the Himalayan region who could be called prescient.",भारत में आप हिमालय क्षेत्र में ऐसे अनेक साधुओं को देख सकते हैं जिन्हें भविष्यदर्शी कहा जा सकता है।
Neither wild nor domestic animals appear to have any premonition of death.,न तो वन्य जीवों और न ही घरेलू जीवों को मृत्यु का पूर्वाभास होता है।
There can never be peace without justice.,बिना न्याय के शांति नहीं हो सकती है।
"In metro cities, the local population mingles freely with visitors.",महानगरों में स्थानीय जनता आगन्तुकों के साथ स्वतंत्रता पूर्वक घुल-मिल जाती है।
He always got in a fight with his mother in the movie.,वह फिल्म में हमेशा अपनी मां से झगड़ता रहता था।
He betrays his king and country.,वह अपने राजा तथा देश के साथ गद्दारी करता है।
The village head decided to build a large granary to protect the grain from the weevils.,गांव के प्रधान ने अनाज को घुन आदि से बचाने के लिए एक विशाल अन्नागार बनाने का निर्णय किया।
The police tried hard to unravel the mystery of killing.,पुलिस ने हत्या की गुथी को सुलझाने के लिए कड़ा प्रयास किया।
The criminal disclosed all the facts of the case eventually.,अंततः अपराधी ने मामले के सभी तथ्यों को उजागर कर दिया।
We are working against an enemy who is very insidious in his methods.,हम एक ऐसे दुश्मन के विरुद्ध काम कर रहे हैं जो कपटपूर्ण विधियां अपनाने में प्रवीण है।
You could see the weevils that have infested the rice.,आप चावल में लगे घुन को देख सकते थे।
"Some children thought that they could compose a lullaby, paint a picture, or make a teddy bear.","कुछ बच्चों ने यह सोचा कि वे लोरी रच सकते हैं, तस्वीर में रंग भर सकते हैं या टैड्डी बियर बना सकते हैं।"
The burglars gagged the home owner and tied him to a chair.,चोरों ने घर के मालिक का मुंह बंद कर दिया तथा उसे कुर्सी से बाँध दिया।
Your letter was received on 29th ultimo.,आपका पत्र पिछले महीने की २९ तारीख को प्राप्त हुआ।
You can hear animals yammer in the meadows.,आप चारागाहों में जानवरों के रिरियाने की आवाज़ों को सुन सकते हैं।
Add the rice and cook gently until the grains begin to turn translucent.,चावल डालें और धीरे-धीरे उस समय तक पकाएं जब तक कि दानें पारभासी (स्वच्छ) न हो जाएं।
"In the play, the actor suddenly transmogrified into a monster.",नाटक में कलाकार अचानक से दैत्य में परिवर्तित हो गया।
We simply didn't expect to see such filth on the family shopping site.,हमने पारिवारिक शापिंग साइट पर इस प्रकार की अश्लीलता देखने की कभी कल्पना नहीं की थी।
"The most commonly reported flu symptoms are fever, chills, sweating, asthenia, headache and nausea.","फ्लू के सर्वाधिक सामान्य लक्षणों में ज्वर, ठंड लगना, पसीना, शक्तिहीनता, सिरदर्द और मतली शामिल हैं।"
Please keep your ludicrous accusations to yourself in future.,कृपया भविष्य में अपने बेतुके दोषारोपणों को अपने पास ही रखें।
He is a jack of all trades.,वह हरफनमौला है।
Defeat him.,उसे शिकस्त दो!
My orders should be carried out.,मेरे हुक्म की तामील की जाय।
What is the meaning of this word?,इस अल्फाज का मतलब क्या है?
I am handicapped.,मैं अपाहिज हूँ।
Establish contact with me tomorrow.,मुझसे कल संपर्क स्थापित करना।
"She is a vivid, playful and fiery girl.","वह शोख, चंचल और तेज तर्रार लडकी है।"
I want shelter.,मुझे पनाह चाहिए!
It is a question of my bread and butter.,यह मेरी रोजी-रोटी का सवाल है।
We are with you your whole life.,हम आजीवन आपके साथ है।
An arrogant educated person got into a boat.,एक पढ़ा-लिखा दंभी व्यक्ति नाव में सवार हुआ।
It was very difficult.,यह बहुत मुश्किल था।
I found this test difficult.,मैंने इस परीक्षण को मुश्किल पाया।
I solved this problem with difficulty.,मैंने यह समस्या कठिनाई से सुलझाई।
The aircraft has landed at the airport.,वायुयान हवाई अड्डे पर उतर गया है।
People are getting down.,लोग उतर रहे हैं।
Make each day your masterpiece.,अपने प्रत्येक दिन को सर्वोत्कृष्ट बनाएं।
It is better to die on your feet than to live on your knees.,डर के जीने की तुलना में तो मर जाना ही बेहतर है।
"The way I see it, if you want the rainbow, you gotta put up with the rain.","मेरे विचार से यदि आप इन्द्रधनुष चाहते हैं, तो आपको वर्षा को सहना होगा।"
The best dreams happen when you're awake.,"जब आप जागृत अवस्था में होते हैं, तो ही सर्वश्रेष्ठ स्वप्नों का सृजन होता है."
A baby is God's opinion that the world should go on.,नन्हे शिशु के जन्म का अर्थ है कि भगवान यह चाहते हैं कि यह दुनिया बनी रहे।
Worthless people live only to eat and drink.,निकम्मे लोग सिर्फ खाने पीने के लिए जीते हैं।
"Anger is never without a reason, but seldom with a good one.","क्रोध कभी भी बिना कारण नहीं होता, लेकिन कदाचित ही यह कारण सार्थक होता है।"
An investment in knowledge pays the best interest.,ज्ञान में पूंजी लगाने से सर्वाधिक ब्याज मिलता है।
"We should not fret for what is past, nor should we be anxious about the future; men of discernment deal only with the present moment.",हमें न अतीत पर कुढ़ना चाहिए और न ही हमें भविष्य के बारे में चिंतित होना चाहिए; विवेकी व्यक्ति केवल वर्तमान क्षण में ही जीते हैं।
"A man is great by deeds, not by birth.","“व्यक्ति कर्मों से महान बनता है, जन्म से नहीं।"
You cannot shake hands with a clenched fist.,आप भींची मुट्ठी से हाथ नहीं मिला सकते।
"Forgive your enemies, but never forget their names.","अपने दुश्मनों को माफ कर दें, लेकिन उनके नाम कभी न भूलें।"
People who work sincerely are the happiest.,निष्ठा से काम करने वाले ही सबसे सुखी हैं।
Adopt the pace of nature: her secret is patience.,प्रकृति की गति अपनाएं: उसका रहस्य है धीरज।
I don't need a friend who changes when I change and who nods when I nod; my shadow does that much better.,मुझे ऐसे मित्र की आवश्यकता नहीं जो मेरे साथ-साथ बदले और मेरी हां में हां भरे; ऐसा तो मेरी परछाई कहीं बेहतर कर लेती है।
The power to question is the basis of all human progress.,प्रश्न कर पाने की क्षमता ही मानव प्रगति का आधार है.
"If you love somebody, let them go, for if they return, they were always yours. And if they don't, they never were.","जिनसे प्रेम करते हैं, उन्हें जाने दें, वे यदि लौट आते हैं तो वे सदा के लिए आपके हैं। और अगर नहीं लौटते हैं तो वे कभी आपके थे ही नहीं।"
Education's purpose is to replace an empty mind with an open one.,शिक्षा का ध्येय है एक खाली दिमाग को खुले दिमाग में बदलना।
Every man dies. Not every man really lives.,हर इंसान मरता है। लेकिन कोई एक ही जीता है।
All life is an experiment.,पूरा जीवन एक प्रयोग है।
From your parents you learn love and laughter and how to put one foot before the other.,अपने माता पिता से आप प्रेम और हंसी सीखते हैं और पांव पांव चलना भी।
"Some people, no matter how old they get, never lose their beauty.","कुछ लोग, चाहे जितने बूढ़े हो जाएं, उन की सुंदरता नहीं मिटती।"
Very often a change of self is needed more than a change of scene.,बहुधा वातावरण में परिवर्तन से कहीं अधिक व्यक्ति के भीतर ही बदलाव की ज़रूरत होती है।
You can't have everything. Where would you put it?,आप को सब कुछ नहीं मिल सकता। आप इसे रखेंगे कहां?
"Good thoughts bear good fruit, bad thoughts bear bad fruit.",सुविचरों से सुफल उपजते हैं और कुविचारों से कुफल।
"When it comes to staying young, a mind-lift beats a face-lift any day.","सदा जवान रहने के लिए मुख का सौंदर्य नहीं, मस्तिष्क की उड़ान ज़रूरी है।"
Play is really the work of childhood.,खेल ही वास्तव में बचपन का काम है।
Simplicity is making the journey of this life with just baggage enough.,सादगी का मतलब है सीमित बोरिया बिस्तर के साथ ज़िंदगी का सफ़र तय करना।
You can close your eyes to reality but not to memories.,"आप वास्तविकता से अपनी आंखे मूंद सकते हैं, मगर स्मृतियों से नहीं।"
"When you betray somebody else, you also betray yourself.",आप किसी व्यक्ति को धोखा देते हैं तो आप अपने आप को भी धोखा देते हैं।
It doesn't hurt to be optimistic. You can always cry later.,आशावादी होने में क्या कष्ट है? रो तो कभी भी सकते हैं।
Loneliness is the ultimate poverty.,अकेलापन निर्धनता की पराकाष्ठा है।
"If you want a place in the sun, you've got to put up with a few blisters.",आप आराम की ज़िंदगी चाहते हैं तो आप को कुछ परेशानी तो उठानी ही होगी।
There can be no daily democracy without daily citizenship.,नागरिकता के दैनिक व्यवहार के बिना लोकतंत्र का दैनिक निर्वाह हो ही नहीं सकता।
What we are seeking so frantically elsewhere may turn out to be the horse we have been riding all along.,हम जिस चीज़ की तलाश कहीं और कर रहे होते हैं वह हो सकता है कि हमारे पास ही हो।
Never hesitate to hold out your hand.,अपना हाथ आगे बढ़ाने से कभी मत हिचकिए।
Never hesitate to accept the outstretched hand of another.,दूसरे का आगे बढ़ा हाथ थामने से भी कभी मत हिचकिए।
The purest affection the heart can hold is the honest love of a nine-year-old.,मन जो स्नेह संजो सकता है उन में से सबसे पवित्र है किसी नौ वर्षीय का निश्छल प्रेम।
"Happiness, I have discovered, is nearly always a rebound from hard work.",मैंने पाया है कि सुख लगभग हर बार कठोर श्रम की प्रतिक्रिया ही होता है।
Friends are those rare people who ask how we are and then wait to hear the answer.,मित्र वे दुर्लभ लोग होते हैं जो हमारा हालचाल पूछते हैं और उत्तर सुनने को रुकते भी हैं।
True affluence is to not need anything.,किसी चीज़ की आवश्यकता न रह जाने की स्थिति ही सच्ची समृद्धि है।
"The secret to staying young is to live honestly, eat slowly, and lie about your age.","युवा बने रहने का रहस्य है ईमानदारी से जीना, धीरे धीरे खाना और अपनी उम्र जाहिर न करना।"
Now and then it's good to pause in our pursuit of happiness and just be happy.,कभी कभार सुख के पीछे भागना छोड़ कर बस सुखी होना भी एक अच्छी बात है।
To carry care to bed is to sleep with a pack on your back.,चिंताएं ले कर बिस्तर पर जाना अपनी पीठ पर गठरी ले कर सोने के समान है।
Ninety-nine percent of all failures come from people who have the habit of making excuses.,असफल व्यक्तियों में से निन्यानवे प्रतिशत वे लोग होते हैं जिन की आदत बहाने बनाने की होती है।
Love is a game that two can play and both win.,प्यार एक ऐसा खेल है जिसे दो व्यक्ति खेल सकते हैं और जिस में दोनों ही जीतते हैं।
Humor is the affectionate communication of insight.,अंतर्दृष्टि का स्नेहमय संवाद है हास्य।
It is horrifying that we have to fight our own government to save the environment.,“कितनी भयावह बात है कि हमें पर्यावरण की रक्षा के लिए अपनी ही सरकार से संघर्ष करना पड़ता है।
Integrity has no need of rules.,ईमानदारी किसी कायदे कानून की मोहताज़ नहीं होती।
We never know the love of a parent till we become parents ourselves.,"हम जब तक खुद मां बाप नहीं बन जाएं, मां बाप का प्यार कभी नहीं जान पाते।"
I may not agree with what you say.,हो सकता है कि मैं आपके विचारों से सहमत न हो पाऊँ
One kind word can warm three winter months.,एक मीठा बोल सर्दी के तीन महीनों को ऊष्मा दे सकता है।
I like the dreams of the future better than the history of the past.,मुझे तो अतीत के इतिहास से कहीं अच्छे लगते हैं भविष्य के सपने।
What would life be if we had no courage to attempt anything?,जीवन का अर्थ ही क्या रह जाएगा यदि हम में सतत प्रयत्न करने का साहस न रहे।
"It is not the man who has too little, but the man who craves more, that is poor.",वह व्यक्ति ग़रीब नहीं है जिस के पास थोड़ा बहुत ही है। ग़रीब तो वह है जो ज़्यादा के लिए मरा जा रहा है।
It is never too late to mend.,सवेरे का भूला साँझ को घर आ जाए तो भूला नहीं कहलाता ।
Even Hakim Luqman has no medicine for superstition.,वहम की दवा तो हकीम लुक़मान के पास भी नहीं है।
I love life because what more is there.,मैं जीवन से प्यार करता हूँ क्योंकि और है ही क्या।
Marriage is a covered dish.,विवाह एक ढका हुआ पकवान है।
Friendship is certainly the finest balm for the pangs of disappointed love.,दोस्ती निस्संदेह रूप से निराश प्रेम की कसक के लिए उत्तम मरहम है।
"Hate the sin, love the sinner.","पाप से नफरत करो, पापी से प्यार."
Don't expect anything original from an echo.,प्रतिध्वनि से किसी मौलिकता की आशा मत करो
An early-morning walk is a blessing for the whole day.,प्रातःकाल का भ्रमण पूरे दिन के लिए वरदान होता है।
The most solid stone in the structure is the lowest one in the foundation.,किसी भी नींव का सबसे मजबूत पत्थर सबसे निचला ही होता है।
It is better to risk saving a guilty man than to condemn an innocent one.,किसी निर्दोष को दंडित करने से बेहतर है एक दोषी व्यक्ति को बख़्श देने का जोख़िम उठाना।
Luck is a matter of preparation meeting opportunity.,भाग्य अवसर से संयोग की तैयारी भर है।
We cannot become what we need to be by remaining what we are.,हम जो हैं वही बने रहकर वह नहीं बन सकते जो कि हम बनना चाहते हैं।
There has never been an age that did not applaud the past and lament the present.,ऐसा कोई युग कभी नहीं रहा जिस में अतीत का गुणगान और वर्तमान पर विलाप न किया गया हो।
Take a chance! All life is a chance.,जोखिम उठाइये! पूरी जिंदगी एक जोखिम है।
The man who goes the furthest is generally the one who is willing to do and dare.,सब से आगे निकलने वाला व्यक्ति सामान्यतया वह होता है जो कर्म और दुस्साहस के लिए इच्छुक रहता है।
"Skillful listening is the best remedy for loneliness, loquaciousness, and laryngitis.","कुशलतापूर्वक किसी की बात सुनना अकेलेपन, वाचालता और कंठशोथ का सब से बढ़िया इलाज है।"
What we are is God's gift to us. What we become is our gift to God.,"हम जो हैं वह हमें ईश्वर की देन है, हम जो बनते हैं वह परमेश्वर को हमारी देन है।"
"If you would thoroughly know anything, teach it to others.",आप किसी चीज़ का विशद ज्ञान हासिल करना चाहते हैं तो इसे दूसरों को सिखाने लगिए
Life is for one generation; a good name is forever.,"ज़िंदगी तो कुल एक पीढ़ी भर की होती है, पर नेक काम पीढ़ी दर पीढ़ी चलता है।"
"Almost everything you do will seem insignificant, but it is important that you do it.","आप का कोई भी काम महत्वहीन हो सकता है, किंतु महत्वपूर्ण तो यह है कि आप कुछ करें।"
"Until you make peace with who you are, you'll never be content with what you have.","आप जब तक अपनी हैसियत से समझौता नहीं कर लेते, आप के पास जो कुछ है उस से आप संतुष्ट नहीं रह सकेंगे।"
"What soap is for the body, tears are for the soul.","शरीर के मामले में जो स्थान साबुन का है, वही आत्मा के संदर्भ में आंसू का।"
Isn't it strange that we talk least about the things we think about most?,है न यह अजीब बात कि हम उन चीज़ों के बारे में सब से कम बात करते हैं जिन के बारे में हम सब से अधिक सोचते हैं।
Be like a postage stamp. Stick to one thing until you get there.,"डाक टिकट की तरह बनिए, मंजिल पर जब तक न पहुंच जाएं उसी चीज़ पर जमे रहिए।"
Character is much easier kept than recovered.,"चरित्र को बनाए रखना आसान है, उस के भ्रष्ट हो जाने के बाद उसे सुधारना कठिन है।"
He who is fixed to a star does not change his mind.,जो व्यक्ति किसी तारे से बंधा होता है वह पीछे नहीं मुड़ता।
To think too long about doing a thing often becomes its undoing.,किसी काम को करने के बारे में बहुत देर तक सोचते रहना अक़सर उस के बिगड़ जाने का कारण बनता है।
"Enjoy the little things, for one day you may look back and realize they were the big things.","छोटी छोटी बातों का आनंद उठाइए, क्योंकि हो सकता है कि किसी दिन आप मुड़ कर देखें तो आप को अनुभव हो कि ये तो बड़ी बातें थीं।"
The absence of alternatives clears the mind marvelously.,विकल्पों का न होना बुद्धि को बढ़िया ढंग से परिमार्जित कर देता है।
The one thing that doesn't abide by majority rule is a person's conscience.,एक ही चीज़ है जो बहुमत को नहीं मानती और वह है मनुष्य की अंतरात्मा।
Change your thoughts and you change your world.,"आप अपनी सोच बदल दीजिए, आपकी दुनिया बदल जाएगी।"
One thought driven home is better than three left on base.,एक क्रियान्वित विचार तीन अधूरे विचारों से कहीं बेहतर है।
The old law about 'an eye for an eye' leaves everybody blind.,'आँख के बदले आँख' के प्राचीन सिद्धान्त से तो एक दिन सभी अंधे हो जाएंगे।
Goals determine what you are going to be.,हमारे लक्ष्य निर्धारित करते हैं कि हम क्या बनने जा रहे हैं।
Storms make trees take deeper roots.,तूफ़ानों से पेड़ों की जड़ें और गहरी व मज़बूत होती है।
Nothing happens unless it is preceded by a dream.,कोई सपना देखे बिना कुछ नहीं होता।
"A heron, a crab, lots of fish and other creatures used to live in a pond.","एक तालाब में एक बगुला, एक केकड़ा, बहुत से मछली और दूसरे जीव-जंतु रहते थे।"
A tomb now suffices him for whom the whole world was not sufficient.,जिसके लिये पूरी दुनिया कम पड़ती थी उसके लिये एक समाधि भी अब पर्याप्त है।
Truth alone triumphs.,सत्य ही जीतता है।
Truth alone triumphs.,सत्य कि ही जीत होती है।
"In some languages like French or Persian, a potato is called an 'apple of the earth'.","फ़्रेंच या फ़ारसी जैसे कुछ भाषाओं में, आलू को 'ज़मीन का सेब' कहते है।"
The girl talking with John is called Susan.,जॉन से जो लड़की बात कर रही है उसका नाम सूज़न है।
Tom solved the problem easily.,टॉम ने आसानी से वह समस्या सुलझाई।
"Faith, unity, discipline.","ईमान, इत्तेहाद, नज़्म।"
"Faith, unity, discipline.","आस्था, एकता, व्यवस्था।"
Mother and motherland are greater than heaven.,जननी-जन्मभूमी स्वर्ग से महान हैं।
She looks like a Greek goddess.,वह किसी युनानी देवी की तरह दिखती है।
The airplane is ready.,हवाई जहाज़ तैयार है।
St. Petersburg is a Russian city.,सेंट पीटर्सबर्ग एक रूसी नगर है।
One kiss or two?,एक चुम्मा या दो?
"What's the capital of Sri Lanka? ""Sri Jayawardenapura Kotte."" ""Correct!""","श्रीलंका की राजधानी क्या है? ""श्री जयवरधनेपुरा कोट।"" ""सही!"""
She fell in love with one of her students.,उसे अपने एक विद्यार्थी से प्यार हो गया।
My native language is Portuguese.,मेरी मातृ भाषा पुर्त्तगाली है।
They all look the same to me.,मुझे तो वे सब एक जैसे लगते हैं।
They all look the same to me.,मुझे वे सब एक जैसे दिखते हैं।
I can't lie to Tom.,मैं टॉम से झूठ नहीं बोल सकता।
I can't lie to Tom.,मैं टॉम से झूठ नहीं बोल सकती।
They're all alike.,वे सभी एक जैसे हैं।
You should've said yes.,"तुम्हें ""हाँ"" कहना चाहिए था।"
My father went to China.,मेरे पिता चीन गये।
Mordred betrayed King Arthur.,मॉर्ड्रेड ने राजा आर्थर को धोका दिया।
"France, Austria and Russia formed an alliance against Prussia.","फ़्रांस, ऑस्ट्रिया और रूस ने प्रुशिया के ख़िलाफ़ एक गठबंधन बनाया।"
"Hey boys, what's up?","और लड़कों, क्या हाल चल रहा है?"
The name of João's sister is Joana.,जुआओं के बहन का नाम जोआना है।
I make a lot more money than he does.,मैं उससे बहुत ज़्यादा कमाता हूँ।
You've started learning Esperanto.,तुम ने एस्पेरान्तो सीखना शुरू किया है।
You've started learning Esperanto.,आपने एस्पेरान्तो सीखना शुरू किया है।
Not every citizen of Russia is Russian.,रूस का हर एक नागरिक रूसी नहीं है।
Tom hates children.,टॉम को बच्चों से नफ़रत है।
I love anal sex.,मुझे गुदा मैथुन बहुत पसंद है।
Skyr is similar to yoghurt.,स्कीर दही की तरह होता है।
"Where is Thessaloniki? ""In Greece.""","थेस्सालोनिकी कहाँ है? ""यूनान में।"""
"In Greek mythology, Hermes, the son of Zeus, is the messenger of the gods.","यूनानी पुराणों में, ज़्यूस के पुत्र, हरमीस, देवताओं के दूत थे।"
The Romans call Zeus Jupiter.,रोमन ज़ेउस को जुपिटर कहते हैं।
I already have this book.,मेरे पास पहले से ही यह किताब है।
Smile.,मुसकुराओ।
Smile.,मुसकुराइए।
What time is it in Sri Lanka?,श्रीलंका में कितने बजे हैं?
Kashgar's pomegranates are the most famous.,काश्गार के अनार सबसे मशहूर हैं।
I'm proud to be an Italian.,मुझे इतालवी होने पर गर्व है।
This is the opposite of what I expected.,मुझे जो अपेक्षा थी उसके यह विपरीत है।
She didn't want to go out anyway.,वह वैसे भी बाहर नहीं जाना चाहती थी।
What is the capital of Greece?,यूनान की राजधानी क्या है?
You do not know me.,तुम मुझे जानते नहीं।
You do not know me.,आप मुझे जानते नहीं।
You do not know me.,तुम मुझे जानती नहीं।
He likes animals.,उसे जानवर अच्छे लगते हैं।
"I don't like using dildos, I prefer real cocks.","मुझे डिल्डो इस्तेमाल करना अच्छा नहीं लगता, उससे अच्छा मुझे असली लंड पसंद हैं।"
Tom didn't tell Mary his real name.,टॉम ने मैरी को अपना असली नाम नहीं बताया।
"Thank you, Jesus.","धन्यवाद, यीशु।"
Jesus Christ!,यीशु मसीह!
Jawaharlal Nehru was the first prime minister of India.,जवाहरलाल नेहरू भारत के पहले प्रधान मंत्री थे।
Rajendra Prasad was the first president of India.,राजेंद्र प्रसाद भारत के पहले राष्ट्रपति थे।
"There is no God but Allah, and Mohammed is his prophet.","अल्लाह के सिवा कोई ईश्वर नहीं है, और मुहम्मद उस का पैगंबर है।"
"During the Industrial Revolution, people worked 16 hours non-stop.",औद्योगिक क्रांति के दौरान लोग बिना रुके १६ घंटे काम करते थे।
Why do you hide your breasts?,तुम अपने स्तन क्यों छुपाती हो?
Why do you hide your breasts?,आप अपने स्तन क्यों छुपाते हैं?
They're reading his book.,वे उसका किताब पढ़ रहे हैं।
They're reading his book.,वे उनका किताब पढ़ रहे हैं।
I sometimes go to the cinema.,मैं कभी-कभार सिनेमा जाता हूँ।
I sometimes go to the cinema.,मैं कभी-कभार सिनेमा जाती हूँ।
They lived a couple of years in Spain.,वे दो साल स्पेन में रहें।
We heard it.,हमने सुना।
"If you help me learn English, I'll help you learn Japanese.",अगर तुम ने मेरी अंग्रेज़ी सीखने में मदद की तो में तुम्हारी जापानी सीखने में मदद करूँगा।
"If you help me learn English, I'll help you learn Japanese.",अगर तुम ने मेरी अंग्रेज़ी सीखने में मदद की तो में तुम्हारी जापानी सीखने में मदद करूँगी।
We know Tom.,हम टॉम को जानते हैं।
We know Tom.,हम टॉम को पहचानते हैं।
You told him.,आपने उनसे कहा।
Don't even think of going there.,वहाँ भूलकर भी न जाना ।
That is my airplane.,वह मेरा हवाई जहाज़ है।
She orgasmed repeatedly.,उसे बार बार कामोन्माद हुए।
Mary saw a mouse.,मैरी ने एक चूहा देखा।
Mary saw a mouse.,मैरी को एक चूहा दिखा।
They don't understand.,वे समझते नहीं।
We are wasting time.,हम वक़्त बरबाद कर रहे हैं।
That's all you get.,तुम्हें उतना ही मिलेगा।
What's it all mean?,इस सब का क्या मतलब है?
Who are all these people?,ये सब लोग कौन हैं?
We saw nothing.,हमने कुछ नहीं देखा।
We saw nothing.,हमें कुछ नहीं दिखा।
That's what Tom wanted.,टॉम वहीं चाहता था।
That's what Tom wanted.,टॉम को वहीं चाहिए था।
She downloaded an antivirus.,उसने एक अँटीवाइरस डाउनलोड किया।
She gave an apple to Tom.,उस लड़की ने टॉम को एक सेब दिया।
How did you get my number?,तुम्हें मेरा नंबर कहाँ से मिला?
How did you get my number?,आपको मेरा नंबर कैसे मिला?
Go.,जाओ।
She opened a window.,उसने एक खिड़की खोली।
That's all they wanted.,वे बस उतना ही चाहते थे।
That's all they wanted.,उन्हें बस उतना ही चाहिए था।
She wants to speak.,वह बोलना चाहती है।
Mars is the Red Planet.,लाल ग्रह मंगल है।
Do you know who Tom is?,टॉम कौन है जानते हो?
Everyone knows our names.,हमारे नाम सब जानते हैं।
Everyone knows our names.,सभी को हमारे नाम पता हैं।
How can you forget?,तुम भूल कैसे सकते हो?
How can you forget?,तुम भूल कैसे सकती हो?
How can you forget?,आप भूल कैसे सकते हो?
It'll be done.,हो जाएगा।
It's all we have.,हमारे पास इतना ही है।
It's not so little.,उतना भी छोटा नहीं है।
It's not there now.,वहाँ अभी नहीं है।
It's the other one.,दूसरा वाला है।
It's the same one.,वही है।
It's time to decide.,फ़ैसला लेने का वक़्त आ गया है।
It's time to decide.,निर्णय लेने का समय आ गया है।
Let these people go.,इन लोगों को जाने दो।
Let these people go.,इन लोगों को जाने दीजिए।
Tell us about them.,हमें उनके बारे में बताओ।
Tell us about them.,हमें उनके बारे में बताइये।
Tom's house was completely destroyed.,टॉम का घर पूरी तरह से नष्ट हो चुका था।
Tom's house was completely destroyed.,टॉम का घर पूरी तरह से तबाह कर दिया गया।
Was Tom with you?,क्या टॉम आपके साथ था?
Was Tom with you?,क्या टॉम तुम्हारे साथ था?
Where did you get those keys?,तुम्हें वे चाबियाँ कहाँ मिली?
Nigger is an offensive word.,निगर एक अपमानजनक शब्द है।
Negro is an offensive word.,नीग्रो एक अपमानजनक शब्द है।
This ink is the best.,यह स्याही सबसे अच्छी है।
This is the best ink.,यह सबसे अच्छी स्याही है।
I want to write a book.,मैं एक किताब लिखना चाहता हूँ।
I want to write a book.,मैं एक किताब लिखना चाहती हूँ।
He is a simple man.,वह साधा आदमी है।
This book is very thin.,यह किताब बहुत पतली है।
This road is very narrow.,यह रास्ता बहुत पतला है।
Who is your enemy?,तेरा दुश्मन कौन है ?
He writes beautifully.,वह सुंदर लिखता है।
Where is your friend?,तुम्हारा दोस्त कहाँ है?
Where is your friend?,तुम्हारा यार कहाँ है?
Tom has a cow.,टॉम के पास एक गाय है।
Love is better than sex.,सेक्स से बेहतर होता है प्यार।
It's long been known that spoken language is the most difficult to be translated.,सबको पता है कि कथित भाषा का अनुवाद करना सबसे मुश्किल है।
You'll go with me. Full stop!,"तुम मेरे साथ चलोगे, बात खतम!"
She threatened to kill me.,उसने मुझे मारने की धमकी दी है।
Antoine Lavoisier was beheaded during the French revolution.,फ़्रांसीसी क्रांति के दौरान आँत्वाँ लाव्वाज़्ये का सिर काट दिया गया।
Are you in London?,तुम लंदन में हो?
Are you in London?,आप लंदन में हैं?
All of my kids want to learn French.,मेरे सभी बच्चें फ़्रेंच सीखना चाहते हैं।
I'll swim with Tom tomorrow.,मैं कल टॉम के साथ तैरूँगा।
I'll swim with Tom tomorrow.,मैं कल टॉम के साथ तैरूँगी।
We never do that.,हम वैसा कभी नहीं करते।
What're you two doing?,तुम दोनो क्या कर रहे हो?
What're you two doing?,तुम दोनो क्या कर रहे थे?
Tom and I used to be friends.,टॉम और मैं दोस्त हुआ करते थे।
It rained hard during the morning.,सुबह भारी बारिश हुई।
I couldn't ask for a better holiday!,सोच भी नहीं सकता था कि छुट्टी इतनी अच्छी जाएगी।
"Zero, ten, one hundred, one thousand, one million, one billion.","शून्य, दस, सौ, हज़ार, दस लाख, अरब।"
Where is Tehran?,तेहरान कहाँ है?
Tehran is in Iran.,तेहरान ईरान में है।
Tehran is the biggest town of Iran.,तेहरान ईरान का सबसे बड़ा शहर है।
The flower is red.,फूल लाल है।
"I love him, but he's gay.","मैं उससे प्यार करती हूं, मगर वह गे है।"
Gay marriage should be legal.,गे विवाह वैध होना चाहिए।
I went to Iran.,मैं ईरान गया।
I went to Iran.,मैं ईरान गयी।
Who is in Iran?,ईरान में कौन है?
You're from Iran.,तुम ईरान के हो।
You're from Iran.,आप ईरान के हैं।
This animal is dangerous.,यह जानवर खतरनाक होता है।
This animal is dangerous.,यह जानवर खतरनाक है।
Everyone's quiet.,सभी शांत है।
Somebody's watching us.,किसी की हम पर नज़र है।
Somebody's watching us.,कोई हमें देख रहा है।
The book is too cheap.,यह किताब कुछ ज़्यादा ही सस्ती है।
I did not have sex with him.,मैंने उसके साथ सेक्स नहीं किया।
He's a fan of Sex and the City.,"वह ""सेक्स एंड द सिटी"" का शौकीन है।"
I am in Russia.,मैं रूस में हूँ।
We're not Bengali.,हम बंगाली नहीं हैं।
It's not your fault.,गलती तुम्हारी नहीं है।
The roses are red.,गुलाब लाल हैं।
I am Iranian.,मैं ईरानी हूँ।
I'm having sex with you.,मैं तुम्हारे साथ सेक्स कर रहा हूँ।
I'm having sex with you.,मैं तुम्हारे साथ सेक्स कर रही हूँ।
What's gotten into Tom?,टॉम को हुआ क्या है?
There's no place like Boston.,बास्टन जैसी कोई जगह नहीं है।
I once went to Boston with Tom.,मैं एक बार टॉम के साथ बॉस्टन गया था।
He taught his children Russian.,उसने अपने बच्चों को रूसी सिखाई।
"What did you say? I'm sorry, I was lost in thought.","आपने क्या कहा? माफ़ करें, मैं सोच में डूबा था इसलिए मैंने सुना नहीं।"
Are you going to ask me or not?,मुझसे पूछने वाले हो या नहीं?
Streets are not just for cars.,सड़कें बस गाडियों के लिए नहीं होती।
Facebook will buy WhatsApp for 19 billion dollars.,फ़ेसबुक वॉट्सएप को १९ अरब डॉलरों में खरीद लेगा।
It is free of charge.,यह मुफ़्त का है।
He just had food; he cannot be hungry.,"उसने अभी अभी खाना खाया है, वह भूखा कतई नहीं को सकता।"
There are five apples in this box.,इस डब्बे में पाँच सेव हैं।
Tom already did that.,टॉम ने वो पहले से कर दिया हे |
Do you watch TV news?,आप TV मे समाचार देखते है ?
You can't read a story if you don't understand.,"अगर तुम समजोगे नहीं, तो तुम वार्ता पढ़ नहीं सकते"
They know you.,वे तुम्हें जानते हैं।
They know you.,वे तुम्हें पहचानते हैं।
I don't agree with you.,मैं तुमसे सहमत नहीं हूँ।
So what if I'm gay?,तो क्या हुआ अगर मैं गे हूँ?
I live in Honolulu.,मैं होनोलूलू में रहता हूँ।
I live in Honolulu.,मैं होनोलूलू में रहती हूँ।
Jesus was a carpenter.,यीशु सुतार था।
Didn't you see that?,तुमने देखा नहीं?
When's Tom coming back?,टॉम कब लौट आ रहा है?
When's Tom coming back?,टॉम वापस कब आ रहा है?
Tom pulled Mary's hair.,टॉम ने मैरी के बाल खीचें।
Don't worry. Tom will take care of it.,चिंता मत करो। टॉम देख लेगा।
Don't worry. Tom will take care of it.,चिंता मत कीजिए। टॉम देख लेगा।
God helps those who help themselves.,ईश्वर उनकी मदद करता है जो स्वयं की मदद करते हैं।
As is written in the Gita: Fulfill your duties without desiring their fruit.,"गीता में लिखा है: कर्म करे जा, फल की इच्छा न कर।"
My father is my biggest source of inspiration.,मेरे पिताजी मेरे सबसे बड़े प्रेरणा के स्रोत हैं।
Good luck.,शुभ कामनाएँ।
Don't ask him any questions about his marriage.,उसकी शादी के बारे में उससे कोई सवाल मत पूछना।
All men are equal according to law.,क़ानून के मुताबिक सभी मनुष्य समान हैं।
China is much bigger than Japan.,चीन जापान से काफ़ी ज़्यादा बड़ा है।
He jumped into water without removing his clothes.,उसने कपड़े उतारे बिना ही पानी में छलाँग लगादी।
"Really, you are very good.",तुम सच में बहुत ही अच्छे हो।
Are there enough chairs?,कुरसियाँ काफ़ी हैं क्या?
I ask forgiveness.,मैं माफी चाहती हूँ
I am sorry.,मैं माफी चाहती हूँ
Good morning!,सुप्रभात!
You are welcome!,आपका स्वागत हैं।
We are lost.,हम खो गये हैं ।
Can I help you?,क्या मैं आपकी मदद कर सकती हुँ ।
I am looking for John.,मैं जोन को ढुँढ रहा हुँ ।
Come with me.,मेरे साथ आइए ।
Excuse me.,क्षमा कीजिए ।
Where did she go yesterday?,वह कल कहाँ गयी थी?
Don't call me.,मुझे काल मत करना.
He took something out from his pocket.,उसने अपनी जेब में से कुछ निकाला.
I will gift you a cycle on your birthday.,मैं तुम्हें तुम्हारे जन्मदिन पर साइकिल तोहफे में दूँगी.
Better to have something than nothing.,न होने से कुछ होना बेहतर है.
I have lost my keys.,मेरी चावी गुम हो गयी है।
I live in Lahore.,मैं लाहोर में रहता हूं।
I woke up at 4 AM that day.,मैं उस दिन सुबह ५ बजे उठ गयी थी.
Did you go out last night?,क्या तुम कल रात बाहर गए थे?
Our whole plan got spoiled.,पूरा प्लान चौपट हो गया।
Our plan flopped.,पूरा प्लान चौपट हो गया।
Russia is bigger than Italy.,रूस इटली से बड़ा है।
Is this Bob's book?,यह बॉब की किताब है?
Is this Bob's book?,क्या यह बॉब की किताब है?
My brother's guitar is new.,मेरे भाई की गिटार नई है।
Why's Tom like that?,टॉम वैसे क्यों है?
You can't stay here tonight.,तुम आज रात यहाँ नहीं रह सकते।
You can't stay here tonight.,आप आप की राज यहाँ नहीं बिता सकते।
You can't stay here tonight.,तुम आज रात यहाँ नहीं ठहर सकती।
Pluto is not alone. It has a friend named Charon.,प्लूटो अकेला नहीं है। उसका कैरन नाम का एक दोस्त है।
She's cooking now.,वह अभी खाना पका रही है।
It can't happen now.,अभी नहीं हो सकता।
It hasn't happened yet.,अभी तक हुआ नहीं है।
We'll see what happens.,देखते हैं क्या होता है।
"Well, what's happening?",तो? क्या हो रहा है?
What's happened to Tom?,टॉम को क्या हुआ है?
What's happened to you?,तुम्हें क्या हुआ है?
What's happened to you?,आपको क्या हुआ है?
What's happening to me?,मुझे क्या हो रहा है?
What's happening to us?,हमें क्या हो रहा है?
What's going to happen tonight?,आज रात क्या होने वाला है?
I was born in the Soviet Union.,मेरा जन्म सोवियत संघ में हुआ।
They are very important.,वे बहुत महत्त्वपूर्ण हैं।
What happened in Boston wasn't your fault.,बॉस्टन में जो हुआ वह तुम्हारी गलती नहीं थी।
It was Tom who asked the question.,सवाल पूँछा था टॉम ने।
It was Tom who asked the question.,सवाल टॉम ने ही पूँछा था।
Do you want to go somewhere?,आपको कहीं जाना है?
Do you want to go somewhere?,तुम्हें कहीं जाना है?
Selene is the goddess of the moon.,सेलीन चाँद की देवी है।
Russia wasn't capitalist.,रूस पूँजीवादी नहीं था।
Russia became communist.,रूस साम्यवादी हो गया।
Russia became communist.,रूस साम्यवादी बन गया।
Tom bought it.,टॉम ने खरीद लिया।
You can't buy that kind of loyalty.,ऐसी वफ़ादारी खरीदी नहीं जा सकती।
What's Tom given us?,टॉम ने हमें क्या दिया है?
What'll you give me?,तुम मुझे क्या दोगे?
What'll you give me?,आप मुझे क्या दोगे?
We're not giving up.,हम हार नहीं मान रहें।
Give me a job.,मुझे नौकरी दो।
Give me a job.,मुझे नौकरी दीजिए।
Give me a gun.,मुझे एक बंदूक दो।
Give me a gun.,मुझे एक बंदूक दीजिए।
I don't know Russian yet.,मुझे अभी तक रूसी नहीं आती।
Why doesn't Tom help you?,टॉम तुम्हारी मदद क्यों नहीं करता?
Why doesn't Tom help you?,टॉम आपकी मदद क्यों नहीं करता?
Who's helping you?,तुम्हारी मदद कौन कर रहा है?
Who's helping you?,आपकी मदद कौन कर रहा है?
Who's going to help me?,मेरी मदद कौन करने वाला है?
We've come to help.,हम मदद करने आए हैं।
We can't help you.,हम तुम्हारी मदद नहीं कर सकते।
We can't help you.,हम आपकी मदद नहीं कर सकते।
Tom would've helped us.,टॉम ने हमारी मदद की होती।
Tom couldn't help but cry.,टॉम खुद को रोने से रोक न सका।
Tom couldn't help but cry.,टॉम रो पड़ा।
Let's help Tom.,टॉम की मदद करते हैं।
Let's help Tom.,चलो टॉम की मदद करते हैं।
That's my secret.,वही मेरा राज़ है।
That's my secret.,वह मेरा राज़ है।
I know Tom's secret.,मैं टॉम का राज़ जानता हूँ।
This one's old.,यह वाला बहुत पुराना है।
This one's nice.,यह वाला अच्छा है।
This one's for me.,यह वाला मेरे लिये है।
That's an easy one.,वह वाला आसान है।
That one's good.,वह वाला अच्छा है।
"Here, this one's yours.","लो, यह वाला तुम्हारा।"
"Here, this one's yours.","लीजिए, यह वाला आपका है।"
I want to know why Tom is doing this.,"मुझे यह बताओ, कि टॉम ऐसा कर क्यों रहा है।"
Tom's lips are blue.,टॉम के होंठ नीले हैं।
Tom's face got red.,टॉम का चेहरा लाल हो गया।
Tom's eyes are red today.,टॉम की आँखें आज लाल हैं।
Tom had white shoes on.,टॉम ने सफ़ेद जूते पहने थे।
You won't like Tom.,तुम्हें टॉम पसंद नहीं आएगा।
You won't like Tom.,आपको टॉम पसंद नहीं आएगा।
You ask too many questions.,तुम कुछ ज़्यादा ही सवाल पूछते हो।
You ask too many questions.,तुम कुछ ज़्यादा ही सवाल पूछती हो।
You ask too many questions.,आप कुछ ज़्यादा ही सवाल पूछते हैं।
Who sent Tom?,टॉम को किसने भेजा?
We took a cab.,हमने एक टैक्सी ली।
Tom's very sad.,टॉम बहुत उदास है।
Tom's not sick.,टॉब बीमार नहीं है।
Tom's not home.,टॉम घर पर नहीं है।
Tom's not fat.,टॉम मोटा नहीं है।
Tom won't bite.,टॉम काटेगा नहीं।
Tom wasn't wearing a hat.,टॉम ने टोपी नहीं पहनी थी।
Tom wasn't sick.,टॉम बीमार नहीं था।
Tom was timid.,टॉम डरपोक था।
Tom was thirsty.,टॉम को प्यास लगी थी।
Tom was sharp.,टॉम तेज़ था।
Tom was eager.,टॉम उत्सुक था।
Tom was cruel.,टॉम निर्दयी था।
Tom was cruel.,टॉम क्रूर था।
Tom was brave.,टॉम बहादुर था।
Tom was brave.,टॉम साहसी था।
Tom was brave.,टॉम निडर था।
Tom turned 13.,टॉम १३ साल का हो गया।
Tom seems sad.,टॉम उदास लगता है।
Tom seems old.,टॉम बूढ़ा लगता है।
Tom runs fast.,टॉम तेज दौड़ता है।
Tom made rice.,टॉम ने चावल बनाया।
Tom made it.,टॉम ने बनाया।
Tom let us go.,टॉम ने हमें छोड़ दिया।
Tom left home.,टॉम घर छोड़ कर चला गया।
Tom isn't young.,टॉम जवान नहीं है।
Tom isn't weak.,टॉम कमज़ोर नहीं है।
Tom isn't weak.,टॉम दुर्बल नहीं है।
Tom isn't ugly.,टॉम बदसूरत नहीं है।
Tom isn't timid.,टॉम डरपोक नहीं है।
Tom isn't thin.,टॉम पतला नहीं है।
Tom isn't poor.,टॉम गरीब नहीं है।
Tom isn't nice.,टॉम अच्छा नहीं है।
Tom isn't lazy.,टॉम आलसी नहीं है।
Tom isn't cruel.,टॉम क्रूर नहीं है।
Tom isn't cruel.,टॉम निर्दयी नहीं है।
Tom is my age.,टॉम मेरी उमर का है।
Tom is deaf.,टॉम बहरा है।
Tom is alone.,टॉम अकेला है।
Tom hit Mary.,टॉम ने मैरी को मारा।
Tom helps us.,टॉम हमारी मदद करता है।
I got hit.,मुझे लगी।
I didn't recognize Tom.,मैंने टॉम को पहचाना नहीं।
How late am I?,मुझे कितनी देर हुई है?
Don't encourage Tom.,टॉम को बढ़ावा मत दो।
Do as Tom says.,टॉम जैसा कहे वैसा करो।
Do as Tom says.,टॉम जैसा कहे वैसा कीजिए।
Did Tom vote?,टॉम ने मतदान किया?
Are you safe?,क्या तुम सुरक्षित हो?
Are you safe?,क्या आप सुरक्षित हैं?
Is love more important than friendship?,क्या प्यार दोस्ती से ज़्यादा महत्त्वपूर्ण है?
Ukraine is a big country.,युक्रेन बड़ा देश है।
It must've been stolen.,चुराया गया होगा।
It must've been fun.,मज़ा आया होगा।
It must be a mistake.,कोई गलती हुई होगी।
It must be a mistake.,गलती होगी।
It's midday.,दोपहर हो गई है।
What are your thoughts about Japan's economy?,जापान की अर्थव्यवस्था के बारे में आपके क्या विचार हैं?
We'll talk to Tom.,टॉम से हम बात करेंगे।
We'll talk to Tom.,हम टॉम से बात कर लेेंगे।
Why can't Tom talk?,टॉम क्यों नहीं बोल सकता?
We've talked to Tom.,हमने टॉम से बात की है।
We're going to talk.,हम बात करने वाले हैं।
We're just going to talk.,हम बस बात करने वाले हैं।
Tom can't talk to us yet.,टॉम अभी हम से बात नहीं कर सकता।
Tom can't talk right now.,टॉम इस वक़्त बात नहीं कर सकता।
Why are you talking to me?,मुझसे बात क्यों कर रहे हो?
Can I speak to Tom?,क्या मैं टॉम से बात कर सकता हूँ?
Can I speak to Tom?,क्या मैं टॉम से बात कर सकती हूँ?
It's a big company.,बड़ी कंपनी है।
Where is the bar?,बार कहाँ है?
I think we're lost.,मुझे लगता है हम खो गये हैं।
Stay inside.,अंदर रहना।
Stay inside.,अंदर रहिए।
You may stay.,तुम रह सकते हो।
You may stay.,आप रह सकते हैं।
Stay close to me.,मेरे पास रहो।
Stay close to me.,मेरे पास रहिए।
I knew you'd stay.,मैं जानता था तुम रहोगे।
I knew you'd stay.,मैं जानती थी तुम रहोगे।
Tom can't stay here.,टॉम यहाँ नहीं रह सकता।
We'll stay with Tom.,हम टॉम के साथ रहेंगे।
You'll stay with me.,तुम मेरे साथ रहोगे।
You'll stay with me.,तुम मेरे साथ रहोगी।
We're staying with you.,हम तुम्हारे साथ रह रहे है।
We're staying with you.,हम आपके साथ रह रहे है।
I'll stay away from you.,मैं तुम से दूर रहूँगा।
I'll stay away from you.,मैं तुम से दूर रहूँगी।
Tell Tom I'm sick.,टॉम को बताना मैं बीमार हूँ।
Tom can't be sick.,टॉम बीमार नहीं हो सकता।
We know you're sick.,हम जानते हैं तुम बीमार हो।
We know you're sick.,हम जानते हैं आप बीमार हैं।
That was Portugal.,वह पुर्तगाल था।
How was the audition?,ऑडिशन कैसा रहा?
Tell me who won.,कौन जीता बताओ।
Tell me who won.,कौन जीता वह बताईये।
Tell me a story.,मुझे एक कहानी सुनाओ।
Tell me a story.,मुझे एक कहानी सुनाइए।
Let me tell Tom.,टॉम को मुझे बताने दो।
Let me tell Tom.,मुझे टॉम को बताने दीजिए।
Tell me his name.,मुझे उसका नाम बताओ।
Tell me his name.,मुझे उसका नाम बताइये।
Tell me your plan.,मुझे तुम्हारी योजना बताओ।
Tell me your plan.,मुझे तुम्हारा प्लैन बताओ।
What do I tell Tom?,मैं टॉम को क्या बताऊँ?
Tell me where I am.,मुझे बताओ मैं कहाँ हूँ।
Tell me where I am.,मुझे बताइये मैं कहाँ हूँ।
Do like I tell you.,मैं जैसे कहूँ वैसे करो।
Do like I tell you.,मैं जैसे कहूँ वैसे कीजिए।
What do we tell Tom?,हम टॉम को क्या बताएं?
What did I tell you?,मैंने तुम्हें क्या बताया?
What can I tell Tom?,मैं टॉम को क्या बता सकती हूँ?
What can I tell Tom?,मैं टॉम को क्या बता सकता हूँ?
We have to tell Tom.,हमें टॉम को बताना चाहिए।
Tell Tom we're here.,टॉम को बताना हम यहाँ हैं।
I can't tell anyone.,मैं किसी को नहीं बता सकता।
I can't tell anyone.,मैं किसी को नहीं बता सकती।
What will I tell Tom?,मैं टॉम को क्या बताउँगा?
What will I tell Tom?,मैं टॉम को क्या बताउँगी?
What did he tell you?,उसने तुम्हें क्या बताया?
What did he tell you?,उसने आपको क्या बताया?
What can you tell us?,आप हमें क्या बता सकते हैं?
What can you tell us?,तुम हमें क्या बता सकते हो?
What can you tell us?,तुम हमें क्या बता सकती हो?
What can you tell me?,आप मुझे क्या बता सकते हैं?
What can you tell me?,तुम मुझे क्या बता सकते हो?
What can you tell me?,तुम मुझे क्या बता सकती हो?
Tom told Mary to lie.,टॉम ने मेरी को झूठ बोलने कहाँ।
Tell us where Tom is.,हमें बताओ टॉम कहाँ है।
Tell us where Tom is.,हमें बताइए टॉम कहाँ है।
Tell them who we are.,उन्हें बताओ हम कौन है।
Tell me your address.,तुम्हारा पता बताओ।
Tell me your address.,आपका पता बताइए।
Tell me who did this.,यह किसने किया मुझे बताओ।
Tell me who did this.,मुझे बताइए यह किसने किया।
Who told you about Tom?,तुम्हें टॉम के बारे में किसने बताया?
Who told you about Tom?,आपको टॉम के बारे में किसने बताया?
What will you tell Tom?,तुम टॉम को क्या बताओगे?
What will you tell Tom?,तुम टॉम को क्या बताओगी?
What should I tell Tom?,मैं टॉम को क्या बताऊँ?
What should I tell Tom?,मुझे टॉम को क्या बताना चाहिए?
What did Tom tell Mary?,टॉम ने मैरी को क्या बताया?
Why didn't Tom tell Mary?,टॉम ने मैरी को क्यों नहीं बताया?
Why couldn't you tell me?,तुम मुझे क्यों नहीं बता सके?
Why couldn't you tell me?,तुम मुझे क्यों नहीं बता सकी?
Why couldn't you tell me?,आप मुझे क्यों नहीं बता सकें?
Why haven't you told Tom yet?,तुम ने अभी तक टॉम को क्यों नहीं बताया है?
You should've told me that yesterday.,तुमने मुझे वह कल बताना चाहिए था।
"In America, you can always find a party. In Soviet Russia, the Party can always find you!",अमरीका में तो आपको पार्टी कहीं भी मिल जाएगी। मगर सोवियत रूस में पार्टी को आप कहीं भी मिल जाएंगे!
"Is it fine if I explain in English? Anyone who wouldn't be comfortable with English, please raise your hand.",अंग्रेज़ी में समझाया तो चलेगा क्या? जिन्हें अंग्रेज़ी से तकलीफ़ है वो हाथ उठाएँ।
Mary is a kindergarten teacher.,मेरी नर्सरी टीचर है।
"This jacket isn't expensive, it's very cheap.","यह जैकेट महंगा नहीं है, बहुत सस्ता है।"
"This jacket isn't expensive, it's very cheap.","यह जैकेट महँगा नहीं, बल्कि बहुत सस्ता है।"
Where do I sit?,मैं कहाँ बैठूं?
"Here, sit down.","यहाँ, बैठ जाओ।"
"Here, sit down.","यहाँ, बैठिए।"
"Here, sit down.","यहाँ, बैठो।"
"Here, sit down.","यहाँ, बैठ।"
"Here, sit down.","यहाँ, बैठ जाइए।"
"Come, sit by me.","आओ, मेरे पास बैठो।"
"Come, sit by me.","आइये, मेरे पास बैठिए।"
Can we sit here?,क्या हम यहाँ बैठ सकते हैं?
You can sit here.,तुम यहाँ बैठ सकते हो।
You can sit here.,आप यहाँ बैठ सकते हैं।
Tom sat next to me.,टॉम मेरी बगल में बैठ गया।
Tom sat next to me.,टॉम मेरी बगल में बैठा।
They both sat down.,वे दोनों बैठ गए।
"Just sit down, Tom.","बस बैठ जाओ, टॉम।"
Just sit and relax.,बस बैठो और आराम करो।
Just sit and relax.,बस बैठिए और आराम कीजिए।
Everybody sat down.,सभी बैठ गए।
Can I sit with Tom?,क्या मैं टॉम के साथ बैठ सकता हूँ?
Can I sit with Tom?,क्या मैं टॉम के साथ बैठ सकती हूँ?
You can't sit there.,तुम वहाँ नहीं बैठ सकते।
You can't sit there.,तुम वहाँ नहीं बैठ सकती।
Can I sit there?,क्या मैं वहाँ बैठ सकता हूँ?
You can sit down now.,तुम अभी बैठ सकते हो।
You can sit down now.,तुम अभी बैठ सकती हो।
You can sit down now.,आप अभी बैठ सकते हैं।
Who was sitting here?,यहाँ कौन बैठा था?
Tom sat in front of me.,टॉम मेरे सामने बैठा।
Tom wanted to sit next to Mary.,टॉम मेरी के बगल में बैठना चाहता था।
Tom and Mary sat down together.,टॉम और मैरी एक साथ नीचे बैठ गएं।
Tom and Mary are sitting together.,टॉम और मैरी एक साथ बैठे हैं।
I'm not that stupid.,मैं उतना बेवकूफ़ नहीं हूँ।
Save me a donut.,मेरे लिये एक डोनट बचा कर रखना।
Can you save Tom?,क्या तुम टॉम को बचा सकते हो?
Can you save Tom?,क्या आप टॉम को बचा सकते हैं?
You can't save me.,तुम मुझे नहीं बचा सकते।
You can't save me.,आप मुझे नहीं बचा सकतें।
We saved your life.,हमने तुम्हारी जान बचाई।
We saved your life.,हमने आपकी जान बचाई।
Why do you hate me so much?,तुम मुझ से इतनी नफ़रत क्यों करते हो?
Why do you hate me so much?,तुम मुझ से इतनी नफ़रत क्यों करती हो?
Why do you hate me so much?,आप मुझ से इतनी नफ़रत क्यों करते हैं?
Ahmedabad is the largest city in Gujarat.,अहमदाबाद गुजरात का सबसे बड़ा शहर है।
I have been learning English for five years.,मैं पाँच साल से अंग्रेज़ी सीख रहा हूँ।
"I brought my camera, of course.",मैंने मेरा कैमरा तो लाया ही है।
Let's sit down here.,यहाँ बैठ जाते है।
Tom wants a new hat.,टॉम को एक नयी टोपी चाहिए।
I was born in China.,मेरा जन्म चीन में हुआ था।
So how's it going in Egypt?,"तो, मिस्र में कैसा चल रहा है?"
There's something down there.,वहाँ नीचे कुछ है।
"Tom, come here and sit with me.","टॉम, यहाँ आओ और मेरे साथ बैठो।"
How's your shoulder?,तुम्हारा कंधा कैसा है?
How's your shoulder?,आपका कंधा कैसा है?
We'll come back tomorrow.,हम कल लौटेंगे।
We'll come back tomorrow.,हम कल वापस आयेंगे।
We shouldn't do this.,हमें ऐसा नहीं करना चाहिए।
We were just studying.,हम बस पढ़ाई कर रहे थे।
We think you're right.,हमें लगता है तुम सही हो।
We think you're right.,हमें लगता है आप सही हैं।
We can order a pizza.,हम पिज़ा मंगा सकते हैं।
We threw Tom out.,हमने टॉम को बाहर फेंक दिया।
We can help each other.,हम एक-दूसरे की मदद कर सकते हैं।
We live together now.,अभी हम एक साथ रहते हैं।
We can help Tom now.,अभी हम टॉम की मदद कर सकते हैं।
We were there last night.,हम कल रात वहाँ थे।
We can't leave Tom here.,हम टॉम को यहाँ नहीं छोड़ सकते।
It's a big world.,बड़ी दुनिया है।
How big was your school?,तुम्हारी स्कूल कितनी बड़ी थी?
How big is your school?,तुम्हारी स्कूल कितनी बड़ी है?
It's a big room.,बड़ा कमरा है।
It was a big night.,बड़ी रात थी।
This is big news.,यह बड़ी ख़बर है।
It's a big hospital.,बड़ा अस्पताल है।
Another empire is going to be destroyed.,और एक साम्राज्य नष्ट होने वाला है।
Tom was shot in the leg.,टॉम को पैर में गोली लगी।
This government is corrupt.,यह सरकार भ्रष्ट है।
I should've gone with you.,मुझे तुम्हारे साथ जाना चाहिए था।
I should've gone with you.,मुझे आपके साथ जाना चाहिए था।
I can't save you this time.,मैं तुम्हें इस बार बचा नहीं सकता।
I can't save you this time.,मैं आपको इस बार बचा नहीं सकता।
I can't save you this time.,मैं आपको इस बार बचा नहीं सकती।
I can't save you this time.,मैं तुम्हें इस बार बचा नहीं सकती।
I was going to do it yesterday.,मैं वह कल करने वाला था।
I was going to do it yesterday.,मैं वह कल करने वाला थी।
I wish Tom were here with us.,काश टॉम यहाँ हमारे साथ होता।
I wasn't making fun of Tom.,मैं टॉम का मज़ाक नहीं उड़ा रहा था।
I wasn't making fun of Tom.,मैं टॉम का मज़ाक नहीं उड़ा रही था।
I've done the right thing.,मैंने सही चीज़ की है।
I've done the wrong thing.,मैंने गलत चीज़ की है।
I'm not worried about that.,मुझे उसकी चिंता नहीं है।
Ajay is poor.,अजय गरीब है।
I had gone there.,मैं वहाँ गई थी।
"Indians know their country by many names: ""Bharat"" from Sanskrit, ""Hindustan"" from Persian and ""India"" from English.","भारतीय लोग अपने देश को कई नामों से जानते हैं: संस्कृत से आया हुआ ""भारत"", फारसी से आया हुआ ""हिंदुस्तान"" और अंग्रेज़ी से आया हुआ ""इंडिया""।"
You're making a mistake.,तुम गलती कर रहे हो।
You're making a mistake.,तुम गलती कर रही हो।
Are you guys OK?,क्या आप लोग ठीक हो?
You said you wouldn't do that.,तुम ने कहा था तुम वैसा नहीं करोगे।
You said you wouldn't do that.,तुम ने कहा था तुम वैसा नहीं करोगी।
You said you wouldn't do that.,तुम ने तो कहा था तुम वैसा नहीं करोगे।
You said you wouldn't do that.,तुम ने तो कहा था तुम वैसा नहीं करोगी।
You've had too much to drink.,तुम ने कुछ ज़्यादा ही पी ली है।
You've had too much to drink.,आप ने कुछ ज़्यादा ही पी ली है।
You've got three months left.,तुम्हारे पास तीन महीने बचे हैं।
You should've studied harder.,तुम्हें और मेहनत से पढ़ाई करनी चाहिए थी।
You should've studied harder.,आपको और मेहनत से पढ़ाई करनी चाहिए थी।
You really do look beautiful.,तुम तो सच-मुच सुंदर लगती हो।
You really do look beautiful.,तुम तो सच-मुच सुंदर लगते हो।
You need this more than I do.,मुझ से ज़्यादा तुम्हें इसकी ज़रूरत है।
You need this more than I do.,मुझ से ज़्यादा आपको इसकी ज़रूरत है।
You've got a lot of enemies.,तुम्हारे बहुत सारे दुशमन हैं।
You shouldn't even be here.,तुम्हें तो यहाँ होना भी नहीं चाहिए।
You shouldn't even be here.,आपको तो यहाँ होना भी नहीं चाहिए।
You and I aren't like that.,तुम और मैं वैसे नहीं हैं।
You and I aren't like that.,आप और मैं वैसे नहीं हैं।
You have a lot to learn.,तुम्हें अभी बहुत कुछ सीखना है।
You aren't even trying.,तुम तो कोशिश भी नहीं कर रहे।
You aren't even trying.,आप तो कोशिश भी नहीं कर रहे।
You'll lose.,तुम हारोगे।
You'll lose.,तुम हारोगी।
You'll lose.,आप हारोगे।
Tom saw somebody.,टॉम ने किसी को देखा।
Tom saw somebody.,टॉम को कोई दिखा।
Tom likes running.,टॉम को भागना पसंद है।
Tom broke a glass.,टॉम ने एक काँच तोड़ी।
Yemen is a country in the Middle East.,येमेन मध्य-पूर्व में एक देश है।
What's up there?,वहाँ ऊपर क्या है?
What's all this?,यह सब क्या है?
It's still hot.,अभी भी बहुत गरम है।
What room is Tom in?,टॉम किस कमरे में है?
Why can't Tom do it?,टॉम क्यों नहीं कर सकता?
What'll Tom do now?,अब टॉम क्या करेगा?
Does Tom like swimming?,क्या टॉम को तैरना पसंद है?
How does Tom do this?,टॉम यह कैसे करता है?
"Hey, where's Tom?","अरे, टॉम कहाँ है?"
That game was fun.,उस खेल में बहुत मज़ा आया।
I said so.,मैंने कहा था।
I feel that it will rain.,लगता है बारिश होगी।
Read it again.,इसे दोबारा पढ़ें।
There is a garden behind my house.,मेरे घर के पीछे एक बगीचा है।
The ink is still wet.,सियाही अभी भी गीली है।
There are nine people in my family.,मेरे परिवार में नौ जन हैं।
"Look around you, Tom.","आसपास देखो, टॉम।"
I later found out that he was gay.,मुझे बाद में पता चला कि वह गे था।
You don't seem afraid at all.,तुम बिलकुल भी डरे हुए नहीं लगते हो।
You don't seem afraid at all.,आप बिलकुल भी डरे हुए नहीं लगते हो।
You don't seem afraid at all.,आप बिलकुल भी डरे हुए नहीं लगते हैं।
You don't seem afraid at all.,तुम बिलकुल भी डरे हुए नहीं लगती हो।
You don't seem tired at all.,तुम तो बिलकुल भी थके हुए नहीं लगते हो।
You don't seem tired at all.,तुम तो बिलकुल भी थकी हुई नहीं लगती हो।
You weren't even there yesterday.,तुम तो वहाँ कल थे भी नहीं।
You weren't even there yesterday.,आप तो वहाँ कल थे भी नहीं।
You should've called the cops.,पुलिस को बुलाना चाहिए था।
You should've called the cops.,तुम्हें पुलिस को बुलाना चाहिए था।
You should've called the cops.,आपको पुलिस को बुलाना चाहिए था।
I hear you're getting married again.,सुना है तुम फिर से शादी कर रहे हो।
I hear you're getting married again.,सुना है तुम फिर से शादी कर रही हो।
I hear you're getting married again.,सुना है आप फिर से शादी कर रहे हैं।
You put in too much sugar.,तुम कुछ ज़्यादा ही शक्कर डालते हो।
You put in too much sugar.,तुम कुछ ज़्यादा ही शक्कर डालती हो।
You put in too much sugar.,आप कुछ ज़्यादा ही शक्कर डालते हैं।
I don't do stuff like that.,मैं वैसी चीजें नहीं करता।
I don't do stuff like that.,मैं वैसी चीजें नहीं करती।
You don't even know my name.,तुम तो मेरा नाम तक नहीं जानते।
You don't even know my name.,तुम्हें तो मेरा नाम भी पता नहीं है।
You don't even know my name.,तुम तो मेरा नाम तक नहीं जानती।
You don't even know my name.,आप तो मेरा नाम तक नहीं जानते।
"You're lying now, aren't you?","तुम अभी झूठ बोल रहे हो, है ना?"
"You're lying now, aren't you?","आप अभी झूठ बोल रहे हो, है ना?"
"You're lying now, aren't you?","तुम अभी झूठ बोल रही हो, है ना?"
You don't even know who I am.,आप तो यह भी नहीं जानते कि मैं कौन हूँ।
You don't even know who I am.,तुम तो यह भी नहीं जानते कि मैं कौन हूँ।
You don't even know who I am.,तुम तो यह भी नहीं जानती कि मैं कौन हूँ।
"You do like music, don't you?","तुम्हें संगीत तो पसंद है, है ना?"
"You do like music, don't you?","आपको संगीत तो पसंद है, है ना?"
You didn't even know me then.,तब तो तुम मुझे जानते भी नहीं थे।
You didn't even know me then.,तब तो आप मुझे जानते भी नहीं थे।
I will fight you.,मैं तुम से लड़ूंगा।
I will fight you.,मैं तुम से लड़ूंगी।
I will fight you.,मैं आप से लड़ूंगी।
I will fight you.,मैं आप से लड़ूंगा।
I'll marry you.,मैं तुम से शादी करूंगा।
I'll marry you.,मैं तुम से शादी करूंगी।
I'll marry you.,मैं आप से शादी करूंगा।
I'll marry you.,मैं आप से शादी करूंगी।
"I can do it, too.",मैं भी कर सकता हूँ।
"I can do it, too.",मैं भी कर सकती हूँ।
"That's good, too.",वह भी अच्छा है।
I do mean that.,मेरा वहीं मतलब है।
I'm the surgeon.,सर्जन मैं हूँ।
We chose this one.,हमने यह वाला चुना।
You can help me.,तुम मेरी मदद कर सकते हो।
You can help me.,तुम मेरी मदद कर सकती हो।
You can help me.,आप मेरी मदद कर सकते हैं।
Bring the kids.,बच्चों को लाओ।
Bring the kids.,बच्चों को लाइए।
I believe in it.,मुझे उसमें विश्वास है।
Now it's here.,अभी यहाँ है।
Who's it for?,किस के लिये है?
It's so clean.,कितना साफ है।
Hide that book.,वह किताब छिपाओ।
Hide that book.,वह किताब छिपाइए।
This is my Japanese friend.,यह मेरा जापानी दोस्त है।
This is my Japanese friend.,यह मेरी जापानी सहेली है।
This is not my Japanese friend.,यह मेरा जापानी दोस्त नहीं है।
Stay away from my computer.,मेरे कंप्यूटर से दूर रहो।
Stay away from my computer.,मेरे कंप्यूटर से दूर रहिए।
I live in Indonesia.,मैं इंडोनेशिया में रहता हूँ।
I live in Indonesia.,मैं इंडोनेशिया में रहती हूँ।
What are their rights?,क्या है उनके अधिकार?
Did you see any pigeons?,कोई कबूतर दिखें?
Did you look under the car?,गाड़ी के नीचे देखा?
I can't do this now.,मैं यह अभी नहीं कर सकता।
I can't do this now.,मैं यह अभी नहीं कर सकती।
I can't do this without you.,मैं यह तुम्हारे सिवा नहीं कर सकता।
I can't do this without you.,मैं यह तुम्हारे सिवा नहीं कर सकती।
I can't go there.,मैं वहाँ नहीं जा सकता।
I can't go there.,मैं वहाँ नहीं जा सकती।
What are you searching for?,तुम क्या खोज रहे हो?
What are you searching for?,तुम क्या खोज रही हो?
What are you searching for?,आप क्या खोज रहें हैं?
This chair is yours.,यह कुर्सी तुम्हारी है।
This chair is yours.,यह कुर्सी आपकी है।
Tom seems young.,टॉम जवान लगता है।
Why did Tom call you?,टॉम ने तुम्हें क्या कहा?
What do they call you?,वे तुम्हें क्या कहते हैं?
Tom will wait for you.,टॉम तुम्हारा इंतजार करेगा।
Tom will wait for you.,टॉम आपका इंतजार करेगा।
Would Tom lie to you?,टॉम तुम से झूठ क्यों बोलेगा?
They seem to trust you.,लगता है वे तुम पर भरोसा करते हैं।
They seem to trust you.,लगता है वे आप पर भरोसा करते हैं।
Their answer is yes.,"उनका जवाब ""हाँ"" है।"
Tom is probably wrong.,टॉम शायद गलत है।
Tom isn't winning.,टॉम जीत नहीं रहा है।
Tom was winning.,टॉम जीत रहा था।
It could be a weapon.,हत्यार हो सकता है।
My family is wealthy.,मेरा परिवार धनी है।
Tom is quite ugly.,टॉम काफी बदसूरत है।
Tom is very ugly.,टॉम बहुत बदसूरत है।
The decision is Tom's.,फैसला टॉम का है।
The decision is Tom's.,निर्णय टॉम का है।
Did you murder Tom?,क्या तुम ने टॉम का खून किया?
Did you murder Tom?,क्या आप ने टॉम का खून किया?
Is your name Tom?,क्या आपका नाम टॉम है?
Is your name Tom?,क्या तुम्हारा नाम टॉम है?
Do you work with Tom?,क्या तुम टॉम के साथ काम करते हो?
Do you work with Tom?,क्या तुम टॉम के साथ काम करती हो?
Do you work with Tom?,क्या आप टॉम के साथ काम करते हैं?
Tom won't come today.,टॉम आज नहीं आयेगा।
Tom is at home today.,टॉम आज घर पर है।
I don't have enough time.,मेरे पास काफी वक़्त नहीं है।
Tom can't eat this.,टॉम यह खा नहीं सकता।
What color are they?,वे कौनसे रंग के हैं?
What color were they?,वे कौनसे रंग के थे?
What proof is there?,क्या सबूत है?
What else is there?,और क्या है?
There's no one there.,वहाँ कोई नहीं है।
Do you ever do that?,वैसा कभी करते हो?
It was just like that.,बिलकुल वैसे ही था।
Why would I wear that?,मैं वह क्यों पहनूंगा?
Why would I wear that?,मैं वह क्यों पहनूंगी?
They both are teachers.,दोनों अध्यापक हैं।
They both are teachers.,वे दोनों अध्यापक हैं।
Tom is not so tall.,टॉम उतना ऊंचा नहीं है।
That's a nice suit.,वह अच्छा सूट है।
Tom is quite strong.,टॉम काफी शक्तिशाली है।
Tom is quite strong.,टॉम काफी बलवान है।
This is very strange.,यह बहुत अजीब है।
It was a nice story.,अच्छी कहानी थी।
Why did Tom stop?,टॉम रुका क्यों?
Tom sang me a song.,टॉम ने मेरे लिये एक गाना गाया।
Tom was singing a song.,टॉम एक गाना गा रहा था।
Tom missed his son.,टॉम को अपने बेटे की याद आई।
This boy is my son.,यह लड़का मेरा बेटा है।
All three men smiled.,तीनों आदमी मुस्कराए।
Tom seems very sleepy.,लगता है टॉम को बहुत नींद आई है।
Tom is going to sleep.,टॉम सोने जा रहा है।
Tom looked at the sky.,टॉम ने आकाश की तरफ देखा।
Tom used to be skinny.,टॉम पतला हुआ करता था।
Tom never was skinny.,टॉम कभी पतला तो था ही नहीं।
The question is simple.,प्रश्न सरल है।
The crowd was silent.,भीड़ शांत थी।
This is a good show.,यह अच्छा शो है।
It was a great show.,बढ़िया शो था।
Tom got home at seven.,टॉम सात बजे घर पहुँचा।
Tom is very serious.,टॉम बहुत गंभीर है।
Tom was sensitive.,टॉम संवेदनशील था।
Tom is very selfish.,टॉम बहुत स्वार्थी है।
Tom was selfish.,टॉम स्वार्थी था।
Is Tom still in school?,टॉम अभी भी स्कूल में है?
Is Tom still in school?,क्या टॉम अभी भी स्कूल में है?
Forget what I said.,मैंने जो कहा वह भूल जाओ।
It made me very sad.,इससे मैं बहुत उदास हुआ।
It made me very sad.,इससे मैं बहुत उदास हुई।
Tom forgot the rules.,टॉम नियम भूल गया।
Tom is breaking the rules.,टॉम नियम तोड़ रहा है।
Tom showed me his room.,टॉम ने मुझे अपना कमरा दिखाया।
Tom rented a room.,टॉम ने एक कमरा किराये पर लिया।
Let me see your ring.,मुझे अपनी अँगूठी देखने दो।
Let me see your ring.,मुझे अपनी अँगूठी देखने दीजिए।
Tom used to be rich.,टॉम अमीर हुआ करता था।
Tom wanted to be rich.,टॉम अमीर बनना चाहता था।
Tom wants to be rich.,टॉम अमीर बनना चाहता है।
Tom is quite rich.,टॉम काफी अमीर है।
It made me very rich.,इससे में बहुत अमीर बन गया।
Tom is very rich.,टॉम बहुत अमीर है।
Your room is ready.,आपका कमरा तैयार है।
Tom isn't able to read.,टॉम को पढ़ना नहीं आता।
Tom is very quiet.,टॉम बहुत शांत है।
Shut the door quickly.,जल्दी से दरवाजा बंद कर दो।
Shut the door quickly.,जल्दी से दरवाजा बंद कर दीजिए।
Tom was sent to prison.,टॉम को जेल भेज दिया गया।
Tom was popular.,टॉम लोकप्रिय था।
Tom never was poor.,टॉम गरीब तो कभी था ही नहीं।
It was a great plan.,बढ़िया योजना थी।
This is a great place.,यह बढ़िया जगह है।
Tom loves to party.,टॉम को पार्टी करना पसंद है।
I'm the owner.,मालिक मैं हूँ।
It's not over.,खतम नहीं हुआ है।
The game is not over.,खेल खतम नहीं हुआ है।
How did you find out?,तुम्हें कैसे पता चला?
How did you find out?,तुम्हें कैसे पता चल गया?
When did Tom find out?,टॉम को कब पता चला?
When did Tom find out?,टॉम को कब पता चल गया?
This place is ours.,यह जगा हमारी है।
What should I order?,क्या मंगाऊँ?
There are no options.,और कोई विकल्प नहीं हैं।
Why is this door open?,यह दरवाजा खुला क्यों है?
The cage is open.,पिंजरा खुला है।
The window was open.,खिड़की खुली थी।
Tom tried the coat on.,टॉम ने कोट पहन कर देखा।
What floor am I on?,मैं किस मंज़िल पर हूँ?
Meet me at my office.,मुझे मेरे दफ्तर में मिलो।
Meet me at my office.,मुझे मेरे दफ्तर में मिलिए।
Tom was obstinate.,टॉम हठी था।
Tom has a cold now.,अभी टॉम को जुकाम है।
Tom is filling out the forms now.,टॉम अभी वे फार्म भर रहा है।
Why are you here now?,तुम अभी इस वक़्त यहाँ क्यों हो?
It's all OK now.,अभी सब ठीक है।
Tom is resting now.,टॉम अभी आराम कर रहा है।
Where's Tom right now?,टॉम इस वक़्त कहाँ है?
Tom is going to say no.,"टॉम ""नहीं"" कहने वाला है।"
My answer is still no.,"मेरा जवाब अभी भी ""नहीं"" है।"
Tom works all night.,टॉम पूरी रात काम करता है।
Tom works at night.,टॉम रात को काम करता है।
It was a cold night.,ठंडी रात थी।
They left last night.,वे पिछली रात चले गये।
Tom tried to move.,टॉम ने हिलने की कोशिश की।
This is a gold mine.,यह सोने की खान है।
This money is mine.,यह पैसा मेरा है।
Nothing here is mine.,यहाँ का कुछ भी मेरा नहीं है।
This gold is mine.,यह सोना मेरा है।
This fight is mine.,यह लड़ाई मेरी है।
The decision is mine.,फैसला मेरा था।
The decision is mine.,निर्णय मेरा था।
The mistake was mine.,गलती मेरी थी।
What could it mean?,इसका क्या मतलब हो सकता है?
Did Tom ask about me?,क्या टॉम ने मेरे बारे में पूँछा?
Tom lives above me.,टॉम मेरे ऊपर रहता है।
Tom was looking at me.,टॉम मुझे देख रहा था।
Tom tried to stop me.,टॉम ने मुझे रोकने की कोशिश की।
"Tom is nice, isn't he?","टॉम अच्छा है, है ना?"
"Tom is here, isn't he?","टॉम यहाँ है, है ना?"
"Tom is happy, isn't he?","टॉम खुश है, है ना?"
"Tom is good, isn't he?","टॉम अच्छा है, है ना?"
"Tom is loyal, isn't he?","टॉम वफादार है, है ना?"
Tom took Mary along.,टॉम मैरी को साथ ले गया।
Is it morning already?,सुबह हो भी गयी?
Tom isn't artistic.,टॉम कलात्मक नहीं है।
Tom is quite artistic.,टॉम काफी कलात्मक है।
Tom seems artistic.,टॉम कलात्मक लगता है।
Tom is very artistic.,टॉम बहुत कलात्मक है।
What else would it be?,और क्या हो सकता है?
How could that be?,ऐसे कैसे हो सकता है?
Tom is trying his best.,टॉम अपनी पूरी कोशिश कर रहा है।
Tom came here today by bicycle.,आज टॉम यहाँ सायकिल से आया।
Tom couldn't breathe.,टॉम साँस नहीं ले पा रहा था।
Call me when you can.,हो सके तब कॉल करना।
It could be cancer.,कैंसर हो सकता है।
Tom never got caught.,टॉम कभी पकड़ा नहीं गया।
What else can Tom do?,टॉम और क्या कर सकता है?
My name is on the door.,दरवाजे पर मेरा नाम है।
Tom set his beer down.,टॉम ने अपनी बीयर नीचे रख दी।
Change is never easy.,बदलाव कभी आसान नहीं होता।
The place is empty.,वह जगह खाली है।
It's not good.,अच्छा नहीं है।
Tom just wants to be your friend.,टॉम को बस तुम से दोस्ती करनी है।
Tom just wants to be your friend.,टॉम बस तुम्हारा दोस्त बनना चाहता है।
It could be heroin.,हेरोइन हो सकता है।
I'm with him.,मैं उसके साथ हूँ।
I started it.,मैंने शुरू किया।
He made me cry.,उसने मुझे रुलाया।
Tom is our best pilot.,टॉम हमारा सबसे अच्छा पाइलट है।
Tom wasn't a prisoner.,टॉम कैदी नहीं था।
Tom is swimming in the river.,टॉम नदी में तैर रहा है।
Tom came into the room.,टॉम कमरे में आया।
Tom isn't going to sing.,टॉम गाने वाला नहीं है।
Who sent you that?,तुम्हें वह किसने भेजा?
"Hey, what's that?",अरे! वह क्या है?
"Hey, what's this?",अरे! यह क्या है?
They can't see Tom.,वे टॉम को नहीं देख सकते।
How crazy is Tom?,टॉम कितना पागल है?
I forgave Tom.,मैंने टॉम को माफ़ किया।
I forgave Tom.,मैंने टॉम को माफ़ कर दिया।
They never caught Tom.,उन्होंने टॉम को कभी पकड़ा नहीं।
What'll Tom do tomorrow?,टॉम कल क्या करेगा?
Why are you working for Tom?,तुम टॉम के लिये क्यों काम कर रहे हो?
Why are you working for Tom?,तुम टॉम के लिये क्यों काम कर रही हो?
Why are you working for Tom?,आप टॉम के लिये क्यों काम कर रहे हैं?
Tom has lied to us.,टॉम ने हम से झूठ बोला है।
They're lying to us.,वे हम से झूठ बोल रहे हैं।
They're afraid of us.,वे हम से डरते हैं।
Tom is just like us.,टॉम बिलकुल हमारी तरह है।
Tom is headed this way.,टॉम इस तरफ़ आ रहा है।
I didn't know Tom last year.,पिछले साल मैं टॉम को जानता नहीं था।
I didn't know Tom last year.,पिछले साल मैं टॉम को जानती नहीं थी।
Tom isn't even here yet.,टॉम तो यहाँ अभी तक आया भी नहीं है।
They can't see you.,वे तुम्हें देख नहीं सकते।
Tom is not as fat as me.,टॉम मेरे जितना मोटा नहीं है।
No other language is as beautiful as Portuguese.,पुर्त्तगाली जितनी सुंदर और कोई भाषा नहीं है।
I want these.,मुझे ये चाहिए।
I don't let my kids watch TV.,मैं अपने बच्चों को टीवी नहीं देखने देता।
I don't let my kids watch TV.,मैं अपने बच्चों को टीवी नहीं देखने देती।
Tom wasn't my husband at that time.,उस वक़्त टॉम मेरा पति नहीं था।
Why do you want to learn this language?,तुम यह भाषा क्यों सीखना चाहते हो?
Why do you want to learn this language?,तुम यह भाषा क्यों सीखना चाहती हो?
Telugu is spoken in the Indian states of Andhra Pradesh and Telangana.,तेलुगू आंध्र प्रदेश और तेलंगना इन भारतीय राज्यों में बोली जाती है।
Is this Tom's?,टॉम का है?
Is this Tom's?,टॉम की है?
It's a joke.,मज़ाक है।
Even men sometimes cry.,मर्द भी कभी-कबार रोते हैं।
Is everybody all right?,सब ठीक हैं?
Tom said very little.,टॉम बहुत कम बोला।
I don't know what's going on around here.,पता नहीं यहाँ क्या चल रहा है।
Can I get some coffee?,थोड़ी कॉफ़ी मिलेगी?
I ate too much today.,मैंने आज कुछ ज़्यादा ही खा लिया।
I ate too much yesterday.,मैंने कल कुछ ज़्यादा ही खा लिया।
Russia is larger than Pluto.,रूस प्लूटो से बड़ा है।
Tom must be so scared.,टॉम कितना डरा हुआ होगा।
Thanks for last night.,कल रात के लिये शुक्रिया।
Would you like to live in Ukraine?,क्या आप युक्रेन में रहना पसंद करेंगे?
Would you like to live in Ukraine?,क्या तुम युक्रेन में रहना पसंद करोगे?
Would you like to live in Ukraine?,क्या तुम युक्रेन में रहना पसंद करोगी?
It's still not working.,अभी भी काम नहीं कर रहा है।
It's not real money.,असली पैसा नहीं है।
It's for your own good.,तुम्हारे ही भले के लिये है।
It's for your own good.,आपके ही भले के लिये है।
It isn't much further.,ज़्यादा दूर नहीं है।
It's been three days.,तीन दिन हो गए हैं।
Let me do it my way.,मुझे अपने तरीके से करने दो।
Let me do it my way.,मुझे अपने तरीके से करने दीजिए।
There are three of us.,हम तीन हैं।
They're waiting for us.,वे हमारे लिये रुके हैं।
They're waiting for us.,वे हमारी प्रतिक्षा कर रहे हैं।
They're waiting for us.,वे हमारा इंतज़ार कर रहे हैं।
Now it's your turn.,अब तुम्हारी बारी है।
Now it's your turn.,अब आपकी बारी है।
They're afraid of Tom.,वे टॉम से डरते हैं।
They begin beating Tom.,वे टॉम को पीटने लगे।
Who listens to Tom?,टॉम की कौन सुनता है?
Where did you send Tom?,तुम ने टॉम को कहाँ भेजा?
Where did you send Tom?,तुम ने टॉम को कहाँ भेज दिया?
I was ready for Tom.,मैं टॉम के लिये तैयार था।
I was ready for Tom.,मैं टॉम के लिये तैयार थी।
Let go of the bottle.,बोतल छोड़।
Let go of the bottle.,बोतल छोड़ दो।
Let go of the bottle.,बोतल छोड़ दे।
Tom lost his control.,टॉम ने नियंत्रण खो दिया था।
He is my husband.,यह मेरा पति है।
"O Our Father in Heaven, Holy be your name, Your Kingdom come, Your will be done, on earth, as it is in heaven. Give us this day our daily bread, and forgive us our sins, as we also have forgiven our sinners. And lead us not into temptation, but deliver us from evil.","हे हमारे स्वरगिक पिता, तेरा नाम पवित्र माना जाए, तेरा राज्य अाए, तेरी इच्छा जैसे स्वर्ग मे॑ पूरी होती है॑, वैसे पर्िथ्वी पर भी हो, आज हमे॑ उतना भोजन दे, जो हमारे लिए आवश्क है, हमारे अपराध शमा कर, जैसे हम दूसरो के अपराध शमा करते है, हमारे विश्वास को मत परख पर॑तु हमे शैतान से बचा."
Jim had stayed at my house.,जिम मेरे घर में ठहरा था।
He respected Mr. Hayakawa.,वे हायाकावा जी का सम्मान करते थे।
My elder sister is good at playing the guitar.,मेरी बड़ी बहन गिटार अच्छा बजाती है।
"Due to the rain, staying at home would be a better option.","बारिश हो रही है, इसलिए अभी घर में रहना ही अच्छा रहेगा।"
Susan is older than me by 2 years.,सूज़ैन मुझसे दो साल बड़ी है।
I showed the ticket at the gate.,मैंने दरवाज़े पर टिकट दिखाया।
This is my father's house.,मेरे पापा का घर है।
That old woman smiled at her granddaughter.,वह बूढ़ी औरत अपनी पोती पर मुस्कुराई।
Do they speak Spanish in Mexico?,मेक्सिको में स्पैनिश बोली जाती है क्या?
Hell is a place where it smells bad and nobody loves anybody.,नर्क एक ऐसी जगह जो बदबूदार है और किसी को कोई पसंद नहीं हैं ।
Your team is better than ours.,आपका दल हमसे बेहतर है |
The tiger licked him.,बाघ ने उसे चाटा।
The tiger caught the guy's neck and killed him by pulling it.,बाघ ने युवक की गर्दन पकड़ी और खींचकर मार डाला।
I have an important call to make.,मुझे एक जरूरी कॉल करनी है ।
Why are you still not sleeping?,तुम अभी तक क्यों नहीं सोए ?
I like to breathe the clean mountain air.,मुझे स्वच्छ हवा में साँस लेना पसंद है।
France is a country in west Europe.,फ्रांस पश्चिम यूरोप का एक देश है।
Cats kill rats.,बिल्ली चूहें मारती हैं।
Uganda is an African country.,युगांडा एक अफ़्रीकी देश है।
I don't know what they know.,मुझे नहीं पता कि उन्हें क्या पता है।
I don't know what he knows.,मुझे नहीं पता कि उसे क्या पता है।
I don't know what she knows.,मुझे नहीं पता कि उसे क्या पता है।
I don't know what Tom knows.,मुझे नहीं पता कि टॉम को क्या पता है।
"I don't know how, but you did it.",पता नहीं कैसे पर तुमने कर दिया।
"I don't know how, but Tom did it.",पता नहीं कैसे पर टॉम ने कर दिया।
"I don't know how, but she did it.",पता नहीं कैसे पर उसने कर दिया।
The scientists are working on a new experiment.,वैज्ञानिक नए प्रयोग पर काम कर रहे है I
The heron had to hunt for food every day.,बगुले को हर दिन भोजन के लिए शिकार करना पड़ता था।
You are ruined.,सत्यानाश कर डाला तू ने ।
My brother has a good memory.,मेरे भाई की याददाश्त अच्छी है।
He is very smart.,वह बहुत अकलमंद है।
What's a jungle?,जंगल क्या होता है I
Canada is a large country.,कनाडा एक बड़ा देश है ।
I think he's a bad person.,मुझे लगता है कि वह एक बुरा आदमी है ।
"Although fatalities tend to be rare, many people have died as a result of volcanic eruptions during the last quarter century.",घायलो की संख्या कम है पर पिछले सवा सौ वर्षों में ज्वालामुखी विस्फोटो के कारण बहुत लोग मरे है ।
Khalid has a variety of pens.,ख़ालिद के पास तरह-तरह के कलम है।
I've read the first page.,मैंने पहला पृष्ठ पढ़ा लिया I
It was sort of fun.,वो मजेदार था I
I have some stuff to do at home.,मुझे घर में थोड़ा काम करना है I
"That's weird, isn't it?","ये अजीब है, नहीं?"
Everyone felt sorry for Tom.,सब टॉम के लिए दुःखी थे I
We all felt sorry for Tom.,हम सब टॉम के लिए दुःखी थे।
I have back problems.,मुझे पीठ की तकलीफ है I
I'm an animal.,मैं एक जानवर हूँ I
Where did you go?,तुम कहाँ गए थे?
It shouldn't take long to find Tom.,टॉम को ढूँढने में समय नहीं लगना चाहिए।
It took me a while to find Tom.,मुझे टॉम को ढूँढने में समय लग गया।
"If Tom doesn't help us, we'll never be able to finish this on time.",अगर टॉम हमारी मदद नहीं करेगा तो हम ये समय पर कभी नहीं कर पायेंगे।
I've been given until tomorrow to finish this.,मुझे ये कल तक खतम करना है ।
Tom threw a rock at the tree.,टॉम ने पेड़ पर एक पत्थर फेंका।
I'm from Syria.,मैं सीरिया से हूँ।
He is Portuguese.,वह पुर्त्तगाली है।
"Give me your blood, I will give you freedom.","तुम मुझे खून दो, मैं तुम्हें आज़ादी दूंगा।"
That voice sounds familiar.,वह आवाज़ जाना-पहचाना लगता है।
I didn't want to cry in front of him.,मुझे उसके सामने नहीं रोना था।
I learn Kannada.,मैं कन्नड़ सीखता हूँ।
I learn Kannada.,मैं कन्नड़ सीखती हूँ।
Chiqui is a good parrot.,चिकी अच्छा तोता है।
Chiqui is a parrot that speaks Esperanto.,चिकी एक ऐसा तोता है जो एस्पेरांतो में बात करता है।
I want a parrot.,मुझे एक तोता चाहिए।
This parrot has green feathers.,इस तोते के हरे पर हैं।
Why is life so difficult?,ज़िंदगी इतनी मुश्किल क्यों होती है?
Why is love so difficult?,प्यार इतना मुश्किल क्यों होता है?
Sean Connery is a Scottish actor.,शॉन कॉनरी एक स्काटिश अभिनेता हैं।
I don't have time to talk.,मुझे बात करने के लिये वक़्त नहीं है।
I have a date with him tonight.,मेरी उसके साथ आज रात डेट है।
I have a date with Tom tonight.,मेरी आज रात टॉम के साथ डेट है।
I have a date with her tonight.,मेरी उसके साथ आज रात डेट है।
This screw is made in China.,यह स्क्रू चीन में बना है।
This plastic squirrel was made in China.,यह प्लास्टिक की गिलहरी चीन में बनी है।
She knows Spanish.,उसे स्पेनिश आती है।
Salt is used to melt snow.,नमक का उपयोग बर्फ पिघलाने में किया जाता है।
Almost all humans wear clothes.,लगभग सभी इनसान कपड़े पहनते हैं।
He's learning Esperanto.,वह एस्पेरांतो सीख रहा है।
He's learning Esperanto.,वे एस्पेरांतो सीख रहे हैं।
I live in Malaysia.,मैं मलेशिया में रहता हूँ।
I live in Malaysia.,मैं मलेशिया में रहती हूँ।
Lava is dangerous.,लावा खतरनाक होता है।
What did he say to you?,उसने तुम से क्या कहाँ?
What did she say to you?,उसने तुम से क्या कहाँ?
Are you guys all right?,तुम लोग ठीक हो?
Are you guys all right?,आप लोग ठीक हो?
You're not stupid at all.,तुम बिलकुल भी बेवकूफ नहीं हो।
How did you get caught?,तुम पकड़े कैसे गये?
How did you get caught?,आप पकड़े कैसे गये?
Why did you marry him?,तुम ने उससे शादी क्यों की?
Why did you marry him?,आप ने उससे शादी क्यों की?
Why did you marry him?,तुमने उनसे शादी क्यों की?
Why did you marry him?,आप ने उनसे शादी क्यों की?
This vampire works for a blood bank.,यह पिशाच एक रक्त बैंक के लिये काम करता है।
This vampire works for a blood bank.,यह पिशाच एक रक्त बैंक के लिये काम करती है।
This file is encrypted.,यह फाइल एन्क्रिप्टेड है।
Tom plays the xylophone.,टॉम सिलाफ़न बजाता है।
The sun will become a red giant in about 5 billion years.,५ अरब सालों में सूर्य एक लाल दानव तारा बन जाएगा।
The chief minister of Maharashtra is Devendra Fadnavis.,महाराष्ट्र के मुख्य मंत्री देवेंद्र फडणवीस हैं।
Lakshadweep is a union territory of India.,लक्षद्वीप भारत का एक केंद्र-शासित प्रदेश है।
The region called Azad Kashmir in Pakistan is called Pakistan-Occupied Kashmir in India.,"जिस प्रदेश को पाकिस्तान में आज़ाद कश्मीर कहा जाता है, उसे भारत में ""पाकिस्तान व्याप्त कश्मीर"" कहा जाता है।"
Babur established the Mughal Empire.,बाबर ने मुग़ल साम्राज्य की स्थापना की।
"Babur, Humayun, Akbar, Jahangir, Shah Jahan and Aurangzeb are considered the most important Mughal emperors.","बाबर, हुमायून, अकबर, जहाँगीर, शाह जहाँ और औरंगज़ेब सबसे महत्त्वपूर्ण मुग़ल सम्राट माने जाते हैं।"
"Konkani is spoken in Maharashtra, Goa and Karnataka.","कोंकणी महाराष्ट्र, गोआ और करनाटक में बाली जाती है।"
"Shivaji founded the Maratha Empire, and his first Peshwa was Moropant Pingle.","शिवाजी ने मराठा स्थापना की, और मोरोपंत पिंगळे उनके पहले पेशवा थे।"
Babur's full name was Zahir-ud-din Muhammad Babur.,बाबर का पूरा नाम ज़हीरुद्दीन मुहम्मद बाबर था।
Raigad was the first capital of the Maratha Empire.,रायगढ़ मराठा साम्राज्य की पहली राजधानी थी।
Dengue is spread by Aedes aegypti mosquitoes.,डेंग्यू एइडीज़ इजिप्टाई मच्छरों से फैलता है।
"In 1996, the name of Victoria Terminus was changed to Chhatrapati Shivaji Terminus.",१९९६ में विक्टोरिया टर्मिनस का नाम बदल कर छत्रपति शिवाजी टर्मिनस कर दिया गया।
The Sikh Empire was established in 1799 by Ranjit Singh.,सिख साम्राज्य १७९९ में रणजीत सिंह ने स्थापित किया था।
The Indian National Congress and the Bharatiya Janata Party are the most prominent political parties in India.,भारतीय राष्ट्रीय कांग्रेस और भारतीय जनता पार्टी भारत की सबसे प्रमुख राजनीतिक दल हैं।
"Afghanistan, Bangladesh, Bhutan, India, Maldives, Nepal, Pakistan and Sri Lanka are the eight members of the South Asian Association for Regional Cooperation.","अफगानिस्तान, बांग्लादेश, भूटान, भारत, मालदीव, नेपाल, पाकिस्तान और श्रीलंका दक्षिण एशियाई क्षेत्रीय सहयोग संगठन के आठ सदस्य हैं।"
"Aksai Chin is claimed by India, but controlled by China.","अक्साई चिन पर भारत का दावा है, मगर वह चीन के नियंत्रण में है।"
"The official languages of the United Nations are Arabic, Chinese, English, French, Russian and Spanish.","संयुक्त राष्ट्र की अधिकृत भाषाएँ अरबी, चीनी, अंग्रेज़ी, फ़्रांसीसी और रूसी हैं।"
The Durrani Empire defeated the Marathas at the Third Battle of Panipat.,दुर्रानी साम्राज्य ने पानीपत के तीसरी लड़ाई में मराठों को हराया।
The Durrani Empire was established in Afghanistan by Ahmad Shah Durrani in 1747.,दुर्रानी साम्राज्य १७४७ में अफगानिस्तान में अहमद शाह दुर्रानी ने स्थापित किया था।
The residents of Mumbai are called Mumbaikars.,मुम्बई के निवासियों को मुम्बईकर कहते हैं।
The Vedas were written in Sanskrit.,वेद संस्कृत में लिखे गए थे।
"In the Rig Veda, Agni is the god of fire.",ऋगवेद में अग्नी आग का देवता है।
Hyderabad was ruled by a nizam until 1948.,हैदराबाद पर १९४८ तक निज़ाम का राज था।
Many Hindus consider Sanskrit to be the language of the gods.,कई हिंदू संस्कृत को देवताओं की भाषा समझते हैं।
It'll only take a minute.,बस एक मिनट ही तो लगेगा।
It'll only take a minute.,बस एक मिनट लगेगा।
I want a blanket.,मुझे एक कंबल चाहिए।
I want a blanket.,मुझे कंबल चाहिए।
The world population reached one billion for the first time in 1804.,दुनिया की लोकसंख्या १८०४ में पहली बार एक अरब तक पहुँच गयी।
I'm older than you. You have to listen to me.,मैं तुम से बड़ा हूँ। तुम्हें मेरी सुननी चाहिए।
I'm older than you. You have to listen to me.,मैं तुम से बड़ी हूँ। तुम्हें मेरी सुननी चाहिए।
Laika died when Sputnik 2 burned out in the atmosphere.,स्पुट्निक २ वातावरण में जल जाने पर लाइका की मौत हो गयी।
Rosetta was built by the European Space Agency.,रोज़ेटा यूरोपीय अंतरिक्ष एजेंसी ने बनाया था।
Rosetta will try to land on a comet in a few hours.,रोज़ेटा कुछ ही घंटों में एक धूमकेतु पर लैंड करने की कोशिश करेगा।
He still wants to come.,वह फिर भी आना चाहता है।
Spanish is her native language.,उसकी मातृ-भाषा स्पेनी है।
What is the poorest country in the European Union?,यूरोपीय संघ में सबसे गरीब देश कौन सा है?
We ate tilapia and rice.,हमने टिलापिया और चावल खाया।
Some countries in Europe are not part of the European Union.,यूरोप में स्थित कुछ देश यूरोपीय संघ में नहीं हैं।
Philae's landing site was named Agilkia.,फिले के लैंडिंग स्थल का नाम आगिल्किआ रखा गया।
Contraception is cheaper than pregnancy.,गर्भ-निरोध गर्भावस्था से सस्ता होता है।
Has anyone ever broken your heart?,क्या किसी ने कभी तुम्हारा दिल तोड़ा है?
Has anyone ever broken your heart?,क्या किसी ने कभी आपका दिल तोड़ा है?
It was Tom who told Mary.,मैरी को जिसने बताया वह टॉम था।
It was Tom who told Mary.,टॉम ने ही मैरी को बताया था।
Only 5 million people live in Norway.,नॉर्वे में बस ५० लाख लोग रहते हैं।
One of them is probably lying.,उनमें से एक शायद झूठ बोल रहा है।
"What's the matter, Mary? You can talk to me if you want.","क्या बात है, मैरी? चाहो तो तुम मुझ से बात कर सकती हो।"
I like spending time with you.,मुझे तुम्हारे साथ वक़्त बिताना अच्छा लगता है।
I like spending time with you.,मुझे आपके साथ वक़्त बिताना अच्छा लगता है।
I think Tom will win.,मुझे लगता है टॉम जीतेगा।
King Solomon was known for his wisdom.,राजा सुलेमान अपनी बुद्धी के लिये जाने जाते थे।
King Suleiman was known for his wisdom.,राजा सुलेमान अपनी बुद्धी के लिये जाने जाते थे।
Tom tried putting on the coat.,टॉम ने कोट पहन कर देखा।
It seems Tom is very sleepy.,लगता है टॉम को बहुत नींद आई है।
It's a horse.,घोड़ा है।
He opened the door.,उसने दरवाज़ा खोला.
He opened the door.,उन्होंने दरवाज़ा खोला.
I'm also learning Amharic.,मैं अम्हारी भी सीख रहा हूँ।
I'm also learning Amharic.,मैं अम्हारी भी सीख रही हूँ।
This is a paper ticket.,यह कागज़ी टिकट है।
My name is James.,मेरा नाम जेम्स है।
Tatoeba is currently unavailable. We are sorry for the inconvenience. You can check our blog or Twitter for more information.,तातोएबा इस वक़्त अनुपलब्ध है। असुविधा के लिए हमें खेद है। अधिक जानकारी के लिये आप हमारा ब्लॉग या ट्विटर देख सकते हैं।
Tatoeba.org is offline for maintenance.,Tatoeba.org रखरखाव के लिये ऑफलाइन है।
Our website is offline for scheduled maintenance.,हमारी वेबसाइट शेड्यूल किये गये रखरखाव के लिये ऑफलाइन है।
Our website is offline for scheduled maintenance. We expect to be back online by 2:30 GMT.,हमारी वेबसाइट शेड्यूल किये गये रखरखाव के लिये ऑफलाइन है। २:३० जी.एम.टी. तक फिर ऑनलाइन होने की अपेक्षा है।
Is it a girl or a boy?,लड़की है या लड़का?
I'm trying to learn English.,मैं अंग्रेजी सीखने का प्रयास कर रहा हूँ।
It's my birthday.,मेरा जन्मदिन है।
"It is better to live rich, than to die rich.",अमीर हो कर मरने से बेहतर है अमीर हो कर जीना।
You play Starcraft really well.,तुम स्टारक्राफ़्ट बड़ी अच्छी तरह से खेलते हो।
You play Starcraft really well.,तुम स्टारक्राफ़्ट बड़ी अच्छी तरह से खेलती हो।
You play Starcraft really well.,आप स्टारक्राफ़्ट बड़ी अच्छी तरह से खेलते हैं।
Tom doesn't like dogs.,टॉम को कुत्ते पसंद नहीं।
I can't help.,मैं मदद नहीं कर सकता।
I can't help.,मैं मदद नहीं कर सकती।
I am in India.,मैं भारत में हूँ।
I'm in India.,मैं भारत में हूँ।
India is in Asia.,भारत एशिया में है।
India is a developing country.,भारत एक विकासशील देश है।
How many states does India have?,भारत में कितने राज्य हैं?
I am going back to India.,मैं भारत लौट रहा हूँ।
Rajinikanth is a superstar in India.,रजनीकान्त भारत में सुपरस्टार है।
I want to go to India.,मैं भारत जाना चाहता हूँ।
I want to go to India.,मैं भारत जाना चाहती हूँ।
It looks like you are from India.,लगता है आप भारत से हैं।
"He's English, but lives in India.","वह अंग्रेज़ है, मगर भारत में रहता है।"
India is the third largest country in Asia.,एशिया में तीसरा सबसे बड़ा देश भारत है।
Should Hindi be taught in schools across India?,क्या हिन्दी भारत भर की पाठशालाओं में सिखाई जानी चाहिए?
Do you speak Marathi?,मराठी बोलते हो?
Do you speak Marathi?,मराठी बोलती हो?
I can't even do that.,मैं तो वह भी नहीं कर सकता।
I can't even do that.,मैं तो वह भी नहीं कर सकती।
I am German.,मैं जर्मन हूँ।
His sister is very beautiful.,उसकी बहन बहुत सुंदर है।
His sister is very beautiful.,उनकी बहन बहुत सुंदर है।
His sister is very beautiful.,उसकी दीदी बहुत सुंदर है।
Everybody knows that you're lying.,सबको पता है कि तुम झूठ बोल रहे हो।
Everybody knows that you're lying.,सबको मालूम है कि तुम झूठ बोल रही हो।
Everybody knows that you're lying.,सभी जानते है कि आप झूठ बोल रहे हैं।
It's possible.,मुमकिन है।
It's possible.,संभव है।
It is possible.,संभव है।
It is possible.,मुमकिन है।
It's too small.,कुछ ज़्यादा ही छोटा है।
Emily will stay with us.,एमिली हमारे साथ रहेगी।
This is nothing.,यह तो कुछ नहीं है।
"At last, the Government are listening to the people.","आखिरकार, सरकार लोगों की सुन रही है।"
Cats like playing in the sun.,बिल्लियों को धूप में खेलना अच्छा लगता है।
A cow has a long tail.,गाय की लंबी पूँछ होती है।
I was frightened.,मैं डरा हुआ था।
I was frightened.,मैं डरी हुई थी।
Japan imports a large quantity of oil.,जापान बड़ी तादाद में तेल आयात करता है।
There are many cockroaches in the kitchen.,रसोई में कई सारे तिलचट्टे हैं।
What's the plan?,प्लान क्या है?
We all want to go home.,हम सब घर जाना चाहते हैं।
He doesn't remember anything.,उसे कुछ भी याद नहीं।
He doesn't remember anything.,उसे कुछ भी याद नहीं आता।
He doesn't remember anything.,उसे कुछ भी याद नहीं आ रहा।
I know Tom well.,मैं टॉम को अच्छी तरह से जानता हूँ।
I know Tom well.,मैं टॉम को अच्छी तरह से जानती हूँ।
I like playing chess.,मुझे शतरंज खेलना अच्छा लगता है।
I can't give you that information.,मैं तुम्हें वह जानकारी नहीं दे सकता।
I can't give you that information.,मैं तुम्हें वह जानकारी नहीं दे सकती।
I can't give you that information.,मैं आपको वह जानकारी नहीं दे सकता।
I can't give you that information.,मैं आपको वह जानकारी नहीं दे सकती।
This country needs a new president.,इस देश को एक नये राष्ट्रपति की ज़रूरत है।
Tom has a pet monkey named Cookie.,"टॉम के पास ""कुकी"" नाम का एक पालतू बंदर है।"
He took the guitar and started playing.,उसने गिटार ले कर बजाना शुरू कर दिया।
He took the guitar and started playing.,वह गिटार ले कर बजाने लगा।
I'm a vegetarian who eats a ton of meat.,मैं बहुत सारा मांस खाने वाला शाकाहारी हूँ।
I'm a vegetarian who eats a ton of meat.,मैं बहुत सारा मांस खाने वाली शाकाहारी हूँ।
"Every time I see this photo, I think of my father.","जब भी में यह फोटो देखता हूँ, मुझे मेरे पिता की याद आती है।"
"Every time I see this photo, I think of my father.","जब भी में यह फोटो देखती हूँ, मुझे मेरे पिता की याद आती है।"
My favorite flavor is chocolate.,मेरा पसंदीदा फ़्लेवर चाकलेट है।
How many independent countries are there in the world?,दुनिया में कितने स्वतंत्र देश हैं?
It was a mouse.,चूहा था।
French is a difficult language.,फ़्रांसीसी मुश्किल भाषा है।
I've forgotten.,मैं भूल गया हूँ।
I've forgotten.,मैं भूल गयी हूँ।
Park the car in the shade.,गाड़ी छाँव में पार्क करो।
"Thank you, Einstein.","धन्यवाद, आइंस्टीन."
"Thank you, Einstein.","शुक्रिया, आइंस्टीन."
There are islands in the sea.,सागर में द्वीप हैं।
"May I see your passport, please?",मैं आपका पासपोर्ट देख सकता हूँ क्या?
Are you a Taoist?,तुम ताओवादी हो?
Are you a Taoist?,क्या आप ताओवादी हैं?
"Ten, twenty, thirty, forty, fifty, sixty, seventy, eighty, ninety, one hundred.","दस, बीस, तीस, चालीस, पचास, साठ, सत्तर, अस्सी, नब्बे, सौ।"
Someone will see us!,कोई हमें देख लेगा!
My brother hates me.,मेरा भाई मुझ से नफ़रत करता है।
I hate opera.,मुझे ऑपेरा से नफ़रत है।
That's what you told me.,वही तो तुम ने मुझे बताया था।
That's what you told me.,वही तो आप ने मुझे बताया था।
Tom didn't want to marry Mary.,टॉम मैरी से शादी करना नहीं चाहता था।
"Give it a try, my friends! You can do it!","कोशिश कर के तो देखो, मेरे दोस्तों! आप यह कर सकते हो!"
"She deposits 10,000 yen in the bank every month.","वह हर महीने १०,००० येन बैंक में जमा करती है।"
Don't confuse sugar with salt.,शक्कर को नमक मत समझ बैठो।
The city lies east of London.,वह शहर लंदन के पूर्व में स्थित है।
She was a little girl then.,तब वह छोटी बच्ची थी।
I love to eat yakitori.,मुझे याकितोरी खाना बहुत पसंद है।
Tom got off at the wrong station.,टॉम गलत स्थानक पर उतर गया।
Tom is watching TV in his room.,टॉम अपने कमरे में टीवी देख रहा है।
Iron is more useful than gold.,लोहा सोने से ज़्यादा उपयोगी होता है।
I like people who use language beautifully.,मुझे ऐसे लोग पसंद है जो सुंदरता से भाषा का प्रयोग करते हैं।
What's the difference between lions and leopards?,शेर और तेंदुओं में फरक क्या होता है?
Is this what Tom wants?,क्या टॉम यही चाहता है?
I'm not going to tell Tom that.,वह बात मैं टॉम को नहीं बताने वाला.
I'm not fighting.,मैं लड़ नहीं रहा।
I'm not fighting.,मैं लड़ नहीं रही।
I am a Christian.,मैं एक ईसाई हूँ।
I am a Christian.,मैं ईसाई हूँ।
I'm a Christian.,मैं एक ईसाई हूँ।
I'm a Christian.,मैं ईसाई हूँ।
You have two flowers.,तुम्हारे पास दो फूल हैं।
You have two flowers.,आपके पास दो फूल हैं।
There is a bottle in the fridge.,फ्रिज में एक बोतल है।
The king and queen are coming.,राजा-रानी आ रहे हैं।
The king and queen are coming.,राजा और रानी आ रहे हैं।
How is it?,कैसा है?
How is it?,कैसी है?
I have an older brother who lives in Kyoto.,मेरा एक बड़ा भाई है जो क्योटो में रहता है।
I like this shirt.,मुझे यह कमीज़ पसंद है।
I like this shirt.,मुझे यह शर्ट अच्छी लगती है।
I know the history of Europe very well.,मैं युरोप का इतिहास बड़ी अच्छी तरह से जानता हूँ।
I know the history of Europe very well.,मैं युरोप का इतिहास बड़ी अच्छी तरह से जानती हूँ।
I think Tom and Mary are right.,मुझे लगता है टॉम और मैरी सही हैं।
"The new model will be priced at $12,000.","नये मॉडल की कीमत $१२,००० होगी।"
When will the snow melt?,बरफ कब पिघलेगी?
"Which do you like better, music or English?","तुम्हें ज़्यादा क्या पसंद है, संगीत या अंग्रेज़ी?"
"Which do you like better, music or English?","आपको ज़्यादा क्या पसंद आता है, संगीत या अंग्रेज़ी?"
It was difficult.,मुश्किल था।
This is impossible for me.,यह मेरे लिये ना-मुमकिन है।
Life is an illusion.,जीवन एक भ्रम है।
I named my dog Rex.,"मैंने मेरे कुत्ते का नाम ""रेक्स"" रखा।"
I want a new knife.,मुझे एक नयी छुरी चाहिए।
I'm not going to quit now.,मैं अभी छोड़ने वाला नहीं हूँ।
I'm not going to quit now.,मैं अभी छोड़ने वाली नहीं हूँ।
I couldn't recognize her at first.,पहले तो मैं उसे पहचान ही नहीं पाया।
Tom takes a bath at least three times a week.,टॉम हफ्ते में कम से कम तीन बार नहाता है।
Christmas is coming.,क्रिसमस आ रहा है।
You made the same mistake again.,तुम ने फिर से वही गलती की।
Those students are Korean.,वे विद्यार्थी कोरियाई हैं।
Tom was dressed in blue.,टॉम ने नीले कपड़े पहन रखे थे।
Tom was dressed in blue.,टॉम ने नीले कपड़े पहने थे।
Tom broke the window on purpose.,टॉम ने जान-बूझकर खिड़की तोड़ी।
There are a thousand meters in a kilometer.,एक किलोमीटर में एक हज़ार मीटर होते हैं।
This work isn't easy.,यह काम आसान नहीं है।
Can you stand up?,खड़े हो सकते हो?
Can you stand up?,खड़ी हो सकती हो?
Can you stand up?,क्या आप खड़े हो सकते हैं?
Do you hate me?,क्या तुम मुझ से नफरत करते हो?
Do you hate me?,क्या आप मुझ से नफरत करते हैं?
Do you hate me?,क्या तुम मुझ से नफरत करती हो?
Tom is on duty now.,टॉम अभी ड्यूटी पर है।
They laughed.,वे हँसें।
Nonsense.,बकवास।
I'm only a customer.,मैं तो बस एक ग्राहक हूँ।
Tom is poor.,टॉम गरीब है।
There is a boy near the door.,दरवाज़े के पास एक लड़का है।
Just let me sleep.,मुझे बस सोने दो।
Just let me sleep.,मुझे बस सोने दीजिए।
"If you have the time, come along with me.",वक़्त हो तो मेरे साथ आओ।
"If you have the time, come along with me.",वक़्त हो तो मेरे साथ आइए।
Maria is sad today.,मारिया आज उदास है।
"The twelve signs of the Zodiac are: Aries, Taurus, Gemini, Cancer, Leo, Virgo, Libra, Scorpio, Sagittarius, Capricorn, Aquarius and Pisces.","राशिचक्र की बारह राशियाँ हैं: मेष, वृषभ, मिथुन, कर्क, सिंह, कन्या, तुला, वृश्चिक, धनु, मकर, कुम्भ और मीन।"
I can't find my umbrella.,मुझे मेरा छाता नहीं मिल रहा।
"Doctor, my name is Mutaz.","डाक्टर, मेरा नाम मुताज़ है।"
Why were you arrested?,तुम्हें किस लिये गिरफ़्तार किया गया था?
What are you going to do with this car?,तुम इस गाड़ी के साथ क्या करने वाले हो?
What are you going to do with this car?,तुम इस गाड़ी के साथ क्या करने वाली हो?
What are you going to do with this car?,आप इस गाड़ी के साथ क्या करने वाले हैं?
Tom extinguished his torch.,टॉम ने अपना मशाल बुझाया।
How much do you remember?,तुम्हें कितना याद है?
How much do you remember?,आपको कितना याद है?
What'll grow in this soil?,इस मिट्टी में क्या उगेगा?
This should be illegal.,यह तो ग़ैरक़ानूनी होना चाहिए।
I like this song.,मुझे यह गाना पसंद है।
I like this song.,मुझे यह गाना अच्छा लगता है।
This should be illegal.,यह ग़ैरक़ानूनी होना चाहिए।
I didn't donate blood.,मैंने रक्तदान नहीं किया।
Tom is more famous than you.,टॉम तुम से ज़्यादा मशहूर है।
Tom is more famous than you.,टॉम आप से ज़्यादा प्रसिद्ध है।
Who is your enemy?,तुम्हारा दुशमन कौन है?
Who is your enemy?,आपका शत्रु कौन है?
Tom's violent.,टॉम हिंसक है।
Why does Tom want to help Mary?,टॉम मैरी की मदद क्यों करना चाहता है?
So that's what it's all about!,तो यह बात है!
Man's body is a sort of machine.,इन्सान का शरीर एक तरह की मशीन होती है।
He has three sons.,उसके पास तीन बेटे हैं।
He has three sons.,उसके तीन बेटे हैं।
Tom cursed himself.,टॉम ने अपने आप को गाली दी।
He's not afraid of snakes at all.,वह सापों से बिलकुल भी नहीं डरता।
He is not scared of snakes at all.,वह सापों से बिलकुल भी नहीं डरता।
He's not at all afraid of snakes.,वह सापों से बिलकुल भी नहीं डरता।
You're smarter than Tom is.,तुम टॉम से ज़्यादा होशियार हो।
You're smarter than Tom.,तुम टॉम से ज़्यादा होशियार हो।
You're smarter than Tom is.,आप टॉम से ज़्यादा होशियार हैं।
You're smarter than Tom.,आप टॉम से ज़्यादा होशियार हैं।
It's nine-thirty.,साडे नौ।
It's nine-thirty.,साडे नौ बज गये हैं।
It's nine-thirty.,साडे नौ बजे हैं।
Actinium was discovered by André-Louis Debierne in 1899.,ऐक्टिनियम का खोज आंड्रे-लूई डेबिएर्न ने साल १८९९ में किया था।
Tell Tom that I want to marry him.,टॉम से कहो मैं उससे शादी करना चाहती हूँ।
Tell Tom that I want to marry him.,टॉम से कहो मैं उससे शादी करना चाहता हूँ।
Tell Tom that I want to marry him.,टॉम से कहिए मैं उससे शादी करना चाहती हूँ।
Tell Tom that I want to marry him.,टॉम से कहिए मैं उससे शादी करना चाहता हूँ।
They both laughed again.,वे दोनों फिर से हँसें।
He came here to help me.,वह यहाँ मेरी मदद करने आया।
Tom can't find his bag.,टॉम को उसकी बॅग नहीं मिल रही।
Tom can't find his bag.,टॉम को अपनी थैली नहीं मिल रही।
You often ask questions I can't answer.,तुम अकसर ऐसे सवाल पूछते हो जिनका मैं जवाब नहीं दे सकता।
You often ask questions I can't answer.,तुम अकसर ऐसे सवाल पूछते हो जिनका मैं जवाब नहीं दे सकती।
You often ask questions I can't answer.,तुम अकसर ऐसे सवाल पूछती हो जिनका मैं जवाब नहीं दे सकता।
You often ask questions I can't answer.,तुम अकसर ऐसे सवाल पूछती हो जिनका मैं जवाब नहीं दे सकती।
You often ask questions I can't answer.,आप अकसर ऐसे सवाल पूछते हैं जिनका मैं जवाब नहीं दे सकता।
You often ask questions I can't answer.,आप अकसर ऐसे सवाल पूछते हैं जिनका मैं जवाब नहीं दे सकती।
His son died last year.,उसका बेटा पिछले साल मर गया।
I'll apologize to Tom.,मैं टॉम से माफ़ी मांगूंगा।
I can't talk.,मैं बात नहीं कर सकता।
The train has arrived.,रेलगाड़ी आई है।
The train has arrived.,रेलगाड़ी आ चुकी है।
The train has arrived.,रेलगाड़ी आ गयी है।
The train has arrived.,ट्रेन आ चुकी है।
The train has arrived.,ट्रेन आई है।
They have one thing in common.,उनमें एक चीज़ समान है।
"Tom has one, too.",टॉम के पास भी एक है।
I am 20 years old.,मैं २० साल का हूँ।
I am 20 years old.,मैं २० साल की हूँ।
They caught me.,उन्होंने मुझे पकड़ा।
She is powerful.,वह शक्तिशाली है।
He is powerful.,वह शक्तिशाली है।
A mouse came into the room.,कमरे में एक चूहा आया।
A mouse came into the room.,कमरे में एक चूहा आ गया।
You have good friends.,तुम्हारे पास अच्छे दोस्त हैं।
It looks familiar.,जाना-पहचाना लगता है।
I won't go.,मैं नहीं जाऊंगा।
I won't go.,मैं नहीं जाऊंगी।
Does Mary love me?,क्या मैरी मुझ से प्यार करती है?
Does Mary love me?,क्या मैरी मुझ से मोहब्बत करती है?
Can you give Tom another chance?,क्या तुम टॉम को और एक मौका दे सकते हो?
Can you give Tom another chance?,क्या आप टॉम को और एक मौका दे सकते हैं?
Can you give Tom another chance?,क्या तुम टॉम को और एक मौका दे सकती हो?
Does Mary love me?,क्या मैरी को मुझ पर प्यार है?
Muhammad Ali was an American boxer.,मुहम्मद अली एक अमेरिकी बॉक्सर थे।
This guy can do amazing things.,यह बंदा कमाल की चीज़ें कर सकता है।
This guy can do amazing things.,यह बंदा कमाल कर सकता है।
Tom was just joking.,टॉम तो बस मज़ाक कर रहा था।
Tom was only joking.,टॉम तो बस मज़ाक कर रहा था।
Tom only has 5 hit points left.,टॉम के पास बस ५ हिट पॉइंट बचे हैं।
Tom took off his hat.,टॉम ने अपनी टोपी उतारी।
Tom took off his cap.,टॉम ने अपनी टोपी उतारी।
He can't sing.,उसे गाना नहीं आता।
He can't sing.,वह गा नहीं सकता।
He can't sing.,वे गा नहीं सकते।
Tom was crying last night.,कल रात टॉम रो रहा था।
I'll sing.,मैं गाऊँगा।
I'll sing.,मैं गाऊँगी।
"No, it cannot be true.","नहीं, यह सच नहीं हो सकता।"
"You can understand French, right?","तुम्हें फ़्रांसीसी समझ आती है, ना?"
How many apples were in the box?,बक्से में कितने सेब थे?
Tom is proud of his car.,टॉम को अपनी गाड़ी पर गर्व है।
Just stay there.,बस वहीं रहो।
Just stay there.,बस वहीं रहिए।
Do you still want to talk to me?,क्या तुम अभी भी मुझ से बात करना चाहते हो?
Do you still want to talk to me?,क्या तुम अभी भी मुझ से बात करना चाहती हो?
Do you still want to talk to me?,क्या आप अभी भी मुझ से बात करना चाहते हैं?
There are fish in the sea.,समुंदर में मछलियां होती हैं।
There are fish in the sea.,समुंदर में मछलियां हैं।
The prime minister will make an announcement tomorrow.,प्रधान मंत्री कल एक घोषणा करेंगे।
How many Chinese friends do you have?,आपके कितने चीनी मित्र हैं?
And if she is wrong?,और यदि वह ग़लत हुई?
The examination compelled me to study hard.,मुझे परीक्षा ने ख़ूब पड़ने के लिए मजबूर किया।
I had a lovely night.,मेरी रात मनमोहक रही।
I gave him a grammar book.,मैंने उनको एक व्याकरण की पुस्तक दी।
I received a letter in English yesterday.,कल मुझे अंग्रेजी में एक पत्र मिला।
I'm not that kind of guy.,मैं वैसा व्यक्ति नहीं हूँ।
I don't get enough sleep.,मेरी नींद पूरी नहीं हो पाती।
Get ready for a shock.,झटके के लिए तैयार हो जाऐं।
What is all this rumpus about?,यह हंगामा काहे के लिए है?
Laurie is reading a book now.,लौरी अब एक पुस्तक पड रही है।
I should've told Tom everything.,मुझे टौम को सब कुछ बता देना चाहिए था।
Tom rescued Mary.,टौम ने मैरी को बचाया ।
What were you and Tom doing in the attic?,तुम और टौम पडछत्ती पर क्या कर रहे थे?
"If I want to go, I'll let you know.",यदि मुझे जाना हुआ तो आपको बता दूँगी।
"If I'd wanted your opinion, I'd have asked for it.",यदि मुझे आपकी राए चाहिए होती तो मैंने मांग लेनी थी।
Tom refused to admit it.,टौम ने वह मानने से इंकार कर दिया।
"May I have your email, please?",क्या मैं आपका ई-मेल जान सकती हूँ?
I'm Tom.,मैं टौम हूँ।
I am Tom.,मैं टौम हूँ।
I've betrayed my husband.,मैंने अपने पती को धोखा दिया है।
We're in the same class.,हम दोनों एक ही कक्षा में हैं।
Milk was sold in glass bottles.,दूध कांच की बोतलों में बेचा गया।
Why don't you cut your hair?,तुम अपने बाल क्यों नहीं काटते?
Why don't you cut your hair?,तुम अपने बाल क्यों नहीं काटती?
Why don't you cut your hair?,आप अपने बाल क्यों नहीं काटते?
We are from Columbia.,हम कोलंबिया से हैं।
I can't forget her eyes.,मैं उसकी आँखें नहीं भूल सकता।
I can't forget her eyes.,मैं उसकी आँखें नहीं भूल सकती।
I got out my knife.,मैंने मेरी छुरी निकाली।
I study very little.,मैं बहुत कम पढ़ाई करता हूँ।
I study very little.,मैं बहुत कम पढ़ाई करती हूँ।
How clever this dog is!,कितना होशियार कुत्ता है!
People like you are never happy.,तुम्हारे जैसे लोग कभी भी खुश नहीं होते।
We hate insects.,हमें कीड़ों से नफ़रत है।
This is a car and that is a bus.,यह है गाड़ी और वह है बस।
This is a car and that is a bus.,यह एक गाड़ी है और वह एक बस है।
There is someone in this room.,कमरे में कोई है।
We're watching a movie.,हम एक फ़िल्म देख रहे हैं।
There is a flower on the table.,मेज़ पर एक फूल है।
We want Tom.,हमें टॉम चाहिए।
This story is worth reading.,यह कहानी पढ़ने लायक है।
I'm at Narita Airport right now.,मैं इस वक़्त नारिता हवाई अड्डे पर हूँ।
Who won the Superbowl?,सुपर बोल कौन जिता?
I haven't seen Tom yet.,मैंने अभी तक टॉम को नहीं देखा है।
I turned 16.,मैं १६ साल का हो गया।
I turned 16.,मैं १६ साल की हो गयी।
What are you going to wear?,क्या पहनने वाले हो?
What are you going to wear?,क्या पहनने वाली हो?
What are you going to wear?,तुम क्या पहनने वाले हो?
What are you going to wear?,तुम क्या पहनने वाली हो?
What are you going to wear?,आप क्या पहनने वाले हैं?
It's like an elephant.,हाथी जैसा है।
The German train drivers strike again.,जर्मन ट्रेन चालक फिर से हड़ताल कर रहे हैं।
Tom didn't die alone.,टॉम अकेला नहीं मरा।
That's her home.,वह उसका घर है।
That's his home.,वह उसका घर है।
That is his house.,वह उसका घर है।
That's mine.,वह मेरा है।
That's mine.,वह मेरी है।
That is mine.,वह मेरा है।
That is mine.,वह मेरी है।
Paris is the capital of France.,पैरिस फ़्रांस की राजधानी है।
The capital city of France is Paris.,फ़्रांस की राजधानी पैरीस है।
The capital of France is Paris.,फ़्रांस की राजधानी पैरीस है।
I'll need about five minutes.,मुझे लग-भग पाँच मिनट लगेंगे।
There was no one there.,वहाँ कोई नहीं था।
A book is lying on the desk.,मेज़ पर एक किताब पड़ी हुई है।
A book is lying on the desk.,डेस्क पर एक किताब पड़ी है।
They're all hungry.,वे सब भूखे हैं।
They're all hungry.,वे सब के सब भूखे हैं।
When does she play tennis?,वह टेनिस कब खेलती है?
When does she play tennis?,वे टेनिस कब खेलती हैं?
I sent one.,मैंने एक भेजा।
I sent one.,मैंने एक भेजी।
What a beautiful flower this is!,क्या सुंदर फूल है यह!
What a beautiful flower this is!,क्या खूबसूरत फूल है यह!
Italy is in Europe.,इटली युरोप में है।
Europe is in crisis.,युरोप संकट में है।
I live in Europe.,मैं युरोप में रहता हूँ।
I live in Europe.,मैं युरोप में रहती हूँ।
They have gone to Europe.,वे युरोप गये हैं।
Europe is not a country.,युरोप देश नहीं है।
Austria is situated in Central Europe.,ऑस्ट्रिया मध्ये युरोप में स्थित है।
Netflix is now available in Europe.,नेटफ़्लिक्स अब युरोप में उपलब्ध है।
How many languages are there in Europe?,युरोप में कितनी भाषाएँ हैं?
How many people are there in Europe?,युरोप में कितने लोग हैं?
Asia is four times larger than Europe.,एशिया युरोप से चार गुना बड़ा है।
"The name of the restaurant is ""Old Europe"".","रेस्तराँ का नाम ""पुराना युरोप"" है।"
"The name of the restaurant is ""Old Europe"".","रेस्तराँ का नाम ""ओल्ड युरोप"" है।"
Africa is not a country.,आफ़्रिका देश नहीं है।
Today we celebrate Africa Day.,आज हम आफ़्रिका दिवस मनाते है।
Tunisia is located in Africa.,ट्यूनीशिया आफ़्रिका में स्थित है।
In Africa there are many lions.,आफ़्रिका में कई शेर हैं।
Many people in Africa speak French.,आफ़्रिका में कई लोग फ़्रांसीसी बोलते हैं।
Algeria is situated in North Africa.,एलजीरिया उत्तर आफ़्रिका में स्थित है।
Algeria is Africa's largest country.,एलजीरिया आफ़्रिका का सबसे बड़ा देश है।
Africa is a very large continent.,आफ़्रिका एक बहुत बड़ा महाद्वीप है।
Cairo is the biggest city in Africa.,काहिरो आफ़्रिका का सबसे बड़ा शहर है।
Where is the Chinese embassy?,चीनी दूतावास कहाँ है?
Tom is trying to say something.,टॉम कुछ कहने की कोशिश कर रहा है।
"If I ever turn into an alcoholic, I'll surely go on vacation to Antalya.",यदि मैं कभी शराब का आदी हुआ तो शर्तिया छुट्टी लेकर अंताल्या जाऊंगा।
War arouses the animal in man.,जंग इनसान के अंदर का जानवर जगा देती है।
It'll just take three minutes.,बस तीन मिनट लगेंगे।
Bastard!,हरामज़ादे!
Bastard!,हरामज़ादी!
We are seven billion now.,अभी हम सात अरब हैं।
Now we are seven Arabs.,अभी हम सात अरब हैं।
They had guns.,उनके पास बंदूकें थी।
Jenny has a gun.,जेनी के पास एक बंदूक है।
Give me the gun.,मुझे वह बंदूक दो।
Give me the gun.,वह बंदूक मुझे दे दो।
Who has the gun?,बंदूक किसके पास है?
Where's your gun?,तेरी बंदूक कहाँ है?
Where's your gun?,तुम्हारी बंदूक कहाँ है?
Where's your gun?,आपकी बंदूक कहाँ है?
I have a gun.,मेरे पास एक बंदूक है।
I've got a gun.,मेरे पास एक बंदूक है।
Where are the guns?,बंदूकें कहाँ हैं?
Tom lowered his gun.,टॉम ने अपनी बंदूक नीचे की।
Tom has a gun.,टॉम के पास एक बंदूक है।
Tom had a gun.,टॉम के पास एक बंदूक थी।
This computer has a Pentium processor.,इस कंप्यूटर में एक पेंटियम प्रोसेसर है।
That computer has a quad-core processor.,उस कंप्यूटर में एक क्वाड-कोर प्रोसेसर है।
This phone has a quad-core processor.,इस फ़ोन में एक क्वाड-कोर प्रोसेसर है।
Long live the Persian language!,फ़ारसी ज़ुबान ज़िंदाबाद!
Many farmers lost their farms.,कई किसान अपने खेत गवां बैठे।
Japanese flags were flying.,जापानी झंडे लहरा रहे थे।
This is a flag.,यह एक झंडा है।
This flag is very beautiful.,यह झंडा बहुत खूबसूरत है।
This flag is very beautiful.,यह ध्वज बहुत सुंदर है।
Here's Japan's flag.,यह रहा जापान का झंडा।
That flag is very beautiful.,वह झंडा बहुत सुंदर है।
This is the flag of Japan.,यह जापान का झंडा है।
The American flag has fifty stars.,अमरीकी झंडे में पचास सितारे हैं।
Have you ever seen this flag?,यह झंडा कभी देखा है?
I don't salute their flag.,मैं उनके झंडे को सलाम नहीं करता।
I don't salute their flag.,मैं उनके ध्वज को सलाम नहीं करती।
"On that day, Japanese flags were flying.","उस दिन, जापानी झंडे लहरा रहे थे।"
I teach Spanish.,मैं स्पेनी सिखाता हूँ।
I teach Spanish.,मैं स्पेनी सिखाती हूँ।
Spanish is easy.,स्पेनी आसान है।
I'm Spanish.,मैं स्पेनी हूँ।
He is Spanish.,वह स्पेनी है।
He is Spanish.,वे स्पेनी हैं।
Spanish is spoken here.,यहाँ स्पेनी बोली जाती है।
This isn't Spanish.,यह स्पेनी नहीं है।
Zaragoza is a Spanish city.,ज़ारागोज़ा एक स्पेनी नगर है।
I have to go to sleep.,मुझे सोना है।
I will be back soon.,मैं जल्द लौटूंगी।
I'm at a loss for words.,मैं तो लाजवाब हो गयी हूँ।
This is never going to end.,यह तो कभी खत्म न होगा।
I just don't know what to say.,मुझे नहीं पता मैं क्या कहूँ।
That was an evil bunny.,वह ख़रगोश दुष्ट था।
The Okonomiyaki was very delicious.,ओकोनोमियाकी बहुत स्वादिष्ट था।
Who is in this room?,इस कमरे में कौन है?
Write your name with the pencil.,पेन्सिल से अपना नाम लिख।
Write your name with the pencil.,पेन्सिल से अपना नाम लिखिए।
Write your name with the pencil.,पेन्सिल से अपना नाम लिखो।
You should be in a hospital.,तुम्हें तो अस्पताल में होना चाहिए।
You should be in a hospital.,तुम्हें अस्पताल में होना चाहिए।
You should be in a hospital.,आपको तो अस्पताल में होना चाहिए।
You should be in a hospital.,आपको अस्पताल में होना चाहिए।
Here are their books.,ये रही उनकी किताबें।
Zeus is angry.,ज़ेउस क्रोधित है।
Who changed the subject?,विषय किसने बदला?
He has written two books.,उसने दो किताबें लिखी हैं।
Tom didn't need to come.,टॉम को आने की आवश्यकता नहीं थी।
Some of them are clever.,उनमें से कुछ होशियार हैं।
Who's staying?,कौन रह रहा है?
He didn't have a single pen.,उसके पास एक भी पेन नहीं था।
The old city is surrounded by walls.,पुराना शहर दीवारों से घेरा हुआ है।
Tom is learning.,टॉम सीख रहा है।
Here are our books.,यह रहे हमारे किताब।
His boyfriend is an idiot.,उसका बॉयफ़्रेंड बेवकूफ़ है।
Her boyfriend is an idiot.,उसका बॉयफ़्रेंड बेवकूफ़ है।
Tom ran.,टॉम भागा।
Many people were killed in the accident.,दुर्घटना में कई लोग मारे गये।
Many people were killed in the accident.,उस दुर्घटना में कई लोगों की मौत हो गयी।
Tom is a good man.,टॉम अच्छा आदमी है।
My dad doesn't hate you.,मेरे पापा तुम से नफ़रत नहीं करते।
You're going to die.,तुम मरने वाले हो।
You're going to die.,तू मरने वाला है।
You're going to die.,तू मरने वाली है।
You're going to die.,तुम मरने वाली हो।
You're going to die.,आप मरने वाले हैं।
You will die.,तुम मरोगे।
This may come in handy.,यह काम आ सकता है।
Why do you want to study abroad?,तुम विदेश में क्यों पढ़ना चाहते हो?
Why do you want to study abroad?,तुम विदेश में क्यों पढ़ना चाहती हो?
Why do you want to study abroad?,आप विदेश में क्यों पढ़ना चाहते हैं?
Do you have a French dictionary?,क्या आपके पास फ्रेंच भाषा का शब्दकोष है?
We help Tom.,हम टॉम की मदद करते हैं।
What's happening now in Poland?,अभी पोलैंड में क्या हो रहा है?
What's happening now in Poland?,इस वक़्त पोलैंड में क्या चल रहा है?
I drink.,मैं पीता हूँ।
I drink.,मैं पीती हूँ।
How was the movie?,फ़िल्म कैसी थी?
I approve his suggestion.,मैं उसका सुझाव मंज़ूर करता हूँ|
Tom's the last person I would've expected to have a heart attack.,मैंने कभी न सोचा था कि टॉम को दिल का दौरा पड़ जाएगा |
Tom works for a small company.,टॉम एक छोटी कंपनी के लिए काम करता है |
This place gives me the creeps.,यह स्थान मुझे बेहद भयानक लगता है।
This place gives me the creeps.,इस जगह पर मुझे बेहद डर लगता है |
Tom slowly retreated.,टॉम धीरे-धीरे पीछे हटा |
Tom slowly drew back.,टॉम धीरे-धीरे पीछे हटा |
Will you still be here when I get back?,मेरे लौटने पर क्या तुम यहाँ होगे?
He watered the rose bush.,उसने ग़ुलाब की झाड़ी को पानी दिया |
All trees and shrubs must be trimmed so that their branches are no closer than one metre from a power line.,सभी व्रक्ष व झाड़ियाँ इस प्रकार काटी जाएं ताकि उनकी शाखाएं बिजली की तार से एक मीटर की दूरी से अधिक नज़दीक न हों |
The secret of longevity is to choose your parents carefully.,धीर्ग आयु का राज़ अपने माता पिता का सतर्क चुनाव में है |
A lot's happened while you've been away.,आपकी अनुपस्तिथि में बहुत कुछ हो चुका है |
How did you know Tom wasn't going to like it?,आपको कैसे पता था टॉम उसको नापसंद करेगा?
Where do you think we should pitch our tent?,आपके विचार में हमें अपना तम्बू कहाँ गाड़ना चाहिए?
Men whose mothers had breast cancer run a higher risk of developing prostate cancer.,जिन मर्दों की माताओं को छाती का कैंसर था उनको प्रोस्ट्रेट कैंसर होने का अधिक खदशा रहता है |
"Since happiness doesn't exist, we have to strive to be happy without it.","क्योंकि ख़ुशी का कोई अस्तित्व नहीं है, हमें उसके बिना खुश रहने का प्रयत्न करना चाहिए |"
The man drinks water.,वह आदमी पानी पीता है |
What are you cooking today?,आज आप क्या पका रहे हैं?
What a clever dog!,क्या होशियार कुत्ता है!
Will you teach me French?,क्या तुम मुझे फ़्रांसीसी सिखाओगे?
Will you teach me French?,क्या तुम मुझे फ़्रांसीसी सिखाओगी?
Will you teach me French?,क्या आप मुझे फ़्रांसीसी सिखाएंगे?
Just give the order.,बस हुक्म दीजिए।
Just give the order.,बस आदेश दे दीजिए।
Tom doesn't know that.,टॉम को वह पता नहीं है।
Tom doesn't know that.,टॉम को वह बात पता नहीं है।
Tom doesn't know that.,टॉम वह जानता नहीं।
Why can't you tell me?,तुम मुझे क्यों नहीं बता सकते?
Why can't you tell me?,आप मुझे क्यों नहीं बता सकते?
Why can't you tell me?,तुम मुझे क्यों नहीं बता सकती?
He has gone out.,वे बाहर गये हैं।
He has gone out.,वह बाहर गये है।
It was a beautiful speech.,सुंदर भाषण था।
I do a lot of things.,मैं बहुत सारे चीज़ें करता हूँ।
Where does he live in Germany?,जर्मनी में वह कहाँ रहता है?
Tom is a communist.,टॉम साम्यवादी है।
Tom is a communist.,टॉम कम्युनिस्ट है।
"Tom is married, has three kids, and lives in Boston.","टॉम शादीशुदा है, उसके तीन बच्चे हैं और वह बोस्टन में रहता है।"
What does he want in return?,उसे बदले में क्या चाहिए?
I know both of the girls.,मैं दोनों लड़कीयों को जानता हूँ।
I know both of the girls.,मैं दोनों लड़कीयों को जानती हूँ।
"We need soldiers, not monsters.","हमें सैनिकों की ज़रूरत है, राक्षसों की नहीं।"
How many children does Tom have?,टॉम के पास कितने बच्चे हैं?
Tom's hair is wet.,टॉम के बाल गीले हैं।
I threw one.,मैंने एक फेंका।
I threw one.,मैंने एक फेंकी।
Whose bed is that?,वह किसका बिस्तर है?
You work hard.,तुम मेहनत करते हो।
You work hard.,आप मेहनत करते हैं।
I never worry.,मैं कभी चिंता नहीं करता।
I never worry.,मैं कभी भी चिंता नहीं करती।
Where's the bank?,बैंक कहाँ है?
Tom is standing in the center of the room.,टॉम कमरे के बीच में खड़ा है।
"God, hear my prayer.","हे ईश्वर, मेरी प्रार्थना सुनो।"
I think Tom is weak.,मुझे लगता है टॉम कमज़ोर है।
There are 30 students in our class.,हमारी कक्षा में ३० विद्यार्थी हैं।
Our school is in this village.,हमारी पाठशाला इस गाँव में है।
Tom is waiting outside.,टॉम बाहर इंतज़ार कर रहा है।
Tom is waiting outside.,टॉम बाहर प्रतीक्षा कर रहा है।
I'm going to the hospital.,मैं अस्पताल जा रहा हूँ।
I'm going to the hospital.,मैं अस्पताल जा रही हूँ।
Her arms and legs are long.,उसके हाथ-पैर लंबे हैं।
They are wrong.,वे गलत हैं।
They're wrong.,वे गलत हैं।
We can't lie to Tom.,हम टॉम से झूठ नहीं बोल सकते।
This book isn't mine.,यह किताब मेरी नहीं है।
This isn't my book.,यह मेरी किताब नहीं है।
"One lives in Fukuoka, and the others live in Niigata.","एक फ़ुकुओका में रहता है, और बाकी निइगाता में रहते हैं।"
"One lives in Fukuoka, and the others live in Niigata.","एक फ़ुकुओका में रहती है, और बाकी निइगाता में रहते हैं।"
They're quiet.,वे शांत हैं।
My mother is a lawyer.,मेरी माँ एक वकील है।
Riga is the capital of Latvia.,लातविया की राजधानी रिगा है।
"You're wearing my shirt, Tom.","तुमने मेरी शर्ट पहन रखी है, टॉम।"
We were friends.,हम दोस्त थे।
We were friends.,हम मित्र थे।
Tell me your real name.,मुझे अपना असली नाम बताओ।
Tell me your real name.,मुझे अपना असली नाम बताइए।
Why were you in my car?,तुम मेरे गाड़ी में क्यों थे?
Why were you in my car?,आप मेरे गाड़ी में क्या कर रहे थे?
Tom was going to shoot me.,टॉम मुझे गोली मारने वाला था।
I didn't sleep last night.,मैं कल रात सोया नहीं।
I didn't sleep last night.,मैं कल रात सोई नहीं।
She drank a glass of milk.,उसने एक गिलास दूध पिया।
What was he doing there?,वह वहाँ क्या कर रहा था?
What kind of bird is this?,यह किस प्रकार का पक्षी है?
What kind of bird is this?,कौनसी चिड़िया है यह?
Why do I need to learn French?,मुझे फ़्रांसीसी सीखने की क्या ज़रूरत है?
I like women.,मुझे औरतें पसंद हैं।
I'm so stupid.,मैं कितना बेवकूफ़ हूँ।
I'm so stupid.,मैं कितनी बुद्धू हूँ।
Where's your sword?,तुम्हारी तलवार कहाँ है?
Where's your sword?,तेरी तलवार कहाँ है?
Where's your sword?,आपकी तलवार कहाँ है?
Edith Piaf was a French singer.,एडिथ पिआफ़ एक फ़्रांसीसी गायिका थीं।
This one or that one?,यह वाला या वह वाला?
"That is not a horse, but a donkey.","वह घोड़ा नहीं, वह तो गधा है।"
Why don't they do something?,वे कुछ करते क्यों नहीं?
"This isn't your home, Tom.","यह तुम्हारा घर नहीं है, टॉम।"
"This isn't your home, Tom.","यह तेरा घर नहीं है, टॉम।"
Your house is big.,तुम्हारा घर बड़ा है।
Your house is big.,आपका घर बड़ा है।
Mary is my girlfriend.,मैरी मेरी गर्लफ़्रेंड है।
My sister started crying.,मेरी बहन रोने लगी।
The dog goes across the road.,कुत्ता सड़क के पार जा रहा है।
Don't ever forget this rule.,यह नियम कभी मत भूलना।
Don't ever forget this rule.,यह नियम कभी मत भूलिएगा।
Anything will do.,कुछ भी चलेगा।
You're standing on my foot.,तुम मेरे पैर पर खड़े हो।
You're standing on my foot.,आप मेरे पैर पर खड़े हैं।
You're standing on my foot.,तुम मेरे पैर पर खड़ी हो।
He runs a company in Meguro.,वह मेगुरो में एक कंपनी चलाता है।
Osaka is Japan's second biggest city.,ओसाका जापान का दूसरा सबसे बड़ा शहर है।
Tom works from nine to five.,टॉम नौ से पाँच बजे तक काम करता है।
I've done nothing wrong.,मैंने कुछ भी गलत नहीं किया है।
What are you trying to say?,तुम क्या कहने की कोशिश कर रहे हो?
What are you trying to say?,तुम क्या कहने की कोशिश कर रही हो?
What are you trying to say?,आप क्या कहने की कोशिश कर रहे हैं?
I've heard that Robert is ill.,मैंने सुना है कि रॉबर्ट बीमार है।
Mary is very beautiful.,मैरी बहुत सुंदर है।
Let's meet at five.,पाँच बजे मिलते हैं।
You will get fat if you eat too much.,बहुत ज़्यादा खा लिया तो मोटे हो जाओगे।
You will get fat if you eat too much.,बहुत ज़्यादा खा लिया तो मोटी हो जाओगी।
You will get fat if you eat too much.,अगर आपने बहुत ज़्यादा खा लिया तो आप मोटे हो जाएंगे।
I'm neither an Athenian nor a Greek.,मैं ना एथेनियाई हूँ ना यूनानी।
She is playing with her friends.,वह अपने दोस्तों के साथ खेल रही है।
She is playing with her friends.,वह अपने सहेलीयों के साथ खेल रही है।
He can neither hear nor see us.,वह हमें ना सुन सकता है ना देख सकता है।
Thanks for helping me!,मेरी मदद करने के लिये शुक्रिया!
Show it to her.,उसे दिखाओ।
Show it to her.,उसे दिखाइए।
Show it to her.,उन्हें दिखाइए।
Show it to her.,उन्हें दिखाओ।
I have nothing else.,मेरे पास और कुछ नहीं है।
What is the name of that bird?,उस पंछी का नाम क्या है?
What is the name of that bird?,उस चिड़िया का नाम क्या है?
Tom is learning English.,टॉम अंग्रेज़ी सीख रहा है।
Bring tea.,चाय ला।
Bring tea.,चाय लाओ।
Bring tea.,चाय लाइए।
Why are you sitting in the dark?,तुम अंधेरे में क्यों बैठे हो?
Why are you sitting in the dark?,तुम अंधेरे में क्यों बैठी हो?
Why are you sitting in the dark?,आप अंधेरे में क्यों बैठे हैं?
Which way is the elevator?,लिफ़्ट किस तरफ़ है?
Doing that won't solve anything.,वैसा करने से कुछ नहीं सुलझने वाला.
That was delicious.,वह स्वादिष्ट था।
That was delicious.,वह लज़ीज़ था।
Tom finally ate something.,टॉम ने आखिरकार कुछ खाया।
She teaches us French.,वह हमें फ़्रांसीसी सिखाती है।
These are good questions.,ये अच्छे सवाल हैं।
We got ready.,हम तैयार हो गये।
Nobody is rich in my country.,मेरे देश में कोई भी अमीर नहीं है।
"It will be difficult, but not impossible.","मुश्किल होगा, मगर ना-मुमकिन नहीं।"
"It may be difficult, but not impossible.","मुश्किल होगा, मगर ना-मुमकिन नहीं।"
The abbot gave rice to the vixen.,मठाधीश ने लोमड़ी को चावल दिया।
Australian women are very beautiful.,ऑस्ट्रेलियाई औरतें बहुत सुंदर होती हैं।
Where is my dad?,मेरे पापा कहाँ हैं?
Where's my father?,मेरे पापा कहाँ हैं?
Where's my daddy?,मेरे पापा कहाँ हैं?
Where is Father?,पिताजी कहाँ हैं?
Where's Daddy?,पापा कहाँ हैं?
Where were you yesterday?,कल तुम कहाँ थे?
Where were you yesterday?,कल आप कहाँ थे?
Is this diamond real?,क्या यह हीरा असली है?
Is that a real diamond?,क्या वह एक असली हीरा है?
There was a man who had three sons.,एक आदमी था जिसके तीन बेटे थे।
Jørgen is learning Greek.,यॉर्गेन यूनानी सीख रहा है।
These are my friends.,ये मेरे दोस्त हैं।
The hospital is near here.,अस्पताल यहाँ से नज़दीक है।
He is familiar with Japanese culture.,वह जापानी संस्कृति से परिचित है।
You helped me.,तुमने मेरी मदद की।
Tom was worried.,टॉम चिंतित था।
Don't break anything.,कुछ तोड़ना मत।
Let's try to understand one another.,एक-दूसरे को समझने की कोशिश करते हैं।
Are those your kids?,क्या वे आपके बच्चे हैं?
They're both older than you.,वे दोनों तुमसे उम्र में बड़े हैं।
Tom is a poet.,टॉम कवी है।
I'm going to help you.,मैं तुम्हारी मदद करने वाला हूँ।
I'm going to help you.,मैं तुम्हारी मदद करने वाली हूँ।
I'm going to help you.,मैं आपकी मदद करने वाला हूँ।
I'm going to help you.,मैं आपकी मदद करने वाली हूँ।
I told Tom my story.,मैंने टॉम को मेरी कहानी बताई।
Who wants to go?,कौन जाना चाहता है?
Tom shot a gun.,टॉम ने एक बंदूक चलाई।
Can you hear anything?,कुछ सुनाई दे रहा है?
Can you hear anything?,कुछ सुन सकते हो?
Can you hear anything?,कुछ सुन सकती हो?
Tom's alive.,टॉम ज़िंदा है।
Next year I'm going to Hawaii.,अगले साल मैं हवाई जा रहा हूँ।
Next year I'm going to Hawaii.,अगले साल मैं हवाई जा रही हूँ।
"My mother's American, and my father is Uighur. ""Really?"" ""No! I was joking!""","मेरी माँ अमरीकी है और पिता उइघुर। ""सच?"" ""नहीं! मैं बस मज़ाक कर रहा था।"""
I reached the station at six.,मैं छः बजे स्टेशन पहुँचा।
I reached the station at six.,मैं छः बजे स्टेशन पहुँची।
"First we'll eat, and then we'll go.","पहले खाएंगे, फिर जाएंगे।"
Tom told her.,टॉम ने उसे बताया।
It makes no difference.,कोई फरक नहीं पड़ता।
"Mr. President, my name is Khan and I am not a terrorist.","राष्ट्रपति जी, मेरा नाम खान है, और मैं आतंकवादी नहीं हूँ।"
Tom was crazy.,टॉम पागल था।
Sweden's population is growing.,स्वीडन की आबादी बढ़ रही है।
I want a pet tiger.,मुझे एक पालतू शेर चाहिए।
Do you know who wrote this novel?,जानते हो यह उपन्यास किसने लिखा है?
Do you know who wrote this novel?,जानती हो यह उपन्यास किसने लिखा है?
Do you know who wrote this novel?,क्या तुम्हें पता है यह उपन्यास किसने लिखा है?
Do you know who wrote this novel?,क्या आप जानते हैं यह उपन्यास किसने लिखा है?
The village has no electricity.,गाँव में बिजली नहीं है।
Why are you standing here?,तुम यहाँ क्यों खड़े हो?
Why are you standing here?,आप यहाँ क्यों खड़े हैं?
Why are you standing here?,तुम यहाँ क्यों खड़ी हो?
He buys medicine.,वह दवाइयां खरीदता है।
That wasn't a lie.,वह झूठ नहीं था।
He wants to kiss me. And I want to kiss him too.,वह मुझे किस करना चाहता है। और मैं भी उसे किस करना चाहती हूँ।
He wants to kiss me. And I want to kiss him too.,वह मुझे किस करना चाहता है। और मैं भी उसे किस करना चाहता हूँ।
I don't have time to sleep.,मेरे पास सोने के लिये वक्त नहीं है।
Tom always wears black.,टॉम हमेशा काले कपड़े पहनता है।
"I have two dogs, three cats, and six chickens.","मेरे पास दो कुत्ते, तीन बिल्लियाँ और छः मुर्गियां हैं।"
Tom takes after his mother.,टॉम अपनी माँ पर गया है।
Here comes the train.,"लो, आ गई ट्रेन।"
Here comes the train!,लो आ गई ट्रेन!
Where is the train?,ट्रेन कहाँ है?
The train is coming.,ट्रेन आ रही है।
That's our train.,वह हमारी ट्रेन है।
How many children are there?,कितने बच्चे हैं?
My real name is Mary.,मेरा असली नाम मैरी है।
My real name is Tom.,मेरा असली नाम टॉम है।
This is not our planet.,यह हमारा ग्रह नहीं है।
This boy never lies.,यह लड़का कभी भी झूठ नहीं बोलता।
This guy wants to be the boss.,यह बंदा बॉस बनना चाहता है।
You poor thing.,बेचारा।
Why do you want to die?,तुम क्यों मरना चाहते हो?
I'm only doing my duty.,मैं बस अपनी ड्यूटी कर रहा हूँ।
"Which is larger, Japan or Britain?","ज़्यादा बड़ा क्या है, जापान या ब्रिटेन?"
You will eat.,तुम खाओगे।
You will eat.,तुम खाओगी।
You will eat.,आप खाओगे।
What do we want?,हमें क्या चाहिए?
Where's my wife?,मेरी बीवी कहाँ है?
My brother works in France.,मेरा भाई फ़्रांस में काम करता है।
Tom wasn't with Mary.,टॉम मैरी के साथ नहीं था।
Is this love?,क्या यही प्यार है?
Is this love?,क्या यह प्यार है?
My spoon is bigger!,मेरा चमच ज़्यादा बड़ा है!
Don't let anyone into the room.,किसी को भी कमरे में आने मत देना।
Don't let anyone into the room.,कमरे में किसी को भी आने मत दीजिए।
Why can't you understand?,तुम समझ क्यों नहीं सकते?
Why can't you understand?,आपको समझ क्यों नहीं आता?
Why can't you understand?,तुम्हें समझ क्यों नहीं आता?
Why can't you understand?,आप क्यों नहीं समझ सकते?
I can't go to the mall.,मैं मॉल नहीं जा सकता।
I can't go to the mall.,मैं मॉल नहीं जा सकती।
I already know.,मुझे पहले से ही पता है।
We'll have a great time.,बड़े मज़े करेंगे।
You will soon learn to speak English well.,तुम जल्दी ही अच्छी तरह से अंग्रेज़ी बोलना सीख जाओगे।
You will soon learn to speak English well.,तुम जल्दी ही अच्छी तरह से अंग्रेज़ी बोलना सीख जाओगी।
Burj Khalifa is currently the tallest skyscraper in the world.,अभी तक बुर्ज खलीफा दुनिया की सबसे लम्बी इमारत है।
I was in Iran.,मैं ईरान में था।
I was in Iran.,मैं ईरान में थी।
My son went to Iran.,मेरा बेटा ईरान चला गया।
I'm lazy.,मैं आलसी हूँ।
Tom lives in Wales.,टॉम वेल्स में रहता है।
It's a beautiful sword.,खूबसूरत तलवार है।
Pikachu is a Pokémon.,पिकाचु एक पोकेमॉन है।
She's playing Super Mario Bros.,वह सुपर मारिओ ब्रदर्स खेल रही है।
I understand your language.,आपकी भाषा मुझे समझ आती है।
I understand your language.,मैं आपकी भाषा समझ सकता हूँ।
I understand your language.,मैं आपकी भाषा समझ सकती हूँ।
I understand your language.,तुम्हारी भाषा मुझे समझ आती है।
I understand your language.,मैं तुम्हारी भाषा समझ सकता हूँ।
I understand your language.,मैं तुम्हारी भाषा समझ सकती हूँ।
I like my language.,मुझे मेरी भाषा पसंद है।
English is a language.,अंग्रेज़ी एक भाषा है।
What language was that?,वह कौनसी भाषा थी?
French is her native language.,फ़्रांसीसी उसकी मातृ भाषा है।
French is her native language.,फ़्रांसीसी उनकी मातृ भाषा है।
English is my native language.,अंग्रेज़ी मेरी मातृ भाषा है।
I live in India.,मैं भारत में रहता हूँ।
I live in India.,मैं भारत में रहती हूँ।
India is my country.,भारत मरा देश है।
It's impossible to fix.,इसे ठीक करना नामुमकिन है|
Let me sleep for another ten minutes.,मुझे दस मिनिट और सोने दो|
Who bought you this?,तुम्हें यह किसने दिलाया?
Does it taste good?,क्या इसका स्वाद अच्छा है?
My mother was crying.,मेरी माँ रो रही थी।
I am not sure if I can do that but I will at least try.,मुझे नहीं मालुम कि मैं वह कर सकती हूँ परंतु प्रयत्न तो करुँगी।
Just shut up and listen!,बस चुप करो और सुनो!
What should we do?,हम क्या करें?
Bob could not control his temper.,बॉब अपना क्रोध काबू न कर पाया ।
I came here for you.,मैं आपके लिए यहाँ आई थी |
I am an astrologer.,मैं ज्योत्षी हूँ |
I used to be like Tom.,मैं टॉम जैसी होती थी।
Everyone was not happy.,हर कोई ख़ुश नहीं था।
When is your birthday?,आपका जन्मदिन कब है?
This skirt is long.,वह स्कर्ट लंबी है|
This is not a secret.,यह राज़ वाली बात नहीं है|
Can you count to ten in Chinese?,क्या आप चीनी भाषा में दस तक गिनती कर सकते हैं?
I do not like you.,मैं तुम्हें पसंद नहीं करती ।
She respects you.,वह आपका सम्मान करती है।
I think I need help.,लगता है मुझे सहायता की आवश्यकता है।
Nothing is working.,कुछ भी काम नहीं कर रहा।
"Dad, what are you doing?","पिताजी, आप क्या कर रहे हो?"
"Have you seen Tom today? ""No, I haven't.""","आज टॉम को देखा? ""नहीं, नहीं देखा।"""
"Have you seen Tom today? ""No, I haven't.""","क्या आपने आज टॉम को देखा है? ""नहीं, नहीं देखा है।"""
We've both seen it.,हम दोनों ने देखा है।
It was Tom's fault.,टॉम की गलती थी।
I did not understand.,मुझे समझ नहीं आया।
I did not understand.,मैं नहीं समझा।
I did not understand.,मैं नहीं समझी।
"Hey, did you see that?","अरे, वह देखा?"
We are just friends.,हम बस दोस्त हैं।
We are just friends.,हम तो बस दोस्त है।
This man is harassing me.,यह आदमी मुझे सता रहा है।
They're using you.,वे तुम्हारा इस्तेमाल कर रहे हैं।
They're using you.,वे आपका इस्तेमाल कर रहे हैं।
I get tired.,मैं थक जाता हूँ।
I get tired.,मैं थक जाती हूँ।
Tom is very hardworking.,टॉम बहुत ही मेहनती है।
Who helps her?,उसकी मदद कौन करता है?
What should we do now?,अब हम क्या करें?
I am a student.,मैं एक विध्यार्थी हूँ।
"You knew, didn't you?","तुम्हें पता था, है ना?"
What is WhatsApp?,वाट्सऐप क्या है?
"Mario, stop calling me gay! I'm straight!","मारीओ, मुझे समलैंगिक कहना बंद करो! मैं सीधा हूँ!"
Do you trust me?,क्या आपको मेरे पर भरोसा है?
Enjoy.,मज़े करो।
The Prime Minister resigned yesterday.,प्रधानमंत्री ने कल इस्तीफ़ा दिया।
She is taller than me.,वह मेरे से लंबी है।
I work every day except Sunday.,मैं रविवार के अलावा रोज़ाना काम करता हूं।
I am married.,मेरी शादी हो चुकी है।
I am married.,मैं शादीशुदा हूं।
He got 90 in English.,उसके अंग्रेज़ी में नब्बे मार्क्स आएँ हैं।
I do not work on Sunday.,मैं रविवार को काम नहीं करता।
Do you like this book?,क्या तुम्हें यह किताब पसंद है ?
How do you know Mary?,तुम मेरी को कैसे जानते हो ?
I was a teacher.,मैं एक अध्यापिका थी.
What is your age?,आपकी आयु क्या है ?
John is at the airport.,जॉन एअरपोर्ट पर है.
That is my house.,वह घर मेरा है।
Me too.,मैं भी।
They will kill me.,वे लोग मुझे मार डालेंगे।
I am going to go to America next year.,अगले साल मैं अमरीका जाने वाला हूँ।
I am going to go to America next year.,अगले साल मैं अमरीका जाने वाली हूँ।
Is she going to go to America this year?,क्या वह इस साल अमरीका जाने वाली है?
This is Italy.,यह इटली है।
Rome is in Italy.,रोम इटली में है।
Is Germany near Italy?,क्या जर्मनी इटली के नज़दीक है?
We're in Italy.,हम इटली में हैं।
Where is Sevilla in Italy?,इटली में सेविल्ला कहाँ है?
The world has changed.,दुनिया बदल गई है।
America rules the world.,अमरीका दुनिया पर राज करता है।
Women change the world.,महिलाएँ दुनिया बदल देती हैं।
This is our world.,यह हमारी दुनिया है।
Do you live in Portugal or Brazil?,तुम पुर्त्तगाल में रहते हो या ब्राज़ील में?
Do you live in Portugal or Brazil?,आप पुर्त्तगाल में रहते हैं या ब्राज़ील में?
Do you live in Portugal or Brazil?,तुम पुर्त्तगाल में रहती हो या ब्राज़ील में?
Romania is a Balkan country. Its capital is Bucharest.,रामानिया एक बलकानी देश है। उसकी राजधानी बुखारेस्ट है।
"Slovakia is called ""Slovensko"" in Slovak.","स्लोवाकिया को स्लोवाक में ""स्लोवेन्स्को"" कहते हैं।"
I can read English.,मैं अंग्रेज़ी पढ़ सकता हूँ।
I can read English.,मैं अंग्रेज़ी पढ़ सकती हूँ।
I want my mom.,मुझे मेरी माँ चाहिए।
Tom refuses to work.,टॉम काम करने से इनकार करता है।
He wants to work in China for two years.,वह चीन में दो साल काम करना चाहता है।
Tom will go to Boston with me.,टॉम मेरे साथ बोस्टन जाएगा।
I like to eat.,मुझे खाना पसंद है।
Don't let it end.,खत्म होने मत देना।
It's not that far from here.,यहाँ से ज़्यादा दूर नहीं है।
"We're not bad people, Tom.","हम बुरे लोग नहीं हैं, टॉम।"
She needs this.,उसे इसकी ज़रूरत है।
She needs this.,उन्हें इसकी ज़रूरत है।
Nothing will happen to him.,उसे कुछ नहीं होगा।
Tom cried a lot.,टॉम बहुत रोया।
It's under the table.,मेज़ के नीचे है।
It's dangerous to play with fire.,आग से खेलना खतरनाक होता है।
Playing with fire is dangerous.,आग से खेलना खतरनाक होता है।
They were so different.,वे कितने अलग थे।
He is a singer.,वह गायक है।
She is a singer.,वह गायिका है।
The house is burning.,घर जल रहा है।
"You give me blood, I will give you freedom.","तुम मुझे खून दो, मैं तुम्हें आज़ादी दूंगा।"
Tom's dog's name is Cookie.,टॉम के कुत्ते का नाम कुकी है।
I'll tell them the truth.,मैं उन्हें सच बता दूंगा।
I'll tell them the truth.,मैं उन्हें सच बता दूंगी।
Give me a day.,मुझे एक दिन दीजिए।
Bob helped me.,बॉब ने मेरी मदद की।
I have a horse.,मेरे पास एक घोडा है।
I thought Tom was your enemy.,मुझे लगा टॉम तुम्हारा दुश्मन है।
I thought Tom was your enemy.,मुझे लगा टॉम आपका दुश्मन है।
There's the island of my dreams!,वह रहा मेरे सपनों का द्वीप!
Did you love her?,क्या तुम उससे प्यार करते थे?
Did you love her?,क्या तुम उससे प्यार करती थी?
Did you love her?,क्या तुम उनसे प्यार करते थे?
Did you love her?,क्या तुम उनसे प्यार करती थी?
I saw them today.,मैंने उन्हें आज देखा।
I want to learn Romanian.,मैं रोमानियाई सीखना चाहता हूँ।
I want to learn Romanian.,मैं रोमानियाई सीखना चाहती हूँ।
We'll need to talk to Tom.,हमें टॉम से बात करनी पड़ेगी।
I love her so much that I can't leave her.,मैं उससे इतना प्यार करता हूँ कि मैं उसे छोड़ नहीं सकता।
I love her so much that I can't leave her.,मैं उससे इतना प्यार करता हूँ कि मैं उसे छोड़ नहीं सकती।
I love her so much that I can't leave her.,मैं उनसे इतना प्यार करता हूँ कि मैं उन्हें छोड़ नहीं सकता।
I love her so much that I can't leave her.,मैं उनसे इतना प्यार करता हूँ कि मैं उन्हें छोड़ नहीं सकती।
Most people are idiots.,ज़्यादातर लोग बेवकूफ होते हैं।
You should come here.,तुम्हें यहाँ आना चाहिए।
You should come here.,आपको यहाँ आना चाहिए।
Father is proud of his car.,पिताजी को अपने गाड़ी पर गर्व है।
I learned a lot about them.,मैं उनके बारे में बहुत कुछ सीखा।
I learned a lot about them.,मैं उनके बारे में बहुत कुछ सीखी।
What color is this?,यह कौनसा रंग है?
Tom isn't a bit scared.,टॉम ज़रा भी डरा हुआ नहीं है।
We'll sing.,हम गाएंगे।
Tom threatened me.,टॉम ने मुझे धमकी दी।
Tom threatened me.,टॉम ने मुझे धमकाया।
The boy threw stones at the dog.,लड़के ने कुत्ते पर पत्थर फेंके।
What is this fish called in English?,इस मछली को अंग्रेज़ी में क्या कहते हैं?
What do you call this fish in English?,इस मछली को अंग्रेज़ी में क्या कहते हैं?
"We're friends, and friends help each other.","हम दोस्त हैं, और दोस्त एक-दूसरे की मदद करते हैं।"
I met him.,मैं उससे मिला।
I met him.,मैं उससे मिली।
You know English?,तुम्हें अंग्रेज़ी आती है?
You know English?,आपको अंग्रेज़ी आती है?
My name is Rahul.,मेरा नाम राहुल है।
The Sahara is the largest desert in the world.,सहारा दुनिया का सबसे बड़ा रेगिस्तान है।
Eat!,खाओ!
Eat!,खाइए!
I eat.,मैं खाता हूँ।
I eat.,मैं खाती हूँ।
Eat something.,कुछ तो खाओ।
Eat something.,कुछ खा लो।
Eat something.,कुछ खा लीजिए।
Eat something.,कुछ खाइए।
We eat.,हम खाते हैं।
They eat.,वे खाते हैं।
Eat and drink.,खाओ और पियो।
Eat and drink.,खाइए और पीजिए।
He is eating.,वह खा रहा है।
She is eating.,वह खा रही है।
Vegetarians eat vegetables.,शाकाहारी लोग सब्ज़ीयाँ खाते हैं।
I will eat.,मैं खाऊंगा।
I will eat.,मैं खाऊंगी।
I eat tofu.,मैं टोफ़ू खाता हूँ।
I eat tofu.,मैं टोफ़ू खाती हूँ।
Eat your food.,अपना खाना खाओ।
Eat your food.,अपना खाना खाइए।
You should eat.,तुम्हें खाना चाहिए।
You should eat.,आपको खाना चाहिए।
Tom eats anything.,टॉम कुछ भी खाता है।
We eat together.,हम एक-साथ खाते हैं।
We were eating.,हम खा रहे थे।
Eat with us.,हमारे साथ खाओ।
Eat with us.,हमारे साथ खाइए।
They eat meat.,वे मांस खाते हैं।
I eat cheese.,मैं चीज़ खाता हूँ।
I eat cheese.,मैं चीज़ खाती हूँ।
Tom was eating.,टॉम खा रहा था।
I can eat.,मैं खा सकता हूँ।
I can eat.,मैं खा सकती हूँ।
I eat cucumber.,मैं खीरा खाता हूँ।
I eat cucumber.,मैं खीरा खाती हूँ।
You're eating.,तुम खा रहे हो।
You're eating.,तुम खा रही हो।
You're eating.,आप खा रहे हैं।
We eat rice.,हम चावल खाते हैं।
I eat pasta.,मैं पास्ता खाता हूँ।
I eat pasta.,मैं पास्ता खाती हूँ।
What should I eat?,मुझे क्या खाना चाहिए?
I am eating rice.,मैं चावल खा रहा हूँ।
I am eating rice.,मैं चावल खा रही हूँ।
What colour is this fish?,यह मछली कौनसे रंग की है?
Carlos Slim is the world's second richest person.,कार्लोस स्लिम दुनिया के दूसरे सबसे अमीर व्यक्ति हैं।
He has many history books.,उसके पास बहुत सारी इतिहास की किताबें हैं।
He was sitting on a bench with his friend.,वह अपने दोस्त के साथ बेंच पर बैठा है।
When will you return?,तुम कब लौट कर आओगे?
Mount Everest is the world's highest peak.,एवरेस्ट पर्वत दुनिया का सबसे ऊँचा पर्वत शिखर है।
Mt. Everest is the highest peak in the world.,एवरेस्ट पर्वत दुनिया का सबसे ऊँचा पर्वत शिखर है।
You should be more careful with what you speak about.,तुम्हें अपने बोलने पर ज़्यादा ध्यान करना चहिए।
I am thinking of changing my job.,मैं नौकरी बदलने की सोच रही हूँ।
I'm thinking of changing jobs.,मैं नौकरी बदलने की सोच रही हूँ।
I am thinking of changing jobs.,मैं नौकरी बदलने की सोच रही हूँ।
How did Barbara do on her driver's test yesterday?,कल बारबरा की गाड़ी चलाने की परीक्षा कैसी गई?
Hands up!,हाथ ऊपर करो!
Put your hands up!,हाथ ऊपर करो!
"When in Rome, do as the Romans do.","जैसा देस, वैसा भेस।"
She is not afraid of anything.,उसे किसी भी चीज़ का डर नहीं है।
It's no use crying over spilt milk.,अब पछताए क्या होत जब चिड़िया चुग गई खेत।
English is spoken in America.,अमेरिका में अंग्रेजी बोली जाती है।
Dutch is spoken in South Africa and in the Caribbean area.,डच दक्षिण आफ्रिका और कैरीबियन क्षेत्र में बोली जाती है ।
"What's the matter, Tom? Are you crying?","टॉम, क्या हुआ? रो रहे हो?"
Is Mary your daughter?,क्या मैरी तुम्हारी बेटी है?
Tom is my relative.,टॉम मेरा रिश्तेदार है।
All the boys ran away.,सभी लड़के भाग गए।
Tom told Mary that she was wrong.,टॉम ने मैरी को बताया कि वह ग़लत थी|
We'll go after we eat.,हम खाना खाने के बाद जायेंगे|
Who did Tom kiss?,टौम ने किस को चूमा?
Tom used to work for me.,टॉम मेरे लिए काम करता था।
I wasn't even there.,मैं तो वहां थी भी नहीं.
Iran desires to befriend the world.,ईरान विश्व के साथ मित्रता करने का इछुक है।
Ignorance and error are as necessary to life as bread and water.,अज्ञानता और ग़लती ज़िन्दगी में रोटी और पानी की तरह आवश्यक हैं।
Not everyone was satisfied.,हर कोई संतुष्ट न था।
What did you try to do?,आपने क्या करने का प्रयत्न किया?
"He's a famous physicist not only in Japan, but throughout the world.",वह न केवल जापान में बल्कि पूरे विश्व में प्रसिद्व भौतिक शास्त्री है।
I've never had problems like yours.,मुझे आपके जैसी अड़चने कभी नहीं आईं।
Tom did it all.,टॉम ने सभ कुछ किया।
It's not as easy as people think.,इसे जितना लोग आसान समझते हैं उतना है नहीं।
Tom did it all.,टॉम ने सब कुछ कर दिया।
Each member has to pay a membership fee.,हर सदस्य को सदस्यता शुल्क भरना होगा।
Dogs are faithful.,कुत्ते वफ़ादार होते हैं।
My neighbor was arrested last night.,मेरे पड़ोसी को पिछली रात गिरफ़्तार किया गया।
"Natural mineral water contains calcium, magnesium, sodium, potassium as well as nitrate.","प्राकृतिक खनिज पानी में समाहित है चूर्णातु, भ्राजातु, क्षारातु, दहातु, व भूयीयों भी।"
How is the weather there?,वहाँ का मौसम कैसा है?
I can't drink milk.,मैं दूध नहीं पी सकता।
I can't drink milk.,मैं दूध नहीं पी सकती।
She likes reading the most.,उसे सबसे ज़्यादा पढ़ना पसंद है।
I will give you five dollars.,मैं आपको पाँच डौलर दूँगी।
Got it!,पकड़ लिया!
Who wrote this letter?,यह पत्र किसने लिखा?
She's a very good teacher.,वह बहुत अच्छी अध्यापिका है.
She is a very good teacher.,वह बहुत अच्छी अध्यापिका है.
He is walking.,वह चल रहा है।
His wife was mad.,उसकी बीवी पागल थी.
Have you seen it?,क्या तुमने उसे देखा है?
I want you to take this with you.,मैं चाहता हूँ कि तुम यह अपने साथ ले जाओ.
He's very lonely.,वह बहुत अकेला है.
She praised her son.,उसने अपने पुत्र की प्रशंसा की.
This book is mine.,यह किताब मेरी है।
She wants to live in the city.,वह शहर में रहना चाहती है।
I'm not afraid of anything.,मुझे किसी भी चीज़ से डर नहीं लगता।
I want milk.,मुझे दूध चाहिए।
My brother has never lost at tennis.,मेरा भाई टेनिस में कभी नहीं हारा है।
None of the children are sitting.,कोई भी बच्चा बैठा नहीं है।
France is in Western Europe.,फ्रांस पश्चिमी यूरोप में है.
France is in Western Europe.,फ़्रान्स पश्चिमी यूरोप में है।
That food is so bad that I wouldn't dream of eating it.,वह खाना ऐसा बुरा है कि मैं उसको भूलकर भी नहीं खाना चाहता हूँ।
I have a dictionary.,मेरे पास एक शब्दकोश है।
That train is going to Niigata.,वह रेलगाड़ी नीगाता जा रही है।
Not a single person had arrived late.,एक भी व्यक्ति देर से नहीं पहुँचा था।
He arrives unannounced.,वह बिना बताये आता है।
I want to get my mind off work.,मैं अपने काम से ध्यान हटाना चाहता हूँ।
I wanted to get my mind off work.,मैं अपने काम से ध्यान हटाना चाहता था।
Have fun.,मज़े करो।
Have a good time.,मज़े करो।
Enjoy yourself!,मज़े करो।
Have a nice time.,मज़े करो।
The old lady smiled at her granddaughter.,बूढ़ी औरत अपनी पोती पर मुस्कुराई।
You are my good friend.,तुम मेरे अच्छे दोस्त हो।
The two mountains are of equal height.,दोनों पहाड़ों की उंचाई एक समान है।
Look! There is a cat in the kitchen.,देखिए! रसोईघर में एक बिल्ली है.
Do you come here every day?,क्या आप यहाँ रोज़ आते हैं?
Its color is red.,इसका रंग लाल है|
That is you.,वह तुम हो।
There are only two kind of people in the world.,दुनिया में बस दो तरह के लोग होते हैं।
I don't like this candy.,यह कैंडी मुझे पसंद नहीं हैं।
Is this harmful to my health?,क्या यह मेरे स्वास्थ्य के लिये हानिकारक है?
I felt bad.,मुझे बुरा लगा।
"Excuse me, what time is it?","माफ़ कीजिए, क्या समय हुआ है?"
I'll let you know when it has been decided.,वो तए किये जाने पर मैं तुम्हें बता दूंगा।
I'll let you know when it has been decided.,वह तय किये जाने पर मैं तुम्हें बता दूंगी।
I've drunk my cup of tea.,मैंने अपनी एक कप चाय पि ली है।
A new building is being built in front of my house.,मेरे घर के सामने एक नई ईमारत बन रही है।
He is now old enough to travel by himself.,उसकी अकेले सफ़र करने की उम्र हो गयी है।
My brother has never lost at tennis.,मेरा भाई टेनिस मैं कभी नहीं हारा है।
How many colors do you see in the rainbow?,इन्द्रधनुष में तुम्हें कितने रंग दिखाई देते हैं?
"Bring me today's paper, please.",कृपया मेरे लिए आज का अख़बार लाना।
"An umbrella is useful in a mild rain, but when it rains cats and dogs an umbrella is of little help.","कम बारिश में छाते का उपयोग किया जाता है, मगर भारी बारिश होने पर छाते का कम उपयोगी होता है।"
This is a big house.,यह एक बड़ा घर है।
There is a book on the table.,मेज़ पर पुस्तक है.
I'm dying of exhaustion.,मैं थकान से मरा जा रहा हूँ।
"Now that we've bought new furniture for the room, why not throw away this old, worn-out furniture?","अब ज्योंकि कमरे का नया फ़र्निचर खरिद चुका है, इस फटे-पुराने फ़र्निचर को क्यों न फेंक दें!"
Monsoon is coming.,सावन का मौसम आ रहा है।
The monsoon season is coming.,सावन का मौसम आ रहा है।
Hello!,हैलो।
"If possible, I'd like to travel around the world.",अगर हो सके तो मैं विष्व यात्रा पर जाना चाहूँगा।
Don't speak nonsense!,तुम बकवास मत करो!
"No matter what happens, I will never betray my friend.","चाहे जो भी हो, मैं कभी भी अपने दोस्त को धोखा नहीं दूँगा।"
My throat has dried up.,मेरा गला सूख गया है।
Don't say things like that.,ऐसा मत बोलो।
"After you're done cutting up the vegetables, put them there. Don't know when I'll be back to cook them.",सब्ज़ियाँ काटने के बाद वहाँ रख दो। पता नहीं इन्हें कब आ कर पकाऊँगी।
She will go abroad in six months.,वह छः महीनों में विदेश चली जाएगी।
I did not reply to your letter as I was too busy.,मैंने तुम्हारी चिट्ठी का जवाब नहीं दिया क्योंकि मैं बहुत बिज़ी था।
Fight the illness.,बीमारी से लड़ना।
"Yes, he's our manager.","हाँ, हमारे मैनेजर हैं।"
"Yes, she's our manager.","हाँ, हमारे मैनेजर हैं।"
"Yes, that's our manager.","हाँ, हमारे मैनेजर हैं।"
You should be a little more sensible.,तुम्हें थोड़ा ज़्यादा समझदार होना चाहिए।
Will you do as much as you are able to?,क्या तुम जितना कर सकते हो उतना करोगे?
Who broke the vase?,गुलदान को किसने तोड़ दिया?
It is your duty to study.,पढ़ाई करना तुम्हारा कर्त्तव्य है।
Happy birthday!,जन्मदिन मुबारक हो!
Happy birthday to you!,जन्मदिन मुबारक हो!
This is what I need.,यह वही चीज़ है जिसकी मुझे ज़रूरत है।
"I'm sorry, but the number you have dialled is incorrect.","माफ़ कीजिएगा, आपने जो नम्बर डायल किया है वह ग़लत है।"
I have a car.,मेरे पास एक गाड़ी है।
This is your dog.,यह तुम्हारा कुत्ता है।
I wake him at six every morning.,मैं हर सुबह छः बजे उसको उठाती हूँ।
There's a lot of work to be done!,बहुत सारा काम है करने को!
I have a lot of work to do!,बहुत सारा काम है करने को!
We have a lot of work to do!,बहुत सारा काम है करने को!
I go every year.,मैं हर साल जाता हूँ।
Education has nothing to do with age.,शिक्षा से उम्र का कोई सम्बंध नहीं होता है।
"I play mahjong only now and then, because if I made a habit of it, I'd end up wasting all my time on it.","माज्याँग मैं केवल कभी-कभार ही खेलती हूँ, क्योंकि अगर आदत लग गई तो सारा समय उसी पर बरबाद कर दूँगी।"
I am tired.,मैं थक गया हूँ।
I'm tired.,मैं थक गया हूँ।
"You're not preparing to leave, are you?","तुम जाने की तैयारी नहीं कर रहे हो, है ना?"
How much for half a kilo?,आधा किलो कितने का है?
To go out half-naked is shameful.,अधनंगे बाहर जाना बहुत शर्मदार होता है।
She got off at the next station.,वह अगले स्टॉप पर उतर गई।
I was a fool to have tried explaining something to you that I don't understand myself.,मैं अक्ल का मारा था जो तुम्हें वह समझाने की कोशिश करने बैठा जिसकी मुझे खुद ही समझ नहीं थी।
Will we arrive on time?,हम समय पर पहुँच जाएँगे क्या?
Will we arrive in time?,हम समय में पहुँच जाएँगे क्या?
She's playing Tetris.,वह टेट्रिस खेल रही है।
How's your job going?,तुम्हारी नौकरी कैसी चल रही है?
I am responsible for this mistake.,इस ग़लती के लिए मैं ज़िम्मेदार हूँ।
No one believed in his innocence.,किसी ने भी उसके निर्दोष होने पर विश्वास नहीं किया।
Let's go and see as many things as we can.,"चलो चलें, जितनी सारी चीज़ें देख सकते हैं देख आएँ।"
Have you cleaned your room or not?,तुमने अपना कमरा साफ़ किया है कि नहीं?
"It's gotten too late, I should go back.","बहुत देर हो गई है, मुझे वापस जाना चहिए।"
It was only when I heard his voice that I recognised him.,मैंने उसकी आवाज़ सुनने के बाद ही उसे पहचाना।
Do you have time on Tuesday?,तुम्हारे पास मंगलवार को समय है क्या?
Are you free on Tuesday?,तुम मंगलवार को खाली हो क्या?
"He pulled strongly, but the old rock did not budge in the slightest.","उसने ज़ोर लगाकर खींचा, पर वह पुराना पत्थर ज़रा सा भी नहीं हिला।"
We have a school holiday tomorrow.,हमारी कल स्कूल की छुट्टी है।
This river is one mile across.,यह नदी एक मील चौड़ी है।
I feel like throwing up.,मुझे उल्टी आ रही है।
I feel nauseous.,मुझे उल्टी आ रही है।
I feel like vomiting.,मुझे उल्टी आ रही है।
"The snow that fell recently has coloured the mountain white, it is truly beautiful.","हाल ही में गिरी हुई बरफ़ ने पहाड़ को सफ़ेद रंग दिया है, सच में बहुत ही सुंदर है।"
Where do you want to go and spend your vacation?,तुम छुट्टियाँ कहाँ जा कर बिताना चाहते हो?
The sound of the wind is scary. It feels like the sound of ghosts.,"हवा की आवाज़ बहुत डरावनी है, ऐसा लगता है कि भूतों की आवाज़ें है।"
I have to see a dentist.,मुझे दंत चिकित्सक से मिलना है।
Anderson is very scared of dogs.,ऐनडर्सन कुत्तों से बहुत डरता है।
Anderson is very scared of the dogs.,ऐनडर्सन कुत्तों से बहुत डरता है।
I don't know when she will come.,मुझे नहीं पता वह कब आएगी।
I don't know when he will come.,मुझे नहीं पता वह कब आएगा।
Smoking is prohibited in this room.,इस कमरे में धूम्रपान करना मना है।
That's too small a box to hold all these things.,"वह डब्बा बहुत छोटा है, उसमें इतना सारा सामान नहीं आएगा।"
I bought two bottles of milk.,मैंने दूध की दो बोतलें ख़रीदीं।
"If you go to that supermarket, you can buy most things you use in your daily life.",उस सूपरमार्केट में तुम लगभग कोई भी रोजाने में इस्तेमाल होने वाला सामान ख़रीद सकते हो।
Which house did you live in before?,तुम पहले किस घर में रहते थे?
The reason why you failed is you did not try hard enough.,तुम नाकामयाब इसलिए रहे क्योंकि तुमने पूरी तरह मेहनत नहीं लगाई।
We have no school today.,हमारी आज स्कूल से छुट्टी है।
We saw the film and had dinner together.,हमने एक साथ फ़िल्म देखी और खाना खाया।
"The password is ""Muiriel"".","पासवर्ड ""Muriel"" है।"
"The password is ""Muiriel"".","कूटशब्द ""Muriel"" है।"
George Bush is the forty-first president of America.,जॉर्ज बुश अमरीका का इकतालिसवा राष्ट्रपति है।
George Bush is the forty-first president of the United States of America.,जॉर्ज बुश अमरीका का इकतालिसवा राष्ट्रपति है।
Why don't you come visit us?,तुम हमसे मिलने क्यों नहीं आते?
I have been very busy lately.,मैं हाल में काफ़ी व्यस्त रहा हूँ।
I fully believe that you are innocent.,मुझे पक्का विश्वास है कि तुम निर्दोश हो।
I'm a doctor.,मैं डॉक्टर हूँ।
I am a doctor.,मैं डॉक्टर हूँ।
That can't be Mary. She's in the hospital now.,"हो नहीं सकता कि वह मेरी हो, क्योंकि मेरी अभी हस्पताल में है।"
"They succeeded in reaching the mountain summit, but had an accident when coming back down.","वे पर्वत शिखर तक पहुँचने में सफ़ल रहे, पर लौट कर नीचे आने के समय दुर्घटना हो गई।"
Swimming here is very dangerous.,यहाँ तैरना बहुत ख़तरनाक है।
I still don't know.,मुझे अभी भी नहीं पता।
I still don't know yet.,मुझे अभी भी नहीं पता।
"I still don't know, even now.",मुझे अभी भी नहीं पता।
"I don't have money, but I do have a dream!","मेरे पास पैसे नहीं है, पर सपना है!"
His younger sister is a famous TV star.,उसकी छोटी बहन बहुत प्रसिद्ध टीवी कलाकार है।
His younger sister is a well-known TV star.,उसकी छोटी बहन बहुत जानीमानी टीवी स्टार है।
Why didn't she come yesterday?,वह कल क्यों नहीं आई?
Why didn't he come yesterday?,वह कल क्यों नहीं आया?
My uncle is an amateur cricket player.,मेरे ताऊजी क्रिकेट के शौकिया खिलाड़ी हैं।
My uncle is an amateur cricket player.,मेरे चाचा क्रिकेट के शौकिया खिलाड़ी हैं।
My uncle is an amateur cricket player.,मेरे मामा क्रिकेट के शौकिया खिलाड़ी हैं।
My uncle is an amateur cricket player.,मेरे अंकल क्रिकेट के शौकिया खिलाड़ी हैं।
I got married five years ago on this very day.,मेरी शादी पाँच साल पहले इसी दिन पर हुई थी।
They booted him out of school for not studying.,"कयोंकि वह पढ़ाई नहीं करता था, उसे स्कूल से निकाल दिया गया।"
I have decided.,मैं फ़ैसला कर चुका हूँ।
I have made my decision.,मैं फ़ैसला कर चुका हूँ।
I've made my decision.,मैं फ़ैसला कर चुका हूँ।
I've made a decision.,मैं फ़ैसला कर चुका हूँ।
He's my husband.,यह मेरा पति है।
What a question!,क्या सवाल है!
What a question!,क्या प्रश्न पूछा है!
The sun is in the sky.,सूरज आकाश में है।
What a country!,क्या देश है!
I'm a lawyer.,मैं वकील हूँ।
It is my father's house.,मेरे पिताजी का घर है।
Come in.,अंदर आ जाओ।
Come on in.,अंदर आ जाओ।
I've lost my key.,मेरी चावी गुम हो गयी है।
I work every day except Sunday.,मैं रविवार के अलावा हर रोज काम करता हूं।
What is the name of this bird?,इस चिड़िया का नाम क्या है?
I'm thinking of going to Vancouver to meet relatives.,मैं सोच रहा हूँ कि अगले हफ़्ते वैनकूवर जाकर रिश्तेदारों से मिलूँ।
I was caught in a shower and was drenched to the skin.,मैं बारिश में फंस गया और पूरा का पूरा भीग गया।
He is not the cheerful man he was.,वह पहले की तरह हँसमुख नहीं रहा।
"Tell me, why do you want to do something like this?",बोलो तुम ऐसा क्यों करना चाहते हो।
How was the weather yesterday?,कल का मौसम कैसा था?
What was the weather like yesterday?,कल का मौसम कैसा था?
Everyone but him can answer this question.,उसके अलावा बाकी सब इस प्रश्न का उत्तर दे सकते हैं।
Weather's been strange the past few years.,पिछले कुछ सालों से मौसम बहुत अजीब है।
"Soon enough, there were only three enormous countries on Terra.","जल्दी ही, टेरा पर केवल तीन विशाल देश रह गये थे।"
Where are my dragons?,मेरे ड्रैगन कहाँ है?
The dragon saw her.,ड्रैगन ने उसे देखा।
"Which do you like better, the Giants or the Dragons?","तुम्हें ज़्यादा कौन अच्छे लगते हैं, जायंट्स या ड्रैगन्स?"
Why do you want to learn English?,तुम अंग्रेज़ी क्यों सीखना चाहते हो?
Why do you want to learn English?,तुम अंग्रेज़ी क्यों सीखना चाहती हो?
They don't understand English at all.,वह अंग्रेज़ी बिलकुल भी नहीं समझते.
You don't understand English at all.,आपको अंग्रेज़ी बिलकुल भी समझ नहीं आती।
You don't understand English at all.,आपको तो अंग्रेज़ी बिलकुल भी समझ नहीं आती।
You don't understand English at all.,तुम्हें अंग्रेज़ी बिलकुल भी समझ नहीं आती।
You don't understand English at all.,तुम्हें तो अंग्रेज़ी बिलकुल भी समझ नहीं आती।
Tom knew nothing about Mary.,टॉम को मैरी के बारे में कुछ भी नहीं पता था।
Tom knew nothing about Mary.,टॉम मैरी के बारे में कुछ भी नहीं जानता था।
We can't find Tom anywhere.,हमें टॉम कहीं भी नहीं मिल रहा।
That's what I don't understand.,वही तो मुझे समझ नहीं आ रहा।
That's what I don't understand.,वह बात मुझे समझ नहीं आ रही।
I like tea.,मुझे चाय पसंद है।
Who wants tea?,चाय किसे चाहिए?
I made tea.,मैंने चाय बनाई।
Have some tea.,जरा सी चाय लीजिए।
She was making tea.,वह चाय बना रही थी।
The tea is hot.,चाय गरम है।
Are you listening to the radio?,रेडियो सुन रहे हो क्या?
Are you listening to the radio?,रेडियो सुन रहे हो?
Are you listening to the radio?,रेडियो सुन रही हो?
Are you listening to the radio?,रेडियो सुन रही हो क्या?
I made her laugh.,मैंने उसे हँसाया।
They believe that the soul is immortal.,वह मानते हैं कि आत्मा अमर होती है।
I'm not Darth Vader.,मैं डार्थ वेडर नहीं हूँ।
I am a Japanese.,मैं जापानी हूँ।
He is not Japanese.,वह जापानी नहीं है।
His girlfriend is Japanese.,उसकी गर्लफ़्रेंड जापानी है।
We just want to talk to Tom.,हम बस टॉम से बात करना चाहते हैं।
They're playing together.,वे एक-साथ खेल रहे हैं।
It was Tom that asked the question.,सवाल पूँछा था टॉम ने।
It was Tom that asked the question.,सवाल टॉम ने ही पूँछा था।
Who is the greatest poet in England?,इंग्लैंड में सबसे महान कवि कौन है?
"Mom, Mary's hitting me!","माँ, मैरी मुझे मार रही है!"
"Who are you, anyway?",वैसे तुम हो कौन?
There are a lot of horses in my neighbourhood.,मेरे मोहल्ले में बहुत सारे लोग हैं।
Crows are black.,कौवे काले होते हैं।
Anyone could do that.,वह तो कोई भी कर सकता है।
Have you read today's paper?,आज का अख़बार पढ़ा क्या?
It's Tom's birthday tomorrow.,कल टॉम का जन्मदिन है।
Tom is leaving home.,टॉम घर छोड़ के जा रहा है।
Pua sings.,पुआ गाती है।
The girls work.,लड़कियाँ काम करती हैं।
She is my father's mother. She is my paternal grandmother.,वह मेरे पिताजी की माँ है। वह मेरी दादी है।
His money is in the bank.,उसके पैसे बैंक में हैं।
I'm wasting my time.,मैं मेरा वक़्त बरबाद कर रही हूँ।
There is a crowd of women around Tom.,टॉम के भीतर औरतों की भीड़ है।
There is a crowd of women around Tom.,टॉम के भीतर औरतों की भीड़ होती है।
I like tennis.,मुझे टेनिस पसंद है।
We followed them.,हमने उनका पीछा किया।
You proved me wrong.,तुमने मुझे गलत साबित किया।
You proved me wrong.,आपने तो मुझे गलत साबित कर दिया।
You proved me wrong.,तुमने तो मुझे गलत साबित कर दिया।
You proved me wrong.,आपने मुझे गलत साबित किया।
We'll be back tonight.,हम आज रात लौट आएंगे।
We'll be back tonight.,हम आज रात लौटेंगे।
Tom is useless.,टॉम बेकार है।
Tom's useless.,टॉम बेकार है।
Mary and Alice aren't sisters.,मैरी और एलिस बहनें नहीं हैं।
I'm going to teach you a lesson.,मैं तुम्हें सबक सिखाने वाला हूँ।
I'm going to teach you a lesson.,मैं तुम्हें सबक सिखाने वाली हूँ।
I'm going to teach you a lesson.,मैं आपको एक सबक सिखाने वाला हूँ।
I'm going to teach you a lesson.,मैं आपको एक सबक सिखाने वाली हूँ।
Do you love your mother?,क्या आप अपनी माँ से प्यार करते हैं?
Someone's in the other room.,दूसरे कमरे में कोई है।
Tom and Mary both said yes.,टॉम और मैरी दोनों ने हाँ कहा।
French is spoken in a part of Canada.,फ़्रांसीसी कनाडा के एक हिस्से में बोली जाती है।
Canada is larger than Japan.,कनाडा जापान से बड़ा है।
We don't know where we are.,हमें नहीं पता हम कहाँ हैं।
I know that you still cry for me sometimes.,"मुझे पता है कि, तुम अभी भी मेरे लिए आंसू बहाते हो कभी कभी।"
Tom saved her from the fire.,टॉम ने उसे आग से बचा लिया।
He wants a new car.,उसे एक नयी गाड़ी चाहिए।
Tom helped.,टॉम ने मदद की।
Go there and talk to her.,वहाँ जा कर उससे बात करो।
Long live the Republic!,गणतन्त्र ज़िंदाबाद!
I like to dance.,मुझे नाचना पसंद है।
Are you going to ask her?,क्या तुम उसे पूछने वाले हो?
Are you going to ask her?,क्या तुम उसे पूछने वाली हो?
Are you going to ask her?,क्या आप उसे पूछने वाले हैं?
We want to meet Tom.,हम टॉम से मिलना चाहते हैं।
This watch was given me by my uncle.,यह घड़ी मुझे मेरे मामा ने दी थी।
This watch was given me by my uncle.,यह घड़ी मुझे मेरे चाचा ने दी थी।
Today is September 1st.,आज १ सितंबर है।
The room didn't have a single window.,कमरे में एक भी खिड़की नहीं थी।
She has lived there for seven years.,वह वहाँ सात साल रही है।
She has lived there for seven years.,वहाँ वे सात साल रही हैं।
Anybody can do this.,यह तो कोई भी कर सकता है।
Tom knew that.,टॉम को वह पता था।
Was Tom wrong?,क्या टॉम गलत था?
Was Tom crying?,क्या टॉम रो रहा था?
Tom was greedy.,टॉम लालची था।
We all know Tom.,हम सब टॉम को जानते हैं।
We all know Tom.,टॉम को तो हम सब जानते हैं।
We all know Tom.,हम सब टॉम को तो जानते ही हैं।
Tom was at home.,टॉम घर पर था।
Tom took my car.,टॉम ने मेरी गाड़ी ली।
Tom worked hard.,टॉम ने मेहनत की।
Tom knows a lot.,टॉम को बहुत कुछ पता है।
Tom is my uncle.,टॉम मेरा मामा है।
Tom is my uncle.,टॉम मेरा चाचा है।
Tom is my uncle.,टॉम मेरा मामा लगता है।
Tom is my uncle.,टॉम मेरा चाचा लगता है।
Go and tell Tom.,जा कर टॉम को बताओ।
Go and tell Tom.,जा और टॉम को बता।
We both saw Tom.,टॉम को हम दोनों ने देखा।
Tom was waiting.,टॉम इंतज़ार कर रहा था।
Tom also smiled.,टॉम भी मुस्कुराया।
Let's follow Tom.,टॉम का पीछा करते हैं।
Let's follow Tom.,टॉम के पीछे-पीछे चलते हैं।
Why is Tom going?,टॉम क्यों जा रहा है?
Tom drives a cab.,टॉम टैक्सी चलाता है।
Tom can show you.,टॉम तुम्हें दिखा सकता है।
Tom can show you.,टॉम आपको दिखा सकता है।
Tom can help you.,टॉम तुम्हारी मदद कर सकता है।
Tom can help you.,टॉम आपकी मदद कर सकता है।
Tell that to Tom.,वह टॉम को बताओ।
Tell that to Tom.,वह टॉम को बताइये।
"Is that you, Tom?","टॉम, तुम हो?"
"Is that you, Tom?","टॉम, क्या वह तुम हो?"
"Is that you, Tom?","टॉम, तुम हो क्या?"
How did Tom know?,टॉम को कैसे पता था?
Give Tom a chair.,टॉम को एक कुर्सी दो।
Did you help Tom?,क्या तुमने टॉम की मदद की?
Did you help Tom?,क्या आपने टॉम की मदद की?
Tom has red hair.,टॉम के पास लाल बाल हैं।
Tom was very sick.,टॉम बहुत बीमार था।
Tom will be found.,टॉम मिल जाएगा।
We know about Tom.,हम टॉम के बारे में जानते हैं।
We know about Tom.,हमें टॉम के बारे में पता है।
Why is Tom scared?,टॉम डरा हुआ क्यों है?
Who is Tom anyway?,वैसे टॉम है कौन?
What did Tom mean?,टॉम का क्या मतलब था?
Tom has seen this.,टॉम ने यह देखा है।
How does Tom know?,टॉम को कैसे पता?
How did Tom do it?,टॉम ने कैसे किया?
Give Tom the disk.,टॉम को डिस्क दे दो।
Give Tom the disk.,डिस्क टॉम को दे दीजिए।
Give me more time.,मुझे और वक़्त दो।
Give me more time.,मुझे और वक़्त दीजिए।
Just take me home.,मुझे बस घर ले चलो.
Just take me home.,मुझे बस घर ले चलिए।
Just listen to me.,बस मेरी बात सुनो।
Just listen to me.,बस मेरी बात सुन।
Just listen to me.,बस मेरी बात सुनिए।
Why did Tom tell you?,टॉम ने तुम्हें क्यों बताया?
Why did Tom tell you?,टॉम ने आपको क्यों बताया?
Tom heard nothing.,टॉम को कुछ भी सुनाई नहीं दिया।
Let me talk to Tom first.,पहले मुझे टॉम से बात करने दो।
Let me talk to Tom first.,मुझे पहले टॉम से बात करने दीजिए।
How is your sister?,तुम्हारी बहन कैसी है?
How is your sister?,आपकी बहन कैसी हैं?
How is your sister?,तुम्हारी दीदी कैसी है?
How is your sister?,दीदी कैसी है?
Give me a good one.,कोई अच्छा वाला देना।
Give me a good one.,कोई अच्छा वाला दीजिए।
Give me a good one.,अच्छा वाला दे दो।
Give me a good one.,अच्छा वाला दे दीजिए।
Give me a good one.,अच्छी वाली दीजिए।
Give me a good one.,अच्छी वाली दो।
We should work now.,हमें अभी काम करना चाहिए।
There must be more.,और होगा।
There must be more.,और होना चाहिए।
It must be a virus.,ज़रूर कोई वाइरस होगा.
It must be a virus.,ज़रूर कोई विषाणु होगा.
We should help Tom.,हमें टॉम की मदद करनी चाहिए।
We all cried a lot.,हम सब बहुत रोए।
We won the lottery.,हम लॉटरी जीते।
We won the lottery.,हम लॉटरी जीत गए।
We can't forget it.,हम भूल नहीं सकते.
I got Tom to do it.,मैंने टॉम से करवाया।
"Get over here, Tom.","यहाँ आ जाओ, टॉम।"
Are you ever wrong?,तुम कभी गलत होते हो क्या?
Are you ever wrong?,क्या तुम कभी गलत होती हो?
Are you ever wrong?,क्या आप कभी गलत होते हैं?
Are you ever wrong?,आप कभी गलत होते हैं क्या?
What came over you?,तुम्हें हो क्या गया था?
What came over you?,आपको हो क्या गया था?
Just listen to Tom.,बस टॉम की बात सुनो।
Just listen to Tom.,बस टॉम की सुनो।
Just listen to Tom.,बस टॉम की सुनिए।
Just listen to Tom.,बस टॉम की बात सुनिए।
Who put that there?,वह वहाँ किसने डाल दिया?
Who put that there?,वह वहाँ किसने रख दिया?
Just wait a minute.,बस एक मिनट रुकिए।
Just wait a minute.,बस एक मिनट रुक।
It was magic.,जादू थी।
It's magic.,जादू।
It's magic.,जादू है।
That was magic.,वह जादू थी।
Tom clapped.,टॉम ने ताली बजाई।
Everybody claps.,सभी तालीयाँ बजाते हैं।
The Internet changed everything.,इन्टरनेट ने सब कुछ बदल दिया।
The Internet changed everything.,इन्टरनेट ने सब कुछ बदल डाला।
He slapped her.,उसने उसे थप्पड़ मारी।
She slapped him.,उसने उसे थप्पड़ मारी।
Tom slapped Mary.,टॉम ने मैरी को थप्पड़ मारी।
Mary slapped Tom.,मैरी ने टॉम को थप्पड़ मारी।
Mary slapped me.,मैरी ने मुझे थप्पड़ मारी।
Naoko swims.,नाओको तैरती है।
Mary can swim.,मैरी को तैरना आता है।
Mary can swim.,मैरी तैर सकती है।
Dogs can swim.,कुत्ते तैर सकते हैं।
Dogs can swim.,कुत्तों को तैरना आता है।
Tom can swim.,टॉम तैर सकता है।
Tom can swim.,टॉम को तैरना आता है।
Tom's swimming.,टॉम तैर रहा है।
Tom is swimming.,टॉम तैर रहा है।
Rabbits can swim.,खरगोश तैर सकते हैं।
She can swim.,वह तैर सकती है।
Emily can swim.,एमिली तैर सकती है।
Can Tom swim?,क्या टॉम तैर सकता है?
Can Tom swim?,टॉम को तैरना आता है क्या?
Is Tom able to swim?,क्या टॉम तैर सकता है?
Is Tom able to swim?,टॉम को तैरना आता है क्या?
Is Tom swimming?,क्या टॉम तैर रहा है?
"You know what they say: long nose, long cock.","कहावत तो तुमने सुनी ही होगी: लंबा नाक, लंबा लंड।"
"You know what they say: long nose, long cock.","कहावत तो आपने सुनी ही होगी: लंबा नाक, लंबा लंड।"
Someone came.,कोई आया।
This is gold.,यह सोना है।
The coin is gold.,सिक्का सोने का है।
That's real gold.,वह असली सोना है।
Is this real gold?,क्या यह असली सोना है?
There is a gold coin.,सोने का सिक्का है।
Your hair shines like gold.,तुम्हारे बाल सोने की तरह चमकते हैं।
Your hair shines like gold.,आपके बाल सोने की तरह चमकते हैं।
The cup is made of gold.,प्याला सोने का बना है।
I gave him a gold watch.,मैंने उसे एक सोने की घड़ी दी।
I gave him a gold watch.,मैंने उन्हें एक सोने की घड़ी दी।
Health is worth more than gold.,आरोग्य का मूल्य सोने से ज़्यादा होता है।
Gold is the king of kings.,सोना तो राजाओं का राजा है।
Gold is the king of kings.,सोना राजाओं का राजा होता है।
I don't want your gold.,मुझे तुम्हारा सोना नहीं चाहिए।
I don't want your gold.,मुझे आपका सोना नहीं चाहिए।
Tom found an ancient gold coin.,टॉम को एक प्राचीन सोने का सिक्का मिला।
There is gold in green forests.,हरे वनों में सोना होता है।
There's only one door.,बस एक ही दरवाज़ा है।
Tom gave Mary a watch.,टॉम ने मैरी को एक घड़ी दी।
Tom will stay with us.,टॉम हमारे साथ रहेगा।
Who told you all that?,तुम्हें वह सब किसने बताया?
Who told you all that?,आपको वह सब किसने बताया?
Who told you about us?,तुम्हें हमारे बारे में किसने बताया?
Who told you about us?,आपको हमारे बारे में किसने बताया?
When did you tell Tom?,तुमने टॉम को कब बताया?
When did you tell Tom?,आपने टॉम को कब बताया?
When did Tom tell you?,टॉम ने तुम्हें कब बताया?
When did Tom tell you?,टॉम ने आपको कब बताया?
What did Tom tell you?,टॉम ने तुम्हें क्या बताया?
What did Tom tell you?,टॉम ने आपको क्या बताया?
We can tell Tom later.,हम टॉम को बाद में बता सकते हैं।
We can tell Tom later.,टॉम को तो हम बाद में भी बता सकते हैं।
Tom told us about you.,टॉम ने हमें तुम्हारे बारे में बताया।
Tom told us about you.,टॉम ने हमें आपके बारे में बताया।
Tom told me about you.,टॉम ने मुझे तुम्हारे बारे में बताया।
Tom told me about you.,टॉम ने मुझे आपके बारे में बताया।
Just tell me her name.,मुझे बस उसका नाम बताओ।
Just tell me her name.,मुझे बस उसका नाम बता।
Just tell me her name.,मुझे बस उसका नाम बताइए।
Just tell me her name.,बस उसका नाम बताइए।
Just tell me her name.,बस उनका नाम बता दीजिए।
Just tell me her name.,बस उनका नाम बता दो।
I'm not going to tell.,मैं नहीं बताने वाला।
I'm not going to tell.,मैं नहीं बताने वाली।
I tell you everything.,मैं तुम्हें सब कुछ बताता हूँ।
I tell you everything.,मैं आपको सब कुछ बता देता हूँ।
I tell you everything.,मैं आपको सब कुछ बताती हूँ।
I tell you everything.,मैं तुम्हें सब कुछ बता देती हूँ।
They named the dog Shiro.,उन्होंने कुत्ते का नाम 'शिरो' रखा।
Tom wants to come with us.,टॉम हमारे साथ आना चाहता है।
The Cold War began after World War Two.,शीतयुद्ध द्वितीय विश्वयुद्ध के बाद शुरू हुआ।
They want Tom.,उन्हें टॉम चाहिए।
Don't talk to Tom.,टॉम से बात मत कीजिए।
Don't talk to Tom.,टॉम से बात मत कर।
Don't talk to Tom.,टॉम से बात मत करना।
What fruit is green?,हरे रंग का कौनसा फल होता है?
I've met him.,मैं उससे मिला हूँ।
I've met him.,मेरी उससे मुलाकात हुई है।
Tom looks like he's going to cry.,टॉम को देख कर लग रहा है वह रोने वाला है।
They're bad.,वे बुरे हैं।
They're bad.,वे ख़राब हैं।
Am I ready to die?,क्या मैं मरने के लिये तयार हूँ?
It never snows in this country.,इस देश में कभी भी बर्फ नहीं गिरती।
Don't speak to me that way!,मुझसे उस तरह से बात मत करो!
Don't speak to me that way!,मुझसे उस तरह से बात मत कीजिए!
They're not moving.,वे हिल नहीं रहे।
"Listen to me, Tom.","मेरी बात सुनो, टॉम।"
"Listen to me, Tom.","मेरी सुनो, टॉम।"
What are we going to eat?,हम क्या खाने वाले हैं?
Tom and Mary swam together every morning.,टॉम और मैरी हर सुबह एक-साथ तैरते थे।
Tom took off his T-shirt.,टॉम ने अपनी टीशर्ट उतारी।
There are a lot of flowers in the garden.,बगीचे में बहुत सारे फूल हैं।
There are many flowers in the garden.,बगीचे में बहुत सारे फूल हैं।
Tom doesn't do things like that.,टॉम वैसी चीज़ें नहीं करता।
I hate this girl.,मुझे इस लड़की से नफ़रत है।
I'm going to die.,मैं मरने वाला हूँ।
I'm going to die.,मैं मरने वाली हूँ।
That wasn't Tom.,वह टॉम नहीं था।
It wasn't Tom.,टॉम नहीं था।
Why were you crying?,तुम क्यों रो रहे थे?
Why were you crying?,तुम क्यों रो रही थी?
Why were you crying?,आप क्यों रो रहे थे?
When did you find out?,तुम्हें कब पता चला?
When did you find out?,आपको कब पता चला?
We've been given a second chance.,हमें एक दूसरा मौका दिया गया है।
I still remember his name.,मुझे अभी भी उसका नाम याद है।
That's all they have.,उनके पास उतना ही है।
I am like you.,मैं तुम्हारे जैसा हूँ।
I am like you.,मैं तुम्हारे जैसी हूँ।
I am like you.,मैं आपके जैसी हूँ।
I am like you.,मैं आपके जैसा हूँ।
I stopped it.,मैंने रोका।
This is a coconut.,यह नारियल है।
This is a coconut.,यह एक नारियल है।
I drink coconut water in the morning.,मैं सुबह-सुबह नारियल-पानी पीता हूँ।
I drink coconut water in the morning.,मैं सुबह-सुबह नारियल-पानी पीती हूँ।
Tom has a pet monkey named Coconut.,टॉम के पास कोकोनट नाम का एक पालतू बंदर है।
Tom has a pet monkey named Coconut.,टॉम के पास कोकोनट नाम का एक पालतू बंदर होता है।
What's behind the wall?,उस दीवार के पीछे क्या है?
The car crashed into the wall.,गाड़ी दीवार से टकराई।
I will not come tomorrow.,मैं कल नहीं आउंगा।
I will not come tomorrow.,मैं कल नहीं आउंगी।
She's coming with us.,वह हमारे साथ आ रही है।
Tom's phone rang.,टॉम का फ़ोन बजा।
They're old friends.,वे पुराने दोस्त हैं।
We've only got three minutes.,हमारे पास तो बस तीन ही मिनट हैं।
Why did you marry Tom?,तुमने टॉम से शादी क्यों की?
Why did you marry Tom?,आपने टॉम से शादी क्यों की?
Was that guy Tom?,वह बंदा टॉम था?
Was that guy Tom?,वह बंदा टॉम था क्या?
Did anyone else come into the room?,कमरे में और कोई आया था क्या?
Is Tom a vegetarian?,क्या टॉम शाकारी है?
Is Tom a vegetarian?,टॉम शाकारी है क्या?
Do you know that man?,क्या तुम उस आदमी को जानते हो?
Do you know that man?,क्या तुम उस आदमी को जानती हो?
Do you know that man?,क्या आप उस आदमी को जानते हैं?
Do you know that man?,क्या आप उस आदमी को जानती हैं?
How did you feel then?,तब आपको कैसा लगा?
How did you feel then?,तब तुम्हें कैसा लगा?
What should I do until then?,तब तक मुझे क्या करना चाहिए?
What do I do till then?,तब तक मैं क्या करूं?
What'll you do then?,फिर तुम क्या करोगे?
What'll you do then?,फिर तुम क्या करोगी?
What'll you do then?,फिर आप क्या करेंगे?
What'll you do then?,फिर आप क्या करेंगी?
What will you say then?,तब तुम क्या कहोगे?
What will you say then?,तब तुम क्या कहोगी?
What will you say then?,तब आप क्या कहेंगे?
What will you say then?,तब आप क्या कहेंगी?
Was the door open?,दरवाज़ा खुला था क्या?
When do the shops open?,दुकाने कब खुलती हैं?
Why don't you be quiet and listen?,तुम चुपचाप सुनते क्यों नहीं?
Why don't you be quiet and listen?,तुम चुपचाप सुनती क्यों नहीं?
Was his name Tom or John?,उसका नाम टॉम था या जॉन?
Was his name Tom or John?,उनका नाम टॉम था या जॉन?
Who let you come in?,तुम्हें अंदर किसने आने दिया?
Who let you come in?,आपको अंदर किसने आने दिया?
Did you forget that again?,उसे फिर से भूल गए क्या?
Did you forget that again?,उसे फिर से भूल गए?
Did you forget that again?,उसे फिर से भूल गई क्या?
Did you forget that again?,उसे फिर से भूल गई?
What's really going on?,असल में चल क्या रहा है?
The land is beneath me.,ज़मीन मेरे नीचे है।
The sun is above me.,सूरज मेरे ऊपर है।
Bad things are behind me.,बुरी चीज़ें मेरे पीछे हैं।
Men are going.,आदमी जा रहे हैं।
You are watching.,तुम देख रहे हो।
You are watching.,तुम देख रही हो।
You are watching.,आप देख रहीं हैं।
You are watching.,आप देख रहे हैं।
You are watching.,तू देख रहा है।
You are watching.,तू देख रही है।
He is falling.,वह गिर रहा है।
He is falling.,वे गिर रहे हैं।
They are going.,वे जा रहे हैं।
They are going.,वे जा रहीं हैं।
They are watching.,वे देख रहे हैं।
They are watching.,वे देख रहीं हैं।
You are coming.,तुम आ रहे हो।
You are coming.,तुम आ रही हो।
You are coming.,आप आ रहे हैं।
You are coming.,आप आ रहीं हैं।
The two of you are watching.,तुम दोनों देख रहे हो।
The two of you are watching.,तुम दोनों देख रही हो।
The two of you are watching.,आप दोनों देख रहे हैं।
The two of you are watching.,आप दोनों देख रही हैं।
With whom are you eating?,तुम किसके साथ खा रहे हो?
With whom are you eating?,तुम किसके साथ खा रही हो?
With whom are you eating?,आप किसके साथ खा रहीं हैं?
With whom are you eating?,आप किसके साथ खा रहे हैं?
The pair of them is coming.,वे दोनों आ रहे हैं।
The pair of them is coming.,वे दोनों आ रहीं हैं।
I'm falling.,मैं गिर रहा हूँ।
I'm falling.,मैं गिर रही हूँ।
We are watching.,हम देख रहे हैं।
You see me.,तुम मुझे देखते हो।
You see me.,तुम मुझे देखती हो।
You see me.,तुम्हें मैं दिखाई देता हूँ।
You see me.,तुम्हें मैं दिखाई देती हूँ।
You see me.,आपको मैं दिखाई देता हूँ।
You see me.,आपको मैं दिखाई देती हूँ।
You see me.,आप मुझे देखते हैं।
You see me.,आप मुझे देखतीं हैं।
Go!,जा!
Go!,जाओ!
Go!,जाइए!
Take off your clothes and lie down on the bed!,अपने कपड़े उतार कर बिस्तर पर लेट जा!
Take off your clothes and lie down on the bed!,अपने कपड़े उतार कर बिस्तर पर लेट जाओ!
Take off your clothes and lie down on the bed!,अपने कपड़े उतार कर बिस्तर पर लेट जाइए!
I play a game with my sister.,मैं मेरी बहन के साथ एक खेल खेलता हूँ।
I play a game with my sister.,मैं मेरी बहन के साथ एक खेल खेलती हूँ।
An apple tree provides an apple.,सेब के पेड़ से सेब प्राप्त होता है।
An orange tree provides an orange.,संतरे के पेड़ से संतरा प्राप्त होता है।
"Have you met Masao, my brother?",क्या तुम मेरे भाई मासाओ से मिली हो?
"Have you met Masao, my brother?",क्या तुम मेरे भाई मासाओ से मिले हो?
"Have you met Masao, my brother?",क्या आप मेरे भाई मासाओ से मिलीं हैं?
"Have you met Masao, my brother?",क्या आप मेरे भाई मासाओ से मिले हैं?
Iran's and North Korea's nuclear capabilities worry the rest of the world.,ईरान और उत्तर कोरिया के परमाणु क्षमताओं से पूरी दुनिया परेशान है।
Iran's and North Korea's nuclear capabilities worry the rest of the world.,ईरान और उत्तर कोरिया की परमाणु क्षमताएं पूरी दुनिया को चिंतित करती हैं।
My grandfather was murdered during the Second World War.,दूसरे विश्वयुद्ध के दौरान मेरे दादा का खून हुआ था।
My grandfather was murdered during the Second World War.,दूसरे विश्वयुद्ध के दौरान मेरे नाना का खून हुआ था।
We started at the same time.,हमने एक ही वक्त शुरुआत की।
Stop it!,बस कर!
Stop it!,बस कीजिए!
Stop it!,बस करो!
I like Occitan.,मुझे ऑक्सिटन पसंद है।
I like Occitan.,मुझे ऑक्सिटन अच्छी लगती है।
She reads the newspaper every morning.,वह हर सुबह अखबार पढ़ती है।
Jews fled the Spanish Inquisition and took shelter in the Ottoman Empire in the fifteenth century.,पंद्रहवीं शताब्दी में स्पेनी धर्माधिकरण से पलायन कर रहे यहूदियों ने उस्मानी साम्राज्य में आश्रय लिया।
"That was just a trailer, the film is yet to come.","यह तो बस एक ट्रेलर था, फ़िल्म अभी बाकी है।"
"That was just the trailer, the movie's yet to come, my friend!","यह तो बस ट्रेलर है, पिक्चर अभी बाकी है, मेरे दोस्त!"
Why are you looking down?,नीचे क्यों देख रहे हो?
Why are you looking down?,नीचे क्यों देख रही हो?
Why are you looking down?,आप नीचे क्यों देख रहे हैं?
Why are you looking down?,आप नीचे क्यों देख रहीं हैं?
He asked a very good question.,उसने एक बहुत अच्छा सवाल पूछा।
He asked a very good question.,उन्होंने एक बहुत अच्छा सवाल पूछा।
I don't know German.,मुझे जर्मन नहीं आती।
They bring cloth from England.,वे इंग्लैंड से कपड़ा लाते हैं।
You drink tea.,तुम चाय पीते हो।
You drink tea.,तुम चाय पीती हो।
You drink tea.,आप चाय पीते हैं।
You drink tea.,आप चाय पीतीं हैं।
He likes tea.,उसे चाय पसंद है।
He likes tea.,उसे चाय अच्छी लगती है।
He likes tea.,वह चाय पसंद करता है।
Bring tea immediately!,अभी के अभी चाय लाओ!
Bring tea immediately!,अभी के अभी चाय लाइए!
Bring tea immediately!,अभी के अभी चाय ला!
We only have tea.,हमारे पास तो बस चाय है।
We only have tea.,हमारे पास तो चाय ही है।
Real men drink tea.,असली मर्द चाय पीते हैं।
This tea is good.,यह वाली चाय अच्छी है।
This tea is good.,यह वाली चाय अच्छी होती है।
This tea is good.,यह चाय अच्छी है।
Do you like tea?,क्या आपको चाय अच्छी लगती है?
Do you like tea?,क्या आपको चाय पसंद है?
Do you like tea?,तुम्हें चाय अच्छी लगती है?
Do you like tea?,चाय पसंद है तुम्हें?
Whose tea is this?,यह किसकी चाय है?
Where's my tea?,मेरी चाय कहाँ है?
Where's my tea?,मेरी वाली चाय कहाँ है?
I'm making tea.,मैं चाय बना रहा हूँ।
I'm making tea.,मैं चाय बना रही हूँ।
"Drink your tea, Tom.","अपनी चाय पियो, टॉम।"
Let us drink tea.,चाय पीते हैं।
He is making tea.,वह चाय बना रहा है।
He is making tea.,वे चाय बना रहे हैं।
Tom is making tea.,टॉम चाय बना रहा है।
Mary is making tea.,मैरी चाय बना रही है।
She is making tea.,वह चाय बना रही है।
She is making tea.,वे चाय बना रहीं हैं।
We are making tea.,हम चाय बना रहे हैं।
They are making tea.,वे चाय बना रहीं हैं।
They are making tea.,वे चाय बना रहे हैं।
She is drinking tea.,वह चाय पी रही है।
She is drinking tea.,वे चाय पी रहीं हैं।
He is drinking tea.,वह चाय पी रहा है।
He is drinking tea.,वह चाय पी रहे हैं।
How about some tea?,थोड़ी सी चाय हो जाए?
Tom is drinking tea.,टॉम चाय पी रहा है।
"I drink tea, too.",मैं चाय भी पीता हूँ।
"I drink tea, too.",मैं चाय भी पीती हूँ।
Here's your tea.,यह रही आपकी चाय।
Here's your tea.,यह रही तुम्हारी चाय।
Here's your tea.,यह रही तेरी चाय।
They have tea at five.,वे पाँच बजे चाय पीते हैं।
They have tea at five.,वे पाँच बजे चाय पीतीं हैं।
She made tea for me.,उसने मेरे लिये चाय बनाई।
She made tea for me.,उन्होंने मेरे लिये चाय बनाई।
We don't have tea.,हमारे पास चाय नहीं है।
Tom doesn't have tea.,टॉम के पास चाय नहीं है।
I made tea last night.,कल रात मैंने चाय बनाई।
I don't like tea.,मुझे चाय अच्छी नहीं लगती।
The girl is drinking tea.,लड़की चाय पी रही है।
This tea is too sweet.,यह चाय कुछ ज़्यादा ही मीठी है।
I don't want tea.,मुझे चाय नहीं चाहिए।
We bought the cheapest tea.,हमने सबसे सस्ती वाली चाय खरीदी।
I want to drink tea.,मैं चाय पीना चाहता हूँ।
He has tea every morning.,वह हर सुबह चाय पिता है।
He has tea every morning.,वे हर सुबह चाय पीते हैं।
Should I make some tea?,थोड़ी सी चाय बनाऊं?
Should I make some tea?,ज़रा सी चाय बना दूं?
"Here's your tea, Tom.","यह रही तुम्हारी चाय, टॉम।"
"Here's your tea, Tom.","यह रही आपकी चाय, टॉम।"
Tom made tea for me.,टॉम ने मेरे लिये चाय बनाई।
Sit and have some tea!,"बैठो, थोड़ी चाय लो!"
Sit and have some tea!,"बैठिए, थोड़ी सी चाय लीजिए!"
Sit and have some tea!,बैठ कर थोड़ी सी चाय लीजिए!
Give me another cup of tea.,मुझे और एक कप चाय दे दो।
Give me another cup of tea.,मुझे और एक कप चाय दीजिए।
"Me, I prefer coffee to tea.",मुझे तो चाय से ज़्यादा कॉफ़ी पसंद है।
This tea is called green tea.,इस चाय को हरी चाय कहते हैं।
I'll make tea for you.,मैं तुम्हारे लिये चाय बनाता हूँ।
I'll make tea for you.,मैं तुम्हारे लिये चाय बनाती हूँ।
Whiskey goes very well with tea.,चाय के साथ व्हिस्की अच्छी लगती है।
Do you like tea or coffee?,आपको चाय पसंद है या कॉफ़ी?
"Two teas and a coffee, please.",दो चाय और एक कॉफ़ी दीजिए।
I want another cup of tea.,मुझे और एक कप चाय चाहिए।
Mother is making tea for us.,माँ हमारे लिये चाय बना रही है।
I want a cup of tea.,मुझे एक कप चाय चाहिए।
Where is the tea with milk?,दूध वाली चाय कहाँ है?
Where is the tea with milk?,दूध वाली चाय किधर है?
Tom likes coffee better than tea.,टॉम को चाय से ज़्यादा कॉफ़ी पसंद है।
Would you like tea or something?,चाय-वाय कुछ लोगे?
Would you like tea or something?,चाय-वाय कुछ लेंगे आप?
Would you like tea or something?,चाय-वाय कुछ लेंगी आप?
Would you like tea or something?,चाय-वाय कुछ लोगी?
When will human greed end?,इनसान की लालच कब ख़त्म होगी?
The escalator suddenly stopped.,एस्केलेटर अचानक थम गया।
I will learn Esperanto.,मैं एस्पेरांतो सीखूंगा।
I will learn Esperanto.,मैं एस्पेरांतो सीखूंगी।
Do you like Earl Grey tea?,क्या आपको अर्ल ग्रे चाय पसंद है?
Do you like Earl Grey tea?,तुम्हें अर्ल ग्रे चाय अच्छी लगती है क्या?
Can I get you some tea?,तुम्हारे लिये थोड़ी सी चाय लाऊँ?
Can I get you some tea?,थोड़ी सी चाय लाऊँ?
Can I get you some tea?,आपके लिये थोड़ी सी चाय लाऊँ?
Does Tom like Earl Grey tea?,क्या टॉम को अर्ल ग्रे चाय पसंद है?
The girl is drinking tea now.,लड़की अभी चाय पी रही है।
Do you want tea or coffee?,चाय चाहिए या कॉफ़ी?
It's not my cup of tea.,मेरे बस की बात नहीं है।
Golf isn't my cup of tea.,गोल्फ़ मेरे बस की बात नहीं है।
What would the world do without tea?,चाय ना होती तो दुनिया क्या करती?
Was I talking to you?,क्या मैं तुमसे बात कर रहा था?
Was I talking to you?,क्या मैं तुमसे बात कर रही थी?
Was I talking to you?,क्या मैं आपसे बात कर रहा था?
Was I talking to you?,क्या मैं आपसे बात कर रही थी?
Tom only talks to me.,टॉम बस मुझसे बात करता है।
Should I talk to Tom?,क्या मुझे टॉम से बात कर लेनी चाहिए?
Can we talk with Tom?,क्या हम टॉम से बात कर सकते हैं?
Can we talk tomorrow?,क्या हम कल बात कर सकते हैं?
Who is Tom talking to?,टॉम किससे बात कर रहा है?
Tom had no desire to learn French.,टॉम की फ़्रांसीसी सीखने की कोई इच्छा नहीं थी।
Some believe that the Earth is a kind of hell.,कोई मानते हैं के पृथ्वी एक प्रकार का नरक है।
I am still eating.,मैं अभी भी खा रहा हूँ।
I am still eating.,मैं अभी भी खा रही हूँ।
It is soft.,मुलायम है।
What's the meaning of this sentence?,इस वाक्य का मतलब क्या है?
Religion played an important role during the Middle Ages.,मध्ययुग के दौरान धर्म ने एक अहम भूमिका निभाई।
She taught her children Russian.,उसने अपने बच्चों को रूसी सिखाई।
He fled with the money.,वह पैसा ले कर भाग गया।
He fled with the money.,वह पैसे के साथ भाग गया।
"What do you want to know? ""Everything.""","तुम क्या जानना चाहते हो? ""सब कुछ।"""
"What do you want to know? ""Everything.""","क्या जानना चाहती हो? ""सब कुछ।"""
"What do you want to know? ""Everything.""","आप क्या जानना चाहते हैं? ""सब कुछ।"""
"What do you want to know? ""Everything.""","आप क्या जानना चाहतीं हैं? ""सब कुछ।"""
We know her.,हम उसे जानते हैं।
Mary knows her.,मैरी उसे जानती है।
Mary knows her.,मैरी उन्हें जानती है।
She knows her.,वह उसे जानती है।
She knows her.,वह उन्हें जानती है।
She knows her.,वे उन्हें जानतीं है।
She knows her.,वे उसे जानतीं है।
He knows her.,वह उसे जानता है।
He knows her.,वह उन्हें जानता है।
He knows her.,वे उन्हें जानते हैं।
He knows her.,वे उसे जानते हैं।
This song always reminds me of my childhood.,यह गाना हमेशा मुझे मेरे बचपन की याद दिलाता है।
Can you sing this song?,क्या तुम यह गाना गा सकते हो?
Can you sing this song?,क्या आप यह गाना गा सकते हैं?
Can you sing this song?,क्या आप यह गाना गा सकतीं हैं?
Can you sing this song?,क्या तुम यह गाना गा सकती हो?
This song is very popular in Japan.,यह गाना जापान में बहुत लोकप्रिय है।
This song makes me happy.,यह गाना सुन कर में ख़ुश हो जाता हूँ।
This song makes me happy.,यह गाना मुझे ख़ुश करता है।
This song makes me happy.,यह गाना सुन कर में खुश हो जाती हूँ।
This song is known to everyone.,यह गाना सभी को पता है।
This song is known to everyone.,यह गाना तो सब जानते हैं।
This song was written by Foster.,यह गाना फ़ॉस्टर ने लिखा था।
"This song's name is ""Only You"".","इस गाने का नाम हे ""बस तुम""।"
"This song's name is ""Only You"".","इस गाने का नाम हे ""बस आप""।"
"This song's name is ""Only You"".","इस गाने का नाम हे ""ऑनली यू""।"
I'm learning the Burmese language.,मैं बर्मी भाषा सीख रहा हूँ।
I'm learning the Burmese language.,मैं बर्मी भाषा सीख रही हूँ।
"As far as I know, she's not yet married.","जहाँ तक कि मुझे पता है, उसने अभी तक शादी नहीं की है।"
Emily is afraid of spiders.,ऐमिली मकडियों से डरती है।
Emily isn't afraid of spiders.,ऐमिली मकडियों से डरती नहीं।
I am not Mongolian.,मैं मंगोलीयाई नहीं हूँ।
We don't do anything.,हम कुछ नहीं करते।
We've got another three days.,हमारे पास और तीन दिन हैं।
Tom was at home alone.,टॉम घर पर अकेला था।
Tom was home alone.,टॉम घर पर अकेला था।
Are Osakans greedy?,क्या ओसाकावासी लालची होते हैं?
Having unprotected sex is dangerous.,असुरक्षित सेक्स खतरनाक होता है।
Sex is important to me.,सेक्स मेरे लिये महत्त्वपूर्ण है।
Tom has sex with Mary.,टॉम मैरी के साथ सेक्स करता है।
Tom has sex with Mary.,टॉम मैरी के साथ संभोग करता है।
Same-sex marriage is legal here.,यहाँ समलैंगिक विवाह वैध है।
We don't have sex anymore.,अभी हम सेक्स नहीं करते।
Dan and Linda began to have sex.,डॅन और लिंडा सेक्स करने लगे।
The most important sex organ is the brain.,सबसे महत्त्वपूर्ण यौन अंग होता है दिमाग।
Do you want to have sex with me tonight?,क्या आप आज रात मेरे साथ सेक्स करना चाहतीं हैं?
"The meaning of the word ""sex"" is often unclear.",सेक्स शब्द का मतलब अक्सर अस्पष्ट होता है।
Software is like sex: it's better when it's free.,सॉफ़्टवेयर सेक्स की तरह होता है: मुफ़्त में मिले तो बेहतर।
"After sex, I fell asleep with my head on her belly.",सेक्स के बाद मैं उसके पेट पर सिर रख कर सो गया।
"After sex, I fell asleep with my head on her belly.",सेक्स के बाद मैं उसके पेट पर सिर रख कर सो गई।
"We love each other, but we don't have sex anymore.","हम एक दूसरे से प्यार करते हैं, मगर अब हम सेक्स नहीं करते।"
What a dick!,क्या लंड है!
What a dick!,क्या लौडा है!
"Dick says, ""I can swim.""","डिक कहता है ""मैं तैर सकता हूँ।"""
This room is very large.,यह कमरा बहुत बड़ा है।
Are they live?,क्या वे ज़िंदा हैं?
That is my book.,वह मेरी किताब है।
That is my book.,वह मेरा पुस्तक है।
That's my book.,वह मेरी किताब है।
That's my book.,वह मेरा पुस्तक है।
I drink coffee.,मैं कॉफ़ी पीता हूँ।
I drink coffee.,मैं कॉफ़ी पीती हूँ।
He lives in Osaka.,वह ओसाका में रहता है।
He lives in Osaka.,वे ओसाका में रहते हैं।
I live in Osaka.,मैं ओसाका में रहता हूँ।
I live in Osaka.,मैं ओसाका में रहती हूँ।
I was born in Osaka.,मैं ओसाका में पैदा हुआ।
I was born in Osaka.,मेरा जन्म ओसाका में हुआ।
My grandfather is from Osaka.,मेरे दादा ओसाका के हैं।
My grandfather is from Osaka.,मेरे नाना ओसाका के हैं।
Osaka is larger than Kyoto.,ओसाका क्योटो से बड़ा है।
Our main office is in Osaka.,हमारा मुख्य कार्यालय ओसाका में है।
When did he return from Osaka?,वह ओसाका से कब लौटा?
When did he return from Osaka?,वह ओसाका से कब लौट आया?
When did he come back from Osaka?,वह ओसाका से वापस कब आया?
"He has two brothers, one lives in Osaka and the other in Kobe.","उसके दो भाई हैं, एक ओसाका में रहता है और दूसरा कोबे में।"
I like China.,मुझे चीन पसंद है।
China is a large country.,चीन बड़ा देश है।
China is a great country.,चीन महान देश है।
China is larger than Japan.,चीन जापान से बड़ा है।
I was born in China.,मैं चीन में पैदा हुआ था।
I was born in China.,मैं चीन में पैदा हुई थी।
"English is studied in China, too.",चीन में भी अंग्रेज़ी सीखी जाती है।
English is also studied in China.,अंग्रेज़ी भी चीन में पढ़ी जाती है।
The Swiss keyboard doesn't have a ß.,स्वीस कीबोर्ड पर ß नहीं होता।
"This is what we call ""tempura"".","इसी को हम ""तेम्पुरा"" कहते हैं।"
Fire!,आग!
Fire! Run!,आग! भागो!
Fire is very dangerous.,आग बहुत खतरनाक होती है।
I cannot touch fire.,मैं आग को हाथ नहीं लगा सकता।
I cannot touch fire.,मैं आग को हाथ नहीं लगा सकती।
Come near the fire.,आग के पास आओ।
Come near the fire.,आग के करीब आओ।
Tom needed water.,टॉम को पानी की ज़रूरत थी।
Tom needs water.,टॉम को पानी की ज़रूरत है।
We need water.,हमें पानी की ज़रूरत है।
I need water.,मुझे पानी की ज़रूरत है।
I drink water.,मैं पानी पीता हूँ।
I drink water.,मैं पानी पीती हूँ।
You have water.,तुम्हारे पास पानी है।
You have water.,आपके पास पानी है।
Give me water.,मुझे पानी दो।
Give me water.,मुझे पानी दीजिए।
I want some water.,मुझे थोड़ा सा पानी चाहिए।
I only drink water.,मैं बस पानी पीता हूँ।
I only drink water.,मैं बस पानी पीती हूँ।
How's the water?,पानी कैसा है?
The water was cold.,पानी ठंडा था।
The water is cold.,पानी ठंडा है।
You're wasting water.,तुम पानी बरबाद कर रहे हो।
You're wasting water.,तुम पानी बरबाद कर रही हो।
We're wasting water.,हम पानी बरबाद कर रहे हैं।
Tom is getting water.,टॉम को पानी मिल रहा है।
Tom is getting water.,टॉम पानी ला रहा है।
The water was blue.,पानी नीला था।
I drink the water.,मैं पानी पीता हूँ।
Watch your language.,ज़बान संभाल।
Watch your language.,ज़बान संभाल के बात कीजिए।
Culture destroys language.,संस्कृति भाषा का सर्वनाश करती है।
I know your language.,मुझे तुम्हारी भाषा आती है।
I know your language.,मुझे आपकी भाषा आती है।
I speak the Persian language.,मैं फ़ारसी भाषा बोलता हूँ।
I speak the Persian language.,मैं फ़ारसी भाषा बोलती हूँ।
English is an international language.,अंग्रेज़ी एक अंतर्राष्ट्रीय भाषा है।
Give me my sword.,मुझे मेरी तलवार दे दो।
Give me my sword.,मुझे मेरी तलवार दीजिए।
This mosque needs a new imam.,इस मस्जिद को एक नये इमाम की ज़रूरत है।
How many mosques are there in Istanbul?,इस्तांबुल में कितनी मस्जिदें हैं?
A river flows.,नदी बहती है।
She doesn't want kids.,उसे बच्चे नहीं चाहिए।
My husband is lazy.,मेरे पती आलसी हैं।
You don't want to go there.,तुम वहाँ नहीं जाना चाहते।
You don't want to go there.,तुम वहाँ नहीं जाना चाहती।
They kept running.,वे भागते रहे।
They kept running.,वे दौड़ते रहे।
Why did you let her go?,तुमने उसे जाने क्यों दिया?
Why did you let her go?,आपने उसे जाने क्यों दिया?
Why did you let her go?,तुमने उन्हें जाने क्यों दिया?
Why did you let her go?,आपने उन्हें जाने क्यों दिया?
Why did you let him go?,तुमने उसे जाने क्यों दिया?
Why did you let him go?,तुमने उन्हें जाने क्यों दिया?
Why did you let him go?,आपने उन्हें जाने क्यों दिया?
Why did you let him go?,आपने उसे जाने क्यों दिया?
Why did you let me go?,तुमने मुझे जाने क्यों दिया?
Why did you let me go?,आपने मुझे जाने क्यों दिया?
Why did you let them go?,तुमने उन्हें जाने क्यों दिया?
Why did you let them go?,आपने उन्हें जाने क्यों दिया?
Why did you let us go?,तुमने हमें जाने क्यों दिया?
Why did you let us go?,आपने हमें जाने क्यों दिया?
What is art?,कला क्या होती है?
What is art?,कला मतलब?
I like English.,मुझे अंग्रेज़ी पसंद है।
I like English.,मुझे अंग्रेज़ी अच्छी लगती है।
It will only take a few minutes.,बस कुछ ही मिनट लगेंगे।
Millie is eating a banana.,मिली केला खा रही है।
Millie is eating a banana.,मिली एक केला खा रही है।
I won't let Tom do that.,मैं टॉम को वैसे करने नहीं दूंगा।
I won't let Tom do that.,मैं टॉम को वैसे करने नहीं दूंगी।
Taft did not want to be president.,टाफ़्ट राष्ट्रपति नहीं बनना चाहते थे।
John Kennedy was just forty-three.,जॉन केनडी केवल तैंतालीस साल के थे।
We have only two dollars.,हमारे पास तो बस दो डॉलर हैं।
We should study.,हमें पढ़ाई करनी चाहिए।
The cost of the book is five dollars.,किताब की कीमत पाँच डॉलर है।
The distance from my house to your house is two kilometers.,मेरे घर से तुम्हारे घर के बीच का अंतर दो किलोमीटर है।
He was a member of the Republican Party.,वे रिपब्लिकन पार्टी के सदस्य थे।
Tom was rich.,टॉम अमीर था।
Tom was running.,टॉम भाग रहा था।
Tom was sad.,टॉम उदास था।
Tom was sick.,टॉम बीमार था।
Tom was silent.,टॉम शांत था।
Tom was smiling.,टॉम मुस्कुरा रहा था।
Tom was surrounded.,टॉम को घेर लिया गया था।
Tom was there.,टॉम वहाँ था।
Tom was unconscious.,टॉम बेहोश था।
Tom was walking.,टॉम चल रहा था।
Tom was working.,टॉम काम कर रहा था।
Tom wasn't bald.,टॉम गंजा नहीं था।
Tom wasn't crazy.,टॉम पागल नहीं था।
Tom wasn't here.,टॉम यहाँ नहीं था।
Tom wasn't home.,टॉम घर पर नहीं था।
Tom wants to be your friend.,टॉम तुम्हारा दोस्त बनना चाहता है।
Tom wants to be your friend.,टॉम आपका मित्र बनना चाहता है।
Tom wants to ask Mary something.,टॉम मैरी से कुछ पूछना चाहता है।
Tom wants this one.,टॉम को यह वाला चाहिए।
I want to go there.,मैं वहाँ जाना चाहता हूँ।
I want to go there.,मैं वहाँ जाना चाहती हूँ।
I want to help you.,मैं तुम्हारी मदद करना चाहता हूँ।
I want to help you.,मैं आपकी मदद करना चाहता हूँ।
I want to help you.,मैं तुम्हारी मदद करना चाहती हूँ।
I want to help you.,मैं आपकी मदद करना चाहती हूँ।
Scorpions are dangerous.,बिच्छू खतरनाक होते हैं।
Tom's sentences are very long.,टॉम के वाक्य बहुत लंबे होते हैं।
"How can I lose? answered Satan. ""All the umpires are down here in Hell.""","मैं हार कैसे सकता हूँ? शैतान ने जवाब दिया। ""सभी अंपायर तो यहीं नर्क में हैं।"""
Tom can't swim.,टॉम तैर नहीं सकता।
Tom can't swim tomorrow.,टॉम कल तैर नहीं सकता।
Tom can't swim at all.,टॉम बिलकुल भी तैर नहीं सकता।
Tom can't read French.,टॉम को फ़्रांसीसी पढ़ने नहीं आती।
Tom can't read all these books in one day.,टॉम यह सारी किताबें एक दिन में नहीं पढ़ सकता।
Tom can't play the piccolo.,टॉम पिकोलो नहीं बजा सकता।
Tom can't play tennis here.,टॉम यहाँ टेनिस नहीं खेल सकता।
Why didn't she tell me?,उसने मुझे क्यों नहीं बताया?
Why do children lie to their parents?,बच्चे अपने माता-पिता से झूठ क्यों बोलते हैं?
Why do people not always tell the truth?,लोग हमेशा सच क्यों नहीं कहते?
She is my girlfriend.,वह मेरी गर्लफ़्रेंड है।
Tom is Mary's grandson.,टॉम मैरी का पोता है।
Tom and Mary don't talk to each other anymore.,टॉम और मैरी अभी एक-दूसरे से बात नहीं करते.
I'm not dead yet.,मैं अभी तक मरा नहीं हूँ।
I'm not dead yet.,मैं अभी तक मरी नहीं हूँ।
Don't ask.,पूछ मत।
Don't ask.,पूछिए मत।
Don't ask.,पूछो मत।
When did Tom say that?,टॉम ने वैसा कब कहा?
You're so lazy.,कितने आलसी हो तुम।
You're so lazy.,तुम कितनी आलसी हो।
You're so lazy.,कितने आलसी हैं आप।
You're so lazy.,कितनी आलसी हैं आप।
I found him.,मुझे वह मिला।
I found him.,वह मुझे मिल गया।
I found him.,मुझे वे मिल गये।
Tom is homeless.,टॉम बेघर है।
Tom's homeless.,टॉम बेघर है।
She's my friend.,वह मेरी दोस्त है।
She's my friend.,वह मेरी सहेली है।
She is my friend.,वह मेरी दोस्त है।
She is my friend.,वह मेरी सहेली है।
He's my friend.,वह मेरा दोस्त है।
He's my friend.,वह मेरा मित्र है।
He is my friend.,वह मेरा मित्र है।
He is my friend.,वह मेरा दोस्त है।
This is my friend.,यह मेरा दोस्त है।
This is my friend.,यह मेरी सहेली है।
This is my friend.,यह मेरा मित्र है।
This is my friend.,यह मेरी दोस्त है।
The bicycle under the tree is mine.,पेड़ के नीचे वाली साइकिल मेरी है।
I see a house among the trees.,पेड़ों के बीच मुझे एक घर नज़र आ रहा है।
I see a house among the trees.,वृक्षों के बीच मुझे एक घर दिखाई दे रहा है।
The leaves began to turn red and yellow.,पन्ने लाल और पीले होने लगे।
The leaves blew off.,पन्ने उड़ गये।
It seems that he is fine.,लगता है वह ठीक है।
It seems that he is fine.,लगता है वे ठीक हैं।
The sky is above the earth.,धरती के ऊपर आकाश है।
Nijmegen is the oldest city in the Netherlands.,नैइमेग़न नीदरलैंड में सबसे पुराना शहर है।
Where is the Dutch embassy?,डच दूतावास कहाँ है?
Susan Greene... are you Dutch?,सूज़न ग्रीन... क्या आप डच हैं?
Susan Greene... are you Dutch?,सूज़न ग्रीन... क्या तुम डच हो?
Dutch people can speak many languages.,डच लोगों को कई भाषाएँ बोलनी आती हैं।
He took me for an Englishman.,वह मुझे अंग्रेज़ समझ बैठा।
He took me for an Englishman.,वे मुझे अंग्रेज़ समझ बैठे।
They walked together.,वे एक-साथ चले।
What do you like about him?,तुम्हें उसके बारे में क्या अच्छा लगता है?
What do you like about him?,तुम्हें उनके बारे में क्या अच्छा लगता है?
What do you like about him?,आपको उसकी कौनसी बात अच्छी लगी?
What do you like about him?,आपको उसके बारे में क्या अच्छा लगता है?
What's your favorite font?,तुम्हारा पसंदीदा फॉन्ट कौनसा है?
What's your favorite font?,आपका पसंदीदा फॉन्ट कौनसा है?
Your life is in danger.,तुम्हारी जान खतरे में है।
Your life is in danger.,आपकी जान खतरे में है।
There are two cows in the village.,गाँव में दो गाएँ हैं।
Sing with us.,हमारे साथ गाओ।
Sing with us.,हमारे साथ गाइए।
Who are these people?,ये लोग कौन है?
Tom works at a bank.,टॉम एक बैंक में काम करता है।
Tom works in a bank.,टॉम एक बैंक में काम करता है।
What's your son's name?,तुम्हारे बेटे का नाम क्या है?
What's your son's name?,आपके बेटे का नाम क्या है?
He is not in the city.,वह शहर में नहीं है।
What color is your dress?,कौनसे रंग का है तुम्हारा ड्रेस?
What color is your dress?,आपका ड्रेस कौनसे रंग का है?
I'm not a gambler.,मैं जुआ खेलनेवाला नहीं हूँ।
Books are lying about on the floor.,फ़र्श पर किताबें पड़ी हुई हैं।
I'm able to run.,मैं दौड़ सकता हूँ।
I'm able to run.,मैं भाग सकता हूँ।
I'm able to run.,मैं भाग सकती हूँ।
I'm able to run.,मैं दौड़ सकती हूँ।
I can run.,मैं भाग सकती हूँ।
I can run.,मैं भाग सकता हूँ।
I can run.,मैं दौड़ सकता हूँ।
I can run.,मैं दौड़ सकती हूँ।
You know Tom.,तुम टॉम को जानते हो।
You know Tom.,तुम टॉम को जानती हो।
You know Tom.,आप टॉम को जानते हैं।
You know Tom.,आप टॉम को जानतीं हैं।
You know Tom.,आप टॉम को तो जानते ही हैं।
You know Tom.,टॉम तो तुम्हें पता है।
You know Tom.,टॉम तुम्हें मालूम है।
You were young.,तुम जवान थे।
You were young.,आप जवान थे।
You were young.,आप जवान थीं।
You were young.,तुम जवान थी।
"Belgium is called ""België"" in Flemish.","बेल्जियम को फ्लेमिश में ""बेलख़िए"" कहते हैं।"
I don't completely trust him.,मेरा उस पर पूरा विश्वास नहीं है।
I don't completely trust him.,मेरा उन पर पूरा विश्वास नहीं है।
I don't completely trust him.,मैं उस पर पूरी तरह से भरोसा नहीं करता।
I don't completely trust him.,मैं उस पर पूरी तरह से भरोसा नहीं करती।
Who wants this?,यह किसे चाहिए?
Have you ever had a girlfriend?,क्या तुम्हारी कभी कोई गर्लफ़्रेंड रही है?
Have you ever had a girlfriend?,क्या आपकी कभी कोई गर्लफ़्रेंड रही है?
Who said that? It's totally wrong!,वैसा किसने कहाँ? वह तो पूरी तरह से गलत है!
Tom is here somewhere.,टॉम यहीं कहीं है।
Tom is here somewhere.,टॉम यहीं आसपास कहीं है।
Let's go and ask him.,जा कर उसे पूछते हैं।
Let's go and ask him.,जा कर उन्हें पूछते हैं।
You have a noodle on your nose.,तेरे नाक पर एक नूडल है।
You have a noodle on your nose.,तुम्हारे नाक पर एक नूडल है।
You have a noodle on your nose.,आपके नाक पर एक नूडल है।
It is a big responsibility.,बड़ी ज़िम्मेदारी है।
It's a big responsibility.,बड़ी ज़िम्मेदारी है।
I'm not playing with you.,मैं तुम्हारे साथ नहीं खेल रहा।
I'm not playing with you.,मैं तुम्हारे साथ नहीं खेल रही।
I'm not playing with you.,मैं आपके साथ नहीं खेल रहा।
I'm not playing with you.,मैं आपके साथ नहीं खेल रही।
"She's trying to whistle, but she doesn't know how.","वह सीटी बजाने की कोशिश कर रही है, मगर उसे बजाने नहीं आती।"
She knows my wife.,वह मेरे बीवी को जानती है।
She knows my wife.,वे मेरे बीवी को जानतीं है।
Tom wants something else.,टॉम को कुछ और चाहिए।
Tom wants something else.,टॉम कुछ और ही चाहता है।
Does everybody understand?,क्या सभी को समझ आता है?
Does everybody understand?,क्या सभी को समझ आ रहा है?
Let me go.,जाने दीजिए मुझे।
Let me go.,मुझे जाने दो।
Let me go.,जाने दे मुझे।
Are you back from Japan?,जापान से लौट आए?
Are you back from Japan?,तुम जापान से लौट आए हो क्या?
Can you come and get me?,क्या तुम मुझे लेने आ सकते हो?
Can you come and get me?,क्या तुम मुझे लेने आ सकती हो?
Can you come and get me?,क्या आप मुझे लेने आ सकते हैं?
Can you come and get me?,क्या आप मुझे लेने आ सकतीं हैं?
You're acting like a three-year-old.,तुम किसी तीन साल के बच्चे की तरह बर्ताव कर रहे हो।
You're acting like a three-year-old.,तुम किसी तीन साल के बच्चे की तरह बर्ताव कर रही हो।
You're acting like a three-year-old.,आप किसी तीन साल के बच्चे की तरह बर्ताव कर रहे हैं।
You're acting like a three-year-old.,आप किसी तीन साल के बच्चे की तरह बर्ताव कर रहीं हैं।
You are acting like a three-year-old child.,तुम किसी तीन साल के बच्चे की तरह बर्ताव कर रहे हो।
You are acting like a three-year-old child.,आप किसी तीन साल के बच्चे की तरह बर्ताव कर रहे हैं।
You are acting like a three-year-old child.,तुम किसी तीन साल के बच्चे की तरह बर्ताव कर रही हो।
You are acting like a three-year-old child.,आप किसी तीन साल के बच्चे की तरह बर्ताव कर रहीं हैं।
Are you coming back tomorrow?,क्या तुम कल लौट आ रहे हो?
Are you coming back tomorrow?,क्या तुम कल लौट आ रही हो?
Are you coming back tomorrow?,क्या आप कल लौट आ रहे हैं?
Are you coming back tomorrow?,क्या आप कल लौट आ रहीं हैं?
It will rain tomorrow.,कल बारिश गिरेगी।
Where's the rest of the money?,बाकी का पैसा कहाँ है?
Even the blackest cow only gives white milk.,सबसे काली गाय भी सफ़ेद दूध ही देती।
Who do I live for?,मैं किसके लिये जीता हूँ?
Who do I live for?,मैं किसके लिये जीती हूँ?
Tom wants to marry me.,टॉम मुझसे शादी करना चाहता है।
This is a Turkish tradition.,यह एक तुर्की परंपरा है।
"Afterwards, I did not speak with them.","उसके बाद, मैंने उनसे बात नहीं की।"
Where are Tom's keys?,टॉम की चाबियाँ कहाँ हैं?
Whose beer is this?,यह किसकी बियर है?
There it is!,वह रहा!
There he is!,वह रहा!
This is my fiancé.,यह मेरा मंगेतर है।
This is my fiancé.,ये मेरा मंगेतर हैं।
Take him outside.,उसे बाहर ले जाओ।
Take him outside.,उसे बाहर ले जाइए।
I closed my phone.,मैंने मेरा फ़ोन बंद किया।
Why aren't they coming?,वे क्यों नहीं आ रहे हैं?
Why aren't they coming?,वे क्यों नहीं आ रहीं हैं?
They didn't run.,वे नहीं भागे।
Why aren't you eating?,तुम खा क्यों नहीं रहे?
Why aren't you eating?,आप खा क्यों नहीं रहे?
Nobody can stop us now.,अभी हमें कोई नहीं रोक सकता।
Tom is still missing.,टॉम अभी भी लापता है।
Tom is still reading.,टॉम अभी भी पढ़ रहा है।
Tom is still sleeping.,टॉम अभी भी सो रहा है।
Tom is still asleep.,टॉम अभी भी सोया हुआ है।
Tom is still standing.,टॉम अभी भी खड़ा है।
I have an erection.,मेरा खड़ा है।
I've got a boner.,मेरा खड़ा है।
Tom is still there.,टॉम अभी भी वहाँ है।
Tom is still there.,टॉम अभी भी वहीं है।
Tom is still working.,टॉम अभी भी काम कर रहा है।
Tom is still worried.,टॉम अभी भी चिंतित है।
Tom is the best.,टॉम सबसे अच्छा है।
Tom is the captain.,टॉम कप्तान है।
Tom is the defendant.,टॉम प्रतिवादी है।
Tom is the enemy.,टॉम दुशमन है।
Tom is the enemy.,टॉम शत्रु है।
Tom is the killer.,हत्यारा टॉम है।
Tom is the murderer.,खूनी टॉम है।
Tom is the strongest.,टॉम सबसे बलवान है।
Tom is the strongest.,टॉम सबसे ताकतवर है।
Tom is there alone.,टॉम वहाँ अकेला है।
We're dancing.,हम नाच रहे हैं।
Where did Tom and Mary go?,टॉम और मैरी कहाँ गये?
Tom is a politician.,टॉम नेता है।
I'm Italian.,मैं इतालवी हूँ।
I am Italian.,मैं इतालवी हूँ।
He is an Italian.,वह इतालवी है।
He's Italian.,वह इतालवी है।
She is Italian.,वह इतालवी है।
Does she understand Italian?,क्या उसे इतालवी समझ आती है?
Rafaela is an Italian name.,राफ़ाएला इतालवी नाम है।
Where is the Italian embassy?,इतालवी दूतावास कहाँ है?
Italian is my mother tongue.,इतालवी मेरी मातृभाषा है।
Italian is my native language.,इतालवी मेरी मातृभाषा है।
Why were you helping Tom?,तुम टॉम की मदद क्यों कर रहे थे?
Why were you helping Tom?,तुम टॉम की मदद क्यों कर रही थी?
Why were you helping Tom?,आप टॉम की मदद क्यों कर रहे थे?
Why were you helping Tom?,आप टॉम की मदद क्यों कर रहीं थीं?
She is not beautiful.,वह सुंदर नहीं है।
When is Tom coming?,टॉम कब आ रहा है?
My boyfriend was crying.,मेरा बॉयफ़्रेंड रो रहा था।
Tom won't let you do that.,टॉम आपको वैसे करने नहीं देगा।
Tom and Mary are still inside.,टॉम और मैरी अभी भी अंदर हैं।
Tom came out of his room.,टॉम अपने कमरे से बाहर आया।
You know him.,तुम उसे जानते हो।
You know him.,तुम उसे जानती हो।
You know him.,आप उसे जानते हैं।
You know him.,आप उसे जानतीं हैं।
You know him.,तुम उन्हें जानते हो।
You know him.,तुम उन्हें जानती हो।
You know him.,आप उन्हें जानते हैं।
You know him.,आप उन्हें जानतीं हैं।
You know him.,तुम तो उसे जानते हो।
You know him.,तुम तो उसे जानती हो।
You know him.,आप तो उन्हें जानते हैं।
You know him.,आप तो उन्हें जानतीं हैं।
You know her.,आप तो उन्हें जानतीं हैं।
You know her.,आप तो उन्हें जानते हैं।
You know her.,तुम तो उसे जानती हो।
You know her.,तुम तो उसे जानते हो।
You know her.,आप उन्हें जानतीं हैं।
You know her.,आप उन्हें जानते हैं।
You know her.,तुम उन्हें जानते हो।
You know her.,आप उसे जानतीं हैं।
You know her.,आप उसे जानते हैं।
You know her.,तुम उसे जानती हो।
You know her.,तुम उसे जानते हो।
Why did Tom do that?,टॉम ने वैसा क्यों किया?
Why did Tom do this?,टॉम ने ऐसा क्यों किया?
What's the total population of France?,फ़्रांस की कुल जनसंख्या कितनी है?
Wrong.,गलत।
Why?,क्यों?
Nonsense!,बकवास!
Really?,सच?
Really?,सच में?
Help!,बचाइए!
No.,नहीं।
Whatever!,जो भी हो!
Whatever!,जो भी!
Goodbye!,अलविदा!
Gotcha!,मिल गया!
Gotcha!,पकड़ लिया!
Sure!,ज़रूर!
Come!,आओ!
Come!,आइए!
Come!,आ जाओ!
Come!,आ जाइए!
Come over!,आ जाओ!
Come over!,आ जाइए!
Impossible.,नामुमकिन।
Strange.,अजीब बात है।
That's weird.,अजीब बात है।
That's odd.,अजीब बात है।
So?,तो?
Careful!,संभाल के!
Careful!,संभाल!
Careful!,संभालिए!
Listen!,सुन!
Listen!,सुनो!
Listen!,सुनिए!
Pull!,खींचो!
Pull!,खींचिए!
Pull!,खींच!
Southward.,दक्षिण की तरफ़।
To the south.,दक्षिण की तरफ़।
Done.,हो गया।
Goal!,गोल!
Okay.,ठीक है।
Liar!,झूठे!
Liar!,झूठे कहीं के!
Liar!,झूठी!
Liar!,झूठी कहीं की!
Quiet!,शांत!
Again?,फिर?
Again?,फिर से?
Push!,धकेलो!
Push!,धकेलिए!
Checkmate.,शह और मात।
Wait!,रुक!
Wait!,रुक जाइए!
Wait!,रुको!
Wait!,रुकिए!
Begin!,शुरू करो!
Begin!,शुरू कीजिए!
Look!,देख!
Look!,देखिए!
Look!,देखो!
Quick!,जल्दी!
Listen.,सुन।
Listen.,सुनिए।
Attack!,आक्रमण!
Attack!,हल्ला बोल!
Answer!,जवाब दो!
Answer!,जवाब दीजिए!
OK.,ठीक है।
Write!,लिख!
Write!,लिखिए!
Write!,लिखो!
Go.,जा।
Go.,जाइए।
Wrong!,गलत!
Hello?,हैलो?
So what?,तो क्या?
So what?,तो क्या हुआ?
What have I done?,यह मैंने क्या किया?
What have I done?,यह मैंने क्या किया है?
What have I done?,मैंने क्या किया है?
Tom's dream is coming true.,टॉम का सपना सच हो रहा है।
Tom's dream is coming true.,टॉम का सपना सच होने लगा है।
This is just like a dream.,यह तो बिलकुल किसी सपने की तरह है।
What about Tom?,टॉम का क्या?
I was with him last night.,मैं कल रात उसके साथ था।
I was with him last night.,मैं कल रात उसके साथ थी।
I was with him last night.,मैं कल रात उनके साथ था।
I was with him last night.,मैं कल रात उनके साथ थी।
I didn't know him very well.,मैं उसे अच्छी तरह से नहीं जानता।
I didn't know him very well.,मैं उसे अच्छी तरह से नहीं जानती।
I didn't know him very well.,मैं उन्हें अच्छी तरह से नहीं जानता।
I didn't know him very well.,मैं उन्हें अच्छी तरह से नहीं जानती।
Tom broke both of his legs.,टॉम ने उसकी दोनों टांगे तोड़ दी।
Tom broke both of his legs.,टॉम ने उनकी दोनों टांगे तोड़ दी।
I turned the computer off.,मैंने कम्प्यूटर बंद कर दिया।
I was not drinking.,मैं नहीं पी रहा था।
I was not drinking.,मैं पी नहीं रही थी।
"If you were Tom, what would you want?",अगर तुम टॉम होते तो तुम्हें क्या चाहिए होता?
"If you were Tom, what would you want?",अगर तुम टॉम होती तो तुम्हें क्या चाहिए होता?
"If you were Tom, what would you want?",अगर आप टॉम होते तो आपको क्या चाहिए होता?
"If you were Tom, what would you want?",अगर आप टॉम होतीं तो आपको क्या चाहतीं?
"If you were Tom, what would you want?",तुम अगर टॉम होते तो तुम क्या चाहते?
We don't know it.,हमें नहीं पता।
We don't know it.,हम नहीं जानते।
We don't know it.,हमें मालूम नहीं।
Tom looked at his watch again.,टॉम ने फिर से अपनी घड़ी की तरफ़ देखा।
I can't wait another week.,मैं और एक हफ़्ता नहीं रुक सकता।
I can't wait another week.,मैं और एक हफ़्ता इंतज़ार नहीं कर सकती।
Tell her that I am tired.,उससे कहिए मैं थक गया हूँ।
Tell her that I am tired.,उससे कहो मैं थक गया हूँ।
Tell her that I am tired.,उससे कहिए मैं थक गयी हूँ।
Tell her that I am tired.,उससे कहो मैं थक गयी हूँ।
We weren't friends.,हम दोस्त नहीं थे।
Leave it.,छोड़।
Leave it.,छोड़िए।
He tried to kiss me.,उसने मुझे चूमने की कोशिश की।
He tried to kiss me.,उन्होंने मुझे चूमने की कोशिश की।
My little brother can read English.,मेरे छोटे भाई को अंग्रेज़ी पढ़ने आती है।
It's not Tom.,टॉम नहीं है।
It isn't Tom.,टॉम नहीं है।
Tom isn't there.,टॉम नहीं है।
I was there that day.,उस दिन मैं वहाँ था।
Tom doesn't have a ticket.,टॉम के पास टिकट नहीं है।
Everyone is talking about Tom.,सभी टॉम के बारे में बात कर रहे हैं।
Algeria is my country.,अल्जीरिया मेरा देश है।
Japan is an industrial country.,जापान एक औद्योगिक देश है।
Japan is an industrial nation.,जापान एक औद्योगिक राष्ट्र है।
Japan is a beautiful country.,जापान सुंदर देश है।
Holland is a small country.,हॉलैंड छोटा देश है।
China is a huge country.,चीन एक विशाल देश है।
Poland is a big country.,पोलैंड एक बड़ा देश है।
Turkey is a beautiful country.,तुर्की एक सुंदर देश।
Turkey is a developed country.,तुर्की एक विकसित देश है।
Israel is a developed country.,इज़राइल एक विकसित देश है।
Wallonia is a beautiful country.,वालोनिया एक सुंदर देश है।
Our country has no future.,हमारे देश का कोई भविष्य नहीं है।
Brazil is a big country.,ब्राज़ील एक बड़ा देश है।
Brazil is a huge country.,ब्राज़ील एक विशाल देश है।
This is a beautiful country.,यह सुंदर देश है।
This is a beautiful country.,यह एक सुंदर देश है।
Greece is an old country.,यूनान एक पुराना देश है।
Italy is a very beautiful country.,इटली एक बहुत ही सुंदर देश है।
English is spoken in many countries.,अंग्रेज़ी कई देशों में बोली जाती है।
English is taught in most countries.,ज़्यादातर देशों में अंग्रेज़ी सिखाई जाती है।
Our country is in a crisis.,हमारा देश संकट में है।
Every country has its own history.,हर एक देश का अपना अपना इतिहास होता है।
Every country has its national flag.,हर एक देश का अपना राष्ट्रध्वज होता है।
The rumor spread throughout the country.,अफवाह पूरे देश में फैल गयी।
Tell me something about your country.,आपके देश के बारे में कुछ बताइए।
Tell me something about your country.,अपने देश के बारे में कुछ बताओ।
Tell me something about your country.,अपने देश के बारे में कुछ बताइए।
Tell me something about your country.,तुम्हारे देश के बारे में कुछ बताओ।
Spanish is spoken in twenty countries.,स्पेनी बीस देशों में बोली जाती है।
That country's economy is growing.,उस देश की अर्थव्यवस्था बढ़ रही है।
Does your country have nuclear weapons?,क्या तुम्हारे देश के पास परमाणु हथियार हैं?
Does your country have nuclear weapons?,क्या आपके देश के पास परमाणु हथियार हैं?
I like living in this country.,मुझे इस देश में रहना अच्छा लगता है।
I like living in this country.,मुझे इस देश में रहना पसंद है।
Are there waterfalls in your country?,क्या तुम्हारे देश में झरने हैं?
Are there waterfalls in your country?,क्या आपके देश में झरने हैं?
A country is a dangerous machine.,देश एक खतरनाक मशीन होती है।
I don't understand this country.,मुझे यह देश समझ नहीं आता।
I don't understand this country.,मुझे यह देश समझ ही नहीं आता।
The Vatican is an independent country.,वैटिकन एक स्वतंत्र देश है।
Ireland is a very beautiful country.,आयरलैंड एक सुंदर देश है।
I live in a European country.,मैं एक यूरोपीय देश में रहता हूँ।
My country is far from Japan.,मेरा देश जापान से दूर है।
The king rules over the country.,राजा देश पर राज करता है।
Israel is a very small country.,इज़राइल एक बहुत छोटा देश है।
Kosovo is now an independent country.,कोसोवो अब एक स्वतंत्र देश है।
English is studied in most countries.,अंग्रेज़ी की पढ़ाई ज़्यादातर देशों में की जाती है।
Spanish is spoken in many countries.,स्पेनी कई देशों में बोली जाती है।
English has spread all over the country.,अंग्रेज़ी देश भर में फैल गयी है।
English has spread all over the country.,अंग्रेज़ी पूरे देश में फैल चुकी है।
The river flows between the two countries.,नदी उन दोनों देशों के बीच से बहती है।
The king ruled the country for years.,राजा ने कई साल देश पर राज किया।
Do people drink tea in your country?,क्या आपके देश में लोग चाय पीते हैं?
Do people drink tea in your country?,क्या तुम्हारे देश में लोग चाय पीते हैं?
My country is far away from Japan.,मेरा देश जापान से बहुत दूर है।
I want to know about your country.,मैं आपके देश के बारे में जानना चाहता हूँ।
I want to know about your country.,मैं आपके देश के बारे में जानना चाहती हूँ।
I want to know about your country.,मैं तुम्हारे देश के बारे में जानना चाहता हूँ।
I want to know about your country.,मैं तुम्हारे देश के बारे में जानना चाहती हूँ।
Our country produces a lot of sugar.,हमारा देश बहुत सारी चीनी उत्पादित करता है।
China is the biggest country in Asia.,एशिया में सबसे बड़ा देश चीन है।
China is the largest country in Asia.,एशिया में सबसे बड़ा देश चीन है।
They defended their country against the invaders.,उन्होंने अपने देश का आक्रमकों से संरक्षण किया।
Paraguay is a country in South America.,पराग्वे दक्षिण अमेरिका में स्थित एक देश है।
This country has four seasons.,इस देश में चार मौसम हैं।
There are four seasons in this country.,इस देश में चार मौसम हैं।
A world map shows all the countries.,दुनिया का नक्शा सभी देश दिखाता है।
Mexico is a country in North America.,मेक्सिको उत्तर अमेरिका में स्थित एक देश है।
Is that a country or a city?,वह देश है या शहर?
The kid is drinking the milk.,बच्चा दूध पीता है।
How did Tom do this?,टॉम ने यह कैसे किया?
They're watching me.,उनकी मुझ पर नज़र है।
I am a translator.,मैं अनुवादक हूँ।
I'm a translator.,मैं अनुवादक हूँ।
It's their fault.,गलती उनकी है।
English is studied in Japan.,जापान में अंग्रेज़ी पढ़ी जाती है।
Batman and Robin are friends.,बैटमैन और रॉबिन दोस्त होते हैं।
Tom heard nothing.,टॉम ने कुछ नहीं सुना।
Where did this come from?,यह कहाँ से आ गया?
They speak English and French in Canada.,कनाडा में अंग्रेज़ी और फ़्रांसीसी बोली जातीं है।
"In Canada, they speak English and French.",कनाडा में अंग्रेज़ी और फ़्रांसीसी बोली जातीं है।
It was very small.,बहुत छोटा था।
It was very small.,बहुत छोटी थी।
Could this be love?,क्या यह प्यार हो सकता है?
Shishir is following me.,शिशिर मेरा पीछा कर रहा है।
My name is Hashimoto.,मेरा नाम हाशिमोतो है।
Life is a mirror!,ज़िंदगी एक आईना है!
They convinced me.,उन्होंने मुझे विश्वास दिलाया।
They convinced me.,उन्होंने मुझे यकीन दिलाया।
Why doesn't anybody help me?,कोई मेरी मदद क्यों नहीं करता?
There is one less.,एक कम है।
Allah is the greatest!,अल्लाह सबसे महान है!
Stop! You're making him cry.,बस करो! तुम उसे रुला रहे हो।
Stop! You're making him cry.,बस कीजिए! आप उसे रुला रहे हैं।
Stop! You're making him cry.,बस कीजिए! आप उसे रुला रहीं हैं।
Stop! You're making him cry.,बस करो! तुम उसे रुला रही हो।
They opened the door.,उन्होंने दरवाज़ा खोला।
I can come if you want.,तुम चाहो तो मैं आ सकता हूँ।
I can come if you want.,तुम चाहो तो मैं आ सकती हूँ।
I can come if you want.,आप चाहें तो मैं आ सकता हूँ।
I can come if you want.,आप चाहें तो मैं आ सकती हूँ।
Ken's turn came.,केन की बारी आई।
The price has gone up.,दाम बढ़ गया है।
I didn't listen.,मैंने नहीं सुनी।
I didn't listen.,मैंने नहीं सुना।
I wasn't listening.,मैं सुन नहीं रहा था।
I wasn't listening.,मैं सुन नहीं रही थी।
I don't work for her.,मैं उसके लिये काम नहीं करता।
I don't work for her.,मैं उसके लिये काम नहीं करती।
I don't work for her.,मैं उनके लिये काम नहीं करता।
I don't work for her.,मैं उनके लिये काम नहीं करती।
We are not rich.,हम अमीर नहीं हैं।
Got it!,समझ गया!
Got it!,समझ गई!
Do you want to see this?,क्या तुम यह देखना चाहते हो?
Do you want to see this?,क्या तुम यह देखना चाहती हो?
Do you want to see this?,क्या आप यह देखना चाहते हैं?
Do you want to see this?,क्या आप यह देखना चाहतीं हैं?
Let's put this near the door.,इसे दरवाज़े के पास रख देते हैं।
Let's put this near the door.,इसे दरवाज़े के नज़दीक रख देते हैं।
I am lighting my cigar.,मैं मेरी सिगार जला रहा हूँ।
I am lighting my cigar.,मैं मेरी सिगार जला रही हूँ।
I had to do everything on my own.,मुझे सब कुछ खुद से करना पड़ा।
My name is Jim.,मेरा नाम जिम है।
He bought some rice.,उसने थोड़ा सा चावल खरीदा।
My name is Tom.,मेरा नाम टॉम है।
My name is Soundararajan.,मेरा नाम सौंदरराजन है।
My name is Luis.,मेरा नाम लुइस है।
My name is Hase.,मेरा नाम हासे है।
My name is Laurie.,मेरा नाम लौरी है।
My name is Ricardo.,मेरा नाम रिकार्डो है।
My name is Francesco.,मेरा नाम फ़्रांचेस्को है।
My name is Roberto.,मेरा नाम रोबेर्टो है।
My name is Sasha.,मेरा नाम साशा है।
My name is John.,मेरा नाम जॉन है।
My name is Ahmad.,मेरा नाम अहमद है।
My name is Yamada.,मेरा नाम यामादा है।
My name is Hisashi.,मेरा नाम हिसाशी है।
My name is Wang.,मेरा नाम वांग है।
Niels Bohr was a Danish physicist.,नील्स बोर एक डेनिश भौतिक विज्ञानी थे।
He is a physicist.,वह भौतिक विज्ञानी है।
His father is a physicist.,उसके पिता भौतिक विज्ञानी हैं।
His father is a physicist.,उनके पिता भौतिक विज्ञानी हैं।
Isaac Newton was an English physicist.,आइज़ैक न्यूटन एक अंग्रेज़ भौतिक विज्ञानी थे।
"In addition to being a famous physicist, he is a great novelist.",प्रसिद्ध भौतिक विज्ञानी होने के साथ-साथ वे एक बढ़िया उपन्यासकार भी हैं।
I'm better than Tom.,मैं टॉम से बेहतर हूँ।
Where are your people?,तुम्हारे लोग कहाँ है?
Where are your people?,कहाँ है आपके लोग?
She looks better in Japanese clothes.,वह जापानी कपड़ों में बेहतर लगती है।
Let's listen.,सुनते हैं।
I can hear you.,मुझे तुम सुनाई दे रहे हो।
I can hear you.,मुझे तुम सुनाई दे रही हो।
I can hear you.,मुझे आप सुनाई दे रहे हैं।
I can hear you.,मुझे आप सुनाई दे रहीं हैं।
Tom likes cheese.,टॉम को चीज़ पसंद है।
It isn't her.,वह नहीं है।
It isn't her.,वे नहीं हैं।
Know yourself.,अपने आप को जानो।
Know thyself.,अपने आप को जानो।
"No language, no nation.",भाषा नहीं तो राष्ट्र नहीं।
Is Germany dangerous?,क्या जर्मनी खतरनाक है?
Tell me about Germany.,मुझे जर्मनी के बारे में बताओ।
Tell me about Germany.,मुझे जर्मनी के बारे में बताइए।
You will like Germany.,तुम्हें जर्मनी पसंद आयेगा।
You will like Germany.,आपको जर्मनी पसंद आयेगा।
He's from Germany.,वह जर्मनी से है।
He's from Germany.,वे जर्मनी से हैं।
I'm from Germany.,मैं जर्मनी से हूँ।
We are from Germany.,हम जर्मनी से हैं।
We're from Germany.,हम जर्मनी से हैं।
Germany and Japan were defeated.,जर्मनी और जापान पराजित हो गये।
Germany is a federal state.,जर्मनी एक संघीय राज्य है।
Germany has two capital cities.,जर्मनी की दो राजधानीयां हैं।
Jasmin was born in Germany.,यास्मिन जर्मनी में जन्मी थी।
Kaiser was born in Germany.,काइज़र जर्मनी में जन्मा था।
Germany is a federal republic.,जर्मनी एक संघीय गणतंत्र है।
My uncle lives in Germany.,मेरे चाचा जर्मनी में रहते हैं।
My uncle lives in Germany.,मेरे मामा जर्मनी में रहते हैं।
"A week later, Germany attacked Poland.",एक हफ़्ते बाद जर्मनी ने पोलैंड पर आक्रमण किया।
Berlin is the capital of Germany.,बर्लिन जर्मनी की राजधानी है।
Who do you know in Germany?,जर्मनी में आप किसे जानते हैं?
Who do you know in Germany?,जर्मनी में तुम किसे जानते हो?
Who do you know in Germany?,जर्मनी में तुम किसे जानती हो?
Who do you know in Germany?,जर्मनी में आप किसे जानतीं हैं?
Is your brother still in Germany?,क्या तुम्हारा भाई अभी भी जर्मनी में है?
Is your brother still in Germany?,क्या आपके भाई अभी भी जर्मनी में हैं?
Does Jasmin still live in Germany?,क्या यास्मिन अभी भी जर्मनी में रहती है?
Does Jasmin still live in Germany?,क्या जास्मिन अभी भी जर्मनी में रहती है?
We are going to Germany tomorrow.,हम कल जर्मनी जाने वाले हैं।
I want to go to Germany.,मैं जर्मनी जाना चाहता हूँ।
I want to go to Germany.,मैं जर्मनी जाना चाहती हूँ।
What do you know about Germany?,तुम जर्मनी के बारे में क्या जानते हो?
What do you know about Germany?,आप जर्मनी के बारे में क्या जानते हैं?
What do you know about Germany?,तुम जर्मनी के बारे में क्या जानती हो?
What do you know about Germany?,तुम्हें जर्मनी के बारे में क्या पता है?
What do you know about Germany?,आपको जर्मनी के बारे में क्या मालूम है?
Both of us are from Germany.,हम दोनों जर्मनी से हैं।
The sky is blue.,आकाश नीला है।
The sky is blue.,आकाश नीला होता है।
The sky is big.,आकाश बड़ा है।
The sky was blue.,आकाश नीला था।
They were soldiers.,वे सैनिक थे।
The soldier ran.,सैनिक भागा।
The soldiers laughed.,सैनिक हँसे।
The British soldiers rested.,ब्रिटेनी सैनिकों ने आराम किया।
We're not soldiers.,हम सैनिक नहीं हैं।
They're not soldiers.,वे सैनिक नहीं हैं।
Tom is a soldier.,टॉम सैनिक है।
We all became soldiers.,हम सब सैनिक बन गये।
We all became soldiers.,हम सब सैनिक बने।
Were you a soldier?,क्या आप सैनिक थे?
Were you a soldier?,क्या तुम सैनिक थे?
Were you a soldier?,तुम सैनिक थे क्या?
Where are the soldiers?,सैनिक कहाँ हैं?
Tom became a soldier.,टॉम सैनिक बन गया।
My sons are soldiers.,मेरे बेटे सैनिक हैं।
Are they really soldiers?,क्या वे सच में सैनिक हैं?
Are they really soldiers?,वे सच में सैनिक हैं क्या?
They were just soldiers.,वे तो बस सैनिक थे।
The soldier became a teacher.,सैनिक बन गया शिक्षक।
I'm not a soldier.,मैं सैनिक नहीं हूँ।
Are these soldiers or monsters?,ये सैनिक हैं या राक्षस?
That man is a soldier.,वह आदमी सैनिक है।
You're a good soldier.,तुम एक अच्छे सैनिक हो।
You're a good soldier.,आप अच्छे सैनिक हैं।
Many soldiers were killed here.,यहाँ कई सारे सैनिक मारे गये थे।
The soldier gave water to me.,सैनिक ने मुझे पानी दिया।
Two thousand American soldiers were killed.,दो हज़ार अमरीकी सैनिक मारे गये।
About four thousand soldiers were killed.,लगभग चार हज़ार सैनिक मारे गये।
The soldiers had more powerful weapons.,सैनिकों के पास अधिक ताकतवर हथियार थे।
How many soldiers did you see?,कितने सैनिक दिखाई दिए?
How many soldiers did you see?,तुमने कितने सैनिक देखे?
How many soldiers did you see?,आपने कितने सैनिक देखे?
Tom used to be a soldier.,टॉम सैनिक हुआ करता था।
I'm going to speak to them.,मैं उनसे बात करने वाला हूँ।
I'm going to speak to them.,मैं उनसे बात करने वाली हूँ।
No one will help us.,कोई भी हमारी मदद नहीं करेगा।
She plays poker with them.,वह उनके साथ पोकर खेलती है।
She plays poker with them.,वे उनके साथ पोकर खेलतीं है।
You're not even listening.,तुम तो सुन भी नहीं रहे हो।
You're not even listening.,तुम तो सुन भी नहीं रही हो।
You're not even listening.,आप तो सुन भी नहीं रहे हैं।
You're not even listening.,आप तो सुन भी नहीं रहीं हैं।
I was with him in January.,जनवरी में मैं उसके साथ था।
I was with him in January.,जनवरी में मैं उसके साथ थी।
I was with him in January.,जनवरी में मैं उनके साथ था।
I was with him in January.,जनवरी में मैं उनके साथ थी।
My favourite movie is Fellini's Satyricon.,मेरी पसंदीदा फ़िल्म है फ़ेल्लीनी की सॅटाइरिकॉन।
It is my dog.,मेरा कुत्ता है।
He who starts ten tasks won't finish a single one.,जो दस काम शुरू करता है वह एक भी खत्म नहीं करेगा।
Fight or die.,लड़ो या मरो।
Who says I'm afraid of him?,कौन कहता है मैं उससे डरता हूँ?
Who says I'm afraid of him?,कौन कहता है मैं उससे डरती हूँ?
Who says I'm afraid of him?,कौन कहता है मैं उनसे डरता हूँ?
Who says I'm afraid of him?,कौन कहता है मैं उनसे डरती हूँ?
I'm the one who's sick.,बीमार तो मैं हूँ।
We're all with you.,हम सब तुम्हारे साथ हैं।
We're all with you.,हम सब आपके साथ हैं।
I want to write a poem.,मैं एक कविता लिखना चाहता हूँ।
I want to write a poem.,मैं एक कविता लिखना चाहती हूँ।
I'm an old man.,मैं बूढ़ा हूँ।
Tom needed this.,टॉम के इसकी ज़रूरत थी।
What a beautiful scene!,क्या सुंदर नज़ारा है!
Tom stood near the door.,टॉम दरवाज़े के नज़दीक खड़ा रहा।
Tom stood near the door.,टॉम दरवाज़े के पास खड़ा हुआ।
"That's a woman's job, said Tom.","वह तो औरतों का काम है, टॉम ने कहा।"
What should I have done?,मुझे क्या करना चाहिए था?
What were you doing at 9 o'clock last night?,तुम कल रात ९ बजे क्या कर रहे थे?
What were you doing at 9 o'clock last night?,तुम कल रात ९ बजे क्या कर रही थी?
What were you doing at 9 o'clock last night?,आप कल रात ९ बजे क्या कर रहें थे?
What were you doing at 9 o'clock last night?,आप कल रात ९ बजे क्या कर रहीं थीं?
I don't make mistakes.,मैं गलतियां नहीं करता।
He can't stop us.,वह हमें रोक नहीं सकता।
He can't stop us.,वे हमें रोक नहीं सकते।
We haven't even tried.,हमने तो कोशिश भी नहीं की है।
I am afraid of death.,मैं मौत से डरता हूँ।
I am afraid of death.,मैं मौत से डरती हूँ।
I'm afraid of death.,मैं मौत से डरता हूँ।
I'm afraid of death.,मैं मौत से डरती हूँ।
Where's my mother?,मेरी माँ कहाँ है?
And what will be the result of that?,और उसका नतीजा क्या होगा?
Would you like to ask me something else?,क्या आप मुझसे और कुछ पूछना चाहेंगे?
Would you like to ask me something else?,क्या तुम मुझसे और कुछ पूछना चाहोगी?
Would you like to ask me something else?,क्या तुम मुझसे और कुछ पूछना चाहोगे?
Tom was satisfied with the result.,नतीजे से टॉम संतुष्ट था।
She's been shot!,उसे गोली लगी है!
She's been shot!,उसे गोली लग गयी है!
I know what the answer will be.,जवाब क्या होगा मुझे पता है।
They're green.,हरे हैं।
They're green.,वे हरे हैं।
They're green.,हरी हैं।
They're green.,वे हरी हैं।
I opened the window.,मैंने खिड़की खोली।
Don't talk about us.,हमारे बारे में बात मत कीजिए।
Don't talk about us.,हमारे बारे में बात मत करो।
Darcy said nothing at all.,डार्सी ने तो कुछ भी नहीं कहा।
You have one chance.,तुम्हारे पास एक मौका है।
You have one chance.,आपके पास एक मौका है।
Can you help him?,क्या तुम उसकी मदद कर सकते हो?
Can you help him?,क्या तुम उसकी मदद कर सकती हो?
Can you help him?,क्या आप उसकी मदद कर सकते हैं?
Can you help him?,क्या आप उसकी मदद कर सकतीं हैं?
You'll fall!,गिर जाओगे!
You'll fall!,गिरोगे!
You'll fall!,गिरोगी!
You'll fall!,गिर जाओगी!
You'll fall!,आप तो गिर जाएंगे!
You'll fall!,आप गिर जाएंगे!
We want to meet him.,हम उससे मिलना चाहते हैं।
We want to meet him.,हम उनसे मिलना चाहते हैं।
I want to buy a new computer.,मैं एक नया कम्प्यूटर खरीदना चाहता हूँ।
I want to buy a new computer.,मैं एक नया कम्प्यूटर खरीदना चाहती हूँ।
Make it quick.,जल्दी करो।
Make it quick.,जल्दी कीजिए।
Who's the next candidate?,अगला उम्मीदवार कौन है?
We were wrong.,हम गलत थे।
This tea tastes good.,इस चाय का स्वाद अच्छा है।
He started it!,शुरुआत उसने की थी!
Why did you do this to me?,तुमने मेरे साथ ऐसा क्यों किया?
Why did you do this to me?,आपने मेरे साथ ऐसा क्यों किया?
"You were there, too.",तुम भी वहाँ थे।
"You were there, too.",तुम भी वहाँ थी।
"You were there, too.",आप भी वहाँ थे।
"You were there, too.",आप भी वहाँ थीं।
What are you reading now?,तुम इस समय क्या पढ़ रहे हो?
What are you reading now?,अब तुम क्या पढ़ रहे हो?
What are you reading now?,अभी आप क्या पढ़ रहे हैं?
That's Carl.,वह कार्ल है।
That was our job.,वह हमारा काम था।
I can't live without him.,मैं उसके बिना नहीं जी सकता।
I can't live without him.,मैं उसके बिना नहीं जी सकती।
Why did Tom send Mary flowers?,टॉम ने मैरी को फूल क्यों भेजें?
He found Mary.,उसे मैरी मिल गयी।
He found Mary.,उसे मैरी मिली।
It wasn't hard.,मुश्किल नहीं था।
What is microeconomics?,सूक्ष्मअर्थशास्त्र क्या होता है?
What's the time on your side?,तुम्हारे यहाँ कितने बजे हैं?
What's the time on your side?,आपके यहाँ कितने बजे हैं?
You have no right to say that.,तुम्हें वैसे कहने का कोई अधिकार नहीं है।
You have no right to say that.,आपको वैसे कहना का कोई अधिकार नहीं है।
There was another guy with him.,उसके साथ और एक बंदा था।
There was another guy with her.,उसके साथ और एक बंदा था।
"Hey, where did Tom go?","अरे, टॉम कहाँ गया?"
"Hey, where did Tom go?","अरे, टॉम किधर गया?"
Give this to her.,यह उसे दे दो।
Give this to her.,यह उसे दे दीजिए।
Give this to her.,यह उसे दो।
Give this to her.,यह उसे दीजिए।
Give this to him.,यह उसे दे दो।
Give this to him.,यह उसे दे दीजिए।
Give this to him.,यह उसे दो।
Give this to him.,यह उसे दीजिए।
Kublai Khan is the grandson of Genghis Khan.,कुबलई ख़ान चंगेज़ ख़ान के पोते हैं।
Kublai Khan is the grandson of Genghis Khan.,कुबलई ख़ान चंगेज़ ख़ान का पोता है।
They'll hear us.,वे हमें सुन लेंगे।
We'll meet again in October.,हम अक्तूबर में फिर मिलेंगे।
We'll meet again in October.,अक्तूबर में फिर मिलेंगे।
You were with me on that night.,उस रात तुम मेरे साथ थे।
You were with me on that night.,उस रात तुम मेरे साथ थी।
You were with me on that night.,उस रात आप मेरे साथ थे।
You were with me on that night.,उस रात आप मेरे साथ थीं।
Don't laugh!,हँस मत!
Don't laugh!,हंसो मत!
Click on the link.,लिंक पर क्लिक करो।
Click on the link.,लिंक पर क्लिक कीजिए।
Click on the link.,लिंक पर क्लिक कर।
You seem lazy.,तुम आलसी लगते हो।
You seem lazy.,तुम आलसी लगती हो।
You seem lazy.,आप आलसी लगते हैं।
You seem lazy.,आप आलसी लगतीं हैं।
Tom was sitting alone at the bar.,टॉम बार में अकेला बैठा था।
They say it's going to rain tonight.,कहते हैं आज रात बारिश होने वाली है।
They say it's going to rain tonight.,वह कहते हैं आज रात बारिश होने वाली है।
My name is Tom. How can I help you?,मेरा नाम टॉम है। मैं आपकी क्या मदद कर सकता हूँ?
My name is Tom. How can I help you?,मेरा नाम टॉम है। मैं तुम्हारी क्या मदद कर सकता हूँ?
Mary has nothing.,मैरी के पास कुछ नहीं है।
French women are beautiful.,फ़्रांसीसी औरतें खूबसूरत होती हैं।
We're talking about him.,हम उसके बारे में बात कर रहे हैं।
We're talking about him.,हम उनके बारे में बात कर रहे हैं।
Tom made a mistake.,टॉम ने एक गलती की।
Japan is here!,जापान यहाँ है!
This dog is yours. Where is mine?,यह कुत्ता तुम्हारा है। मेरा कहाँ है?
This dog is yours. Where is mine?,यह कुत्ता तो आपका है। मेरा कहाँ है?
There are a lot of mistakes in this translation.,इस अनुवाद में बहुत सारी गलतियाँ हैं।
Who is Tom?,टॉम कौन है?
Who's Tom?,टॉम कौन है?
Answer in English.,अंग्रेज़ी में जवाब दो।
Answer in English.,अंग्रेज़ी में जवाब दीजिए।
I haven't found Tom yet.,मुझे अभी तक टॉम मिला नहीं है।
They shot him.,उन्होंने उसे गोली मारी।
One of them is lying.,उनमें से एक झूठ बोल रहा है।
One of them is lying.,उनमें से एक झूठ बोल रही है।
Have you gone crazy?,पागल हो गये हो क्या?
Have you gone crazy?,तुम क्या पागल हो गये हो?
Have you gone crazy?,आप पागल तो नहीं हो गये?
We were talking about him.,हम उसके बारे में बोल रहे थे।
We were talking about him.,हम उनके बारे में बोल रहे थे।
Where's your hat?,आपकी टोपी कहाँ है?
Where's your hat?,तुम्हारी टोपी कहाँ है?
Where is your cap?,आपकी टोपी कहाँ है?
Where is your cap?,तुम्हारी टोपी कहाँ है?
Is this your girlfriend?,क्या यह तुम्हारी गर्लफ़्रेंड है?
Is this your girlfriend?,क्या यह आपकी गर्लफ़्रेंड हैं?
Tom was talking.,टॉम बोल रहा था।
Whose umbrella is this?,यह छाता किसका है?
We shouldn't do that.,हमें वैसा नहीं करना चाहिए।
Even children know that.,वह तो बच्चों को भी पता होता है।
There's something under my bed.,मेरे बिस्तर के नीचे कुछ है।
He came to London to study English.,वह अंग्रेज़ी की पढ़ाई लंदन आया।
Tom was in New York at the time.,उस समय टॉम न्यूयॉर्क में था।
Tom slipped.,टॉम फिसला।
Tom slipped.,टॉम फिसल गया।
Tom is alive!,टॉम ज़िंदा है!
Tom is going to help Mary.,टॉम मैरी की मदद करने वाला है।
You know the rest of the story.,बाकी की कहानी तो तुम जानते ही हो।
It's all in this file.,सब इस फ़ाईल में है।
I won!,मैं जीत गया!
I won!,मैं जीत गयी!
Tom won.,टॉम जीत गया।
Who won?,कौन जीता?
Tom died.,टॉम मर गया।
The books are on the table.,किताबें मेज़ पर हैं।
The keys are on the table.,चाबियाँ मेज़ पर हैं।
The key is on the table.,चाबी मेज़ पर है।
How was the food?,खाना कैसा था?
The food is ready.,खाना तैयार है।
Are you ready?,क्या आप तैयार हैं?
Are you ready?,क्या तुम तैयार हो?
I live in Japan.,मैं जापान में रहता हूँ।
I live in Tokyo.,मैं टोक्यो में रहता हूँ।
I live in New Delhi.,मैं नई दिल्ली में रहता हूँ।
I want to live in India.,मैं भारत में रहना चाहता हूँ।
Don't ask me.,मुझसे मत पूछो।
Take care of yourself.,अपना ख़याल रखना।
Take care of yourself.,अपना ध्यान रखना।
How many languages do you speak?,आप कितनी भाषाएँ बोलते हैं?
How many languages do you speak?,आप कितनी भाषाएँ बोलती हैं?
How many languages do you know?,आपको कितनी भाषाएँ आती हैं?
I'm a little crazy.,मैं थोड़ा पागल हूँ।
Tom doesn't eat meat.,टॉम गोश्त नहीं खाता है।
There was something lying on the ground.,ज़मीन पर कुछ पड़ा था।
Nobody here eats meat.,यहाँ कोई गोश्त नहीं खाता है।
I need new glasses.,मुझे नया चश्मा चाहिए।
I am reading a book.,मैं किताब पढ़ रहा हूँ।
The book is white.,किताब सफ़ेद है।
My dear friend!,मेरे दिली दोस्त!
I don't live in Boston.,मैं बोस्टन में नहीं रहता हूँ।
My birthday is on March 22.,मेरा जन्मदिन २२ मार्च को है।
Helsinki is the capital of Finland.,हेलसिंकी फ़िनलैंड की राजधानी है।
Where are my shoes?,मेरे जूते कहाँ हैं?
He was sleeping under the tree.,वह पेड़ के नीचे सो रहा था।
Yesterday was a good day.,कल अच्छा दिन था।
Do you have children?,क्या आपके बच्चे हैं?
How many brothers and sisters do you have?,आपके कितने भाई और बहनें हैं?
He pulled something out of his pocket.,उसने अपनी जेब में से कुछ निकाला.
What's today's date?,आज की तारीख़ क्या है?
The name of my city is Jhelum.,मेरे शहर का नाम झेलम है।
This is a large house.,यह एक बड़ा घर है।
This boy is his son.,यह लड़का उसका बेटा है।
"In the evening, we drank sugarcane juice.",शाम को हमने गन्ने का रस पिया।
"The next day, I bought a jackfruit.",अगले दिन मैंने एक कटहल खरीद लिया।
Something's happened to Tom.,टॉम को कुछ हो गया है।
How much time does Tom have?,टॉम के पास कितना समय है?
That's the spirit!,यह हुई ना बात!
I have a fever.,मुझे बुख़ार है।
This must be a real diamond.,यह असली हीरा होगा।
"In the land of the blind, the one-eyed man is king.",अंधों में काना राजा।
Fishes know how to swim.,मछलियों को तैरना आता है।
He won the race once again.,उसने दौड़ फिरसे जीत ली।
There was no one in the room.,कमरे में कोई नहीं था।
Have you been abroad?,आप विदेश गए हुए हैं क्या?
I am a student at Oxford University.,मैं ऑक्सफ़र्ड विश्वविद्यालय में विद्यार्थी हूँ।
One language is never enough.,एक भाषा कभी काफ़ी नहीं होती।
You can't swim. Isn't that so?,तुम्हें तैरना नहीं आता। है ना?
The Prime Minister resigned yesterday.,प्रधानमंत्री ने कल इस्तीफ़ा दे दिया।
There are four rooms in my house.,मेरे घर में चार कमरे हैं।
He always drinks black coffee.,वह हमेशा काली काफ़ी पीता है।
I believe he is an intelligent person.,मेरे ख़याल से वह समझदार इनसान है।
Come forward.,आगे आओ।
Come forward.,आगे आ जाओ।
Come forward.,आगे आइए।
Come forward.,आगे आ जाइए।
Someone called her.,उसे किसी ने बुलाया।
It's Tom's office.,टॉम का दफतर है।
Tom and Mary are on their honeymoon.,टॉम और मेरी अपने हनीमून पर गए हैं।
Tom and Mary want to talk to me.,टॉम और मैरी मुझसे बात करना चाहते हैं।
What's Tony doing?,टोनी क्या कर रहा है?
Is Tom crazy?,टॉम पागल है क्या?
"We need you, Tom.","हमें तुम्हारी ज़रूरत है, टॉम।"
"We need you, Tom.","हमें तेरी ज़रूरत है, टॉम।"
It is a good cake.,अच्छा केक है।
Louder.,और जोर से।
Finally!,आखिरकार!
Great!,बढ़िया!
Stop!,रुक जाओ!
Stop!,रुक जा!
Stop!,रुक जाइए!
One more time.,और एक बार।
I cried all night.,मैं पूरी रात रोई।
One is blue.,एक नीला है।
One is blue.,एक नीली है।
Is it blue?,नीला है?
Is it blue?,नीली है?
Is it blue?,नीला है क्या?
Is it blue?,नीली है क्या?
Tom turned red.,टॉम लाल हो गया।
It's red.,लाल है।
Every apple is red.,हर एक सेब लाल होता है।
What fruit is red?,कौनसा फल लाल होता है?
The book is red.,पुस्तक लाल है।
The book is red.,किताब लाल है।
Tom is black.,टॉम काला है।
They have black hair.,उनके बाल काले हैं।
The black dog ran.,काला कुत्ता दौड़ा।
The black dog ran.,काला कुत्ता भागा।
She always wears black.,वह हमेशा काले कपड़े पहनती है।
This car is black.,यह गाड़ी काली है।
The cat is black.,बिल्ली काली है।
The cat is black.,बिल्ला काला है।
I have black eyes.,मेरे पास काली आँखें हैं।
Is your car black?,क्या आपकी गाड़ी काली है?
Is your car black?,क्या तुम्हारी गाड़ी काली है?
Is your car black?,तेरी गाड़ी काली है क्या?
Is your car black?,तुम्हारी गाड़ी काली है क्या?
Tom has black hair.,टॉम के पास काले बाल हैं।
My horse is black.,मेरा घोड़ा काला है।
The pencil is black.,पेन्सिल काली है।
The car is black.,गाड़ी काली है।
The horse is black.,घोड़ा काला है।
Your cat is black.,तुम्हारी बिल्ली काली है।
Your cat is black.,तुम्हारा बिल्ला काला है।
Your cat is black.,तेरी बिल्ली काली है।
Your cat is black.,तेरा बिल्ला काला है।
Your cat is black.,आपकी बिल्ली काली है।
Your cat is black.,आपका बिल्ला काला है।
The dog is black.,कुत्ता काला है।
Why is space black?,अंतरिक्ष काला क्यों होता है?
Why is space black?,अंतरिक्ष काला क्यों है?
Black paper absorbs light.,काला कागज प्रकाश सोखता है।
Look at those black clouds.,उन काले बादलों को तो देखो।
Look at those black clouds.,उन काले बादलों को देखो।
Look at those black clouds.,उन काले बादलों को देखिए।
Look at those black clouds.,उन काले बादलों को देख।
That black one is mine.,वह काला वाला मेरा है।
That black one is mine.,वह काली वाली मेरी है।
Do you like black cats?,क्या आपको काली बिल्लियाँ पसंद हैं?
Do you like black cats?,क्या तुम्हें काली बिल्लियाँ पसंद हैं?
Do you like black cats?,क्या आपको काले बिल्ले पसंद हैं?
Do you like black cats?,क्या तुम्हें काले बिल्ले पसंद हैं?
The black one is mine.,काला वाला मेरा है।
The black one is mine.,काली वाली मेरी है।
Tom has a black cat.,टॉम के पास एक काली बिल्ली है।
Tom has a black cat.,टॉम के पास एक काला बिल्ला है।
Ah! How serene is this temple!,आह! ये मंदिर कितना शांत है I
His name is Tom.,उसका नाम टॉम है।
His name's Tom.,उसका नाम टॉम है।
I know.,पता है।
I know.,मुझे पता है।
The ice has melted.,बर्फ़ पिघल गया है।
The ice melted.,बर्फ़ पिघला.
I live in a hotel.,मैं एक होटल में रहता हूँ।
I live in a hotel.,मैं एक होटल में रहती हूँ।
"Jerusalem is called ""Yerushalayim"" in Hebrew.","यरुशलम को इब्रानी में ""येरुशलयिम"" कहते हैं।"
She is Japanese.,वह जापानी है।
She is Japanese.,वे जापानी हैं।
"They are not enemies, but friends.",वे शत्रु नहीं बल्कि मित्र हैं।
We can't drink milk.,हम दूध नहीं पी सकते।
The victory is yours.,जीत तुम्हारी है।
The victory is yours.,जीत आपकी है।
This picture is of my uncle.,यह तसवीर मेरे चाचा की है।
This picture is of my uncle.,यह तसवीर मेरे मामा की है।
How was the bachelor party?,बैचलर पार्टी कैसी रही?
How was the bachelor party?,बैचलर पार्टी कैसी थी?
We don't even know Tom.,हम तो टॉम को जानते तक नहीं।
I spoke with him today.,मैंने आज उससे बात की।
Let's play this game again.,चलो यह खेल फिर से खेलते हैं।
Tom was alone.,टॉम अकेला था।
There's blood in the water.,पानी में खून है।
He's looking at you. Do you know him?,वह तुम्हें देख रहा है। क्या तुम उसे जानते हो?
He's looking at you. Do you know him?,वह तुम्हें देख रहा है। क्या तुम उसे जानती हो?
Some people don't like dogs.,कुछ लोगों को कुत्ते अच्छे नहीं लगते।
Some people don't like dogs.,कुछ लोगों को कुत्ते पसंद नहीं होते।
What do you want to do today?,आज तुम क्या करना चाहते हो?
What do you want to do today?,आज तुम क्या करना चाहती हो?
What do you want to do today?,आज आप क्या करना चाहते हैं?
What do you want to do today?,आज आप क्या करना चाहतीं हैं?
Someone's calling.,कोई बुला रहा है।
We're going to play a game.,हम एक खेल खेलने वाले हैं।
I don't have a lover.,मेरा कोई प्रेमी नहीं है।
What would Tom say if he were alive today?,टॉम आज ज़िंदा होता तो वह क्या कहता?
I was born in 1988.,मैं १९८८ में जन्मा था।
I was born in 1988.,मैं १९८८ में जन्मी थी।
How can you say such a thing?,तुम ऐसी चीज़ कह कैसे सकते हो?
How can you say such a thing?,तुम ऐसी चीज़ कह कैसे सकती हो?
How can you say such a thing?,आप ऐसी चीज़ कह कैसे सकते हैं?
How can you say such a thing?,आप ऐसी चीज़ कह कैसे सकतीं हैं?
You find koalas in Australia.,ऑस्ट्रेलिया में कोआला मिलते हैं।
Tom and Mary were both sleepy.,टॉम और मैरी दोनों को नींद आई थी।
Again!,फिर से!
Again!,और एक बार!
Again!,फिर!
Again!,फिर एक बार!
I don't want to hear that word.,मुझे वह शब्द सुनना नहीं है।
We'll stop you.,हम तुम्हें रोकेंगे।
We'll stop you.,हम आपको रोकेंगे।
Tom was asleep when I got home.,मैं घर पहुँचा तब टॉम सोया हुआ था।
Tom was asleep when I got home.,मैं घर पहुँची तब टॉम सोया हुआ था।
You can change that.,तुम वह बदल सकते हो।
You can change that.,आप वह बदल सकते हैं।
You can change that.,तुम वह बदल सकती हो।
You can change that.,आप वह बदल सकतीं हैं।
It was easy.,आसान था।
Only two Texans were killed.,केवल दो टेक्सन मारे गये।
We'll make it.,हम बनाएंगे।
They've seen Tom.,उन्होंने टॉम को देखा है।
Laurie knows how to swim.,लौरी को तैरना आता है।
You're a human.,तुम इनसान हो।
You're a human.,तुम मनुष्य हो।
You're a human.,तुम एक मानव हो।
I have a ring.,मेरे पास एक अँगुठी है।
My dad used to drive a Beetle.,मेरे पापा बीटल चलाया करते थे।
How?,कैसे?
Excuse me!,सुनिए।
She sat on a chair.,वह एक कुर्सी पर बैठी।
I want to see a Japanese movie.,मुझे एक जापानी फ़िल्म देखनी है।
Tom is going to be famous.,टॉम प्रसिद्ध बनने वाला है।
Tom is going to be famous.,टॉम मशहूर बनने वाला है।
He can play tennis.,वह टेनिस खेल सकता है।
Tom is teaching me French.,टॉम मुझे फ़्रांसीसी सिखा रहा है।
"How do you say ""thanks"" in French?","फ़्रांसीसी में ""धन्यवाद"" कैसे कहते हैं?"
I'm drowning!,मैं डूब रहा हूँ!
I'm drowning!,मैं डूब रही हूँ!
I'm not going outside.,मैं बाहर नहीं जा रहा।
I'm not going outside.,मैं बाहर नहीं जा रही।
This is a very beautiful flower.,यह एक बहुत ही सुंदर फूल है।
I won't sleep.,मैं नहीं सोऊंगा।
I won't sleep.,मैं नहीं सोऊंगी।
Leave her.,छोड़ दो उसे.
Leave her.,छोड़ दीजिए उसे.
I'm with him now.,मैं अब उसके साथ हूँ।
I'm with him now.,मैं अब उनके साथ हूँ।
No one can stop me now.,अब मुझे कोई भी रोक नहीं सकता।
I was in my room studying.,मैं मेरे कमरे में पढ़ाई कर रहा था।
I was in my room studying.,मैं मेरे कमरे में पढ़ाई कर रही थी।
My room has only one window.,मेरे कमरे में बस एक ही खिड़की है।
My room has only one window.,मेरे कमरे में केवल एक खिड़की है।
You betrayed me.,तुमने मुझे धोका दिया।
You betrayed me.,आपने मुझे धोका दिया।
This is a story of love and friendship.,यह कहानी है प्यार और मित्रता की।
This is a story of love and friendship.,यह कहानी है प्यार और दोस्ती की।
"I used to like Boston, too.",मुझे भी बोस्टन पसंद था।
Do you like baseball?,क्या तुम्हें बेसबॉल पसंद है?
Do you like baseball?,क्या आपको बेसबॉल पसंद है?
"France is called ""France"" in French.","फ़्रान्स को फ़्रांसीसी में ""फ़्रांस"" कहते हैं।"
I will like it.,मुझे पसंद आयेगा।
I will like it.,मुझे अच्छा लगेगा।
Tom is in my room.,टॉम मेरे कमरे में है।
Like us on Facebook!,फ़ेसबुक पर हमें लाइक करें!
Like us on Facebook!,फ़ेसबुक पर हमें लाइक कीजिए!
Stay away from the door.,दरवाज़े से दूर रहना।
What are you doing here now?,अब तुम यहाँ क्या कर रहे हो?
What are you doing here now?,अब आप यहाँ क्या कर रहे हैं?
I don't like this game.,मुझे यह खेल पसंद नहीं है।
Tom was swimming with us yesterday.,टॉम कल हमारे साथ तैर रहा था।
I rest on Sunday.,रविवार को मैं आराम करता हूँ।
I want to win.,मैं जीतना चाहती हूँ।
It's their dog.,कुत्ता उनका है।
I didn't know you were so rich.,मुझे नहीं पता था कि आप इतने अमीर हैं।
Participate!,हिस्सा लो!
Participate!,हिस्सा लीजिए!
What is Rob like?,रॉब कैसा है?
How is Rob?,रॉब कैसा है?
Something has happened to Tom.,टॉम को कुछ हो गया है।
"We have pulao, lo mein and kebabs in our restaurant.","हमारे रेस्तराँ में पुलाव, लो मेइन और कबाब हैं।"
"Not only did I eat pulao, but I also ate kebabs.","मैंने पुलाव ही नहीं, बल्कि कबाब भी खाए।"
The pulao with meat is eight yuan. The vegetarian pulao is only four yuan.,मांस वाला पुलाव आठ युएन का है। बिना मांस वाला पुलाव केवल चार युएन का है।
I ate a gulab jamun.,मैंने एक गुलाब जामुन खाया।
I'm reading this book.,मैं यह पुस्तक पढ़ रहा हूँ।
I'm reading this book.,मैं यह पुस्तक पढ़ रही हूँ।
Tom didn't come.,टॉम आया नहीं।
Tom just wants to talk to them.,टॉम बस उनसे बात करना चाहता है।
I'm clean.,मैं साफ़ हूँ।
Here they are!,वे यहाँ हैं!
You drove.,आपने चलाया!
I love my mother.,मैं अपनी माँ से प्यार करता हूँ
Perhaps he will never be famous.,संभवतः वह विख्यात कभी नहीँ हो पाएगा।
Sugar dissolves in hot coffee.,चीनी गर्म कॉफी में घुल जाती है।
I hope he won't be disappointed.,मुझे आशा है कि वह निराश नहीं होगा।
Leave your umbrella at the front door.,अपने छाते को सामने वाले द्वार छोड़ दो।
I don't think it's reasonable.,मेरे विचार से यह युक्तियुक्त नहीँ है।
I don't watch much basketball.,मैं ज़्यादा बास्‍केटबॉल नहीं देखता।
Don't make me slap you.,मुझे तुम्हें थप्पड़ करने के लिए मजबूर मत करो।
We've got that figured out.,हमने उसका हिसाब लगा लिया।
He translated the novel into German.,उसने उपन्यास को जर्मन में भाषान्तर किया।
"Come on, show that you can do something.","चलिए, कुछ करके दिखाइए।"
I'm distressed by the daily squabbles.,मैं रोज़ रोज़ के झगड़ों से तंग आ गया हूँ।
Here stood a green field; now it is a supermarket.,यहां एक हरा मैदान था; अब एक सुपरमार्केट है।
We will steal you from yourself.,तुम्ही से तुम्ही को चुरा लेंगे हम।
He is always joking.,वह हर वक़्त मज़ाक करता रहता है।
Should I prepare the coffee?,क्या मैं काॅफी बना दूं?
"At our place, everybody's doing fine.",हमारे यहाँ सब कुशल मंगल है।
I like the company he keeps.,मुझे उसकी सुगंध अच्छी लगती है।
Tom told everyone that he was adopted.,टौम नें सबको बता दिया कि उसे गोद लिया गया था।
Tell Tom that I'm still in a meeting.,टौम को बता दें मैं अभी भी मीटिंग में हूँ।
I want you to utilize that object.,मैं चाहती हूँ आप उसका प्रयोग करें।
I often take a bath before breakfast.,मैं अक्सर नाश्ते से पहले नहाता हूँ।
I am extremely hungry.,मुझे बड़े ज़ोरों की भूख लगी है।
You have three chances to spare.,आप तीन मौके ले सकते हैं।
Welcome to our first Italian class.,हमारी पहली इतालवी क्लास में आपका स्वागत है।
What about us?,हमारा क्या?
Spanish is spoken in the Central and the South Americas.,स्पैनिश मध्य और दक्षिण अमेरिका में बोली जाती है।
Have you spoke to him in the past few days?,क्या तुमने उस से बीते दिनों में वार्तालाप की है?
He was sitting on the sofa in our room.,वह हमारे कमरे के सोफे पर बैठे थे.
You need to be attentive during the interview and grab any opportunity that presents itself.,इंटरव्यू के दौरान तुम्हें सतर्क रहना होगा और मौक़ा दिखते ही उसे हाथ ले लेना होगा।
He isn't afraid of anything.,उसे किसी भी चीज़ से डर नहीं है।
He got 90 on his English test.,उसे अंग्रेज़ी में नब्बे अंक मिले।
I don't go to work on Sundays.,मैं रविवार को काम पर नहीं जाता।
Mr. Smith has arrived.,स्मिथ जी आ गए हैं ।
Finish this as soon as possible.,इसे जितनी जल्दी हो सके ख़त्म करो ।
Finish this as soon as possible.,इसे जल्द-से-जल्द ख़त्म करो ।
She had lost all hope after the death of her husband.,पति के चल बसने के बाद वह पूरी तरह उम्मीद छोड़ बैठी।
The party was successful.,पार्टी कामयाब रही।
Stop crying. You have to go.,रोना-धोना बन्द करो। तुम्हें जाना ही पड़ेगा।
He is helping this lady enter her car.,वह इस महिला की गाड़ी में बैठने में मदद कर रहा है।
My watch isn't working properly.,मेरी घड़ी ख़राब हो गई।
Who buys such art?,इस तरह की कलाकृति को कौन ख़रीदता है?
Do you know him well?,तुम उसे अच्छी तरह से जानते हो क्या?
When do you usually go to bed?,तुम आमतौर पर कितने बजे सोते हो ?
That is a secret.,यह एक राज़ है ।
There is a concert next Sunday.,अगले रविवार कॉन्सर्ट है।
I'm extremely hungry.,मुझे बड़े ज़ोरों की भूख लगी है।
"One hundred, two hundred, three hundred, four hundred, five hundred, six hundred, seven hundred, eight hundred, nine hundred, one thousand.","एक सौ, दो सौ, तीन सौ, चार सौ, पांच सौ, छह सौ, सात सौ, आठ सौ, नौ सौ, एक हजार।"
Do you speak English?,क्या आप अंग्रेज़ी बोलते हैं?
My name is Hopkins.,मेरा नाम हॉपकिंस है।
My name is Andrea.,मेरा नाम एंड्रिया है।
My name is Henry.,मेरा नाम हेनरी है।
My name is Sally.,मेरा नाम सैली है।
My name is Emily.,मेरा नाम एमिली है।
My name is Wang Jiaming.,मेरा नाम वांग जियामिंग है।
Closing your eyes helps you think better.,"आँखों को झुकाएं, ख़यालात को बुलंद करें..."
Who's that boy?,वह लड़का कौन है?
What do they call him?,इसको क्या कहते हैं?
Tell my father that I've arrived.,अपने पिता को मेरे आने का पैग़ाम दें।
"The truth is, I don't have any problem with it.",सच्ची बात तो यह है कि मुझे कोई परवाह नहीं।
I know that you don't want to talk to me.,मुझे मालूम है आप मेरे साथ बात नहीं करना चाहते।
He's always laughing and having fun.,वह हर समय हँसीं-मज़ाक करता रहता है।
What do they call her?,इसको क्या कहते हैं?
What do they call it?,इसको क्या कहते हैं?
What do they say for this?,इसको क्या कहते हैं?
Not all the students were present in class.,क्लास में सभी छात्र हाज़िर नहीं थे।
My name is Ichiro Tanaka.,मेरा नाम इचिरो तानाका है।
Tokyo is a very big city.,टोक्यो बहुत बड़ा शहर है।
New York is a big city.,न्यू यॉर्क बड़ा शहर है।
Where is the book?,वह किताब कहाँ है?
He has a lot of work to do.,उसके पास बहुत सारा काम है।
Tom isn't like you.,टॉम तुम्हारी तरह नहीं है।
Tom isn't like you.,टॉम आपकी तरह नहीं है।
Tom isn't like you.,टॉम तुम्हारे जैसा नहीं है।
Tom isn't like you.,टॉम आपके जैसा नहीं है।
Where is the bar?,शराबख़ाना कहाँ है?
Chen is a teacher.,चेन एक अध्यापक है
Salt is used to thaw ice.,नमक का इस्तेमाल बर्फ़ पिघालने में किया जाता है।
George Washington was the first president of the United States of America.,जार्ज वाशिंगटन संयुक्त राज्य अमेरिका के पहले राष्ट्रपति थे
Where is the beach?,समुद्र तट कहां है?
What's the price of this?,यह वस्तु की कीमत क्या है।
You used to like coming here.,आप यहाँ आना पसंद करते थे।
One language will never be enough.,एक भाषा कभी भी काफ़ी नहीं होगी।
We often hide our thoughts in front of others.,हम अकसर दूसरों के सामने अपने ख़यालों को छुपाते हैं।
"From what you can tell, what subject would he have interest in?",तुम्हारे हिसाब से उसे किस विषय में दिलचस्पी होगी?
Are these the glasses you were looking for?,क्या यह वह ऐनक है जिसे आप ढूँढ रहे थे ?
New Delhi is the capital of India.,भारत की राजधानी नई दिल्ली है।
A friend in need is a friend indeed.,दोस्त जो मुसीबत में काम आए।
Yesterday I went to the river to catch fish.,मैं कल नदी किनारे मछलियाँ पकड़ने गया था।
I don't have much money.,मेरे पास ज़्यादा पैसे नहीं हैं।
Were you looking for these glasses?,क्या तुम इस चश्मे को ढूँढ रहे थे?
I didn't go out last Sunday.,मैं पिछले रविवार बाहर नहीं निकला था।
You reap what you sow.,जैसा करोगे वैसा भरोगे।
This was a winter evening.,यह एक सर्दियों की शाम थी.
That night was very cold.,वह रात बहुत ठंडी थी।
I hope that you are proud of me.,मुझे आशा है कि आप को मुझ पर गर्व है।
"I've got a good understanding of Islam, but I know little about the Hindu religion and its culture.",मुझे इस्लाम के विषय में अच्छी जानकारी है मगर हिंदू धरम एवं संस्कृति के बारे में कम ज्ञान है।
I don't mind waiting.,मुझे इंतज़ार करने में कोई एतराज़ नहीं है।
They are very important.,वे बहुत अहम हैं।
I pray that he makes it home safe.,मैं प्रार्थना करता हूँ कि वह अपने घर को सलामती से पहुँचे।
Hindi and Urdu are one language.,हिंदी और उर्दू एक ही भाषा हैं।
Everyone likes a peacock dance.,नाच मोर सबको भाता.
We bought this car for 10200 rupees.,हमने यह गाड़ी दस हज़ार दो सौ रुपए की ख़रीदी है।
Complete that which you can today. Don't leave it till tomorrow.,"जो आज खतम कर सकते हो, उसे करके निपटाओ। कल के लिए मत छोड़ो।"
"As long as he stays, I will be happy.",जब तक वह रहेगा तब तक मैं ख़ुश रहूँगी ।
Who wouldn't become enamored now?,कौन न अब होगा फ़िदा?
I hope Tom helps me.,उम्मीद है कि टॉम मुझे मदद करेंगे।
It was getting dark.,अंधेरा हो रहा था.
One should always give something to beggars.,भिखारियों को हमेशा कुछ देना चाहिए।
A drowning man will clutch at a straw.,डूबते को तिनके का सहारा।
We can compare our country to China.,हम अपने देश की चीन से तुलना कर सकते हैं।
What's WhatsApp?,वाट्सऐप क्या है?
Water is very important.,पानी बहुत जरूरी है।
Many people around the world don't have access to good quality water.,दुनिया भर में बहुत से लोगों को अच्छा पानी उपलब्ध नहीं है।
I gave a lot of cheese.,मैंने बहुत सारा चीज़ दिया।
Is there anywhere you want to go?,ऐसी कोई जगह है जहां आप जाना चाहते हो?
Let me try again.,मैं फिर से कोशिश करता हूँ।
The women of France are beautiful.,फ़्रांस की महिलाये खूबसूरत हैं।
How can you be so calm?,आप इतने शाँत कैसे हो सकते हैं?
That's a pretty good question.,यह काफ़ी अच्छा सवाल है।
"Tom is poor, but he's happy.",टाम ग़रीब है लेकिन वह खुश है।
"Tom is poor, but he's happy.",टाम धनहीन है किंतु वह सुखी है।
Is he alright?,वह ठीक है क्या?
Whose letter is in this envelope?,इस लिफाफे में किस की चिट्ठी है?
I'd caught him red-handed.,मैंने उसे रंगे हाथों पकड़ा था।
I will tell you right now.,मैं अभी आपको बताता हूँ।
Let me tell you one thing.,मुझे आपको एक बात बताने दें।
The atmosphere there is not very good.,वहाँ माहौल बहुत अच्छा नहीं हो रहा है।
And time keeps passing on by.,और वक़्त बीतता रहता है।
I can't support him through this.,मैं इसके द्वारा उसकी बाँह नहीं पकड़ सकता हूँ।
He has very strong arms.,उसकी बाँहों में बहुत ताक़त है।
A bad tradesman blames his tools.,"नाच न जाने, आँगन टेढ़ा।"
Can you please do my hair?,क्या आप मेरे बाल बनाएँ?
I'll certainly come tomorrow.,मैं कल ज़रूर आऊँगा।
Leaders serve society.,नेता लोग समाज की सेवा करते हैं।
What are your thoughts on the situation?,उस स्थिति के बारे में आपका क्या ख्याल है?
His first answer was laudable.,उनका पहला जवाब प्रशंसनीय था।
I wish I were young.,काश मैं जवान होता!
My name's Ricardo.,मेरा नाम रिकार्डो है।
What kind of bird is this?,यह किस तरह की पंछी है?
Water is life.,जल ही जीवन है।
Where's the beach?,समुद्र तट कहां है?
"My wardrobe has four doors and two mirrors. It was manufactured by a Swedish company, whose name contains three vowels and a consonant.","मेरी अलमारी में चार पट और दो आईनें हैं. उसको एक स्वीडिश कंपनी ने बनाया है, जिसके नाम में तीन स्वर और एक व्यंजन है."
Quieter!,और धीमे!
Congratulations!,बधाई हो!
Congratulations!,मुबारक हो!
Definitely!,निश्चित ही
Sorry...,माफ़ कीजिये
Hotshot!,दक्ष!
Hotshot!,निपुण!
Hotshot!,माहिर!
Hotshot!,निष्णात!
Brilliant!,चतुर!
Brilliant!,चमकदार!
Brilliant!,मेधावी!
Dead?,मरा हुआ?
Speaking.,बोलना.
Speaking.,बोलने वाला.
Unbelievable!,अविश्वसनीय!
Certainly.,निश्चित।
Obviously.,स्पष्ट रूप से.
Obviously.,ज़ाहिर है.
Naturally.,स्वभाविक रूप से.
Duck!,झुको!
Duck!,बतख़!
Study!,पढ़ो!
Achoo!,आकछू!
Die!,मरो!
Perfect!,उत्तम!
Perfect!,सही!
Wonderful!,अद्भुत
Fantastic!,बहुत ख़ूब!
Awesome!,बहुत बढ़िया!
Enough!,बस हुआ!
Faggot.,होमोसेक्सुअल.
Faggot.,समलैंगिक.
Hungry?,भूख लगी?
Crazy!,पागल!
Shit.,धत् तेरे की.
Shit.,विष्ठा.
Blah.,बकवास.
Precisely!,बिलकुल!
Cheers!,वाह-वाह!
Cheers!,चियर्स!
Hey.,हे.
Hey.,सुनो तो.
Correct!,ठीक!
Correct!,सही!
Chapeau!,टोपी!
Jump.,उछलो.
Jump.,कूदो.
Jump.,छलांग.
Darn!,लानत करना.
Bye!,बाय!
Hark!,सुनो!
Wanker.,हस्तमैथुनकर्ता.
Hush!,चुप!
Idiot!,मूर्ख!
Idiot!,बेवकूफ़!
Fool!,बेवकूफ़!
Fool!,नासमझ!
Ridiculous!,हास्यस्पद!
Ridiculous!,हास्यास्पद!
Ridiculous!,बेतुका!
Duh.,ओफ़ फ़ो.
Fry.,तलना.
Incredible!,अनूठा!
Alas.,हाय.
Err...,अरे...
Nope.,नहीं.
Yep.,हाँ।
Interesting.,दिलचस्प.
Remember!,याद रखो!
Hooray!,वाह!
Enter!,आओ!
Wild!,जंगली!
Goodnight!,शुभ रात्री!
Damn.,इसकी तो.
Sorry!,माफ़ करें!
Sorry!,अफ़सोस!
Dumbass!,बुद्धू!
Gangway!,गलियारा!
Scram!,धत!
Hail!,स्तुति करो!
Farewell!,विदाई!
Greetings!,शुभकामानाएँ!
Good.,अच्छा.
Good.,भला.
Hurray!,वाह!
Read!,पढ़ो!
Fine!,ठीक!
Roger!,संदेश पुष्टि!
Roger!,संदेश मिल गया!
Password?,पासवर्ड?
Hurry!,जल्दी करो!
Right!,सही!
Leave!,जाओ!
Leave!,छोड़ो!
Seriously?,सच में?
Disgusting!,घिनौना!
Disgusting!,छी!
Stay!,ठहरना!
Stay!,रहना!
Chicken!,डरपोक!
Faster!,और तेज़!
Poppycock.,ऊलजलूल.
Bullshit.,बकवास.
Attaboy!,शाबाश!
"His novels are, for the most part, very boring.","उसके उपन्यास, अधिकतर, बहुत उबाऊ हैं।"
Try to do it like that.,वैसे करने की कोशिश कीजिये।
She was lovely.,वह बहुत सुंदर थी।
Do you see a black horse?,क्या आप काले घोड़े को देखते हो?
Do you have cash worth more than ten thousand euros?,क्या आप के पास दस हजार यूरो से ज़्यादा की नकद है?
We use public transport.,हम सार्वजनिक यातायात का प्रयोग करते है।
Do you have a mop and a bucket?,क्या आप के पास झाड़ू और बाल्टी है?
"He fell for the seventy-fourth time, dead tired.","वो चौहत्तर बार असफल हो चुका है, अत्त्याधिक थका हुआ है।"
Both ants and termites live in large colonies.,चीटियां और दीमक दोनों एक साथ बड़े कालोनी में रहते है।
It's me!,मैं हूँ!
What they did was wrong.,उन्होंने जो किया वह गलत था।
Where's the library?,पुस्तकालय कहाँ है?
Who is to blame?,दोष किसका है?
India was governed by Great Britain for many years.,भारत पर बहुत सालों तक ग्रेट ब्रिटेन राज करता था।
That is a song.,वह गाना है।
This is a song.,यह गाना है।
Mary is tall.,मैरी लंबी है।
Is he tall?,क्या वह लंबा है?
Is he tall?,क्या वो लंबा है?
I am tall.,मैं लंबा हूँ।
I am tall.,मैं लंबी हूँ।
I asked him to take some pictures.,मैंने उससे कुछ तस्वीरें लेने पूछा।
I asked him to take some pictures.,मैंने उससे कुछ फ़ोटो लेने पूछा।
Their explanation was confusing.,उनकी व्याख्या भ्रामक थी।
"Mom, please listen to me.","माँ, मेरी बात सुनिए।"
I think he is strange.,वह मुझे अजीब लगता है।
I helped Tom move the furniture.,मैंने टॉम को फ़र्नीचर हटाने में मदद की।
Do you want me to open the windows?,क्या आप चाहते हैं कि मैं खिड़कियाँ खोलूँ?
You've already done the hard part.,तुमने मुशकिल हिस्स तो कर लिया है।
You've already done the hard part.,तूने मुशकिल हिस्सा तो कर लिया है।
You've already done the hard part.,आपने मुशकिल हिस्स तो कर लिया है।
Tom and Mary become friends right away.,तॉम और मैरी तुरंत दोस्त बन गए।
You always ask too many questions.,तुम हमेशा ज़्यादा सवाल पूछते हो।
You always ask too many questions.,तू हमेशा ज़्यादा सवाल पूछते है।
You always ask too many questions.,आप हमेशा ज़्यादा सवाल पूछते हैं।
I don't feel like walking that far.,मुझे इतना दूर चलने का मन नहीं है।
I don't feel like walking that far.,मुझको इतना दूर चलने का मन नहीं है।
Wow!,वाह!
Merry Christmas!,क्रिसमस की शुभकामनाएँ!
Merry Christmas!,क्रिसमस मुबारक़!
They quarreled.,वे लड़े।
"Fish, please.","मछली, कृप्या।"
Please hurry.,जल्दी करो।
Please hurry.,जल्दी कीजिए
Please hurry.,जल्दी कर।
You tried.,तुमने कोशिश की।
You tried.,तूने कोशिश की।
You tried.,आपने कोशिश की।
I fainted.,मैं बेहोश हो गया।
Never mind!,कोई बड़ी बात नहीं है!
I try.,मैं कोशिश करता हूँ।
"Check, please.","चेक, कृप्या।"
Nothing happened.,कुछ नहीं हुआ।
Come on!,आ!
Come on!,आओ!
Come on!,आइए!
Come on!,आ जा!
Come on!,आ जाओ!
Come on!,आ जाइए!
Anything new?,कुछ नई बात?
Please relax.,कृप्या आराम कीजिए।
Walk slowly.,धीरे चल।
Walk slowly.,धीरे चलो।
Walk slowly.,धीरे चलिए।
Work slowly.,धीरे काम कर।
Work slowly.,धीरे काम करो।
Work slowly.,धीरे काम कीजिए।
Drive slowly.,गाड़ी धीरे चला।
Drive slowly.,गाड़ी धीरे चलाओ।
Drive slowly.,गाड़ी धीरे चलाइए।
"Louder, please.","ज़रा और ज़ोर से, कृप्या।"
Try again.,फिर कोशिश कर।
Try again.,फिर कोशिश करो।
Try again.,फिर कोशिश कीजिए।
How deep?,कितना गहरा?
Stop smoking.,धूम्रपान करना बंद कर।
Stop smoking.,धूम्रपान करना बंद करो।
Stop smoking.,धूम्रपान करना बंद कीजिए।
Stop smoking.,सिगरेट पीना बंद कर।
Stop smoking.,सिगरेट पीना बंद करो।
Stop smoking.,सिगरेट पीना बंद कीजिए।
"Hello, Tom.","नमस्ते, टॉम।"
"Hello, Tom.","नमस्कार, टॉम।"
"Hello, Tom.","सलाम, टॉम।"
"Hello, Tom.","हेलो, टॉम।"
I overslept.,मैं ज़्यादा सो गया।
Time flies.,वक़्त उड़ता है।
Drive carefully.,ध्यान से गाड़ी चला।
Drive carefully.,ध्यान से गाड़ी चलाओ।
Drive carefully.,ध्यान से गाड़ी चलाइए।
Get down!,उतर!
Get down!,उतरो!
Get down!,उतरिए!
Keep quiet.,छुप रह।
Keep quiet.,छुप रहो।
Keep quiet.,छुप रहिए।
"Ticket, please.","टिकट, कृप्या।"
Come quick!,जल्दी आओ!
Come quick!,जल्दी आ!
Come quick!,जल्दी आइए!
Years passed.,साल बीते।
Years passed.,साल बीत गए।
Stand up!,खड़ा हो!
Stand up!,खड़ा होइए!
Of course.,बिल्कुल।
Of course.,ज़रूर।
I agree.,मैं सहमत हूँ।
Stay there.,वहीं रह।
Stay there.,वहीं रहो।
Stay there.,वहीं रहिए।
Turn left.,बाएं मोड़ो।
Turn left.,बाएँ मोड़।
Turn left.,बाएँ मोड़िए।
Stuff happens.,कुछ कुछ होता है।
No problem.,कोई बात नहीं।
I apologize.,मैं माफ़ी माँगता हूँ।
Get lost!,दफ़ा हो जा!
Get lost!,दफ़ा हो जाओ!
Get lost!,दफ़ा हो जाइए!
Get lost!,निकल जा!
Get lost!,निकल जाओ!
Get lost!,निकल जाइए!
We agree.,हम सहमत हैं।
You run.,तू भागता है।
He came.,वह आया।
He came.,वे आए।
Choose one.,एक चुनो।
Choose one.,एक चुन।
Choose one.,एक चुनिए।
Get up.,उठ।
Get up.,उठो।
Get up.,उठिए।
Keep listening.,सुनते रहो।
Keep listening.,सुनते रहइए।
Keep listening.,सुनते रह।
Trust me.,मुझ पर विश्वास करो।
Trust me.,मुझ पर विश्वास कर।
Trust me.,मुझ पर विश्वास कीजिए।
"Champagne, please.","शैंपेन, कृप्या।"
Everybody lies.,सारे लोग झूठ बोलते हैं।
Terrific!,बढ़िया!
Thanks.,शुक्रिया।
Thanks.,धन्यवाद।
Take care.,ध्यान रखना।
Take care.,अपना ध्यान रखना।
Take care.,ध्यान रखिएगा।
Take care.,अपना ध्यान रखिएगा।
What for?,किस वजह से?
For what reason?,किस वजह से?
Take care of yourself.,अपना ध्यान रखिएगा।
Everyone lies.,सारे लोग झूठ बोलते हैं।
Wake up.,उठिए।
Wake up.,उठो।
Wake up.,उठ।
Motherfucker!,माँचोद!
I'll call him tonight.,आज रात को मैं उसे फ़ोन करूँगा।
Put your letter in this envelope.,आपका ख़त इस लिफाफे में डालें।
I need money.,मुझे पैसा चाहिए।
There is one thing I want to ask.,मुझे एक बात पूछनी है।
"If you did not want to do this, then why did you do it? Did someone force you to do this?",तुम्हें यह नहीं करना था तो क्यूँ किया? क्या किसी ने तुम पर इसके लिये ज़बरदस्ती की?
You don't know how to do anything.,तुमको कुछ नहीं आता।
Tom and Mary often worry about money.,टॉम और मैरी अक्सर पैसे के बारे चिंता करते हैं.
Tom has an MBA.,टॉम के पास MBA है.
Tom has a squirrel.,टॉम के पास एक गिलहरी है.
I can't speak.,मैं बोल नहीं पा रहा हूँ.
I want to get off here.,मैं यहाँ उतरना चाहता हूँ.
Only Tom knows the truth.,सिर्फ़ टॉम को सच पता है.
I don't pay attention to gossip.,मैं गपशप पर ध्यान नहीं रखता हूँ.
Tom never tells us anything.,टॉम हमें कभी कुछ नहीं बताता है.
That a boy!,शाबाश!
Well done!,शाबाश!
Amazing!,क्या बात है!
Peter reads a book.,पीटर किताब पढ़ता है।
Raj is a man.,राज एक आदमी है।
That is a book.,वह एक किताब है।
Awesome!,क्या बात है!
Nehi is a woman.,नेहा एक औरत है।
Tom set down his beer.,टॉम ने अपनी बीयर नीचे रख दी।
His younger sister is a well-known TV star.,उसकी छोटी बहन बहुत प्रसिद्ध टीवी कलाकार है।
Speak!,बोलो!
Where's the changing room?,कपड़े बदलने का कमरा कहाँ पर है?
Who's to blame for the accident?,इस दुर्घटना के लिए कौन ज़िम्मेदार है?
Who's the author of this story?,इस कहानी का लेखक कौन है?
What's the meaning of this word?,इस अल्फाज का मतलब क्या है?
It seems to me that you're wrong.,मुझे लगता है कि तुम ग़लत हो।
You should've seen the movie.,तुम्हें फ़िल्म देखनी चहिए थी।
You should've come yesterday.,तुम्हें कल आना चाहिए था।
It's too expensive.,बहुत महंगा है!
It's too expensive.,बहुत महंगी है!
Stamps aren't sold in this store.,यहां डाक टिकटें नहीं बेची जातीं हैं।
Who's Tom talking to?,टॉम किससे बात कर रहा है?
What'll you be doing at this time tomorrow?,तुम कल इस समय क्या कर रहे होगे?
Where's my son?,मेरा बेटा कहाँ है?
What's the name of that bird?,उस चिड़िया का नाम क्या है?
What's the name of that bird?,उस पंछी का नाम क्या है?
I want money.,मुझे पैसा चाहिए।
This isn't a secret.,यह राज़ वाली बात नहीं है|
The house is red.,घर लाल है।
I know Tom cheated.,मुझे पता है की टॉम ने धोखा दिया।
I ate an apple.,मैंने एक सेब खाया।
He's at school.,वह स्कूल में है।
She's at school.,वह स्कूल में है।
It's at school.,वह स्कूल में है।
She's inside the school.,वह स्कूल में है।
I eat a banana.,मैं केला खाता हूँ।
I drink milk.,मैं दूध पीता हूँ।
I drink milk.,मैं दूध पीती हूँ।
Farmers sow seeds in the rainy season.,किसान वसन्त के मौसम में बीज बोते हैं।
"Sir, I'm looking for a job.","सर, मैं नौकरी ढूँढ रहा हूँ।"
What's your good name?,आपका शुभ नाम क्या है?
Like talking to a wall.,भैंस के आगे बीन बजाना।
Save us.,हमें बचाइए।
We're watching.,हम देख रहे हैं।
We're lost.,हम खो गये हैं ।
We're against war.,हम जंग के ख़िलाफ़ हैं।
We're against war.,हम युद्ध का विरोध करते हैं।
I want some papers.,मुझे कुछ कागज चाहिये।
Your heart is sick.,तेरा दिल बीमार है.
I am in the kitchen.,मैं रसोई में हूँ।
Come inside.,अंदर आइए।
Breathe.,साँस लीजिए।
I am the State!,मैं ही राज्य हूँ!
What is that?,वह क्या है?
What's that?,वह क्या है?
I am coming on Saturday.,मैं शनिवार को आ रहा हूँ।
I am coming on Saturday.,मैं शनिवार को आ रही हूँ।
"My house, my rules.","मेरा घर, मेरे नियम।"
Take this suitcase.,यह सूटकेस लीजिए।
Her mother is American.,उसकी माँ अमरीकी है।
His mother is American.,उसकी माँ अमरीकी है।
There is no library in this town.,इस गाॅंव में पुस्तकालय नहीं है।
There's no library in this town.,इस गाॅंव में पुस्तकालय नहीं है।
I'm more beautiful than you.,मैं तुमसे ज़्यादा खूबसूरत हूँ।
I'm more beautiful than you.,मैं तुमसे ज़्यादा सुंदर हूँ।
The president unexpectedly submitted his resignation letter.,राष्ट्रपति ने अचानक से अपना त्यागपत्र सौंप दिया।
I'm like you.,मैं तुम्हारे जैसा हूँ।
I'm like you.,मैं तुम्हारे जैसी हूँ।
I'm like you.,मैं आपके जैसी हूँ।
I'm like you.,मैं आपके जैसा हूँ।
I won't come tomorrow.,मैं कल नहीं आउंगा।
I won't come tomorrow.,मैं कल नहीं आउंगी।
The thief ran away on seeing the police.,पुलिस को देखने पर चोर भाग गया।
"Sir, I'm looking for a job.","सर, मैं नौकरी ढूँढ रही हूँ।"
"Sir, I'm looking for a job.","साहब, मैं नौकरी ढूँढ रहा हूँ।"
"Sir, I'm looking for a job.","साहब, मैं नौकरी ढूँढ रही हूँ।"
I'm still trying.,मैं अभी भी कोशिश कर रही हूँ।
Everyone was happy.,सभी खुश थे।
Everyone was happy.,सब खुश थे।
Do you like English?,क्या तुम्हें अंग्रेज़ी अच्छी लगती है?
The monkeys jump from branch to branch.,बन्दर एक डाली से दूसरी डाली पर कूदते हैं।
I know what the next question will be.,मुझे पता है कि अगला सवाल क्या होगा।
I know what the next question will be.,मुझे मालूम है कि अगला सवाल क्या होगा।
You charged me too much.,तूने मुझसे ज़्यादा क़ीमत ली है।
Stand up and walk.,उठो और चलो।
Stand up and walk.,उठ जाओ और चलो।
Come back and pick me up later.,वापस आना और मुझे बाद में ले लो।
Tom is moving back home.,टॉम घर वापस शिफ़्ट हो रहा है।
Tom is moving back home.,टॉम घर वापस जा रहा है रहने के लिए।
It'll happen quite quickly.,बहुत जल्दी हो जाएगा।
Do we need special permission?,क्या हमें ख़ास इजाज़त की ज़रूरत है?
Do we need special permission?,क्या हमें विशेष अनुमति चाहिए?
Do we need special permission?,क्या हमें विशेष अनुमति की आवश्यकता है?
Tom and Mary said they don't think John enjoyed doing that.,टॉम और मैरी ने कहा कि उन्हें लगता है कि जॉन को वह करना अच्छा नहीं लगा।
I think it'll be too much for Mary to handle.,मुझे लगता है कि मैरी के लिए ज़्यादा होगा।
I think it'll be too much for Mary to handle.,मुझे लगता है कि मैरी के बस के बाहर है।
He figured he could do that.,उसने समझा कि उससे हो पाएगा।
I know that Tom knew you shouldn't do that by yourself.,मुझे पता है कि टॉम को पता था कि वह अपने आप नहीं करना चाहिए।
Tom killed Mary with a knife.,टॉम ने मैरी को चाकू से मारा।
You need to make sure your cut is clean before you apply a band-aid on it.,पट्टी लगाने से पहले ध्यान रखना चाहिए कि घाव साफ़ है।
I did another test.,मैंने एक और परीक्षा किया।
You're half right.,तुम आधे सही हो।
You're half right.,आप आधे सही हैं।
You're half right.,तू आधा सही है।
"So, is the glass half full or half empty?",तो क्या प्याला आधा भरा है या फिर आधा खाली?
We have an obligation to do that.,हमें मजबूरी है कि हम वह करें।
Sell wine?,वाइन बेचना?
Mary explained in detail what she had seen.,मैरी ने ध्यान से समझाया कि उसने क्या देखा था।
Mary explained in detail what she had seen.,मैरी ने ध्यान से समझाया कि उसे क्या दिखाई दिया था।
Tom and Mary say they can't do anything about that.,टॉम और मैरी ने कहा कि वे उसके बारे कुछ कर नहीं सकते।
Both Tom and Mary are in their thirties.,टॉम और मैरी दोनों लगभग तीस साल के हैं।
May I ask Tom to help me?,क्या मैं टॉम से मदद माँग सकता हूँ?
It's clearly a hoax.,साफ़ छल है।
They swore they'd never hit me again.,उन्होंने क़सम खाया कि वे कभी फिर से मुझे मारेंगे नहीं।
They swore they'd never hit me again.,उन्होंने वादा किया कि वे कभी फिर से मुझे मारेंगे नहीं।
This music puts me to sleep.,यह गाने मुझे सुलाते हैं।
This music puts me to sleep.,इन गानों से मैं सो जाता हूँ।
He isn't too old for her.,वह उसके लिए ज़्यादा बड़ा नहीं है।
"He's nervous, isn't he?",वह शरमा रहा है ना?
Tom and Mary grew up in a small village.,टॉम और मैरी एक छोटे से गाँव में बड़े हुए।
The sky is full of stars.,आसमान तारों से भरा है।
The sky is full of stars.,आसमान सितारों से भरा है।
Are the party preparations okay?,क्या पार्टी की तैयारियाँ ठीक हैं?
When did you have your wall painted?,तुमने अपनी दीवार की पुताई कब करायी?
When did you have your wall painted?,तूने अपनी दीवार की पुताई कब करायी?
When did you have your wall painted?,आपने अपनी दीवार की पुताई कब करायी?
Would you sing us a song in English?,क्या आप हमारे लिए एक अँग्रेज़ी गाना गा सकते हैं?
I'd like to take a look at those documents.,मैं वे दस्तावेज़ देखना चाहूँगा।
I don't have anything to do right now.,मुझे करने के लिए कुछ है नहीं अभी।
I don't have anything to do right now.,मुझे करने को कुछ है नहीं अभी।
All of my kids want to learn how to speak French.,मेरे सारे बच्चे फ़्रेंच में बात करना सीखना चाहते हैं।
You get the next one.,तुमको अगला मिलेगा।
You get the next one.,तुम्हें अगला मिलेगा।
You get the next one.,तुझे अगला मिलेगा।
You get the next one.,तुझको अगला मिलेगा।
You get the next one.,आपको अगला मिलेगा।
Tom and Mary are still in their pajamas.,टॉम और मेरी अभी भी पाजामे पहन रहे हैं।
Sami didn't love Layla.,सामी ने लैला से प्यार नहीं किया।
Sami didn't love Layla.,सामी ने लैला को प्यार नहीं दिया।
It rained gently the whole day.,पुरे दिन हल्की-हल्की बारिश बरसी।
I can't tell you yet.,मैं अभी तुझे बता नहीं सकता।
I can't tell you yet.,मैं अभी तुम्हें बता नहीं सकता।
I can't tell you yet.,मैं अभी आपको बता नहीं सकता।
I can't tell you yet.,मैं अभी तुझे बता नहीं सकती।
I can't tell you yet.,मैं अभी तुम्हें बता नहीं सकती।
I can't tell you yet.,मैं अभी आपको बता नहीं सकती।
Do you speak Romani?,क्या आपको रोमानी आती है?
Password?,पासवर्ड ?
Kisses!,चुम्मा !
Repeat!,दोबारा !
When?,कब ?
Honestly...,सही में...
He's always complaining.,वह हमेशा शिकायत करता रहता है ।
What type of job are you looking for?,आप किस प्रकार की नौकरी ढूंढ रहे हैं ।
Don't open that.,वह मत खोलिए।
Do you get it?,क्या तुम्हें समझ में आया ?
It will rain today.,आज बारिश होगी ।
Tom and Mary are in their rooms now.,टॉम और मेेरी अब कमरे में हैं ।
I know things.,मुझे चीजों के बारे में पता है ।
The reason is very simple.,कारण बहुत सरल है।
I brush my teeth at least three times a day.,मैं रोज़ाना कम से कम तीन बार मंजन करती हूँ ।
He said that I made him cry.,उसने कहा की मैंने उसे रुलाया ।
Are you all three brothers?,क्या आप तीनों भाई हैं ?
We have to go back soon.,हमें जल्द ही वापिस जाना है ।
Who knows where?,कौन जनता है कहाँ ?
I need to go get some eggs.,मुझे कुछ अंडे खरीदने जाना है।
Tom is sweating now.,टॉम को अब पसीने आ रहे हैं ।
I'd just like to ask Tom one question.,मैं टॉम से एक सवाल पूछना चाहूँगी।
"From my point of view, Australia is one of the best countries in the world.",मेरे नज़रिए से ऑस्ट्रेलिया विश्व के सर्व-श्रेष्ठ देशों में से एक है।
I like donuts.,मुझे डॉनत पसंद है।
She thought she was in big trouble.,उसको लगा कि वो बहुत बड़ी मुसीबत में है।
It must have been very painful.,वह अत्यंत ही दर्दनाक रहा होगा।
Relax.,आराम कीजिए।
Excellent!,अति उत्कृष्ट!
We won.,हम जीते।
Watch carefully.,ध्यान से देखें।
We lost.,हम हार गए।
We promised.,हमने वादा किया।
Such as?,जैसे?
"Well, what?","अच्छा, क्या?"
"Again, hello.","फिर से, नमस्ते।"
Everyone screamed.,सब चिल्लाए।
Everyone smiled.,सब मुस्कुराए।
Everyone waited.,सभी ने इंतज़ार किया।
Nobody lied.,किसी ने झूठ नहीं बोला।
My foot!,मेरा पैर!
Happy holidays.,आपकी छुट्टियाँ मंगलमय हों ।
Choose carefully.,ध्यान से चुने।
Tom yawned.,टॉम ने उबासी ली ।
Tom smiled.,टॉम मुस्कुराया।
You could say that.,आप ऐसा कह सकते हैं ।
Don't do anything you'll regret later.,ऐसा कुछ ना करें जिससे बाद में आपको पछतावा हो ।
Tom didn't have any hair.,टॉम के बाल नहीं थे ।
Carl looked very happy.,कार्ल बहुत खुश लग रहा था ।
Tom talks a lot about his father.,टॉम अपने पिता जी के बारे में बहुत बात करता है ।
Don't you have something to do?,क्या तुम्हारे पास कुछ करने के लिए नहीं है ?
We kept on talking.,हम बात करते रहे।
The thief vanished.,चोर गायब हो गया।
My toes are frozen.,मेरे पाँव जम चुके हैं।
Christ!,हे भगवान!
Meow.,म्याऊ
Hi!,नमस्ते!
Understand?,समझ आया?
Food!,खाना!
Very!,बहुत !
Impossible!,नामुमकिन!
Dunno.,नहीं पता।
Walk!,चलिए!
I had a little fever.,मुझे थोड़ा बुखार था।
Tom wants to go somewhere else.,टॉम कहीं और जाना चाहता है।
It's really hot outside.,बाहर बहुत गर्मी है।
I'm afraid that Tom might come.,मुझे डर है की टॉम आ जाएगा।
Why have you shut the door?,तुमने दरवाज़ा क्यों बंद कर दिया ?
Our team isn't very good.,हमारी टीम बहुत अच्छी नहीं है।
Did you give the money back to your mother?,क्या तुमने अपनी माँ को पैसे लौटा दिए?
I answered all Tom's questions.,मैं ने टॉम के सभी सवालों का जवाब दिया।
Losing your friendship saddened me deeply.,मुझे ग्रिल्ड मशरूम बहुत पसंद हैं।
Tom wants to leave the house.,टॉम घर छोड़ना चाहता है।
My partner grills the best mushrooms.,मेरा साथी सबसे अच्छे मशरूम बनाता है।
It's terribly hot in here.,यहाँ बहुत गर्म है।
I actually have to do that.,मुझे वास्तव में ऐसा करना है।
I had a little fever.,मुझे हल्का बुखार था।
Tom doesn't yet know how to do that.,टॉम अभी तक नहीं जानता कि ऐसा कैसे करना है।
You shouldn't be outside.,आपको बाहर नहीं होना चाहिए।
It was really boring.,यह बहुत उबाऊ था।
It was clear that Tom was lying.,यह स्पष्ट था कि टॉम झूठ बोल रहा था।
Don't get involved in our fight!,हमारी लड़ाई में शामिल न हों!
But don't get me wrong.,लेकिन मुझे गलत मत समझिए।
"It's windy, isn't it?","यहाँ हवा चल रही है, है ना?"
I've read this book three times.,मैंने इस पुस्तक को तीन बार पढ़ा है।
Tom has graduated from college.,टॉम ने कॉलेज से स्नातक कर लिया है।
This story is worth reading again.,यह कहानी फिर से पढ़ने लायक है।
Let's do that.,चलो करते हैं।
Tom is strict with his children.,टॉम अपने बच्चों के साथ सख्ती से पेश आता है।
Tom doesn't know how to do that yet.,टॉम अभी तक नहीं जानता कि यह कैसे करना है।
Is Tom going to the supermarket?,क्या टॉम बड़े बाज़ार में जा रहा है?
That was an exemplary performance!,वह एक अनुकरणीय प्रदर्शन था!
I've lost my keys.,मेरी चावी गुम हो गयी है।
We have a black dog.,हमारे पास काला कुत्ता है।
I'm not very old.,मैं बहुत बूढ़ी नहीं हूँ ।
I'm not very old.,मैं बहुत बूढ़ा नहीं हूँ ।
I was very thirsty.,मैं बहुत प्यासा था।
I was very thirsty.,मैं बहुत प्यासा थी।
I should have told you the truth.,मुझे आपको सच बता देना चाहिए था।
What kind of juice do you want?,तुम्हें कैसा रस चाहिए?
What kind of juice do you want?,आप को कैसा रस चाहिए?
"In their eyes, he can do no wrong.",उनकी नजर में वह कोई गलत काम नहीं कर सकता।
"In their eyes, he can do no wrong.",उनके नज़रिए में वह कोई गलत काम नहीं कर सकता।
Dan asked Linda to spend the night with him.,डैन ने लिंडा को उसके साथ रात बिताने के लिए पूछा।
"You quit your job, didn't you?","आपने अपनी नौकरी छोड़ दी, हैं ना?"
"You quit your job, didn't you?","तुमने अपनी नौकरी छोड़ दी, है ना?"
I do what I'm told.,मैं वही करता हूं जो मुझे बताया जाता है।
I do what I'm told.,मैं वही करती हूं जो मुझे बताया जाता है।
Please don't look at your mobile phone while we're eating.,भोजन करते समय कृपया अपने मोबाइल फ़ोन को ना देखें।
I was asked to give you a message.,मुझे आपको संदेश देने के लिए कहा गया था।
I was asked to give you a message.,मुझे तुम्हें संदेश देने के लिए कहा गया था।
Do you jog every day?,क्या आप हर दिन जॉगिंग करते हैं?
Do you jog every day?,क्या आप रोज़ जॉगिंग करते हैं?
Do you jog every day?,क्या आप प्रत्येक दिन जॉगिंग करते हैं?
I am learning Thai.,मैं थाई सीख रहा हूं।
I am learning Thai.,मैं थाई सीख रही हूं।
Sami was absolutely shocked.,सामी एकदम चौंक गयी।
Sami was absolutely shocked.,सामी एकदम स्तब्ध रह गयी।
Mary told me she was feeling dizzy.,मैरी ने मुझे बताया कि उसे चक्कर आ रहा था।
Do you know how much strawberries cost right now?,क्या आप जानते हैं कि अभी स्ट्रॉबेरी की कीमत कितनी है?
Do you know how much strawberries cost right now?,क्या तुम जानते हो कि अभी स्ट्रॉबेरी की कीमत कितनी है?
No one responded.,किसी ने जवाब नहीं दिया।
He's manly and strong.,वह मर्दाना और ताक़तवर है।
Tom's fever is getting worse.,टॉम का बुखार बढ़ता जा रहा है।
Many companies advertise their products on TV.,कई कंपनियां टीवी पर अपने उत्पादों का विज्ञापन करती हैं।
Tom never denied that he killed Mary.,टॉम ने इस बात से कभी इनकार नहीं किया कि उसने मैरी को मार डाला।
What do you want to see?,तुम क्या देखना चाहते हो?
What do you want to see?,आप क्या देखना चाहते हैं?
Do you know Tom personally?,क्या आप व्यक्तिगत रूप से टॉम को जानते हैं?
Do you know Tom personally?,क्या तुम व्यक्तिगत रूप से टॉम को जानते हो?
What an exciting game!,कितना रोमांचक खेल है!
There is no difference.,इसमें कोई फर्क नहीं है।
There is no difference.,इसमें कोई अंतर नहीं है।
I let them do it.,मैंने उन्हें करने दिया।
My time is not my own.,मेरा समय मेरा अपना नहीं है।
Tom may invite us.,टॉम हमें आमंत्रित कर सकता है।
"It isn't easy, but it's doable.",यह आसान नहीं है लेकिन करा जा सकता है।
The games were all boring.,सभी खेल उबाऊ थे।
She's Christian and she works at an Islamic center.,वह ईसाई है और वह एक इस्लामिक सेंटर में काम करती है।
Mary said she didn't plan to go with us.,मैरी ने कहा कि उसने हमारे साथ जाने की योजना नहीं बनाई थी।
I wouldn't do that to anybody.,मैं ऐसा किसी के साथ नहीं करुंगा।
I wouldn't do that to anybody.,मैं ऐसा किसी के साथ नहीं करुंगी।
I really don't need any help.,मुझे सच में किसी की भी मदद की ज़रूरत नहीं है।
I'm addicted to chocolate and ice cream.,मुझे चॉकलेट और आइसक्रीम की लत लगी हुई है।
I want to say thank you to Tom.,मैं टॉम को धन्यवाद कहना चाहता हूं।
I want to say thank you to Tom.,मैं टॉम को धन्यवाद कहना चाहती हूं।
Tom has never trusted me.,टॉम ने कभी मुझ पर भरोसा नहीं किया।
Tom has never trusted me.,टॉम ने कभी मुझ पर विश्वास नहीं किया।
This is Japan.,यह जापान है।
Some people think that they are above the law.,कुछ लोग सोचते हैं कि वे कानून से ऊपर हैं।
He said he'd help us.,उन्होंने कहा कि वह हमारी मदद करेंगे।
He said he'd help us.,उसने कहा कि वह हमारी मदद करेगा।
We are baking carrot cake.,हम गाजर का केक बेक कर रहे हैं।
We are baking carrot cake.,हम गाजर का केक बना रहे हैं।
Speaking and writing are different.,बोलना और लिखना अलग हैं।
Tom is my idol.,टॉम मेरा आदर्श है।
Tom can't drive a bus.,टॉम बस नहीं चला सकता।
Did they do something to him?,क्या उन्होंने उसको कुछ कर दिया?
Tom was stabbed to death last night.,कल रात टॉम की चाकू मारकर हत्या कर दी गई थी।
His memory will live forever.,उसकी यादें हमेशा जीवित रहेंगी।
I can add many sentences in different languages.,मैं विभिन्न भाषाओं में कई वाक्य जोड़ सकता हूं।
I can add many sentences in different languages.,मैं विभिन्न भाषाओं में कई वाक्य जोड़ सकती हूं।
He entered the room.,उसने कमरे में प्रवेश किया।
He entered the room.,वह कमरे में दाखिल हुआ ।
Tom is standing on the other side of the wall.,टॉम दीवार के दूसरी तरफ खड़ा है।
Pregnant women aren't allowed to drink wine.,गर्भवती महिलाओं को शराब पीने की अनुमति नहीं है।
What's the worst that can happen?,सबसे बुरा क्या हो सकता है?
We're all going to die someday.,हम सब किसी दिन मरने वाले हैं।
Sweet!,बढ़िया!
I think they are using you.,मुझे लगता है कि वे आपका उपयोग कर रहे हैं।
I think they are using you.,मुझे लगता है कि वह तुम्हारा उपयोग कर रहे हैं।
I didn't invite her.,मैंने उसे आमंत्रित नहीं किया।
I didn't invite her.,मैंने उसे निमंत्रण नहीं दिया।
I didn't invite her.,मैंने उसे नहीं बुलाया ।
I don't believe in your stories.,मुझे आपकी कहानियों पर विश्वास नहीं है।
I don't believe in your stories.,मुझे तुम्हारी कहानियों पर विश्वास नहीं है।
I've been ready to do that for a while.,मैं कुछ समय से वैसा करने के लिए तैयार हूं।
"If you're watching this video, I'm dead.","यदि आप यह वीडियो देख रहे हैं, तो मैं मर चुका हूं।"
"If you're watching this video, I'm dead.","अगर तुम यह वीडियो देख रहे हो, तो मैं मर चुका हूं।"
Tom is leaving in thirty minutes.,टॉम तीस मिनट में निकल रहा है ।
Tom said he didn't think the heat bothered Mary.,टॉम ने कहा की उसे नहीं लगा की गर्मी से मैरी परेशान हो रही थी ।
Tom said he didn't think the heat bothered Mary.,टॉम ने कहा की उन्हें नहीं लगा की गर्मी से मैरी परेशान हो रही थी ।
At least that part's true.,कम से कम वह हिस्सा तो सच था ।
Have you got any idea what I'm talking about?,क्या तुम्हें कोई अनुमान है कि मैं किस विषय के बारे में बात कर रहा हूँ ?
Have you got any idea what I'm talking about?,क्या तुम्हें कोई अनुमान है कि मैं किस विषय के बारे में बात कर रही हूँ ?
Tom had another beer.,टॉम ने एक और बियर पी ली ।
They continued eating as if nothing had happened.,वे ऐसे खाते रहे जैसे कुछ हुआ ही न हो।
Nine players make up a team.,नौ खिलाड़ी एक टीम बनाते हैं।
Tom wants to do that alone.,टॉम अकेले वैसा करना चाहता है।
Tom wants to do that alone.,टॉम वह अकेले करना चाहता है।
I have the same problem that you do.,मुझे वही समस्या है जो आप को है।
I know that Tom is an electrical engineer.,मुझे पता है कि टॉम एक इलेक्ट्रिकल इंजीनियर है।
"He wants to go, but he can't.","वह जाना चाहता है, लेकिन जा नहीं सकता ।"
Tom has a strange way of talking.,टॉम का बात करने का तरीका अजीब है ।
Tom has a strange way of talking.,टॉम अजीब तरीके से बात करता है ।
A thing of beauty is a joy forever.,"सौन्‍दर्य की अनुभूति, सौन्‍दर्यवान वस्‍तु से अधिक समय तक बनी रहती है।"
You aren't supposed to play baseball here.,यहाँ बेसबॉल खेलना मना है।
You're not supposed to play baseball here.,यहाँ बेसबॉल खेलना मना है।
You're wearing your shirt inside out.,तुमने अपनी कमीज़ उलटी पहनी हुई है।
You're wearing your shirt inside out.,तुमने अपनी टी-शर्ट उलटी पहनी हुई है।
You're doing very well. Keep it up.,तुम अच्छा काम कर रहे हो। ऐसे ही करते रहो।
You can't eat your cake and have it too.,"तुम ""चित भी मेरी पट भी मेरी"" नहीं कर सकते।"
I'd bought it the week before.,मैंने उसे पिछले हफ्ते ख़रीदा था.
What's your age?,तुम्हारी उम्र क्या है?
What's your age?,आपकी आयु क्या है ?
We have not come to hurt your mother.,हम आपकी माँ को चोट पहुंचाने नहीं आए हैं।
We have not come to hurt your mother.,हम तुम्हारी माँ को चोट पहुंचाने नहीं आए हैं।
I know that it's not a good idea.,मुझे पता है कि यह एक अच्छा विचार नहीं है।
I don't think that anyone noticed what we did.,मुझे नहीं लगता कि किसी ने भी देखा कि हमने क्या किया।
I don't think that anyone noticed what we did.,मुझे नहीं लगता कि किसी ने भी ध्यान दिया की हमने क्या किया।
Tom has a house in Australia.,टॉम का ऑस्ट्रेलिया में एक घर है।
We chose Tom to be captain.,हमने टॉम को कप्तान चुना।
So don't hesitate.,तो संकोच ना करें।
So don't hesitate.,तो हिचकिचाइयें मत।
I'm used to working all night.,मुझे पूरी रात काम करने की आदत है।
I'm used to working all night.,मुझे रात भर काम करने की आदत है।
Tom was forced to quit his job.,टॉम को अपनी नौकरी छोड़ने के लिए मजबूर किया गया था ।
He uses paper towels.,वह कागज़ के तौलिये का उपयोग करता है।
He uses paper towels.,वह कागज़ के तौलिये का इस्तेमाल करता है।
Don't bother us anymore.,अब हमें परेशान मत करो।
Don't bother us anymore.,अब से हमें परेशान मत करना।
Tom is by far the smartest person here.,टॉम यहाँ का अब तक का सबसे समझदार व्यक्ति है।
What can go wrong will go wrong.,"जिसकी गलत होने की संभावना है, वह गलत होगा ।"
They all went in.,वे सब अंदर गए।
Shouldn't we be doing something?,क्या हमें कुछ करना नहीं चाहिए?
Tom told me he didn't get enough sleep.,टॉम ने मुझे बताया कि उसे पर्याप्त नींद नहीं मिली।
We went shopping.,हम खरीदारी करने गए थे।
You don't have to make up your mind right now.,आपको अभी अपनी राय बनाने की जरूरत नहीं है।
You don't have to make up your mind right now.,तुम्हें अभी अपनी राय बनाने की जरूरत नहीं है।
Why does he have Yidir's keys?,उसके पास यिदिर की चाबियाँ क्यों हैं ?
Why does he have Yidir's keys?,उनके पास यिदिर की चाबियाँ क्यों हैं ?
I was surprised that I didn't need to do that.,मैं आश्चर्यचकित रह गया था की मुझे वह करने की ज़रूरत नहीं थी ।
Tom treats Mary like a princess.,टॉम मैरी के साथ राजकुमारियों जैसा व्यवहार करता है ।
She's the only one who doesn't know.,केवल वही है जिसे नहीं पता ।
She's the only one who doesn't know.,केवल वही है जिस को नहीं पता ।
A smile is the best cure for a bad mood.,एक खराब मनोदशा के लिए एक मुस्कान सबसे अच्छा इलाज है।
Can I give you a hand?,क्या मैं आपकी मदद कर सकता हूँ ?
Can I give you a hand?,क्या मैं तुम्हारी मदद कर सकता हूँ ?
May I go ahead of you?,क्या मैं आपसे आगे चला जाऊं?
May I go ahead of you?,क्या मैं आपसे आगे चली जाऊं?
May I go ahead of you?,क्या मैं तुमसे आगे चली जाऊं?
"Without insurance, you cannot see a doctor.",बिना बीमा के तुम चिकित्सक से नहीं मिल सकते ।
Tom did what he could to calm Mary down.,टॉम ने वह सब किया जो वह मैरी को शांत करने के लिए कर सकता था।
Users of Tatoeba shouldn't feel alone and desperate.,ततोइबा के उपयोगकर्ताओं को अकेला और हताश महसूस नहीं करना चाहिए।
It was my suitcase.,यह मेरा सूटकेस था।
I need the following items.,मुझे निम्नलिखित वस्तुओं की आवश्यकता है।
I need the following items.,मुझे इन सभी चीजों की आवश्यकता है।
I need the following items.,मुझे इन सभी चीजों की जरूरत है।
I wanted Tom to study harder.,मैं चाहता था कि टॉम ज़्यादा पढ़ाई करे।
"Mary is new in town, isn't she?","मैरी शहर में नई है, है ना?"
Mary said she's glad you're back.,मैरी ने कहा कि उन्हें खुशी है कि आप वापस आ गए हैं।
Mary said she's glad you're back.,मैरी ने कहा कि उन्हें खुशी है कि तुम वापस आ गए।
Mary said she's glad you're back.,मैरी ने कहा कि उसे खुशी है कि आप वापस आ गए हैं।
Mary said she's glad you're back.,मैरी ने कहा कि उसे खुशी है कि तुम वापस आ गए।
I don't think that you're allowed to do that here.,मुझे नहीं लगता कि आपको यहाँ ऐसा करने की अनुमति है।
Late-comers were not admitted.,देर से आने वालों को भर्ती नहीं किया गया।
Late-comers were not admitted.,देर से आने वालों को दाखिल नहीं किया गया।
Tom sent a note to Mary.,टॉम ने मैरी को एक नोट भेजा।
She asked us to be quiet.,उसने हमें चुप रहने के लिए कहा।
We eat here.,हम यहाँ खाते हैं।
I don't know what Tom would like me to do.,मुझे नहीं पता कि टॉम मुझ से क्या करवाना चाहते हैं।
I don't know what Tom would like me to do.,मुझे नहीं पता कि टॉम मुझ से क्या करवाना चाहता है।
Sami and Layla did their drugs together.,सामी और लैला ने एक साथ नशा किया।
This spider is incredibly aggressive.,यह मकड़ी अविश्वसनीय रूप से आक्रामक है।
I think we lost her.,मुझे लगता है कि हमने उसे खो दिया।
Sounds great.,बढ़िया
I didn't expect Tom to be so good-looking.,मुझे उम्मीद नहीं थी कि टॉम इतना अच्छा दिखने वाला होगा।
I didn't expect Tom to be so good-looking.,मुझे उम्मीद नहीं थी कि टॉम इतना अच्छा दिखता होगा।
Sami is still learning about Islam.,सामी अभी भी इस्लाम के बारे में सीख रहे हैं।
Sami was making out with Layla.,सामी लैला को चूम रही थी।
I'm alone.,मैं अकेला हूँ ।
I'm alone.,मैं अकेली हूँ ।
I have lunch at noon.,मैं दोपहर बारह बजे खाना खाती हूँ।
There's a cat under the desk.,मेज़ के नीचे एक बिल्ली है।
"As long as there's life, there's hope.","जब तक जान है, आशा है।"
"As long as there's life, there's hope.","जब तक जीवन है, आशा है।"
It's not anyone's fault.,यह किसी की गलती नहीं है।
"We are friends, and friends help each other.","हम दोस्त हैं, और दोस्त एक-दूसरे की मदद करते हैं।"
"Believe it or not, that's true.","मानो या न मानो, यह तो सच है।"
I asked Mary how she'd do it.,मैंने मैरी से पूछा कि वह इसे कैसे करती।
Tom is very excited to meet you.,टॉम तुमसे मिलने के लिए बहुत उत्सुक है।
We should deal with this matter without delay.,हमें जल्दी ही इस मामले से निपटना चाहिए।
Layla moved closer to death with every step.,लैला हर कदम के साथ मौत की ओर बड़ती जा रही थी।
I might stay in Australia for a night or two.,मैं शायद ऑस्ट्रेल्या में एक या दो दिन के लिए रह सकता हूँ।
Tom is a really smart guy.,टॉम एक बहुत चतुर लड़का है।
We shouldn't have wasted our time doing that.,हमें उसे करने पर हमारा समय व्यर्थ में गवाना नहीं चाहिए था।
Tom told me that he'd be in Australia next Monday.,टॉम ने मुझे बताया की वह अगले सोमवार को ऑस्ट्रेल्या में होगा।
The bad weather prevented Tom from attending the play.,बुरे मौसम के कारण टॉम नाटक देखने के लिए नहीं जा सका।
Always have your dictionary close at hand.,अपना शब्दकोश हमेशा अपने पास रखना।
I don't think there's any chance that our team will win.,मुझे नहीं लगता की हमारे समूह का जीतने का कोई मौक़ा है।
Sami left to go do something.,सामी कुछ करने के लिए निकला।
"The wolves of different countries vary in colour, form and behaviour based on the climate.","विभिन्न देशों की लोमड़ियों में वहाँ की जलवायु के अनुसार रंग, आकृति और स्वभाव में अंतर होता है।"
"Are you okay, Lucia?","तुम ठीक हो, लूसिया।"
Life is a riddle.,ज़िंदगी एक पहेली है ।
You have to pay more for food.,भोजन के लिए अतिरिक्त शुल्क देना होगा।
In the kitchen.,रसोईघर में।
A bad workman blames his tools.,नाच न जाने आँगन टेढ़ा।
This is a very good way to learn languages.,यह वाला तरीका भाषा सीखने का बहुत अच्छा है।
My father is signalling me to leave the assembly room.,पिताजी मुझे सम्मेलन कक्ष से निकलने का इशारा दे रहे हैं।
I learn Hindi and I learn English.,मैं हिंदी सीखता हूँ और अंग्रेज़ी सिखाता हूँ।
"Are you good? Yes, I'm fine.","तुम अच्छे हो? हां, ठीक हूं।"
He has taught a group of Hindustani boys.,उसने एक हिन्दुस्तानी लड़कों के दल को पढ़ाया हुआ है।
India has a very old history.,भारत का इतिहास बहुत पुराना है।
Even jokes have a limit.,मज़ाक़ की भी एक सीमा होती है ।
"People call me Nuno and I hail from Portugal, but I stay in Rio.","मुझे नूनो कहते हैं और मैं पुर्तगाल से हूं, लेकिन रहता रिओ में हूं।"
Whose eyes would have seen such an impactful view?,ऐसा प्रभावशाली दृश्य किसके नेत्रों ने देखा होगा।
His name is very beautiful.,उसका नाम बहुत सुंदर है।
"I am from Brazil, and you?","ब्राज़ील से हूं , और तुम?"
We can usually hide our thoughts in front of others.,हम अकसर दूसरों के सामने अपने ख़यालों को छुपा सकते हैं।
"Other than there, this language is spoken in Goa, Karnataka, Gujarat, Andhra Pradesh, Madhya Pradesh, Tamil Nadu and Chattisgarh.","इसके अतिरिक्त यह भाषा गोवा, कर्णाटक, गुजरात, आंध्र प्रदेश, मध्य प्रदेश, तमिल नाडु और छत्तीसगढ़ में बोली जाती है।"
Jane said in a forceful manner that she was right.,जैन ने ज़ोर देकर कह दिया कि वह सही है।
"I don't like this song. ""I don't, either.""",“मुझे यह गाना पसंद नहीं है।” “मुझे भी नहीं।”
Tom fell in love with a girl he met in Boston.,टॉम को एक लड़की से प्यार हो गया जिसे वह बॉस्टन में मिला था।
Tell Tom what Mary was wearing.,टॉम को बताओ की मेरी क्या पहनी हुई थी।
How fast can you read?,तुम कितने जल्दी पढ़ सकता हो?
I knew that something horrible was about to happen.,मुझे पता था कि कुछ बुरा होने वाला था।
Tom will stay with us for now.,टॉम अब हमारे साथ रहेगा।
Tom's house is falling apart.,टॉम का घर टूट पड़ रहा है।
We're not good singers.,हम अच्छे गायक नहीं हैं।
I think Tom won't do it again.,मुझे लगता है कि टॉम उसे फिर से नहीं करेगा।
Tom remarried after his first wife died.,"उसके प्रथम पत्नी के मौत के बाद, टॉम ने फिर से शादी की।"
Tom's first wife was much older than him.,टॉम की पहली पत्नी का उमर उसके उम्र से ज़्यादा था।
Tom won't do that even if you ask him.,यदि तुम उसे पूछो तो भी टॉम उसे नहीं करेगा।
Tom won't do that unless you ask him.,"जब तक तुम टॉम को नहीं पूछोगे, तब तक वह उसे नहीं करेगा।"
We're not very good singers.,हम बहुत एक गायक नहीं हैं।
You're not like Tom at all.,तुम एक दम टॉम के जैसे नहीं हो।
Don't you dare say that again.,दुबारा कहने की हिम्मत भी न करना।
Do you think that Tom told the truth?,तुम्हारे विचार में क्या टॉम ने सच कहा?
It's not easy to love someone like Tom.,टॉम जैसे किसी व्यक्ति से प्यार करना आसान नहीं है।
I know what Tom is going to say.,मुझे पता है कि टॉम क्या कहेगा।
There's nobody in the pool.,तरणताल में कोई नहीं है।
Did you know my parents before they got married?,"शादी से पहले, क्या तुम मेरे अभिभावकों को जानते थे?"
Tom offered Mary a hot meal.,टॉम ने मैरी को गरम भोजन परोसा।
What kind of games does Tom like?,टॉम को किस तरह के खेल पसंद हैं?
Everyone's tired of you.,सभी तुमसे थक गए हैं।
Tom earns a lot more than me.,टॉम मुझसे ज़्यादा कमाता है।
The cat is sleeping.,बिल्ली सोती है।
A thief doesn't believe in honest people.,एक चोर ईमानदार लोगों में विश्वास नहीं करता है।
"By all means, go ahead.",ज़रूर। आगे बढ़ो।
Would you like to do something this weekend?,क्या तुम इस सप्ताहांत को कुछ करना चाहते हो?
"After that journey on the road, you all must be tired.",आप लोग पूरे रास्ते सफ़र करके थक गए होंगे।
I'll put this in the fridge.,मैं इसे फ़्रिज में रख दूँगा।
Mary didn't do the dishes.,मेरी ने बर्तन नहीं धोए।
I'm not as rich as I'd like to be.,मैं इच्छानुसार अमीर नहीं हूँ।
Sita's mother can make good fritters.,सीता की माँ अच्छे पकोड़े बना सकतीं हैं।
Tom and Mary are not religious at all.,टॉम और मैरी बिलकुल भी धार्मिक नहीं थे।
We go there frequently.,हम वहाँ अक्सर जाते हैं।
Do they know you?,वे आपको पहचानती हैं क्या?
Mary fell in love with a German officer.,मैरी को एक जर्मन अफ़सर से प्यार हो गया।
Do they know you?,क्या वे आपको पहचानती हैं?
We were worrying about Tom.,हमें टॉम की फ़िकर हो रही थी।
He is not happy although he has money.,"उसके पास पैसा हे, पर वह सुखी नहीं है।"
What does your father do?,आपके पिताजी क्या करते हैं?
Please find them.,उन्हें ढूँढ़िए।
"In Aesop’s fables, there is a tale titled “Sour Grapes”.","ईसप की कथाओं में ""खट्टे अंगूर"" नाम की एक कथा है।"
There used to be a bridge here.,यहाँ एक सेतु हुआ करता था।
Tom does not have a fever this morning.,टॉम को आज सुबह बुख़ार नहीं है।
I saw them swimming.,मैंने उन्हें तैरते हुए देखा।
I'm doing this for them.,यह मैं उनके लिए कर रहा हूँ।
I bought a tablet for you.,मैंने तुम्हारे लिए एक टैबलेट ख़रीदा है।
I live in an old house.,मैं एक पुराने मकान में रहती हूँ।
I don't like coffee.,मुझे कॉफ़ी पसंद नहीं है।
A drunkard raped Laila.,लैला पर एक शराबी ने यौन शोषण किया।
Tom won't do that even if you ask him to.,यदि तुम उसे पूछो तो भी टॉम उसे नहीं करेगा।
Tom won't do that unless you ask him to.,"जब तक तुम टॉम को नहीं पूछोगे, तब तक वह उसे नहीं करेगा।"
"Get me the scissors, please.",कृपया मुझे कैंची लाके दीजिये।
Let Grandma take care of the kid.,नानीजी को बच्चे का ख्याल रखने दो।
Let Grandma take care of the kid.,दादीजी को बच्चे का ख्याल रखने दो।
"If it isn't a bad, dirty, or wrong thing, then it's alright.","यदि वह बुरा, गंदा या गलत न हो तो ठीक है।"
Our wallets were stolen.,हमारे बटुआ को चुराया गया।
He ran here to tell me this.,वह मुझे यह बताने के लिए यहाँ दौड़कर आया।
I will not be at home tomorrow.,मैं कल घर पर नहीं रहूँगा।
"What does obtaining freedom really mean? It may seem like cleverly escaping out of a cage, but one just ends up in another bigger cage.","आज़ादी पाने का सत्यार्थ क्या है? ऐसा लग सकता है कि कोई चालाकी से एक पिंजरे से निकला है, पर वह किसी दूसरे बड़े पिंजरे में अटक जाता है।"
Everybody's tired of you.,सभी तुमसे थक गए हैं।
You must show your passport.,आपको अपना पास्पोर्ट दिखाना होगा।
Do you have a car?,क्या आपके पास एक गाड़ी है?
Do you have a car?,क्या तुम्हारे पास एक गाड़ी है?
He hid his friend from the police.,उसने अपने दोस्त को पुलिस से छुपाया।
Stay in your cars.,अपने गाड़ी के अंदर रहना।
They weren't from Boston.,वे बॉस्टन से नहीं थे।
French is a required subject.,फ़्रेंच एक अनिवार्य विषय है।
Will you please stick a 60-cent stamp on the envelope?,क्या आप कृपया चिट्ठी पे एक साठ पैसे का डाक टिकिट लगवा देंगे?
Tom is dying for a chance to meet Mary.,टॉम मेरी से मिलने के एक मौक़े के लिए मर रहा है।
"At 90, Tom's grandfather still leads a very active life.",नब्बे होने के बावजूद टॉम के नानाजी एक सक्रिय जीवन बिताते हैं।
Tom doesn't have a fever this morning.,टॉम को आज सुबह बुख़ार नहीं है।
We were worried about Tom.,हमें टॉम की फ़िकर हो रही थी।
Tom and Mary aren't religious at all.,टॉम और मैरी बिलकुल भी धार्मिक नहीं थे।
That's out of the question.,उसका तो सवाल ही नहीं उठता।
That's out of the question.,वह तो विचार के बाहर है।
This is really good news.,बहुत खुशी की बात है।
"I told him not to release the rope, but he let it go.","मैंने उसे कहा था वह रस्सी न छोड़े, परंतु उसने छोड़ दी।"
I will go too.,मैं भी जाऊँगा।
"“I live in Russia, and you?“ “I live in Ukraine.“","मैं रूस में रहती हूँ, और आप। ""में यूक्रेन में।"""
The rain stopped.,बारिश रुकी।
"I’m from Brazil, what about you?","मैं ब्राज़ील से हूं , और तुम?"
Are you from Holland?,क्या आप हॉलैंड से हैं?
I go there once a month.,मैं वहाँ महीने में एक बार जाती हूँ।
"I'll go, too.",मैं भी जाऊँगा।
It'll rain tomorrow.,कल बारिश गिरेगी।
They'll fall in love with each other.,उन्हें एक-दूसरे से प्यार हो जाएगा।
There's a church across the street.,सड़क के सामने एक चर्च है।
There's a church across the street.,सड़क के सामने एक गिरजाघर है।
"You're tired, aren't you?","तुम थक गए हो, है ना?"
Marvellous.,बढ़िया।
"You're not coming, are you?",तुम नहीं आ रहे हो ना?
"You aren't coming, are you?",तुम नहीं आ रहे हो ना?
"Whenever she wears high heels, her legs hurt.","जब भी वो लम्बी हील्स पहनती है, उसकी टांगें हमेशा दर्द करती है।"
Tom said he couldn't help Mary.,टॉम ने कहा कि वे मैरी की मदद नहीं कर सकता।
There were several stars to be seen in the sky.,आसमान में कई सितारे नजर आ रहे थे।
Get over here now.,अभी इधर आओ।
They said they felt very tired.,उन्होंने कहा कि वह बहुत थकान महसूस कर रहे थे।
She washed the dishes and then made herself coffee.,उसने बर्तन धोए और अपने लिए कॉफ़ी बनायी।
I haven't been able to forget his face.,उसका चेहरा मैं अब तक भुला नहीं पाया हूँ।
"After many months, it has rained heavily here.",काफी महीनों के बाद यहां पे मूसलाधार बारिश हुई है।
I'm not in a rush to learn this entire language.,मुझे यह पूरी भाषा सीखने में कोई जल्दी नहीं है।
The president suddenly resigned.,राष्ट्रपति ने अचानक से इसतीफ़ा दे दिया।
Have you eaten your food?,क्या आपने खाना खा लिया ?
Long live Pakistan.,पाकिस्तान की जय हो।
Victory to Pakistan.,पाकिस्तान की जय हो।
Even children know this.,बच्चों को भी यह पता है।
"Because only one person knows this, it isn't very important.","इस बात को क्योंकि केवल एक ही इनसान जानता है, यह बहुत महत्वपूर्ण नहीं है।"
Specify.,स्पष्ट कर।
"How are you? Great. And you? Great, thank you.","आप कैसे हैं? बहुत बढ़िया। और आप? बहुत बढ़िया, शुक्रिया।"
I live in Russia. What about you? I live in Ukraine.,"मैं रूस में रहता हूं। और तुम? ""मैं यूक्रेन में।"""
I fell in love with you.,मुझे आपसे प्यार हो गया।
She was wearing a beautiful dress that day.,उसने उस दिन एक सुन्दर ड्रेस पहनी थी।
That's why he couldn't get out of there or ask whether they were fine.,इसलिए तो वह वहां से ना हीं निकल सकते थे न उनकी खैरो खैरियत पूछ सकता था.
Damn it!,लानत है!
I think you're going to do great.,मुझे लगता है तुम बहुत बढ़िया करोगे।
Every effort he makes falls short in the eyes of his father.,वह जो भी करता है उसके पिता के लिए कम पड़ जाता है।
Is Tom richer than Mary?,क्या टॉम मैरी से ज़्यादा अमीर है?
"Even if all others do, I will not.","अगर बाकी लोग कर भी दें, मैं नहीं करूँगा।"
I don't distrust you.,मैं तुमसे बदगुमानी नहीं करता।
Don't you think that we should've stayed a little longer?,क्या आपको नहीं लगता कि हमें थोड़ी ज़्यादा देर रुकना चाहिए था?
Tom and Mary have one grandson and three granddaughters.,टॉम और मैरी के पास एक पोता और तीन पोतियां हैं।
You must read this book also.,तुम्हें ये किताब भी पढ़नी पड़ेगी।
How can I waste everyone's time?,मैं सबका समय कैसे खराब कर सकता हूँ?
No one has died yet.,अभी तक कोई नहीं मरा।
Only sixteen percent of the teachers at the school are female.,विद्यालय में सिर्फ सोलह प्रतिशत अध्यापक औरतें हैं।
Their hands were cold.,उनके हाथ ठंडे थे।
"True wealth does not consist of what we have, but in what we are.","सच्चा धन वह नहीं है जो हमारे पास है, बल्कि वह है जो हमारे अंदर है।"
Don't lose your purse.,अपना पर्स मत खोना।
Wow! You must be a genius.,वाह! तुम बड़े विद्वान होगे।
I think Mary probably isn't as good at doing that as you think she is.,मुझे लगता है की शायद मैरी उसे करने में इतनी भी अच्छी नहीं जितना तुम्हें लगता है।
I knew Tom was going to be arrested sooner or later.,मुझे पता था कि टॉम कभी न कभी गिरफ्तार होने वाला था।
I like to breathe the clean air.,मुझे स्वच्छ हवा में साँस लेना पसंद है।
I know all this already.,मुझे पहले से ही यह सब पता है।
Who will you spend Christmas with?,तुम किसके साथ क्रिसमस बिताओगे?
"Why did you do that? ""I had no choice.""","तुमने ऐसा क्यों किया? ""मेरे पास और कोई विकल्प नहीं था।"""
Tom thinks that Mary is strange.,टॉम को मैरी अजीब लगती है।
Kate's voice is clearly different from the other girls'.,ज़ाहिर है की केट की आवाज़ दूसरी लड़कियों से अलग है।
You drink too much coffee.,तुम कुछ ज़्यादा ही कॉफ़ी पीते हो।
Tom woke up with a headache.,टॉम सिरदर्द के साथ उठा।
Can you watch her tonight?,क्या तुम उसे आज रात के लिए देख सकते हो?
Tom wants to sit down.,टॉम बैठना चाहता है।
I have to go to the bathroom.,मुझे स्नानघर का प्रयोग करना है।
I have to go to the bathroom.,मुझे गुसलखाना जाना है।
I have to go to the bathroom.,मुझे शौचालय जाना है।
I have to go to the bathroom.,मुझे शौचालय का प्रयोग करना है।
I have to go to the bathroom.,मुझे बाथरूम जाना है।
They swore that they were innocent.,उन्होनें क़सम खाई की वे बेग़ुनाह थे।
"If you aren't going, I'm not going either.","अगर तुम नहीं जाओगे, तो फ़िर मैं भी नहीं जाउंगी।"
Don't worry. I'll tell him.,चिंता मत करो। मैं उसे बता दूंगा।
I had some really weird dreams tonight.,आज रात मुझे बड़े अजीब सपने आये।
Don't meddle in things that are none of your business.,तुम दूसरों के मसलों में अपनी नाक मत घुसाओ।
He didn't find work.,उसे काम नहीं मिला।
Thank you for your interest in our language.,हमारी भाषा में रूचि रखने के लिए धन्यवाद्।
Sleep!,सो जाओ!
They're watching a movie.,वे फ़िल्म देख रहे हैं।
That's no business of yours.,इसका तुमसे कोई लेना-देना नहीं है।
My parents are both doctors.,मेरे माँ-बाप डॉक्टर हैं।
"Tom is arriving tomorrow, isn't he?",टॉम कल आ रहा है ना?
I shouldn't have trusted her.,मुझे उस पर भरोसा न करना चाहिए था।
Plan for the future because that's where you are going to spend the rest of your life.,भविष्य के लिए तैयारी करो क्योंकि अपनी बाकी की ज़िन्दगी तुम उस ही में बिताने वाले हो।
I knew Tom would do something stupid.,मुझे पता था टॉम कुछ बेवकूफ़ी करेगा।
Do you speak Portuguese?,तुम पुर्तगाली बोलते हो?
I'm in the kitchen.,मैं रसोई में हूँ।
Tom took his T-shirt off.,टॉम ने अपनी टीशर्ट उतारी।
What is he learning?,वह क्या सीख रहा है?
What is he learning?,वे क्या सीख रहे हैं?
They both turned and looked at Tom.,उन दोनों ने मुड़ कर टॉम की ओर देखा।
It just needs a little love.,इसे बस थोड़े प्यार की ज़रूरत है।
Dushanbe is Tajikistan's capital.,दुशान्बे ताजिकिस्तान की राजधानी है।
What do Algerians think about this?,अल्जेरियन लोगों का इसके बारे में क्या विचार है?
Who ordered that?,वह किसने मंगाया?
She said she didn't know French.,उसने कहाँ की उसे फ़्रांसीसी नहीं आती।
Yanni wants to sell his car.,यान्नी को अपनी गाड़ी बेचनी है।
Yanni wants to sell his car.,यान्नी अपनी गाड़ी बेचना चाहता है।
Are they all nuts?,वे सब पागल हैं क्या?
I don't want to become famous.,मुझे प्रसिद्ध नहीं बनना है।
I don't want to become famous.,मैं प्रसिद्ध नहीं बनना चाहता हूँ।
I don't want to become famous.,मैं प्रसिद्ध नहीं बनना चाहती हूँ।
Tom has a new job.,टॉम के पास नयी नौकरी है।
Nobody was hungry except you.,तुम्हारे अलावा कोई भी भूखा नहीं था।
Nobody was hungry except you.,आपके अलावा कोई भी भूखा नहीं था।
He tried to kick her.,उसने उसे लाथ मारने की कोशिश की।
He's the Muslim.,मुसलिम तो वह है।
Tom thinks she's a cat.,टॉम को लगता है की वह बिल्ली है।
I won't give you any medicine.,मैं तुम्हें कोई भी दवाई नहीं दूंगा।
I won't give you any medicine.,मैं तुम्हें कोई भी दवाई नहीं दूंगी।
I won't give you any medicine.,मैं आपको कोई भी दवाई नहीं दूंगा।
I won't give you any medicine.,मैं आपको कोई भी दवाई नहीं दूंगी।
It wasn't cold that night.,उस रात ठंड नहीं थी।
He named his dog Trump.,उसने अपने कुत्ते का नाम ट्रम्प रखा।
He named his dog Trump.,उन्होंने अपने कुत्ते का नाम ट्रम्प रखा।
Tom is getting help.,टॉम को मदद मिल रही है।
Tom has lots of money.,टॉम के पास बहुत सारा पैसा है।
He fell in love with my best friend.,उसे मेरे सबसे अच्छे दोस्त से प्यार हो गया।
I fully understand that.,मैं वह पूरी तरह से समझ सकता हूँ।
I fully understand that.,मैं वह पूरी तरह से समझ सकती हूँ।
I can't take his behaviour.,मैं उसका बर्ताव नहीं सह सकता।
I can't take his behaviour.,मैं उसका बर्ताव नहीं सह सकती।
This is Mennad's home.,यह मेन्नाद का घर है।
Sami tried to escape.,सामी ने भाग निकलने की कोशिश की।
I didn't call you stupid.,मैंने तुम्हें बेवकूफ़ नहीं कहाँ।
I didn't call you stupid.,मैंने आपको बेवकूफ़ नहीं कहाँ।
What's Tom singing?,टॉम क्या गा रहा है?
Mennad's sister is in Egypt.,मेन्नाद की बहन मिस्र में है।
He couldn't find his shoes.,उसे अपने जूते नहीं मिल रहे थे।
There is nothing left to say!,कहने के लिये कुछ बचा ही नहीं है!
He didn't see him.,उसने उसे नहीं देखा।
Everyone already knows anyway.,वैसे भी सबको पहले से ही पता है।
When did you ask him?,तुमने उसे कब पूछा?
When did you ask him?,आपने उसे कब पूछा?
I want to buy the dress.,मैं वह ड्रेस खरीदना चाहता हूँ।
I want to buy the dress.,मैं वह ड्रेस खरीदना चाहती हूँ।
I am reading a play.,मैं एक नाटक पढ़ रहा हूँ।
What languages do they speak in Belgium?,बेल्जियम में कौनसी भाषाएं बोली जाती हैं?
Giraffes can't swim.,जिराफ़ तैर नहीं सकते।
It's time to establish the religion of love.,प्यार का धर्म स्थापित करने का समय आ गया है।
She says you're lying.,वह कहती है की तुम झूठ बोल रहे हो।
She says you're lying.,वह कहती है की तुम झूठ बोल रही हो।
She says you're lying.,वह कहती है की आप झूठ बोल रहे हैं।
She says you're lying.,वह कहती है की आप झूठ बोल रही हैं।
So that's Tatoeba.,तो यह है तातोएबा।
Sami doesn't have a choice.,सामी के पास पर्याय नहीं है।
Stop jumping on the bed.,बिस्तर पर कूदना बंद करो।
I'll phone you when I arrive.,मैं पहुँचते ही तुम्हें फ़ोन करूँगा।
I'll phone you when I arrive.,मैं पहुँचते ही तुम्हें फ़ोन करूँगी।
We make every decision together.,हम हर एक निर्णय एक साथ लेते हैं।
We make every decision together.,हम हर एक फैसला एक साथ लेते हैं।
Mary is learning.,मैरी सीख रही है।
What are we going to do there?,हम वहाँ क्या करने वाले हैं?
He seems rich.,वह अमीर लगता है।
He seems rich.,वे अमीर लगते हैं।
Mary tried to do it by herself.,मैरी ने वह अपने आप से करने की कोशिश की।
Tom won't speak to them.,टॉम उनसे बात नहीं करेगा।
"Tom likes Mary, and so do I.","टॉम को मैरी पसंद है, और मुझे भी।"
Layla is pregnant.,लैला गर्भवती है।
Tom wants to be the winner.,टॉम विजेता बनना चाहता है।
I sent her an email.,मैंने उसे एक ईमेल भेजा।
I sent her an email.,मैंने उन्हें एक ईमेल भेजा।
I'm a blogger.,मैं ब्लॉगर हूँ।
Why did she call?,उसने फ़ोन क्यूँ किया?
Why did she call?,उन्होंने फ़ोन क्यूँ किया?
I've been attacked.,मुझ पर हमला हुआ है।
Her mother became mad at us.,उसकी माँ हम पर गुस्सा हो गई।
Love yourselves. Go vegan!,अपने आप से प्यार करो. वेगन बनो!
We have won again.,हम फिर से जीत गये हैं।
It's our secret.,यह हमारा राज़ है।
She bought her first hijab.,उसने अपना पहला हिजाब खरीदा।
Is Tom really Canadian?,क्या टॉम सच में कैनेडियन है?
Do you think you could help me?,क्या तुम्हें लगता है कि तुम मेरी मदद कर सकते हो?
Do you think you could help me?,क्या तुम्हें लगता है कि तुम मेरी मदद कर सकती हो?
He sells us paper.,वह हमें काग़ज़ बेचता है।
He sells us paper.,वे हमें काग़ज़ बेचते हैं।
I'll have to wait.,मुझे रुकना होगा।
Don't leave the house.,घर से बाहर मत निकलना।
Don't leave the house.,घर से बाहर मत निकलिये।
I kept on singing.,मैं गाता रहा।
I kept on singing.,मैं गाती रही।
Sami and Layla are staring at me.,सामी और लैला मेरी तरफ़ घूर रहे हैं।
I see them.,मुझे वे दिख रहे हैं।
It's a very strange family.,बहुत अजीब परिवार है।
They won't forget you.,वे तुम्हें भूलेंगे नहीं।
They won't forget you.,वे आपको भूलेंगे नहीं।
Tom probably doesn't like you.,टॉम को शायद तुम पसंद नहीं हो।
Tom probably doesn't like you.,टॉम को शायद आप पसंद नहीं हैं।
I didn't give anything to him.,मैंने उसे कुछ नहीं दिया।
I didn't give anything to him.,मैंने उन्हें कुछ नहीं दिया।
I'll bring sandwiches.,मैं सैंडविच लाऊँगा।
I'll bring sandwiches.,मैं सैंडविच लाऊँगी।
I have no alternative.,मेरे पास कोई विकल्प नहीं है।
He saved himself.,उसने अपने आप को बचाया।
He saved himself.,उन्होंने अपने आप को बचाया।
Yours is good and his is also good.,तुम्हारा भी अच्छा है और उसका भी अच्छा है।
He seems tired.,वह थका हुआ लग रहा है।
Smoking is not allowed here.,सिगरेट पीना यहाँ मना है।
Dance.,नाचो।
Jim won't come today.,जिम आज नहीं आयेगा।
Where are you all?,आप सब कहाँ थे?
Iceland is an island.,आइसलैण्ड एक द्वीप है।
Men are all the same!,पुरुष सब एक-जैसे होते हैं!
Tom bought some butter.,टॉम ने थोड़ा मक्खन ख़रीदा।
Our club is open all night.,हमारा क्लब पूरी रात खुला है।
I didn't want to lose Tom.,मैं टॉम को खोना नहीं चाहता था।
I didn't want to lose Tom.,मैं टॉम को खोना नहीं चाहती थी।
She didn't see it.,उसने देखा नहीं।
She didn't see it.,उन्होंने देखा नहीं।
We must turn back.,हमें पीछे मुड़ना चाहिये।
He's not fit to be a teacher.,वह अध्यापक बनने के लायक नहीं है।
New York is the world's biggest city.,न्यूयॉर्क दुनिया का सबसे बड़ा शहर है।
Why did you trick me?,तुमने मुझे फँसाया क्यूँ?
Why did you trick me?,आपने मुझे फँसाया क्यूँ?
These two are with me.,ये दो मेरे साथ हैं।
Skura looks just like Janet Jackson.,स्कुरा बिलकुल जैनेट जैक्सन जैसी दिखती है।
Crying ruins your make-up.,रोने से मेकअप ख़राब हो जाता है।
Lucy found Mary.,लुसी को मैरी मिल गयी।
This is my first car.,यह मेरी पहली गाड़ी है।
I knew Tom would say no.,मुझे पता था कि टॉम नहीं कहेगा।
Sami went to Layla's store.,सामी लैला के दुकान में गया।
Let me know if you find anything.,तुम्हें कुछ मिल जाये तो मुझे बता देना।
Let me know if you find anything.,कुछ मिल जाये तो मुझे बता देना।
Let me know if you find anything.,कुछ मिल जाये तो मुझे बता दीजिए।
Let me know if you find anything.,आपको कुछ मिल जाये तो मुझे बता दीजिए।
Tom is a schoolteacher.,टॉम स्कूल का अध्यापक है।
Tom is going to live with us.,टॉम हमारे साथ रहने वाला है।
This is a peaceful place.,यह एक शांत जगह है।
You go to school.,तुम स्कूल जाते हो।
You go to school.,तुम स्कूल जाती हो।
You go to school.,आप स्कूल जाते हैं।
Do you see my horse?,मेरा घोड़ा दिखाई दे रहा है क्या?
Mary is tall and thin.,मैरी ऊँची और पतली है।
Tom's cheeks turned red.,टॉम के गाल लाल हो गये।
What Russian words do you know?,तुम्हें कौनसे रूसी शब्द पता हैं?
What Russian words do you know?,आपको कौनसे रूसी शब्द पता हैं?
I'm ready to talk.,मैं बात करने के लिये तैयार हूँ।
"You want answers, don't you?","तुम जवाब चाहते हो, है ना?"
"You want answers, don't you?","आप जवाब चाहते हैं, है ना?"
"You want answers, don't you?","तुम जवाब चाहती हो, है ना?"
Nobody's seen her in a month.,उसे एक महीने में किसी ने भी नहीं देखा है।
Tom was a very good man.,टॉम बहुत अच्छा आदमी था।
I purchased a new car last year.,पिछले साल मैंने एक नयी गाड़ी ख़रीदी।
They are surprised.,वे चौंक गये हैं।
She's going to kill herself.,वह ख़ुद की जान लेने वाली है।
A lot of people are waiting for Tom.,बहुत सारे लोग टॉम के लिये रुके हैं।
A lot of people are waiting for Tom.,बहुत सारे लोग टॉम की प्रतीक्षा कर रहे हैं।
A lot of people are waiting for Tom.,बहुत सारे लोग टॉम का इंतज़ार कर रहे हैं।
Tom asked about my school.,टॉम ने मुझे मेरी स्कूल के बारे में पूछा।
Yanni told his dad.,यान्नी ने अपने पापा को बताया।
I just do what I want to do.,मैं बस वही करता हूँ जो मैं करना चाहता हूँ।
I just do what I want to do.,मैं बस वही करती हूँ जो मैं करना चाहती हूँ।
Sami made a plan.,सामी ने एक योजना बनायी।
Tom was a farmer.,टॉम किसान था।
Playing the English horn isn't easy.,इंग्लिश हॉर्न बजाना आसान नहीं होता।
Tom saluted the flag.,टॉम ने झंडे को सलामी दी।
It'll be done on Monday.,सोमवार को हो जायेगा।
It took us three years to build this house.,इस घर को बनाने में हमें तीन साल लग गये।
Tom and Mary became lawyers.,टॉम और मैरी वकील बन गये।
He can rest.,वह आराम कर सकता है।
What'll you have?,आप क्या लेंगे?
What'll you have?,तुम क्या लोगे?
What'll you have?,तुम क्या लोगी?
They're Tom and Mary.,वे टॉम और मैरी हैं।
I am sneezing.,मैं छींक रहा हूँ।
I am sneezing.,मैं छींक रही हूँ।
All of my friends like her.,मेरे सभी दोस्तों को वह पसंद है।
It's time to go to school.,स्कूल जाने का समय हो गया है।
I don't want to go any place.,मैं किसी भी जगह नहीं जाना चाहता।
I don't want to go any place.,मैं किसी भी जगह नहीं जाना चाहती।
This is my room.,यह मेरा कमरा है।
The poet writes poems.,कवी कविता लिखता है।
I did that for you.,मैंने वह तुम्हारे लिये किया।
I did that for you.,मैंने वह आपके लिये किया।
We will succeed.,हम कामयाब होंगे।
I loved Mary.,मैं मैरी से प्यार करता था।
I loved Mary.,मैं मैरी से प्यार करती थी।
There's the waitress.,वह रही वेट्रेस।
Tom wrote a letter yesterday.,टॉम ने कल एक ख़त लिखा।
Tom wrote a letter yesterday.,कल टॉम ने एक चिट्ठी लिखी।
They all started laughing at Tom.,वे सब टॉम पर हँसने लगे।
There's no secret plan.,कोई भी ख़ुफ़िया योजना नहीं है।
Tom will come back.,टॉम लौट आयेगा।
Yanni and Skura were both living there.,यान्नी और स्कुरा दोनों वहाँ रह रहे थे।
"The French call orgasms ""la petite mort"" (the little death).","फ़्रांसीसी लोग चरमोत्कर्ष को ""ला पेतीत मोर्त"" (छोटी मौत) कहते हैं।"
Tom must come.,टॉम को आना ही होगा।
You can make it.,तुम बना सकते हो।
You can make it.,तुम बना सकती हो।
You can make it.,आप बना सकते हैं।
You can make it.,आप बना सकतीं हैं।
Do you read French?,क्या आप फ़्रांसीसी पढ़ते हैं?
Do you read French?,क्या तुम फ़्रांसीसी पढ़ती हो?
Do you read French?,क्या तुम फ़्रांसीसी पढ़ते हो?
Tom is somewhere nearby.,टॉम आसपास ही कहीं है।
I met Tom three years ago.,मैं टॉम से तीन साल पहले मिला।
I met Tom three years ago.,मैं टॉम से तीन साल पहले मिली।
Yanni saw the mountain.,यान्नी को पर्वत दिखा।
Tom doesn't like going to school.,टॉम को स्कूल जाना पसंद नहीं है।
I know Tom's not rich.,मुझे पता है कि टॉम अमीर नहीं है।
Esperanto is good.,एस्पेरांतो अच्छी है।
We started talking on Facebook.,हम फ़ेसबुक पर बोलने लगे।
His parents are atheist.,उसके माता-पिता नास्तिक हैं।
His parents are atheist.,उनके माता-पिता नास्तिक हैं।
You'll learn a lot.,तुम बहुत कुछ सीखोगे।
You'll learn a lot.,तुम बहुत कुछ सीखोगी।
You'll learn a lot.,आप बहुत कुछ सीखेंगे।
You'll learn a lot.,आप बहुत कुछ सीखेंगी।
Tom didn't even shut the door.,टॉम ने तो दरवाज़ा बंद तक नहीं किया।
In the room there is a table.,कमरे में एक मेज़ है।
I clean the car.,मैं गाड़ी साफ़ करता हूँ।
I clean the car.,मैं गाड़ी साफ़ करती हूँ।
The boy put his hand in his pocket.,लड़के ने अपना हाथ अपनी जेब में डाला।
"You teach, we listen.","तुम सिखाते हो, हम सुनते हैं।"
"You teach, we listen.","आप सिखाते हो, हम सुनते हैं।"
I'm peeing a lot.,मैं बहुत मूत रहा हूँ।
I'm peeing a lot.,मैं बहुत मूत रही हूँ।
Fadil started to cry.,फ़ादिल रोने लगा।
Sami pulled his penis out.,सामी ने अपना शिश्न बाहर निकाला।
Your penis is big.,तुम्हारा शिश्न बड़ा है।
Your penis is big.,आपका शिश्न बड़ा है।
Have you ever sucked a penis?,क्या आपने कभी शिश्न चूसा है?
Have you ever sucked a penis?,क्या तुमने कभी शिश्न चूसा है?
Layla cut off Sami's penis.,लैला ने सामी का शिश्न काट दिया।
Meena kissed her husband's penis.,मीना ने अपने पती के शिश्न को चूमा।
I think he has a small penis.,मुझे लगता है कि उसके पास छोटा शिश्न है।
My penis is small.,मेरा शिश्न छोटा है।
Tom has a big penis.,टॉम के पास बड़ा शिश्न है।
Mangesh kissed his husband's penis.,मंगेश ने अपने पती के शिश्न को चूमा।
You licked his penis.,तुमने उसके शिश्न को चाटा।
You licked his penis.,आपने उसके शिश्न को चाटा।
You licked his penis.,तुमने उनके शिश्न को चाटा।
You licked his penis.,आपने उनके शिश्न को चाटा।
Tom has a small penis.,टॉम के पास छोटा शिश्न है।
Sami had a penis and Layla had a vagina.,सामी के पास शिश्न था और लैला के पास योनि थी।
Your penis is small.,तुम्हारा शिश्न छोटा है।
Your penis is small.,आपका शिश्न छोटा है।
Crows are birds.,कौवे पंछी होते हैं।
The crow is black.,कौवा काला है।
I am throwing stones at crows.,मैं कौवों पर पत्थर फेंक रहा हूँ।
I am throwing stones at crows.,मैं कौवों पर पत्थर फेंक रही हूँ।
Crows are smart.,कौवे होशियार होते हैं।
It's a crow's nest.,कौवे का घोसला है।
The crow spread his wings.,कौवे ने अपने पंख फैलाये।
Is that a crow?,वह कौवा है क्या?
My vagina is beautiful!,मेरी योनि खूबसूरत है!
Sami is a man even if he has breasts or a vagina.,सामी के पास स्तन और योनि हो तो भी वह पुरुष है।
Your pussy is wet.,तुम्हारी चूत गिली है।
Your pussy is wet.,आपकी चूत गिली है।
That's my pussy.,वह मेरी चूत है।
That's my pussy.,वह तो मेरी चूत है।
Tom's voice has begun to change.,टॉम का आवाज़ बदलने लगा है।
Tom didn't raise his voice.,टॉम ने अपना आवाज़ चढ़ाया नहीं।
Tony's voice is nice.,टोनी का आवाज़ अच्छा है।
It's Tom's voice.,टॉम की आवाज़ है।
The door of the office is yellow.,दफ़्तर का दरवाज़ा पीला है।
The car is yellow.,गाड़ी पीली है।
Bananas are yellow.,केले पीले होते हैं।
Its color is yellow.,रंग पीला है।
They are yellow.,वे पीले हैं।
They are yellow.,वे पीली हैं।
Do you like the yellow colour?,क्या तुम्हें पीला रंग पसंद है?
Do you like the yellow colour?,क्या आपको पीला रंग पसंद है?
This banana is yellow.,यह केला पीला है।
The flowers are yellow.,फूल पीले हैं।
I've never seen a yellow cow before.,पीली गाय तो मैंने पहले कभी नहीं देखी।
The book is yellow.,किताब पीली है।
There's also a yellow one.,पीला वाला भी है।
There's also a yellow one.,पीली वाली भी है।
It's a yellow apple.,पीला सेब है।
Tom drives a yellow cab.,टॉम एक पीली टैक्सी चलाता है।
The grass is yellow.,घास पीली है।
There is a yellow rose.,एक पीला गुलाब है।
I like yellow.,मुझे पीला अच्छा लगता है।
I like yellow.,मुझे पीला पसंद है।
Yellow is my favorite color.,पीला मेरा पसंदीदा रंग है।
All of the balls are yellow.,सभी गेंद पीली हैं।
This flower is yellow.,यह फूल पीला है।
The grass is too yellow.,घास कुछ ज़्यादा ही पीली है।
He climbed up a tree.,वह एक पेड़ पर चढ़ा।
Several apples fell from the tree.,पेड़ से कई सेब गिर गये।
That tree is red.,वह पेड़ लाल है।
In front of the house is a tree.,घर के सामने एक पेड़ है।
That's my chair.,वह मेरी कुरसी है।
I'm fucking.,मैं चोद रहा हूँ।
I'm fucking.,मैं चोद रही हूँ।
Fuck me.,चोद मुझे।
Fuck me.,चोदिये मुझे।
Sami was fucking.,सामी चोद रहा था।
Mennad was fucking Baya.,मेन्नाद बाया को चोद रहा था।
Sami fucked Layla.,सामी ने लैला को चोदा।
Sami fucked many girls.,सामी ने कई लड़कियों को चोदा।
Mennad fucks Baya.,मेन्नाद बाया को चोदता है।
Let's fuck.,चोदते हैं।
I want to fuck you.,मुझे तुम्हें चोदना है।
I want to fuck you.,मुझे आपको चोदना है।
Sami fucked his manager.,सामी ने अपने मैनेजर को चोदा।
Mennad is fucking Baya.,मेन्नाद बाया को चोद रहा है।
Sami was fucking in his room.,सामी अपने कमरे में चोद रहा था।
Fuck him.,उसे चोद।
Fuck him.,उन्हें चोद।
Sami and Layla are fucking.,सामी और लैला चोद रहे हैं।
Sami was fucking Layla.,सामी लैला को चोद रहा था।
Sami was fucking that girl.,सामी उस लड़की को चोद रहा था।
They named their dog Rex.,उन्होंने अपने कुत्ते का नाम रेक्स रखा।
Tom found Mary's dog.,टॉम को मैरी का कुत्ता मिल गया।
He gave the dog a bone.,उसने कुत्ते को एक हड्डी दी।
Tom's dog is very big.,टॉम का कुत्ता बहुत बड़ा है।
Tom gave water to his dog.,टॉम ने अपने कुत्ते को पानी दिया।
The dogs started barking.,कुत्ते भौंकने लगे।
Sami's dog is not there.,सामी का कुत्ता वहाँ नहीं है।
Sami knew Layla's dog.,सामी लैला के कुत्ते को जानता था।
My dog is eating the grapes.,मेरा कुत्ता अंगूर खा रहा है।
Tom's dog was his best friend.,टॉम का कुत्ता उसका सबसे अच्छा दोस्त था।
How many dogs do you have?,तुम्हारे पास कितने कुत्ते हैं?
How many dogs do you have?,आपके पास कितने कुत्ते हैं?
He has three dogs.,उसके पास तीन कुत्ते हैं।
He has three dogs.,उनके पास तीन कुत्ते हैं।
The dogs are wet.,कुत्ते गीले हैं।
I don't understand dog language.,मुझे कुत्तों की भाषा समझ नहीं आती।
I had three dogs.,मेरे पास तीन कुत्ते थे।
The dog saved the girl's life.,कुत्ते ने लड़की की जान बचायी।
I give water to the dog.,मैंने कुत्ते को पानी दिया।
They're playing with their dogs.,वे अपने कुत्तों के साथ खेल रहे हैं।
She had very pretty breasts.,उसके पास बहुत ही सुंदर स्तन हैं।
She has beautiful breasts.,उसके पास सुंदर स्तन हैं।
Mary has small breasts.,मैरी के पास छोटे स्तन हैं।
She has big breasts.,उसके पास बड़े स्तन हैं।
Did she touch your breasts?,क्या उसने तुम्हारे स्तनों को छुआ?
Did she touch your breasts?,क्या उन्होंने तुम्हारे स्तनों को छुआ?
Did he touch your breasts?,क्या उन्होंने तुम्हारे स्तनों को छुआ?
Did he touch your breasts?,क्या उसने तुम्हारे स्तनों को छुआ?
Mary has big breasts.,मैरी के पास बड़े स्तन हैं।
Can I touch your breasts?,क्या मैं आपके स्तनों को छू सकता हूँ?
Can I touch your breasts?,क्या मैं तुम्हारे स्तनों को छू सकता हूँ?
Do girls also masturbate?,क्या लड़कियाँ भी हस्तमैथुन करतीं हैं?
Do girls masturbate too?,क्या लड़कियाँ भी हस्तमैथुन करतीं हैं?
I masturbate every day.,मैं हर रोज़ हस्तमैथुन करता हूँ।
I masturbate every day.,मैं हर रोज़ हस्तमैथुन करती हूँ।
Sami was masturbating.,सामी हस्तमैतुन कर रहा था।
Tom is masturbating.,टॉम हस्तमैथुन कर रहा था।
I want to have anal sex with you.,मैं तुम्हारे साथ गुदा मैथुन करना चाहता हूँ।
I want to have anal sex with you.,मैं तुम्हारे साथ गुदा मैथुन करना चाहती हूँ।
I want to have anal sex with you.,मैं आपके साथ गुदा मैथुन करना चाहता हूँ।
I want to have anal sex with you.,मैं आपके साथ गुदा मैथुन करना चाहती हूँ।
She doesn't like oral sex.,उसे मुख मैथुन पसंद नहीं है।
She doesn't like oral sex.,उसे मुख मैथुन अच्छा नहीं लगता।
She doesn't like oral sex.,उन्हें मुख मैथुन पसंद नहीं है।
She doesn't like oral sex.,उन्हें मुख मैथुन अच्छा नहीं लगता।
What is oral sex?,मुख मैथुन क्या होता है?
Sami took a picture of his dick.,सामी ने अपने लंड का फ़ोटो खींचा।
I've got a big dick!,मेरे पास बड़ा लंड है!
Go suck a dick!,जा कर लंड चूस!
Tom has a large dick.,टॉम के पास बड़ा लंड है।
Tom has a small dick.,टॉम के पास छोटा लंड है।
I really like his dick.,मुझे उसका लंड बहुत ही पसंद है।
Suck my dick!,मेरा लंड चूस!
Sami sent Layla pictures of his dick.,सामीने अपने लंड के फ़ोटो लैला को भेजे।
"My name is Richard, but everyone calls me Dick.","मेरा नाम रिचर्ड है, मगर सब मुझे डिक कहते हैं।"
Sami sent Layla a picture of his dick.,सामी ने अपने लंड का फ़ोटो लैला को भेजा।
Mary loves dicks.,मैरी को लौड़े पसंद हैं।
I think he has a small dick.,मुझे लगता है कि उसके पास छोटा लंड है।
"Big car, little dick.","बड़ी गाड़ी, छोटा लंड।"
It seems like he has a big cock.,लगता है कि उसके पास बड़ा लंड है।
I've got a big cock!,मेरे पास बड़ा लंड है!
Did they rape you?,क्या उन्होंने आप पर बलात्कार किया?
Did they rape you?,क्या उन्होंने तुम पर बलात्कार किया?
Sami raped a girl.,सामी ने एक लड़की पर बलात्कार किया।
Sami raped Layla in his bedroom.,सामीने अपने बेडरूम में लैला पर बलात्कार किया।
Yanni and Skura were both raped.,यान्नी और स्कुरा दोनों पर बलात्कार हुआ।
Layla was not raped.,लैला पर बलात्कार नहीं हुआ।
Sami probably tried to rape Layla.,सामी ने शायद लैला पर बलात्कार करने की कोशिश की।
Layla accused Sami of rape.,लैला ने सामी पर बलात्कार का आरोप किया।
Sami raped Layla in his office.,सामी ने अपने दफ़्तर में लैला पर बलात्कार किया।
Dania was being raped.,दानिया पर बलात्कार हो रहा था।
Sami raped Layla repeatedly.,सामी ने लैला पर बारबार बलात्कार किया।
Sami intended to rape Layla.,सामी का लैला पर बलात्कार करने का इरादा था।
Sami tried to rape Layla.,सामी ने लैला पर बलात्कार करने की कोशिश की।
Sami raped Layla again.,सामी ने फिर से लैला पर बलात्कार किया।
Sami was trying to rape Layla.,सामी लैला पर बलात्कार करने की कोशिश कर रहा था।
This is the man who raped you.,यही वह आदमी है जिसने तुम पर बलात्कार किया।
This is the man who raped you.,यही वह आदमी है जिसने आप पर बलात्कार किया।
Are they going to rape us?,क्या वे हम पर बलात्कार करने वाले हैं?
Are they going to rape us?,क्या वे हमारा बलात्कार करने वाले हैं?
I was raped.,मुझ पर बलात्कार हुआ।
Layla got raped.,लैला का बलात्कार हुआ।
Sami wanted to rape Layla.,सामी लैला पर बलात्कार करना चाहता था।
They want to rape our women.,वे हमारी महिलाओं पर बलात्कार करना चाहते हैं।
Tom's hat is red.,टॉम की टोपी लाल है।
She believes in God.,वह भगवान को मानती है।
She believes in God.,वे भगवान को मानतीं हैं।
His hair is wet.,उसके बाल गीले हैं।
That is a flower.,वह एक फूल है।
That flower is white.,वह फूल सफ़ेद है।
You're a student.,तुम विद्यार्थी हो।
You're a student.,आप विद्यार्थी हैं।
I can see your book.,मुझे तुम्हारी किताब दिखाई दे रही है।
I can see your book.,मुझे आपकी किताब दिखाई दे रही है।
I forgot your name.,मैं आपका नाम भूल गया।
I forgot your name.,मैं तुम्हारा नाम भूल गया।
I forgot your name.,मैं आपका नाम भूल गयी।
I forgot your name.,मैं तुम्हारा नाम भूल गयी।
Is the meeting today or tomorrow?,मीटिंग आज है या कल?
He started laughing harder.,वह और ज़ोर से हँसने लगा।
He gave me this book.,उसने मुझे यह किताब दी।
He gave me this book.,उन्होंने मुझे यह किताब दी।
He gave me this book.,यह किताब मुझे उसने दी।
He gave me this book.,यह किताब मुझे उन्होंने दी।
I quit after a week.,एक हफ़्ते के बाद मैंने छोड़ दिया।
I quit after a week.,एक हफ़्ते के बाद मैंने छोड़ दी।
Tom has three cows.,टॉम के पास तीन गायें हैं।
Tom has written many books.,टॉम ने कई किताबें लिखी हैं।
Algeria depends only on oil.,अल्जेरिया केवल तेल पर निर्भर है।
We saw them on the beach.,वे हमें समुद्र तट पर दिखे।
Yanni was Muslim.,यान्नी मुस्लिम था।
Yanni was Muslim.,यान्नी मुसलमान था।
I think you should go to college.,मुझे लगता है कि तुम्हें कॉलेज जाना चाहिये।
I think you should go to college.,मुझे लगता है कि आपको कॉलेज जाना चाहिये।
I'm a mother.,मैं एक माँ हूँ।
Have you ever been married before?,क्या तुमने पहले कभी शादी की है?
Have you ever been married before?,क्या आपने पहले कभी शादी की है?
Follow these rules.,इन नियमों का पालन करो।
Follow these rules.,इन नियमों का पालन कीजिये।
Tom calls Mary every evening.,टॉम मैरी को हर शाम फ़ोन करता है।
You've defeated her.,तुमने उसे हराया है।
You've defeated her.,आपने उसे हराया है।
You've defeated her.,तुमने उन्हें हराया है।
You've defeated her.,आपने उन्हें हराया है।
I just want to know.,मैं बस जानना चाहता हूँ।
I just want to know.,मैं बस जानना चाहती हूँ।
He said nothing else.,उसने और कुछ नहीं कहा।
He said nothing else.,उन्होंने और कुछ नहीं कहा।
Your English has really improved.,तुम्हारी अंग्रेज़ी सचमुच सुधरी है।
Your English has really improved.,आपकी अंग्रेज़ी सचमुच सुधरी है।
I'll go alone.,मैं अकेले जाऊँगा।
I'll go alone.,मैं अकेली जाऊँगी।
I've got something I want to show you.,मेरे पास ऐसा कुछ है जो मैं आपको दिखाना चाहता हूँ।
I've got something I want to show you.,मेरे पास ऐसा कुछ है जो मैं तुम्हें दिखाना चाहता हूँ।
I've got something I want to show you.,मेरे पास ऐसा कुछ है जो मैं आपको दिखाना चाहती हूँ।
I've got something I want to show you.,मेरे पास ऐसा कुछ है जो मैं तुम्हें दिखाना चाहती हूँ।
What are you wearing?,तुमने क्या पहना है?
What are you wearing?,आपने क्या पहना है?
What are you wearing?,तुमने क्या पहन रखा है?
What are you wearing?,आपने क्या पहन रखा है?
How may we help you?,हम आपकी क्या मदद कर सकते हैं?
Keep writing.,लिखते रहो।
Keep writing.,लिखते रहिये।
I don't want to stay home.,मुझे घर पर रहना नहीं है।
Sami wants to go out.,सामी बाहर जाना चाहता है।
Tom was the one who closed the door.,दरवाज़ा तो टॉम ने बंद किया था।
This is his plane.,यह उसका हवाई जहाज़ है।
Not everyone agreed.,सभी सेहमत नहीं थे।
I want to get up.,मैं उठना चाहता हूँ।
I want to get up.,मैं उठना चाहती हूँ।
You'll be here with me.,तुम यहाँ मेरे साथ होगे।
You'll be here with me.,तुम यहाँ मेरे साथ होगी।
You'll be here with me.,आप यहाँ मेरे साथ होंगे।
You'll be here with me.,आप यहाँ मेरे साथ होंगी।
She fell into the river.,वह नदी में गिर गयी।
She fell into the river.,वे नदी में गिर गयीं।
His father is in jail.,उसके पिता जेल में हैं।
His father is in jail.,उनके पिता जेल में हैं।
He's a homophobe.,वह होमोफ़ोब है।
He's a homophobe.,वे होमोफ़ोब हैं।
Layla got in the taxi.,लैला टैक्सी में बैठ गयी।
I like my friends.,मुझे मेरे दोस्त पसंद हैं।
Fadil threatened Dania.,फ़ादिल ने दानिया को धमकी दी।
Somebody is playing the piano.,कोई पियानो बजा रहा है।
Tom made me a cake.,टॉम ने मेरे लिये एक केक बनाया।
Sami is with me.,सामी मेरे साथ है।
He's teaching me Berber.,वह मुझे बर्बर सिखा रहा है।
He's teaching me Berber.,वे मुझे बर्बर सिखा रहे हैं।
My parents are in Algeria.,मेरे माता-पिता अल्जेरिया में हैं।
My daughter is tweeting now.,मेरी बेटी अभी ट्वीट कर रही है।
This is a photograph of the airport.,यह हवाई अड्डे का फ़ोटो है।
This is a photograph of the airport.,यह हवाई अड्डे की तस्वीर है।
Tom's married.,टॉम विवाहित है।
Sami got dumped by Layla.,सामी को लैला ने डम्प किया।
Tom plays the oboe.,टॉम ओबो बजाता है।
I don't want to tell you.,मैं तुम्हें बताना नहीं चाहता।
I don't want to tell you.,मैं आपको बताना नहीं चाहता।
I don't want to tell you.,मैं तुम्हें बताना नहीं चाहती।
I don't want to tell you.,मैं आपको बताना नहीं चाहती।
Today is October 11th.,आज ११ अक्टूबर है।
We are from Sicily.,हम सिसिली के हैं।
Do you recognize that girl?,उस लड़की को पहचानते हो?
Do you recognize that girl?,उस लड़की को पहचानती हो?
The Quran is written in Arabic.,क़ुरान अरबी में लिखा है।
Nobody asked Mary.,मैरी से किसी ने नहीं पूछा।
I asked Tom that question.,मैंने वह सवाल टॉम से पूछा।
We only want to help you.,हम सिर्फ़ तुम्हारी मदद करना चाहते हैं।
We only want to help you.,हम केवल तुम्हारी मदद करना चाहते हैं।
We only want to help you.,हम सिर्फ़ आपकी मदद करना चाहते हैं।
She wrote a poem for him.,उसने उसके लिये एक कविता लिखी।
I didn't get any sleep last night.,कल रात मुझे बिलकुल भी नींद नहीं आयी।
Tom didn't come to school last week.,पिछले हफ़्ते टॉम स्कूल नहीं आया।
Are you ill?,क्या आप बीमार हैं?
Are you ill?,क्या तुम बीमार हो?
Are you ill?,बीमार हो क्या?
The child caught a cold.,बच्चे को ज़ुकाम हो गया।
Who stole the apple?,सेब किसने चुराया?
Is this your child?,क्या यह तुम्हारा बच्चा है?
Is this your child?,क्या यह तुम्हारी बच्ची है?
Is this your child?,क्या यह आपकी बच्ची है?
Is this your child?,क्या यह आपका बच्चा है?
Is this your child?,यह तेरा बच्चा है क्या?
Is this your child?,यह तेरी बच्ची है क्या?
Let them live.,उन्हें जीने दो।
Let them live.,उन्हें जीने दीजिये।
Show me that photo.,वह तस्वीर मुझे दिखाओ।
Show me that photo.,वह फ़ोटो मुझे दिखाओ।
Tom wanted to come to Australia with me.,टॉम मेरे साथ ऑस्ट्रेलिया आना चाहता था।
Tom made everything.,सब कुछ टॉम ने बनाया।
Tom won't call.,टॉम फ़ोन नहीं करेगा।
Sami is lost in the jungle.,सामी जंगल में खो गया है।
Tom gave some books to me.,टॉम ने मुझे कुछ किताबें दी।
It's murder.,ख़ून है।
Teach them.,उन्हें सिखाओ।
Teach them.,उन्हें सिखाइये।
Sami was in the airport.,सामी हवाई अड्डे पर था।
Children understand everything.,बच्चे सब समझते हैं।
Tom brought a gift for Mary.,टॉम ने मैरी के लिये एक तोहफ़ा लाया।
Tom is bigger than you are.,टॉम तुम से बड़ा है।
Tom is bigger than you are.,टॉम आप से बड़ा है।
They were completely surprised.,वे पूरी तरह से चौंक गये थे।
Mary says she can swim well.,मैरी कहती है कि वह अच्छी तरह से तैर सकती है।
What's behind that door?,उस दरवाज़े के पीछे क्या है?
Tom didn't tell anybody.,टॉम ने किसी को नहीं बताया।
I think everybody makes mistakes.,मुझे लगता है कि ग़लतियाँ तो सभी करते हैं।
Life is fun.,ज़िंदगी मज़ेदार है।
Life is fun.,ज़िंदगी मज़ेदार होती है।
His name is further down the list.,उसका नाम सूची में और नीचे है।
His name is further down the list.,उनका नाम सूची में और नीचे है।
Sami doesn't even know Layla's full name.,सामी को तो लैला का पूरा नाम तक नहीं पता।
I'm tall.,मैं ऊँचा हूँ।
I'm tall.,मैं ऊँची हूँ।
There's a bus stop there.,वहाँ पर एक बस स्टॉप है।
All of us will go to Boston.,हम सब के सब बॉस्टन जायेंगे।
Germany is in the middle of Europe.,जर्मनी युरोप के मध्य में है।
This is no small task.,यह कोई छोटा काम नहीं है।
This is no small task.,यह कोई छोटा काम नहीं होता।
Tom emptied the bucket of water.,टॉम ने पानी की बालटी ख़ाली कर दी।
I don't like giving speeches.,मुझे भाषण देना अच्छा नहीं लगता।
I don't like giving speeches.,मुझे भाषण देना पसंद नहीं है।
Sami looked outside.,सामी ने बाहर की ओर देखा।
When will you need it?,तुम्हें कब ज़रूरत पड़ेगी?
When will you need it?,आपको कब ज़रूरत पड़ेगी?
Tom bought another dog.,टॉम ने और एक कुत्ता ख़रीदा।
I used to live in Kobe.,मैं कोबे में रहा करता था।
I used to live in Kobe.,मैं कोबे में रहा करती थी।
No one came except Mary.,मैरी के अलावा और कोई नहीं आया।
What do you want from us?,तुम हम से क्या चाहते हो?
What do you want from us?,आप हम से क्या चाहते हैं?
Do Muslims believe in Moses?,क्या मुसलमान लोग मूसा को मानते हैं?
Daddy's working.,पापा काम कर रहे हैं।
This mosque has two floors.,इस मस्जिद में दो मंज़िलें हैं।
I didn't know Tom then.,तब मैं टॉम को नहीं जानता था।
I didn't know Tom then.,तब मैं टॉम को नहीं जानती थी।
She burned all of her old books.,उसने अपनी सारी पुरानी किताबें जला दी।
She burned all of her old books.,उन्होंने अपनी सारी पुरानी किताबें जला दी।
Your sentence was not added because the following already exists.,निम्न वाक्य पहले से ही मौजूद होने के कारण आपका वाक्य जोड़ा नहीं गया।
We can't fight alone.,हम अकेले नहीं लड़ सकते.
What does Tom do there?,टॉम वहाँ क्या करता है?
He had a good lawyer.,उसके पास एक अच्छा वकील था।
He had a good lawyer.,उनके पास एक अच्छा वकील था।
You will catch us.,तुम हमें पकड़ोगे।
You will catch us.,आप हमें पकड़ेंगे।
You will catch us.,तुम हमें पकड़ोगी।
You will catch us.,आप हमें पकड़ेंगी।
The skin is soft.,त्वचा मुलायम है।
People went crazy.,लोग पागल हो गये।
People went crazy.,लोग तो पागल हो गये।
Our plan is working.,हमारी योजना काम कर रही है।
The captain controls the whole ship.,कप्तान पूरे जहाज़ को नियंत्रित करता है।
I would tell you if I could.,मैं बता सकता तो मैं तुम्हें बता देता।
I would tell you if I could.,मैं बता सकती तो मैं तुम्हें बता देती।
I would tell you if I could.,मैं बता सकता तो मैं आपको बता देता।
I would tell you if I could.,मैं बता सकती तो मैं आपको बता देती।
Tom showed us a picture of Mary.,टॉम ने हमें मैरी की एक तस्वीर दिखायी।
I'll send a message to them.,मैं उन्हें एक संदेश भेजूंगा।
I'll send a message to them.,मैं उन्हें एक संदेश भेजूंगी।
Layla's house was on fire.,लैला के घर को आग लगी थी।
Tell Tom it isn't my fault.,टॉम से कहना कि ग़लती मेरी नहीं है।
Someone took my stuff.,किसी ने मेरा सामान ले लिया।
Do you recognize that woman?,क्या तुम उस महिला को पहचानते हो?
Do you recognize that woman?,क्या तुम उस औरत को पहचानते हो?
Do you recognize that woman?,क्या तुम उस महिला को पहचानती हो?
Do you recognize that woman?,क्या आप उस महिला को पहचानते हैं?
Do you recognize that woman?,क्या आप उस महिला को पहचानतीं हैं?
That's my dog.,वह मेरा कुत्ता है।
Tom and Mary died together.,टॉम और मैरी एक साथ मर गये।
He's helping Skura.,वह स्कुरा की मदद कर रहा है।
He's helping Skura.,वे स्कुरा की मदद कर रहे हैं।
"Starting now, we will only speak in Portuguese.",अब से हम केवल पुर्तगाली में बात करेंगे।
Mennad and Baya were here.,मेन्नाद और बाया यहाँ थे।
We were ahead of everyone else.,हम बाक़ी सब से आगे थे।
This is an African lion.,यह एक अफ़्रीकी सिंह है।
They laughed at him.,वे उस पर हँसे।
It wasn't big.,बड़ा नहीं था।
It wasn't big.,बड़ी नहीं थी।
She has a house at the beach.,उसके पास समुद्र तट पर एक घर है।
There is a church near the house.,घर के पास एक चर्च है।
There is a church near the house.,घर के पास एक गिरजाघर है।
We don't want to eat now.,हम अभी खाना नहीं चाहते।
We learned French.,हमने फ़्रांसीसी सीखी।
Does Tom work in Boston?,क्या टॉम बॉस्टन में काम करता है?
Evidence has been destroyed.,सबूत नष्ट हो गया है।
Evidence has been destroyed.,सबूत नष्ट कर दिया है।
All the children got presents.,सभी बच्चों को तोहफ़े मिले।
The movie is about to begin.,फ़िल्म अभी शुरू होने वाली है।
Layla didn't remember anything.,लैला को कुछ भी याद नहीं आया।
Tom and Mary are still having fun.,टॉम और मैरी अभी भी मज़े कर रहे हैं।
That's why I didn't tell you.,इसीलिये मैंने तुम्हें बताया नहीं।
That's why I didn't tell you.,इसीलिये मैंने आपको बताया नहीं।
I'll never listen to her again.,मैं उसकी फिर कभी नहीं सुनूँगा।
I'll never listen to her again.,मैं उसकी फिर कभी नहीं सुनूँगी।
Where's the map?,नक़्शा कहाँ है?
Tom and Mary are waiting for your answer.,टॉम और मैरी आपके जवाब का इंतज़ार कर रहे हैं।
Tom and Mary are waiting for your answer.,टॉम और मैरी आपके उत्तर की प्रतीक्षा कर रहे हैं।
What do Muslims eat?,मुस्लिम लोग क्या खाते हैं?
He often doesn't come to school.,वह अक्सर स्कूल नहीं आता।
He often doesn't come to school.,वे अक्सर स्कूल नहीं आते।
Tom finds joy in trolling others.,टॉम को दूसरों को ट्रोल करने में मज़ा आता है।
Harvard University was founded in 1636.,हार्वर्ड विश्वविद्यालय की स्थापना १६३६ में हुई।
All the women were screaming.,सभी औरतें चिल्ला रहीं थी।
He caught the ball.,उसने गेंद पकड़ी।
He caught the ball.,उन्होंने गेंद पकड़ी।
How's Amanda?,अमान्डा कैसी है?
I understand his anger.,मैं उसका गुस्सा समझ सकता हूँ।
I understand his anger.,मैं उसका गुस्सा समझ सकती हूँ।
I understand his anger.,मैं उनका गुस्सा समझ सकता हूँ।
I understand his anger.,मैं उनका गुस्सा समझ सकती हूँ।
There's another mistake here.,यहाँ पर और एक ग़लती है।
I don't know why Tom didn't do it.,पता नहीं टॉम ने क्यों नहीं किया।
We're historians.,हम इतिहासकार हैं।
He's complained.,उसने शिकायत की है।
He's complained.,उन्होंने शिकायत की है।
Tom is buying a suit.,टॉम एक सूट ख़रीद रहा है।
London is England's capital.,लंदन इंग्लैंड की राजधानी है।
Sami is a killer.,सामी ख़ूनी है।
Giraffes are afraid of lions.,जिराफ़ सिंहों से डरते हैं।
What's so great about that?,उस में कौनसी बड़ी बात है?
I'll wait until six o'clock.,मैं छह बजे तक रुकूँगा।
I'll wait until six o'clock.,मैं छह बजे तक रुकूँगी।
I'll wait until six o'clock.,मैं छह बजे तक इंतज़ार करूँगा।
I'll wait until six o'clock.,मैं छह बजे तक इंतज़ार करूँगी।
I think I'm in love with him.,मुझे लगता है कि मुझे उससे प्यार हो गया है।
I think I'm in love with him.,मुझे लगता है कि मुझे उनसे प्यार हो गया है।
How could you do that to us?,आप हमारे साथ वैसा कैसे कर सकते हैं?
How could you do that to us?,आप हमारे साथ वैसा कैसे कर सकतीं हैं?
How could you do that to us?,तुम हमारे साथ वैसा कैसे कर सकते हो?
How could you do that to us?,तुम हमारे साथ वैसा कैसे कर सकती हो?
Why did they arrest him?,उन्होंने उसे गिरफ़्तार क्यों किया?
I'm stronger than him.,मैं उससे ज़्यादा ताक़तवर हूँ।
I'm stronger than him.,मैं उनसे ज़्यादा ताक़तवर हूँ।
I don't talk to her.,मैं उससे बात नहीं करता।
I don't talk to her.,मैं उनसे बात नहीं करता।
Mary says she's read all of these books.,मैरी कहती है कि उसने ये सारी किताबें पढ़ी हैं।
You're like a broken record.,तुम तो टूटे हुए रिकॉर्ड के जैसे हो।
You're like a broken record.,आप तो टूटे हुए रिकॉर्ड के जैसे हैं।
I didn't know that then.,वह मुझे तब पता नहीं था।
Isn't that Tom's hat?,"वह तो टॉम की टोपी है, है ना?"
Isn't that Tom's hat?,"वह टॉम की टोपी है, है ना?"
I've got something for Tom.,मेरे पास टॉम के लिये कुछ है।
Of course I will go.,मैं तो बिलकुल जाऊँगा।
Of course I will go.,मैं तो बिलकुल जाऊँगी।
Sami remarried.,सामी ने पुनर्विवाह किया।
She needs a job.,उसे नौकरी की ज़रूरत है।
She needs a job.,उन्हें नौकरी की ज़रूरत है।
Are you Polish?,क्या आप पोलिश हैं?
Are you Polish?,क्या तुम पोलिश हो?
Dance.,नाच।
Clarify.,स्पष्ट कीजिए।
Which town is most dangerous?,किस शहर में सबसे ज़्यादा खतरा है?
They were talking in Berber.,वे बर्बर में बात कर रहे थे।
When will you take a bath?,तुम कब नहाओगे?
When will you take a bath?,तुम कब नहाओगी?
When will you take a bath?,आप कब नहायेंगे?
When will you take a bath?,आप कब नहायेंगी?
You can't eat peace.,शांति से पेट नहीं भरता।
You can't eat peace.,शांति को खा नहीं सकते।
Tom told everyone to sit down.,टॉम ने सब को बैठने के लिये कहा।
Tell him yourself.,उसे ख़ुद बताना।
Tell him yourself.,उन्हें ख़ुद बताना।
Tell him yourself.,उसे ख़ुद बताइयेगा।
Tom wants to learn Serbian.,टॉम सर्बियाई सीखना चाहता है।
Sami lives in a Muslim country.,सामी एक मुस्लिम देश में रहता है।
He is a doctor like his father.,वह अपने पिता की तरह डॉक्टर है।
He is a doctor like his father.,वे अपने पिता की तरह डॉक्टर हैं।
What happened to your ring?,तुम्हारी अँगूठी को क्या हुआ?
Tom didn't do anything.,टॉम ने कुछ नहीं किया।
They decided to build a bridge.,उन्होंने एक सेतु बनाने का निर्णय लिया।
Tom makes fun of everybody.,टॉम सबका मज़ाक़ उड़ाता है।
Sami started looking for a mosque.,सामी मस्जिद ढूंढ़ने लगा।
That's not expensive.,वह महँगा नहीं है।
That's not expensive.,वह महँगी नहीं है।
Mary taught French to her friends.,मैरी ने अपने दोस्तों को फ़्रांसीसी सिखायी।
Nobody wanted to praise my country.,मेरे देश की तारीफ़ किसी को नहीं करनी थी।
Nobody wanted to praise my country.,कोई भी मेरे देश की तारीफ़ नहीं करना चाहता था।
We're waiting for him.,हम उसके लिये रुके हैं।
We're waiting for him.,हम उसका इंतज़ार कर रहे हैं।
We're waiting for him.,हम उसकी प्रतीक्षा कर रहे हैं।
I saw you leave early.,मैंने तुम्हें जल्दी निकलते हुए देखा।
I saw you leave early.,मैंने आपको जल्दी निकलते हुए देखा।
Tell him I'm coming back.,उससे कहना की मैं लौट रहा हूँ।
Tell him I'm coming back.,उससे कहना की मैं लौट रही हूँ।
I was waiting for you.,मैं आपका इंतज़ार कर रहा था।
Where is the center of the universe?,ब्रह्माण्ड का केंद्र कहाँ है?
You forgot your credit card.,आप अपना क्रेडिट कार्ड भूल गये।
You forgot your credit card.,आप अपना क्रेडिट कार्ड भूल गईं।
Tom was a student at that time.,उस समय टॉम विद्यार्थी था।
She had scratches on her face.,उसके चेहरे पर खरोंचें थी।
I think that I'll win.,मुझे लगता है कि मैं जीतूँगा।
I think that I'll win.,मुझे लगता है कि मैं जीतूँगी।
I'm looking at a pretty picture.,मैं एक खूबसूरत तस्वीर को देख रहा हूँ।
I'm looking at a pretty picture.,मैं एक खूबसूरत तस्वीर को देख रही हूँ।
I'm looking at a pretty picture.,मैं एक सुंदर चित्र को देख रहा हूँ।
I'm looking at a pretty picture.,मैं एक सुंदर चित्र को देख रही हूँ।
There's going to be a tsunami!,सुनामी होने वाली है!
I was speaking.,मैं बोल रहा था।
I was speaking.,मैं बोल रही थी।
I am looking at the map.,मैं नक़्शे की ओर देख रहा हूँ।
I am looking at the map.,मैं नक़्शे की ओर देख रही हूँ।
When did you see that movie?,वह फ़िल्म आपने कब देखी?
When did you see that movie?,वह फ़िल्म तुमने कब देखी?
Tom is John's twin brother.,टॉम जॉन का जुड़वाँ भाई है।
Tom didn't tell us his surname.,टॉम ने हमें अपना उपनाम बताया नहीं।
I think his life is in danger.,मुझे लगता है कि उसकी जान ख़तरे में है।
I think his life is in danger.,मुझे लगता है कि उनकी जान ख़तरे में है।
I'll tell you.,मैं तुम्हें बताऊँगा।
I'll tell you.,मैं तुम्हें बताऊँगी।
I'll tell you.,मैं आपको बताऊँगा।
I'll tell you.,मैं आपको बताऊँगी।
Turn on channel four.,चैनल चार लगाओ।
Turn on channel four.,चैनल चार लगाइये।
How did her son die?,उसका बेटा कैसे मरा?
He always works a lot.,वह हमेशा बहुत काम करता है।
He always works a lot.,वे हमेशा बहुत काम करते हैं।
I am showing my teeth.,मैं मेरे दाँत दिखा रहा हूँ।
I am showing my teeth.,मैं मेरे दाँत दिखा रही हूँ।
Is the snake alive or dead?,साँप ज़िंदा है या मुरदा?
Tom never waits for anyone.,टॉम कभी किसी का इंतज़ार नहीं करता।
Tom never waits for anyone.,टॉम कभी किसी के लिये रुकता नहीं।
Algeria is developing very fast.,अल्जेरिया बहुत तेज़ी से विकसित हो रहा है।
Tom speaks Russian.,टॉम रूसी बोलता है।
I won't give it to Tom.,मैं टॉम को नहीं दूँगा।
I won't give it to Tom.,मैं टॉम को नहीं दूँगी।
"I can't go to Australia, either.",मैं भी ऑस्ट्रेलिया नहीं जा सकता।
"I can't go to Australia, either.",मैं भी ऑस्ट्रेलिया नहीं जा सकती।
Tomorrow will be even colder.,कल तो और ठंड होगी।
We liked it.,हमें पसंद आया।
We liked it.,हमें पसंद आयी।
Tom's mother is a housewife.,टॉम की माँ गृहिणी है।
I like cats.,मुझे बिल्लियाँ पसंद हैं।
I like cats.,मुझे बिल्ले पसंद हैं।
That's a flower.,वह एक फूल है।
I'm nothing but a poor peasant.,मैं तो बस एक गरीब किसान ही हूँ।
Don't cause a commotion.,हल्ला मत मचाओ।
Cross the road.,सड़क पार करो।
It was tough to guess his age correctly.,उसकी यथार्थ उम्र बताना मुश्किल था।
He began to find life dry.,उसको जीवन शुष्क लगने लगा है।
A clean and deserted road can be found at some distance ahead.,कुछ ही आगे एक साफ़ और वीरान सड़क मिलेगी।
Is that your manager standing near the window?,खिड़की के पास खड़ा वह तुम्हारा प्रबंधक है क्या?
Father signalled me to go out of the assembly room.,पिताजी ने मुझे सम्मेलन कक्ष से निकलने का इशारा दिया।
What will I get in return for your friend's bail?,तुम्हारे दोस्त की रिहाई के बदले में हमे क्या मिलेगा?
The oppression of women is a social issue.,औरतों पर अत्याचार एक सामाजिक समस्या है।
Don't cross the road.,सड़क पार मत करो।
What is your relation to him?,तुम्हारा उससे क्या ताल्लुक़ है?
The father told his son that his studies had been completed then so he should go outside and work instead of getting food at home for free.,"पिता ने अपने बेटे से कहा कि अब तुम्हारी पढ़ाई पूरी हो गई है। बाहर जाकर नौकरी करो, घर में मुफ्त की रोटियां मत तोड़ो।"
Are you going on behalf of the government or for your own benefit?,तुम सरकार की ओर से जा रहे हो या अपने खुद के काम के लिए?
Tom makes fun of everyone.,टॉम सबका मज़ाक़ उड़ाता है।
I'm roughly the same weight as I was at this time last year.,मेरा वजन पिछले साल जितना था अभी भी उतना ही हैं.
I didn't know that you were so rich.,मुझे नहीं पता था कि आप इतने अमीर हैं।
"Maybe I'm unhappy, but I don't intend to kill myself.","हाँ शायद मैं दुखी हूँ, पर मुझे अपनी जान लेने का इरादा नहीं है।"
I'm on holiday this week.,मैं इस हफ़्ते छुट्टी पर हूं।
It's easy to add 5 to 10.,पाँच से दस को जोड़ना बहुत आसान है।
It's a difficult problem.,यह समस्या बहुत कठिन है।
I'll be back by nine.,मैं नौ बजे से पहले वापस आ जाऊँगा।
Legendary actor Amitabh Bachchan has been honoured with the Dadasaheb Phalke Award by the Government.,सिनेमा जगत के महान अभिनेता अमिताभ बच्चन को भारत सरकार ने दादा साहब फाल्के अवार्ड से सम्मानित किया है।
"Valentine's Day is being celebrated all over the world, where everyone is expressing love to their partner.","पूरे विश्व भर में वेलेंटाइन डे मनाया जा रहा है, जहाँ पर सभी लोग अपने पार्टनर के साथ प्यार का इजहार कर रहे हैं ।"
Former Indian opener Virender Sehwag is known as one of the most destructive openers in Indian cricket history.,पूर्व भारतीय ओपनर वीरेंद्र सहवाग को भारतीय क्रिेकेट इतिहास के सबसे विध्वसंक ओपनरों में जाना जाता है।
There is much opposition to this decision of the Government of India.,भारत सरकार के इस फैसले का बहुत ज़्यादा विरोध हो रहा है।
The legendary South African fast bowler Dale Steyn had recently announced his retirement from Test cricket.,साउथ अफ्रीका के दिग्गज तेज गेंदबाज डेल स्टेन ने टेस्ट क्रिकेट से संन्यास की घोषणा कर दी थी।
Iran has declared all US forces as terrorists in the case of the assassination of General Qasim Suleimani.,जनरल कासिम सुलेमानी की हत्या के मामले में ईरान ने सभी अमेरिकी बलों को आतंकवादी घोषित कर दिया है।
"With this, the police has started investigating the case.",इसके साथ ही पुलिस मामले की जांच में जुट गई है।
The impact of the challenging environment in the economy has greatly impacted the already troubled textile sector.,इकॉनमी में चुनौतीपूर्ण माहौल का असर पहले से परेशानी में चल रहे टेक्सटाइल सेक्टर पर बहुत ही ज़्यादा हुआ है।
"Kobe Bryant became an NBA veteran due to his never-give-up spirit, tough competition and accuracy.","कभी हार न मानने के जज्बे, कड़ी प्रतिस्पर्धा और सटीकता के कारण कोबे ब्रायंट एनबीए के दिग्गज बने।"
Many people start their day with a cup of coffee.,कई लोग अपने दिन की शुरुआत कॉफी के एक कप के साथ करते हैं।
It's almost twelve o'clock.,बारह बजने वाले हैं।
It's almost ten o'clock.,दस बजने वाले हैं।
Tom showed Mary the book he authored.,टॉम ने मैरी को अपनी लिखी हुई पुस्तक दिखाई।
Pandit Raghunath Murmu developed the Ol Chiki script.,पंडित रघुनाथ मुर्मू ने ओल चिकी लिपि विकसित की।
Mary had known her for many years.,मैरी उसे कई सालों से जानती थी।
He was cheated.,उसे धोखा दिया गया था।
Sami is Muslim now.,सामी अब मुसलमान है।
Mary tried to hide her smile.,मैरी ने अपनी मुस्कान छिपाने की कोशिश की।
I know Tom is sleepy.,मुझे पता है कि टॉम को नीन्द आ रही है।
Tom is pretty crazy.,टॉम बहुत पागल है।
Our team lost the first match.,हमारी टीम पहला मैच हार गई।
Have you ever failed an exam?,क्या आप कभी किसी परीक्षा में असफल हुए हैं?
Have you ever failed an exam?,क्या आप कभी किसी परीक्षा में असफल हुई हैं?
Have you ever failed an exam?,क्या तुम कभी किसी परीक्षा में असफल हुए हो?
Have you ever failed an exam?,क्या तुम कभी किसी परीक्षा में असफल हुई हो?
Have you ever failed an exam?,क्या तू कभी किसी परीक्षा में असफल हुई है?
Have you ever failed an exam?,क्या तू कभी किसी परीक्षा में असफल हुआ है?
He's vile.,वह घटिया है।
Tom didn't expect such a nice present from Mary.,टॉम ने मैरी से इतने अच्छे उपहार की उम्मीद नहीं की थी।
Tom can be awfully stubborn.,टॉम बहुत जिद्दी हो सकता है।
Omigod!,हे भगवान!
I won't be helping Tom tomorrow.,मैं कल टॉम की मदद नहीं करूंगा।
I won't be helping Tom tomorrow.,मैं कल टॉम की मदद नहीं करूंगी।
I didn't try to kill anybody.,मैंने किसी को मारने की कोशिश नहीं की।
Can you play any musical instruments?,क्या आप कोई वाद्य यंत्र बजा सकते हैं?
Can you play any musical instruments?,क्या आप कोई वाद्य यंत्र बजाते हैं?
Go and play with your friends.,जाओ और अपने दोस्तों के साथ खेलो।
Tom handed the list to Mary.,टॉम ने मैरी को सूची सौंपी।
Tom handed the list to Mary.,टॉम ने मैरी को सूची देदी।
Tom and Mary look worried.,टॉम और मैरी परेशान लग रहे हैं।
I might be able to help.,मैं शायद मदद कर सकूं।
You will be notified when your package has arrived.,आपका पैकेज आने पर सूचित कर दिया जाएगा।
What would you like to do while you're here in Australia?,जब आप यहां ऑस्ट्रेलिया में हो तो आप क्या करना चाहेंगे?
When did you meet?,आप कब मिले?
When did you meet?,तू कब मिला?
It's up to you whether to buy it or not.,ख़रीदो या न ख़रीदो तुम्हारे ऊपर है।
I was born and brought up in Boston.,मेरा जन्म और पालन-पोषण बोस्टन में हुआ ।
Visit the market only when necessary.,बाज़ार आवश्यक होने पर ही जाएं।
You don't look too confident.,आप बहुत आत्मविश्वासी नहीं लग रहे हैं।
"Well, what're you waiting for?","खैर, आप किसका इंतज़ार कर रहे हैं?"
Are your speakers Philips or Samsung?,तुम्हारे स्पीकर फ़िलिप्स के हैं या सॅमसंग के?
Are your speakers Philips or Samsung?,आपके स्पीकर फ़िलिप्स के हैं या सॅमसंग के?
Who made Tom cry?,टॉम को किसने रुलाया?
Ken studied English last night.,केन ने कल रात अंग्रेज़ी की पढ़ाई की।
He says he's sleepy.,वह कहता है कि उसे नींद आ रही है।
The house has three stories.,घर में तीन मंज़िलें हैं।
This is our fault.,यह हमारी ग़लती है।
Tom taught Mary how to read.,टॉम ने मैरी को पढ़ना सिखाया।
I can still remember that day.,मुझे अभी भी वह दिन याद है।
My wife left me.,मेरी बीवी मुझे छोड़ कर चली गई।
My wife left me.,मेरे बीवी ने मुझे छोड़ा।
Why didn't Tom want to go to Australia?,टॉम ऑस्ट्रेलिया क्यूँ नहीं जाना चाहता था?
I ate one of the three remaining donuts.,मैंने बचे हुए तीन डोनटों में से एक डोनट खाया।
Who do you know here?,तुम यहाँ किसे जानते हो?
Who do you know here?,तुम यहाँ किसे जानती हो?
Who do you know here?,आप यहाँ किसे जानते हैं?
Who do you know here?,आप यहाँ किसे जानती हैं?
I want to ask her something.,मुझे उससे कुछ पूँछना है।
"What's up, guys! Welcome back to my channel on YouTube.","क्या हाल है, दोस्तों! यूट्यूब पर मेरे चैनल पर आपका फिर से स्वागत है।"
We can't let him go.,हम उसे छोड़ नहीं सकते।
We can't let him go.,हम उसे जाने नहीं दे सकते।
"I can explain it. ""There's no explanation.""","मैं समझा सकता हूँ। ""समझाने वाली कोई बात नहीं है।"""
"I can explain it. ""There's no explanation.""","मैं समझा सकती हूँ। ""समझाने वाली कोई बात नहीं है।"""
Tom is a real fool.,टॉम असली मूर्ख है।
Tom is a real fool.,टॉम असली बेवक़ूफ़ है।
That is not my school.,यह मेरी स्कूल नहीं है।
That is not my school.,यह मेरी पाठशाला नहीं है।
The child playing the piano is my daughter.,जो बच्ची पियानो बजा रही है वह मेरी बेटी है।
That won't fix it.,उससे वह ठीक नहीं होगा।
That won't fix it.,उससे वह दुरुस्त नहीं होगा।
I will return to Australia the day after tomorrow.,मैं परसो ऑस्ट्रेलिया लौटूँगा।
I will return to Australia the day after tomorrow.,मैं परसो ऑस्ट्रेलिया लौटूँगी।
I met him at a party.,मैं उसे एक पार्टी में मिली।
I met him at a party.,मैं उसे एक पार्टी में मिला।
Tom's going crazy.,टॉम पागल होते जा रहा है।
Tom's going crazy.,टॉम पागल हो रहा है।
He's got a moustache.,उसके पास मूँछ है।
He's got a moustache.,उनके पास मूँछ है।
The sun and moon are often in the sky together.,सूरज और चाँद अक्सर आकाश में एक साथ होते हैं।
Do you guys ever eat together?,तुम लोग कभी एक साथ खाना खाते हो क्या?
Do you guys ever eat together?,क्या आप लोग कभी एक साथ खाना खाते हो?
She was in the shop.,वह दुकान में थी।
She was in the shop.,वे दुकान में थीं।
Tom will probably be forgiven.,टॉम को शायद माफ़ किया जाएगा।
How is her surname pronounced?,उसके उपनाम का उच्चार कैसे किया जाता है?
How is her surname pronounced?,उनके उपनाम का उच्चार कैसे किया जाता है?
That was my fault.,वह मेरी ग़लती थी।
Tom could be unconscious.,टॉम बेहोश हो सकता है।
I don't know her at all.,मैं उसे बिलकुल भी नहीं जानता।
I don't know her at all.,मैं उसे बिलकुल भी नहीं जानती।
I don't know her at all.,मैं उन्हें बिलकुल भी नहीं जानता।
I don't know her at all.,मैं उन्हें बिलकुल भी नहीं जानती।
The world awaits you.,दुनिया तुम्हारा इंतज़ार कर रही है।
The world awaits you.,दुनिया आपका इंतज़ार कर रही है।
No one can help.,कोई भी मदद नहीं कर सकता।
"She's rich, young and beautiful.","वह अमीर, जवान और खूबसूरत है।"
"She's rich, young and beautiful.","वे अमीर, जवान और खूबसूरत हैं।"
Tom is going crazy.,टॉम पागल हो रहा है।
Tom is going crazy.,टॉम पागल होते जा रहा है।
Why did Tom want to go to Australia?,टॉम ऑस्ट्रेलिया क्यूँ जाना चाहता था?
I'll return to Australia the day after tomorrow.,मैं परसो ऑस्ट्रेलिया लौटूँगी।
I'll return to Australia the day after tomorrow.,मैं परसो ऑस्ट्रेलिया लौटूँगा।
Now I'll tell you what I've done.,अब मैं तुम्हें बताऊँगा कि मैंने क्या किया है।
Now I'll tell you what I've done.,अब मैं तुम्हें बताऊँगी कि मैंने क्या किया है।
Africa isn't a country.,आफ़्रिका देश नहीं है।
Are you saying that my life is in danger?,क्या तुम कह रहे हो कि मेरी जान ख़तरे में है?
His smile was frightening.,उसकी मुस्कान डराने वाली थी।
What's your brother's name?,आपके भाई का नाम क्या है?
Are you Marathi?,क्या आप मराठी हैं?
Do you speak Marathi?,क्या आप मराठी बोलते हैं?
Are they really friends?,क्या वे सच में दोस्त हैं?
I don't have a favorite shirt.,मेरा मनपसंद कोई कमीज़ नहीं है।
I don't have a favorite shirt.,আমার পছন্দের কোনো জামা নেই।
I think everybody should learn another language.,मेरे विचार से सबको एक नई भाषा सीखनी चाहिए।
Do you think I will forgive you?,तुम्हे क्या लगता है की मैं तुम्हे माफ़ करूँगा?
What did Tom want?,टॉम क्या चाहता था?
She wants me to go with her.,वह चाहती है कि मैं उसके साथ जाऊं।
I couldn't resist.,मुझसे रहा नहीं गया।
"You aren't busy now, are you?","तुम अब व्यस्त नहीं हो, है ना?"
He'll surely get caught and be put in prison.,वह ज़रूर पकड़ा जाएगा और उसे जेल में डाल दिया जाएगा।
"Tom, you astonish me.","टॉम, तुम मुझे आश्चर्यचकित करते हो।"
I cannot lend this book to you.,यह किताब में तुम्हे उधार में नहीं दे सकता।
You should ask Tom what happened.,तुम्हें टॉम से पूछना चाहिए कि क्या हुआ।
I'm going to wear my blue jacket.,मैं अपना नील जैकेट पहनूंगा।
These bottles are empty.,ये बोतलें खाली हैं।
We can't help Tom now.,अब हम टॉम की मदद नहीं कर सकते।
"What are you making, sir?","भाईसाहब, आप क्या बना रहे हो?"
I know Tom is an electrical engineer.,मुझे पता है कि टॉम एक इलेक्ट्रिकल इंजीनियर है।
Tom lived to be 97.,टॉम 97 वर्ष तक जीवित रहे।
Stop saying that!,ऐसा कहना बंद करो!
She changed.,वह बदल गई।
You can't drink here.,आप यहां नहीं पी सकते।
Milk? Sugar?,दूध? चीनी?
I've been living here for three years.,मैं यहां तीन सालों से रहते आया हूं।
It's night.,रात है।
Tom was playing in the backyard.,टॉम पिछवाड़े में खेल रहा था।
Such a thing can't be found everywhere.,ऐसी चीज़ हर कहीं नहीं मिलती है।
We've decided to leave this town tomorrow morning.,हमने इस नगर को कल सुबह छोड़ने का इरादा किया है।
I can't lend this book to you.,यह किताब में तुम्हे उधार में नहीं दे सकता।
You can't park your car here.,आप अपनी गाड़ी यहाँ खड़ी नहीं कर सकते।
Helen is playing in the garden.,हेलेन बगीचे में खेल रही है।
Sami purchased a gun.,सामी ने बंदूक खरीदी।
Sami purchased a gun.,सामी ने एक बंदूक खरीदी।
Can Tom be trusted?,क्या टॉम पर भरोसा किया जा सकता है?
I am skinny.,मैं पतला हूँ।
I am skinny.,मैं पतली हूँ।
Have you ever been to London?,क्या तुम कभी लंदन गये हो?
Have you ever been to London?,क्या तुम कभी लंदन गयी हो?
Have you ever been to London?,क्या आप कभी लंदन गए हैं?
Have you ever been to London?,क्या आप कभी लंदन गयी हैं?
I just remembered something.,मुझे अभी-अभी कुछ याद आया।
We need to tell Tom everything.,हमें टॉम को सब कुछ बताने की ज़रूरत है।
Is this man your friend?,क्या यह आदमी तुम्हारा दोस्त है?
She's making fun of you.,वह तुम्हारा मज़ाक उड़ा रही है।
She's making fun of you.,वे तुम्हारा मज़ाक उड़ा रही हैं।
She's making fun of you.,वह आपका मज़ाक उड़ा रही है।
She's making fun of you.,वे आपका मज़ाक उड़ा रही हैं।
Tom came by train.,टॉम ट्रेन से आया।
Tom came by train.,टॉम ट्रेन से आ गया।
That's what many people said.,कई लोगों ने वही कहा था।
I want soup.,मुझे सूप चाहिए।
He has gone to London.,वह लंदन गया है।
He started to empty his pockets.,वह अपनी जेब खाली करने लगा।
He started to empty his pockets.,वे अपनी जेब खाली करने लगे।
They eat raw meat.,वे कच्चा मांस खाते हैं।
It is not so.,ऐसी बात नहीं है।
What was in that bag?,थैली में क्या था?
What was in that bag?,थैले में क्या था?
Do you know Tom's father's name?,टॉम के बाप का नाम पता है?
Do you know Tom's father's name?,क्या आप टॉम के पिता का नाम जानते हैं?
Do you know Tom's father's name?,क्या आप टॉम के पिता का नाम जानती हैं?
I live in this neighbourhood.,मैं इस मोहल्ले में रहता हूँ।
I live in this neighbourhood.,मैं इस मोहल्ले में रहती हूँ।
Tom was playing the trumpet.,टॉम ट्रम्पेट बजा रहा था।
You should have written it down.,लिख कर लेना चाहिए था।
You should have written it down.,तुमने लिख कर लेना चाहिए था।
You should have written it down.,आपने लिख कर लेना चाहिए था।
Tom has a regular job.,टॉम के पास मामूली नौकरी है।
Tom has a regular job.,टॉम के पास एक मामूली सी नौकरी है।
Where are my children?,मेरे बच्चे कहाँ है?
The river dried up.,नदी सूक गयी है।
The door of languages unlocked.,भाषाओं के दरवाज़े का ताला खुल गया।
I like to bowl.,मुझे बोलिंग करना अच्छा लगता है।
I like to bowl.,मैं बोलिंग करना पंसद करता हूँ।
I like to bowl.,मैं बोलिंग करना पंसद करती हूँ।
I like to bowl.,मैं गेंदबाज़ी करना पसंद करता हूँ।
I like to bowl.,मैं गेंदबाज़ी करना पसंद करती हूँ।
I like to bowl.,मुझे गेंदबाज़ी करना अच्छा लगता है।
He created a website for her.,उसने उसके लिये एक वेबसाइट बनाई।
Show it to them.,उन्हें दिखाओ।
Show it to them.,उन्हें दिखाइये।
Tom fed the goats.,टॉमने बकरियों को खाना खिलाया।
Tom thinks I'm an idiot.,टॉम को लगता है कि मैं बेवकूफ़ हूँ।
I didn't ask them any questions.,मैंने उनसे कोई सवाल नहीं किये।
I didn't ask them any questions.,मैंने उन्हें कोई भी सवाल पूछे नहीं।
Tom licked his lips.,टॉमने अपने होंठ चाँटे।
I just bought it last week.,मैंने कल ही खरीदा।
I can't do my job without a computer.,मैं मेरा काम कम्प्यूटर के बिना नहीं कर सकता।
I can't do my job without a computer.,मैं मेरा काम कम्प्यूटर के बिना नहीं कर सकती।
Do you have blankets?,क्या आपके पास कंबल हैं?
Do you have blankets?,आपके पास कंबल हैं?
Do you have blankets?,तुम्हारे पास कंबल हैं?
Do you have blankets?,क्या तुम्हारे पास कंबल हैं?
Tom slept in this bed.,टॉम इस बिस्तर पर सोया।
He says he's very hungry.,वह कहता है कि उसे बहुत भूक लगी है।
He says he's very hungry.,वे कहते हैं कि उन्हें बहुत भूक लगी है।
Tom bought three chickens.,टॉम ने तीन मुर्गियाँ खरीदी।
Do you like her songs?,क्या तुम्हें उसके गाने पसंद हैं?
Do you like her songs?,क्या आपको उसके गाने पसंद हैं?
Do you like her songs?,तुम्हें उसके गाने पसंद है?
Do you like her songs?,आपको उसके गाने पसंद है?
Were you drinking?,तुम पी रहे थे?
Were you drinking?,तुम पी रही थी?
Were you drinking?,क्या तुम पी रहे थे?
Were you drinking?,क्या तुम पी रही थी?
Stop shouting at me!,मुझ पर चिल्लाना बंद करो!
Stop shouting at me!,मुझ पर चिल्लाना बंद कीजिए!
Tom made a lot of mistakes.,टॉम ने बहुत सारी गलतियाँ की।
God is the lord of time.,समय का स्वामी भगवान है।
The cat is sleeping with the girl.,बिल्ला लड़की के साथ सो रहा है।
The cat is sleeping with the girl.,बिल्ली लड़की के साथ सो रही है।
This knife is sharp.,यह चाकू नुकीला है।
This knife is sharp.,यह छुरा नुकीला है।
This knife is sharp.,यह छुरी नुकीली है।
What do people eat in your country?,तुम्हारे देश में लोग क्या खाते हैं?
What do people eat in your country?,आपके देश में लोग क्या खाते हैं?
I don't watch much basketball.,मैं ज़्यादा बास्‍केटबॉल नहीं देखती।
What's Tom's address?,टॉम का पता क्या है?
Tom can read very well.,टॉम अच्छी तरह से पढ़ सकता है।
Tom gave me a gun.,टॉम ने मुझे एक बंदूक दी।
Yanni believed in magic.,यान्नी का जादू पर भरोसा था।
They say they have no choice.,वे कहते हैं के उनके पास कोई पर्याय नहीं था।
Who doesn't like Bollywood movies?,बॉलीवूड फ़िल्में किसे पसंद नहीं हैं?
I brought my family with me.,मैं मेरा परिवार अपने साथ ले आया।
I brought my family with me.,मैं मेरा परिवार अपने साथ ले आयी।
We should go talk to Tom.,हमें जा कर टॉम से बात करनी चाहिए।
The tree is high.,पेड़ ऊँचा है।
I didn't say much.,मैंने ज़्यादा कुछ कहा नहीं।
We're models.,हम मॉडेल हैं।
That is the fastest car.,यह सबसे तेज़ कार है।
How could I hate Tom?,मैं टॉम से कैसे नफ़रत कर सकता?
How could I hate Tom?,मैं टॉम से कैसे नफ़रत कर सकती?
Are these your children?,क्या ये तुम्हारे बच्चे हैं?
Are these your children?,क्या ये आपके बच्चे हैं?
I keep all my clothes here.,मैं मेरे सारे कपड़े यहाँ रखता हूँ।
I keep all my clothes here.,मैं मेरे सारे कपड़े यहाँ रखती हूँ।
It was great advice.,बढ़िया सलाह थी।
Tom tricked all of us.,टॉम ने हम सब को फँसाया।
Tom couldn't take it any longer.,टॉम और नहीं सह सका।
The cats are relaxing in the sun.,बिल्ले धूप में आराम कर रहे हैं।
The cats are relaxing in the sun.,बिल्लियाँ धूप में आराम कर रही हैं।
Ziri took Rima's umbrella.,ज़िरी ने रिमा का छाता लिया।
Were you really in Boston?,क्या तुम सच में बॉस्टन में थे?
Were you really in Boston?,क्या तुम सच में बॉस्टन में थी?
Were you really in Boston?,क्या आप सच में बॉस्टन में थे?
We're not happy.,हम खुश नहीं हैं।
They had built roads and bridges.,उन्होंने रास्ते और पुल बनाए थे।
I'm called Farshad.,मेरा नाम फ़रशाद है।
I was surprised I didn't need to do that.,मैं आश्चर्यचकित रह गया था की मुझे वह करने की ज़रूरत नहीं थी ।
Is this fish still alive?,क्या यह मछली अभी भी जीवित है?
I thought that you were a man of honor.,मैं सोचता था कि तुम एक इज्जतदार आदमी हो।
Beijing is the capital of China.,बीजिंग चीन की राजधानी है।
The king lives in the castle.,राजा महल में रहता है।
The plane is ready.,हवाई जहाज़ तैयार है।
Sami isn't safe.,सामी सुरक्षित नहीं है।
I wish I had a sister.,काश मेरी बहन होती.
The people here are very ill!,यहाँ के लोग बहुत ही बीमार हैं!
Ziri is going to the movies.,ज़िरी फ़िल्म देखने जा रहा है।
Which city are you from? - I'm from Rome.,तुम किस शहर के हो? - मैं रोम का हूँ।
Which city are you from? - I'm from Rome.,तुम किस शहर की हो? - मैं रोम की हूँ।
Which city are you from? - I'm from Rome.,आप किस शहर के हैं? - मैं रोम का हूँ।
Which city are you from? - I'm from Rome.,आप किस शहर की हैं? - मैं रोम की हूँ।
Yesterday I helped my father.,कल मैंने मेरे पिता की मदद की।
We called our lawyer.,हमने हमारे वकील को फ़ोन किया।
We called our lawyer.,हमने हमारे वकील को बुलाया।
They were married in October of 1975.,अक्टूबर १९७५ में उनकी शादी हुई।
I closed my eyes.,मैंने मेरी आँखें बंद की।
You're quite drunk.,तुमने काफ़ी पी रखी है।
You're quite drunk.,आपने काफ़ी पी रखी है।
You're weird.,अजीब हो तुम.
You're weird.,अजीब हैं आप.
You're weird.,तुम अजीब हो.
You're weird.,आप अजीब हैं।
He says he's taught French.,वह कहता है कि उसने फ़्रांसीसी सिखाई है।
He says he's taught French.,वे कहते हैं कि उन्होंने फ़्रांसीसी सिखाई है।
I knew you wouldn't help us.,मुझे पता था तुम हमारी मदद नहीं करोगे।
I knew you wouldn't help us.,मुझे पता था तुम हमारी मदद नहीं करोगी।
I knew you wouldn't help us.,मुझे पता था आप हमारी मदद नहीं करेंगे।
I knew you wouldn't help us.,मुझे पता था आप हमारी मदद नहीं करंगी।
One time is enough.,एक बार काफ़ी है।
Sami was completely different.,सामी पूरी तरह से अलग था।
I'm not talking about just Tom.,मैं बस टॉम की बात नहीं कर रहा।
I'm not talking about just Tom.,मैं बस टॉम की बात नहीं कर रही।
Tom is a baby boomer.,टॉम बेबी बूमर है।
Thanks for wasting my time.,मेरा वक़्त बरबाद करने के लिये शुक्रिया।
Thanks for wasting my time.,मेरा समय बरबाद करने के लिया आपका धन्यवाद।
I am ugly.,मैं बदसूरत हूँ।
Can you tell me what time it is in your country?,क्या आप मुझे बता सकते हैं कि आपके देश में कितने बजे हैं?
Can you tell me what time it is in your country?,क्या तुम मुझे बता सकते हो कि तुम्हारे देश में कितने बजे हैं?
Can you tell me what time it is in your country?,क्या तुम मुझे बता सकती हो कि तुम्हारे देश में कितने बजे हैं?
Can you tell me what time it is in your country?,क्या आप मुझे बता सकतीं हैं कि आपके देश में कितने बजे हैं?
Sami and Layla became friends.,सामी और लैला दोस्त बन गये।
They're always together.,वे हमेशा एकसाथ होते हैं।
They're always together.,वे हमेशा एकसाथ होतीं हैं।
Did you fix everything?,सब ठीक किया?
Did you fix everything?,क्या तुमने सब ठीक किया?
Did you fix everything?,क्या आपने सब ठीक किया?
Hundreds have been killed.,सैंकड़ों मारे गए हैं।
Which one will you get?,तुम्हें कौनसा वाला मिलेगा?
Which one will you get?,तुम कौनसा वाला लोगे?
Which one will you get?,तुम कौनसा वाला लोगी?
Which one will you get?,तुम्हें कौनसी वाली मिलेगी?
The king's son is always hunting in the woods.,राजा का बेटा हमेशा जंगल में शिकार करता रहता है।
Does Tom want to leave?,क्या टॉम निकलना चाहता है?
Trade helps nations develop.,व्यापार से राष्ट्रों को विकास करने में सहायता होती है।
He couldn't help.,वह मदद नहीं कर पाया।
Algiers is an important cultural capital in Algeria.,अल्जीयर्स अल्जेरिया में एक महत्त्वपूर्ण सांस्कृतिक राजधानी है।
He told me that his father is dead.,उसने मुझे बताया कि उसके पिता मर गए हैं।
It’s time to eat something!,कुछ खाने का समय हो गया है!
Tom has a lawyer.,टॉम के पास वकील है।
Stop complaining!,शिकायत करना बंद करो!
Stop complaining!,शिकायत करना बंद कीजिए!
We need music.,हमें संगीत की ज़रूरत है।
Tom fired Mary.,टॉम ने मैरी को काम से निकाल दिया।
She has nothing.,उसके पास कुछ नहीं है।
How many examples do I need to give you?,तुम्हें कितने उदाहरण देने पड़ेंगे?
How many examples do I need to give you?,आपको कितने उदाहरण देने पड़ेंगे?
What's Tom's picture doing here?,टॉम की तस्वीर यहाँ क्या कर रही है?
He hasn't got any siblings.,उसके कोई भाई-बहन नहीं हैं।
What was in it for you?,उस में तुम्हें क्या मिलेगा?
Your French isn't very good.,तुम्हारी फ़्रांसीसी उतनी अच्छी नहीं है।
Your French isn't very good.,आपकी फ़्रांसीसी उतनी अच्छी नहीं है।
I brought you some Belgian chocolates.,मैंने तुम्हारे लिए कुछ बेल्जियाई चाकलेट लाए हैं।
I brought you some Belgian chocolates.,मैंने आपके लिए कुछ बेल्जियाई चाकलेट लाए हैं।
Ziri had a gun.,ज़िरी के पास एक बंदूक थी।
He told me I was wasting my time.,उसने मुझे बताया कि मैं अपना वक़्त बरबाद कर रहा था।
He told me I was wasting my time.,उसने मुझे बताया कि मैं अपना वक़्त बरबाद कर रही थी।
He told me I was wasting my time.,उन्होंने मुझे बताया कि मैं अपना वक़्त बरबाद कर रहा था।
He told me I was wasting my time.,उन्होंने मुझे बताया कि मैं अपना वक़्त बरबाद कर रही थी।
Why does Tom like Boston?,टॉम को बॉस्टन क्यों पसंद है?
I love to make people laugh.,लोगों को हँसाना मुझे बहुत अच्छा लगता है।
"Miwako, I want you to meet Kenny.","मिवाको, मैं चाहता हूँ कि तुम केनी से मिलो।"
"Miwako, I want you to meet Kenny.","मिवाको, मैं चाहती हूँ कि तुम केनी से मिलो।"
I will stay there.,मैं वहाँ रहूँगा।
I will stay there.,मैं वहीं रहूँगा।
I will stay there.,मैं वहाँ रहूँगी।
I will stay there.,मैं वहीं रहूँगी।
"Unfortunately, I don't understand English well.","दुर्भाग्यवश, मुझे अंग्रेज़ी अच्छी तरह से समझ नहीं आती।"
"Unfortunately, I don't understand English well.","बदकिस्मती से, मुझे अंग्रेज़ी अच्छी तरह से समझ नहीं आती।"
Do you like sushi?,क्या तुम्हें सुशी पसंद है?
Do you like sushi?,क्या आपको सुशी पसंद है?
Why are you singing here?,तुम यहाँ क्यों गा रहे हो?
Why are you singing here?,आप यहाँ क्यों गा रहे हैं?
Why are you singing here?,तुम यहाँ क्यों गा रही हो?
Why are you singing here?,आप यहाँ क्यों गा रहीं हैं?
There's a phone in the kitchen.,रसोई में एक फ़ोन है।
There's a phone in the kitchen.,रसोईघर में एक फ़ोन है।
Ziri has a Bulldog.,ज़िरी के पास एक बुलडॉग है।
Tom is Egyptian.,टॉम मिस्री है।
It's been two months since Sami escaped from jail.,सामी को जेल से भागे हुए दो महीने हो गए है।
Tom was there last week.,टॉम पिछले हफ़्ते वहाँ था।
Tom was there last week.,टॉम पिछले हफ़्ते वहीं था।
That's altogether wrong.,वह पूरी तरह से ग़लत है।
Were you tired?,थक गए थे?
Were you tired?,थक गई थी?
Were you tired?,क्या तुम थक गए थे?
Were you tired?,क्या तुम थक गई थी?
This is a wooden chair.,यह लकड़ी की कुरसी है।
I'll go with you to her house.,मैं तुम्हारे साथ उसके घर जाऊँगा।
I'll go with you to her house.,मैं आपके सात उसके घर जाऊँगा।
I'll go with you to her house.,मैं तुम्हारे साथ उसके घर जाऊँगी।
I'll go with you to her house.,मैं आपके साथ उसके घर जाऊँगी।
This is my wife.,यह मेरी बीवी है।
What's Tom's wife like?,टॉम की बीवी कैसी है?
I'm talking about sex.,मैं सेक्स की बात कर रहा हूँ।
I'm talking about sex.,मैं सेक्स की बात कर रही हूँ।
Ziri had sex in the garage.,ज़िरी ने गैरेज में सेक्स किया।
Sami wanted to have sex with Layla.,सामी लैला के साथ सेक्स करना चाहता था।
That is our country.,वह हमारा देश है।
Thailand is a beautiful country.,थाईलेंड एक खूबसूरत देश है।
Every country has a capital city.,हर एक देश की राजधानी होती है।
This is normal in my country.,मेरे देश में यह आम बात है।
We're destroying our own country.,हम अपने ही देश को तबाह कर रहे हैं।
We're destroying our own country.,हम अपने ही देश को नष्ट कर रहे हैं।
We can change this country.,हम इस देश को बदल सकते हैं।
Spanish is spoken in most countries of South America.,दक्षिण अमरिका के ज़्यादातर देशों में स्पेनी बोली जाती है।
I want to serve my country.,मैं मेरे देश की सेवा करना चाहता हूँ।
I want to serve my country.,मैं मेरे देश की सेवा करना चाहती हूँ।
Algeria is a developing country.,अल्जेरिया एक विकासशील देश है।
Why do you hate your country?,तुम्हें अपने देश से नफ़रत क्यों है?
Why do you hate your country?,आपको अपने देश से नफ़रत क्यों है?
Algeria is an interesting country.,अल्जेरिया एक दिलचस्प देश है।
I represented my country.,मैंने मेरे देश का प्रतिनिधित्व किया।
Luxembourg is a small country.,लक्सेमबोर्ग छोटा देश है।
"Algeria is my country, too.",अल्जेरिया मेरा भी देश है।
We all felt that the country was in danger.,हम सब को लगा कि देश खतरे में है।
He's probably the richest man in the country.,वह शायद देश का सबसे अमीर आदमी है।
His music is sweeping the whole country.,उसका संगीत पूरे देश में छा रहा है।
His music is sweeping the whole country.,उनका संगीत पूरे देश में छा रहा है।
Sami lives in a poor country.,सामी ग़रीब देश में रहता है।
How many states are there in your country?,तुम्हारे देश में कितने राज्य हैं?
How many states are there in your country?,आपके देश में कितने राज्य हैं?
Algeria isn't a small country.,अल्जेरिया छोटा देश नहीं है।
This country is ours.,यह देश हमारा है।
Algerians will defend their country.,अल्जेरियाई लोग अपने देश की रक्षा करेंगे।
I love you anyway.,मुझे फिर भी तुमसे प्यार है।
I love you anyway.,मुझे फिर भी आपसे प्यार है।
Tom stole some of my stuff.,टॉम ने मेरा कुछ सामान चुराया।
Sami was clapping.,सामी ताली बजा रहा था।
It might be dangerous.,खतरनाक हो सकता है।
Sami congratulated Layla.,सामी ने लैला को बधाई दी।
I have to feed the chickens.,मुझे मुर्गियों को खाना खिलाना है।
Tom couldn't answer all of the questions.,टॉम सभी सवालों के जवाब नहीं दे पाया।
Tom couldn't answer all of the questions.,टॉम सभी प्रश्नों के उत्तर नहीं दे पाया।
They're not looking.,वे देख नहीं रहे हैं।
They're not looking.,वे देख नहीं रहीं हैं।
What did Tom say about me?,टॉम ने मेरे बारे में क्या कहा?
Ramudu came to school.,रामुडु स्कूल आया।
Tom never sits with Mary.,टॉम मैरी के साथ कभी नहीं बैठता।
Layla was wearing a blue dress.,लैला ने एक नीला ड्रेस पहना था।
I count.,मैं गिनता हूँ।
I count.,मैं गिनती हूँ।
Tom is going to change.,टॉम बदलने वाला है।
He's a friend of his.,वह उसका दोस्त है।
He's a friend of his.,वह उनका दोस्त है।
He's a friend of his.,वह उसका मित्र है।
He's a friend of his.,वह उनका मित्र है।
Tom was in college in 2013.,२०१३ में टॉम कॉलेज में था।
He can't do anything by himself.,वह ख़ुद से कुछ भी नहीं कर सकता।
He can't do anything by himself.,वे ख़ुद से कुछ भी नहीं कर सकते।
Fadil used Layla's credit card.,फादिल ने लैला का क्रेडिट कार्ड इस्तेमाल किया।
My parents live in Kyoto.,मेरे माँबाप क्योटो में रहते हैं।
Do you really love me?,क्या तुम सच में मुझसे प्यार करते हो?
Do you really love me?,क्या तुम सच में मुझसे प्यार करती हो?
Do you really love me?,क्या आप सच में मुझसे प्यार करते हैं?
Do you really love me?,क्या आप सच में मुझसे प्यार करतीं हैं?
I'm talking to myself.,मैं अपनेआप से बात कर रहा हूँ।
I'm talking to myself.,मैं अपनेआप से बात कर रही हूँ।
Tom picked his toys up.,टॉम ने अपने खिलौने उठाए।
The refrigerator is dirty.,फ़्रिज गंदा है।
Sami gave Layla a fake address.,सामी ने लैला को एक झूठा पता दिया।
Your chicken soup is great.,तुम्हारा चिकन सूप बढ़िया है।
Your chicken soup is great.,आपका चिकन सूप बढ़िया है।
I need a new laptop.,मुझे नये लॅपटॉप की ज़रूरत है।
Don't you recognize me?,पहचाना नहीं?
Don't you recognize me?,तुमने मुझे पहचाना नहीं?
Don't you recognize me?,आपने मुझे पहचाना नहीं?
Tom is a doctor.,टॉम डाक्टर है।
Don't breathe.,साँस मत लेना।
Don't breathe.,साँस मत लीजिए।
I'd say you are in love.,मैं तो कहूँगा कि तुम्हें प्यार हो गया है।
I'd say you are in love.,मैं तो कहूँगी कि तुम्हें प्यार हो गया है।
I'd say you are in love.,मैं तो कहूँगा कि आपको प्यार हो गया है।
I'd say you are in love.,मैं तो कहूँगी कि आपको प्यार हो गया है।
I can teach Tom French.,मैं टॉम को फ़्रांसीसी सिखा सकता हूँ।
I can teach Tom French.,मैं टॉम को फ़्रांसीसी सिखा सकती हूँ।
Is Tom here now?,टॉम अभी यहाँ है?
Is Tom here now?,क्या टॉम अभी यहाँ है?
Ziri is coming out.,ज़िरी बाहर आ रहा है।
The answer to your question is no.,तुम्हारे सवाल का जवाब 'नहीं' है.
The answer to your question is no.,आपके सवाल का जवाब 'नहीं' है.
The answer to your question is no.,तुम्हारे प्रश्न का उत्तर 'नहीं' है.
The answer to your question is no.,आपके प्रश्न का उत्तर 'नहीं' है.
How many houses were destroyed in Iraq?,इराक़ में कितने घर बरबाद किये गये?
How many houses were destroyed in Iraq?,इराक़ में कितने घर बरबाद हो गये?
What is the meaning of this joke?,इस मज़ाक का मतलब क्या है?
Sami will help Layla.,सामी लैला की मदद करेगा।
You are so beautiful.,तुम कितनी सुंदर हो।
You are so beautiful.,आप कितने सुंदर हैं।
You are so beautiful.,तुम कितने सुंदर हो।
You are so beautiful.,आप कितनीं सुंदर हैं।
He sells shoes.,वह जूते बेचता है।
He sells shoes.,वे जूते बेचते हैं।
Sami went to live with Layla.,सामी लैला के साथ रहने गया।
I got really angry.,मुझे बहुत ही गुस्सा आया।
He hates beer.,उसे बियर से नफ़रत है।
He hates beer.,उन्हें बियर से नफ़रत है।
It must be here somewhere.,यहीं कहीं होगा।
It must be here somewhere.,यहीं कहीं होना चाहिए।
He gave the dog a bone.,उन्होंने कुत्ते को एक हड्डी दी।
Your people are killing Muslims in Afghanistan.,तुम्हारे लोग अफग़ानिस्तान में मुसलमानों का क़त्ल कर रहे हैं।
Your people are killing Muslims in Afghanistan.,आपके लोग अफग़ानिस्तान में मुसलमानों का क़त्ल कर रहे हैं।
We aren't interested in such things.,हें ऐसी चीज़ों में दिलचस्पी नहीं है।
"I like all animals, except cats.",मुझे बिल्लियों के अलावा सभी जानवर अच्छे लगते हैं।
I don't like this kind of movie.,मुझे ऐसी फ़िल्म अच्छी नहीं लगती।
Tom tried solving the problem.,टॉम ने समस्या सुलझाने की कोशिश की।
When will we arrive in Boston?,हम बॉस्टन कब पहुँचेंगे?
I'm not so smart.,मैं उतना होशियार नहीं हूँ।
I'm not so smart.,मैं उतनी होशियार नहीं हूँ।
They all love me.,वे सब मुझसे प्यार करते हैं।
They all love me.,वे सब मुझसे प्यार करतीं हैं।
My brother paid for the cake.,मेरे भाई ने केक के पैसे दिये।
Ziri told his dog to sit.,ज़िरी ने अपने कुत्ते को बैठने के लिये कहा।
I'm buying bread.,मैं ब्रेड ख़रीद रहा हूँ।
I'm buying bread.,मैं ब्रेड ख़रीद रही हूँ।
Tom went there.,टॉम वहाँ गया।
Let's do this later.,यह बाद में करते हैं।
I made Tom happy.,मैंने टॉम को खुश किया।
Mary says she's read this book three times.,मैरी ने कहा कि उसने यह किताब तीन बार पढ़ी है।
Everything depends on this.,इस पर सब कुछ निर्भर करता है।
Look at the book on the table!,मेज़ पर की किताब तो देखो!
Look at the book on the table!,मेज़ पर कि किताब तो देखिए!
She can wait until morning.,वह सुबह तक रुक सकती है।
She can wait until morning.,वे सुबह तक रुक सकतीं हैं।
That doesn't happen.,वैसा नहीं होता।
The beautiful is always strange.,जो खूबसूरत होता है वह हमेशा अजीब होता है।
Sami's camera is still on.,सामी का कैमेरा अभी भी शुरू है।
Tom waited for thirty minutes.,टॉम तीस मिनट रुका।
If you press this button the window opens automatically.,यह बटन दबा कर खिड़की अपनेआप खुल जाती है।
You will get your money.,तुम्हें तुम्हारे पैसे मिल जाएंगे।
You will get your money.,आपको आपके पैसे मिल जाएंगे।
They put on their helmets.,उन्होंने अपने हेल्मेट पहने।
It seems dangerous.,खतरनाक लगता है।
Mary kissed her cat.,मैरी ने अपने बिल्ली को चूमा।
Mary kissed her cat.,मैरी ने अपने बिल्ले को चूमा।
What'll we give Tom?,हम टॉम को क्या देंगे?
My wife wouldn't like that.,मेरे बीवी को वह अच्छा नहीं लगेगा।
It's five o'clock.,पाँच बजे हैं।
Tom's mother is calling him.,टॉम की माँ उसे बुला रही है।
What he's doing is illegal.,वह जो कर रहा है वह गैरकानूनी है।
What he's doing is illegal.,वे जो कर रहे हैं वह गैरकानूनी है।
Tom didn't drink the milk.,टॉम ने दूध नहीं पिया।
The little girl is crying.,छोटी बच्ची रो रही है।
She started screaming at him.,वह उस पर चिल्लाने लगी।
She started screaming at him.,वह उन पर चिल्लाने लगी।
She started screaming at him.,वे उस पर चिल्लाने लगीं।
She started screaming at him.,वे उन पर चिल्लाने लगीं।
How are you?,कैसे हो?
"I'm fine, and you?",ठीक हूँ और आप?
"I am fine, and you?",ठीक हूँ और आप?
He's helping me.,वह मेरी मदद कर रहा है।
This program cannot be run in DOS mode.,यह प्रोग्राम डॉस मोड में नहीं चलाई जा सकती।
"Not Your Keys, Not Your Coins.","आपकी चाबी नहीं, आपके सिक्के नहीं।"
Bitcoin is just money.,बिटकॉइन निष्पक्ष पैसा है।
Bitcoin is divisible by 100 million. 1 part is called satoshi.,एक बिटकॉइन के दास करोड़ भाग हैं। एक भाग को सतोशी कहते हैं।
The revolution will not be televised.,इंक़िलाब का प्रसारण नहीं होगा।
It's a well-known fact that spiders aren't insects.,यह जानि मानि बात है कि मकड़ियां कीड़े नहि होति है ।
"Just do the essential repairs, please.",कृपया आवश्यक मरम्मत ही करें।
It's hard to concentrate when you're tired.,थके हुए हो तो ध्यान देना मुश्किल होता है।
I'm going to buy a new car.,मैं एक नई कार ख़रीदने वाला हूँ।
I will buy a new car.,मैं एक नई कार ख़रीदूंगा।
What would you say?,आप क्या कहेंगे ?
That seems like it.,ऐसा लगता है।
I take white wine.,मैं सफेद शराब लेता हूं।
This is not easy for me.,यह मेरे लिये आसान नहीं है।
This is easy for me.,यह मेरे लिये आसान है।
He is waking up.,वे जाग रहे हैं।
He is awake.,वे जागे हैं।
He is waking up.,वह जाग रहा है।
I need to know what the problem was.,मुझे जानना है की क्या समस्या थी।
This is between you and me.,यह हम दोनों के बीच की बात है।
Step aside.,हटो।
Marriage changes people.,शादी लोगों को बदल देती है।
Marriage is holy.,विवाह पवित्र है।
Marriage is bliss.,विवाह आनंद है।
Marriage proposals flooded in.,विवाह प्रस्तावों की बाढ़ आ गई।
Marriage is a lottery.,शादी एक लॉटरी है।
Marriage frightens some people.,शादी कुछ लोगों को डराती है।
Hollywood marriages rarely last.,हॉलीवुड शादियां शायद ही कभी टिकती हैं।
Our marriage is over.,हमारी शादी हो चुकी है।
My marriage is over.,मेरी शादी हो चुकी है।
I'm against marriage.,मैं शादी के खिलाफ हूं।
Will their marriage work?,क्या उनकी शादी चलेगी?
Sami started talking marriage.,सामी शादी की बात करने लगा।
Marriage is a commitment.,विवाह एक प्रतिबद्धता है।
This marriage is over.,यह शादी हो चुकी है।
Sami lost his marriage.,सामी ने अपनी शादी खो दी।
Sami believes in marriage.,सामी शादी में विश्वास करता है।
Sami wanted another marriage.,सामी दूसरी शादी करना चाहता था।
This marriage is canceled.,यह विवाह रद्द कर दिया गया है।
His marriage was over.,उसकी शादी खत्म हो चुकी थी।
He saved our marriage.,उसने हमारी शादी को बचा लिया।
He's marriage material.,वह विवाह सामग्री है।
Marriage should be abolished.,विवाह को समाप्त किया जाना चाहिए।
Tom ruined their marriage.,टॉम ने उनकी शादी को बर्बाद कर दिया।
No marriage is perfect.,कोई भी शादी परफेक्ट नहीं होती।
Yanni enriched his marriage.,यान्नी ने अपने विवाह को समृद्ध किया।
Yanni saved his marriage.,यान्नी ने अपनी शादी बचा ली।
Marriages are made in heaven.,विवाह स्वर्ग में किए जाते हैं।
Marriage customs differ by country.,विवाह के रीति-रिवाज देश के अनुसार भिन्न होते हैं।
Marriage is a serious matter.,विवाह एक गंभीर मामला है।
You call that a marriage?,क्या आप इसे शादी कहते हैं?
Don't rush into marriage.,शादी में जल्दबाजी न करें।
I'm against the marriage.,मैं शादी के खिलाफ हूं।
They were having marriage problems.,उन्हें शादी की समस्याएं आ रही थीं।
Your marriage is in trouble.,आपकी शादी मुश्किल में है।
Should gay marriage be legal?,क्या समलैंगिक विवाह कानूनी होना चाहिए?
I know all about marriage.,मुझे शादी के बारे में सब पता है।
Their marriage is a sham.,उनकी शादी एक दिखावा है।
"You saved my marriage, Tom.","तुमने मेरी शादी बचा ली, टॉम।"
Marriage is a lifelong commitment.,विवाह एक आजीवन प्रतिबद्धता है।
This is my third marriage.,यह मेरी तीसरी शादी है।
We're related by marriage.,हम शादी से संबंधित हैं।
It may save your marriage.,यह आपकी शादी को बचा सकता है।
Their marriage was falling apart.,उनकी शादी टूट रही थी।
Was this an arranged marriage?,क्या यह अरेंज मैरिज थी?
They have an open marriage.,उनकी ओपन मैरिज है ।
Marriage and relationships are slavery.,शादी और रिश्ते गुलामी हैं।
Fadil soon fled the marriage.,फादिल जल्द ही शादी से भाग गया ।
Can our marriage be restored?,क्या हमारी शादी बहाल हो सकती है?
Sami's marriage was over.,सामी की शादी हो चुकी थी।
Sami's marriage was imploding.,सामी की शादी टूट रही थी।
How's your marriage today?,आज आपकी शादी कैसी है?
Sami's marriage was dead.,सामी की शादी मर चुकी थी।
Sami's marriage turned sour.,सामी की शादी खट्टी हो गई।
Sami's marriage came around.,सामी की शादी करीब आ गई।
Sami ruined Layla's marriage.,सामी ने लैला की शादी को बर्बाद कर दिया।
"They kept talking, and the boys comfortably kept listening.","वे बोलते रहे, और लड़के इत्मीनान से सुनते रहे।"
Ram's complexion turned yellow.,राम का रंग ज़र्द हो गया।
Vegetables have gone up in price.,सब्ज़ियों के दाम बढ़ गए हैं।
I don't think that Tom wants to see Mary.,मुझे नहीं लगता कि टॉम मैरी को देखना चाहता है।
I thought that I'd lost you forever.,मुझे लग रहा था कि मैंने तुम्हें हमेशा के लिए खो दिया है।
It's not that Ali's fat. It's that he's got big bones.,ऐसा नहीं है कि अली मोटा है। उसकी बस हड्डियां बड़ी हैं।
Tom couldn't run away from me.,टॉम मुझसे दूर नहीं भाग सका।
What is there on the wall there?,वो दीवार पे क्या है वहां?
Rima said she had a fight with her boyfriend.,रीमा ने कहा कि उसका उसके बॉयफ्रेंड से झगड़ा हुआ था।
Tom and I are much stronger than you are.,टॉम और मैं तुमसे कहीं ज़्यादा ताकतवर हैं।
I'd like to join the club.,मैं क्लब जॉइन करना चाहूंगा।
We did everything manually.,हमने सब हाथ से ही किया।
It doesn't matter what you say.,तुम कुछ भी बोलो फ़र्क नहीं पड़ता।
Tom almost never talks about his girlfriend.,टॉम उसकी गर्लफ्रेंड के बारे में लगभग कभी बात नहीं करता।
I think I know that girl over there.,मुझे लगता है मैं उस लड़की को जानता हूं वो जो वहां है।
I go home right after work.,मैं काम के बाद सीधे घर जा रहा हूं।
I know Tom knows we don't need to do that.,मुझे पता है कि टॉम जानता है हमें वो करने की ज़रूरत नहीं है।
"Tom works on Sundays, too.",टॉम रविवार को भी काम करता है।
Ziri died this morning.,ज़िरी आज सुबह मर गई।
I can't put my happiness into words.,मैं मेरी खुशी शब्दों में बयां नहीं कर सकता।
Don't put that in your mouth.,मुंह में मत डालो उसको।
"Mary is a musician, isn't she?","मैरी संगीतकार है, हैना?"
"Did I really do that? ""You don't remember?""","मैंने सच में ऐसा किया? ""तुम्हें नहीं याद?"""
Tom and Mary have been to Australia twice.,टॉम और मैरी ऑस्ट्रेलिया दो बार जा चुके हैं।
Who'd want to kill you?,तुम्हें कौन मारना चाहेगा?
Tom wasn't the only one who was one drunk at the party.,टॉम ही अकेला नहीं था जो पार्टी में नशे में था।
Tom wasn't the only one who was one drunk at the party.,टॉम ही अकेला नहीं था जो पार्टी में पिया हुआ था।
I should've stayed away from Tom.,मुझे टॉम से दूर रहना चाहिए था।
I like to come here.,मुझे यहां आना अच्छा लगता है।
I don't have much money in the bank.,मेरे पास बैंक में ज़्यादा पैसे नहीं है।
I knew we'd find her.,मुझे पता था हम उसे ढूंढ लेंगे।
I didn't know he was so old.,मुझे नहीं पता था उसकी इतनी ज़्यादा उमर है।
I wish I could help.,काश मैं मदद कर पाता।
After work I watched a movie.,काम के बाद मैंने एक मूवी देखी।
He's writing his mother a letter.,वो उसकी मां को चिट्ठी लिख रहा है।
Tom will be back this evening.,टॉम शाम को वापस आ जाएगा।
I don't think I've changed so much.,मुझे नहीं लगता मैं बहुत बदला हूं।
Sami folded the clothes.,सामी ने कपड़े घड़ी करे।
Give me another shot.,मुझे एक और मौका दो।
Tom thought Mary already knew how to drive a car.,टॉम को लगा मैरी को पहले से ही कार चलाना आती थी।
Sami hates customers like these.,सामी को ऐसे ग्राहक पसंद नहीं हैं।
I was ready do that all alone.,मैं अकेला ही वो करने के लिए तैयार था।
It'll be dangerous to do it that way.,इसको ऐसे करना खतरनाक होगा।
Tom never wears a tie.,टॉम कभी टाई नहीं पहनता।
No one else would've understood this.,कोई और ये नहीं समझता।
Tom bought a new house.,टॉम ने एक नया घर खरीदा।
Is there anything on your mind right now?,तुम्हारे दिमाग में कुछ है अभी?
I can't believe Tom has gone.,मैं यकीन नहीं कर पा रहा कि टॉम चला गया।
Tom is coming home.,टॉम घर आ रहा है।
I'll be staying here in Australia for three months.,मैं तीन महीने के लिए यहां ऑस्ट्रेलिया में रहूंगा।
Tom grabbed him by the collar.,टॉम ने उसकी कॉलर पकड़ ली।
It isn't like you to not listen to other people's opinions.,तुम तो किसी की बात नहीं सुनने वालों में से नहीं थे।
She's coming here on her own.,वो यहां खुद से आ रही है।
I'm on my lunch break.,अभी मेरा लंच ब्रेक चल रहा है।
Now I understand everything.,अब मैं सब समझता हूं।
Now I understand everything.,अब मुझे सब समझ में आता है।
I don't like the color.,मुझे रंग पसंद नहीं आया।
I know that I haven't been doing what I should've been doing.,मुझे पाता ही जो मुझे करना चाहिए वो मैं नहीं कर रहा हूं।
Tom didn't want to go to Australia with me.,टॉम मेरे साथ ऑस्ट्रेलिया नहीं जाना चाहता था।
They're going to do something.,वो कुछ करने वाले हैं।
Everyone was saved.,सब बच गए।
Everyone was saved.,सभी को बचा लिया गया।
I don't even want to think about that.,मुझे इसके बारे मैं सोचना ही नहीं है।
Am I on that list?,मैं उस लिस्ट में हूं?
Tom still hasn't made eye contact with anyone.,टॉम ने अभी तक किसी से आंख नहीं मिलाई है।
Tom used to tell me everything.,टॉम मुझे सब कुछ बताता था।
There is nobody else.,कोई और नहीं है।
He knows my wife.,वे मेरी पत्नी को जानते हैं।
Fuck!,माँ चुद गई!
Charge!,हमला!
Charge!,आक्रमण!
Anyway.,छोड़ो।
Gosh!,बाप रे!
Bravo!,शाबाश!
Rubbish!,बकवास!
Ready!,तैयार!
Splendid!,शानदार!
Absolutely!,बिल्कुल!
Right?,हैना?
Caution.,सावधान।
Understood?,समझा?
Understood?,समझे?
Fly!,उड़!
Fly!,उड़ो!
Next!,अगला!
Listen...,सुन...
Listen...,सुनो...
Listen...,सुनिए...
Walk.,चलो।
Peace.,शांति।
Smile!,मुस्कुरा!
Smile!,मुस्कुराओ!
Always.,हमेशा।
Correct.,सही।
Copycat!,नकलची!
Fight!,लड़ो!
Kill!,मारो!
Clap.,तालियां!
Sit!,बैठ!
Sit!,बैठो!
Inhale.,सांस ले।
Inhale.,सांस लो।
Exhale.,सांस छोड़।
Exhale.,सांस छोड़ो।
Scream!,चिल्ला!
Drive!,चला!
Type.,टाइप कर।
Done?,हो गया?
Quickly!,जल्दी!
Never!,कभी नहीं!
Slowly!,धीरे!
Immediately!,अभी!
Delicious.,स्वादिष्ट।
Delicious.,लज़ीज़।
Ok.,ठीक है।
Exactly.,वही तो।
Already?!,पहले ही?
Great.,बढ़िया।
Drink.,पी।
Later.,बाद में।
Nothing!,कुछ नहीं!
Another!,एक और!
Traitor!,दगाबाज!
Lunatic!,सनकी!
Madwoman!,पागल औरत!
Sleep.,सो जा।
Oi!,ओई!
Down!,नीचे!
Police!,पुलिस!
Still?,अभी भी?
Tomorrow?,कल?
Yesterday?,कल?
Throw.,फेंक।
Forward!,आगे!
Ask.,पूछ।
Ask.,पूछो।
Ask.,पूछिए।
Move!,हट!
Move!,चल!
Away!,दूर!
Understood!,समझ गया!
Understood!,समझ गई!
Asshole.,चूतिया।
Bet?,शर्त?
Shameless.,बेशरम।
Is it a recent picture?,ये अभी की तस्वीर है क्या?
You are in my way.,तू मेरे रास्ते में आ रहा है।
I make €100 a day.,मैं दिन के €100 कमाता हूं।
It's because you don't want to be alone.,ये इसलिए है क्योंकि तुम अकेले नहीं रहना चाहते।
I'm going to go.,मैं जाने वाला हूं।
I told them to send me another ticket.,मैंने उनको बोला दूसरी टिकट भेजने के लिए।
I can't live that kind of life.,मैं ऐसी जिंदगी नहीं जी सकता।
He's kicking me!,वो मुझे लात मार रहा है।
Then there is a problem...,फिर तो दिक्कत है।
It depends on the context.,संदर्भ पर निर्भर करता है।
"America is a lovely place to be, if you are here to earn money.","अमेरिका बढ़िया जगह है रहने के लिए, अगर तुम यहां पैसे कमाने के लिए हो तो।"
I'm just saying!,मैं तो बस बोल रहा हूं!
It would take forever for me to explain everything.,सब कुछ समझाने के लिए मुझे अरसा लग जाएगा।
"When I woke up, I was sad.",मैं जब उठा तो मैं दुखी था।
I thought you liked to learn new things.,मुझे लगा तुम्हें नई चीज़ें सीखना पसंद हैं।
Why do you ask?,पूछ क्यों रहे हो?
You are saying you intentionally hide your good looks?,तुम कह रहे हो तुम जानबूझकर अपनी सुन्दरता छुपाते हो?
I'll come pick it up next Monday.,मैं अगले सोमवार आके ले जाऊंगा।
What have you been doing the past three hours?,पिछले तीन घंटों से क्या कर रहे हो तुम?
What were you doing before Tom got here?,टॉम के आने से पहले तुम क्या कर रहे थे?
Have you done anything yet?,अभी तक तुमने कुछ किया?
"I told Tom what he should do, but he didn't do it.",मैंने टॉम को बताया उसे क्या करना चाहिए पर उसने वैसा नहीं किया।
Tom didn't know what to do so he didn't do anything.,टॉम को पता नहीं था करना क्या है तो उसने कुछ नहीं किया।
I've injured my foot.,मेरे पैर पर चोंट लगी है।
Tom is Mary's husband's older brother.,टॉम मैरी का जेठ है।
Nothing is better than ice cream in the summer.,गर्मी में आइसक्रीम से बेहतर कुछ नहीं।
Tom won't be home for Christmas this year.,टॉम इस साल क्रिसमस पर घर नहीं आएगा।
I like old things.,मुझे पुरानी चीज़ें पसंद हैं।
It didn't rain today.,आज बारिश नहीं हुई।
I should speak with Tom.,मुझे टॉम से बात करनी चाहिए।
We've got to talk to Tom.,हमें टॉम से बात करनी होगी।
This restaurant's too expensive.,यह रेस्टोरेंट काफ़ी महंगा है।
What time do you go to sleep?,तुम कितनी बजे सोते हो?
Tom's wedding is in October.,टॉम की शादी अक्टूबर में है।
I made a new friend today.,आज मैंने एक नया दोस्त बनाया।
Some crimes have no statute of limitations.,कुछ अपराधों की कोई सीमा नहीं होती है।
I've read three books since last Monday.,मैंने पिछले सोमवार से तीन किताबें पढ़ी हैं।
Do you know anybody who could help Tom?,क्या आप किसी ऐसे व्यक्ति को जानते हैं जो टॉम की मदद कर सकता है?
"For a while now, Tom has been thinking about emigrating.","कुछ समय के लिए, टॉम उत्प्रवास के बारे में सोच रहा है।"
I bet Tom was happy.,मुझे यकीन है कि टॉम खुश था।
I bought Tom a coffee.,मैंने टॉम के लिए एक कॉफी खरीदी।
I couldn't tell what Tom wanted.,मैं नहीं बता सकता था कि टॉम क्या चाहता है।
I had to give it back to Tom.,मुझे इसे टॉम को वापस देना था।
I had to return it to Tom.,मुझे इसे टॉम को वापस करना पड़ा।
I have no need to lie to Tom.,मुझे टॉम से झूठ बोलने की कोई जरूरत नहीं है।
"If Tom goes, so will I.","अगर टॉम जाएगा, तो मैं भी जाऊंगा।"
Isn't Tom in your class?,क्या टॉम आपकी कक्षा में नहीं है?
It could've killed Tom.,यह टॉम को मार सकता था।
Mary threw the ring in Tom's face.,मैरी ने टॉम के चेहरे पर अंगूठी फेंक दी।
People love Tom.,लोग टॉम को प्यार करते हैं।
Pick Tom.,टॉम उठाओ।
"Thanks to your recommendation, Tom got that job.","आपकी सिफारिश के लिए धन्यवाद, टॉम को वह नौकरी मिल गई।"
That wouldn't be fair to Tom.,यह टॉम के लिए उचित नहीं होगा।
The children don't want to play with Tom.,बच्चे टॉम के साथ नहीं खेलना चाहते।
The last time I saw Tom he was heading towards the beach.,आखिरी बार जब मैंने टॉम को देखा तो वह समुद्र तट की ओर जा रहा था।
"The moment that I met Tom, I just knew that we'd get along.","जिस क्षण मैं टॉम से मिला, मुझे बस इतना पता था कि हम साथ रहेंगे।"
They refused to obey Tom's orders.,उन्होंने टॉम का आदेश मानने से इंकार कर दिया।
This song reminds me of Tom.,यह गाना मुझे टॉम की याद दिलाता है।
Tom asked me to bring him some food.,टॉम ने मुझे उसके लिए कुछ खाना लाने को कहा।
Tom busted out of prison.,टॉम जेल से छूट गया।
Tom can't take a hint. You really have to spell it out to him.,टॉम कोई संकेत नहीं ले सकता। आपको वास्तव में उसे इसका जादू करना होगा।
Tom claimed responsibility.,टॉम ने जिम्मेदारी का दावा किया।
Tom couldn't figure out where he was.,टॉम समझ नहीं पा रहा था कि वह कहाँ है।
Tom couldn't tell where he was.,टॉम नहीं बता सकता था कि वह कहाँ था।
Tom didn't arrive at work.,टॉम काम पर नहीं आया।
Tom doesn't want to do exercise.,टॉम व्यायाम नहीं करना चाहता।
Tom forced himself to get up early.,टॉम ने खुद को जल्दी उठने के लिए मजबूर किया।
Tom forgot his coat downstairs.,टॉम अपना कोट नीचे भूल गया।
Tom has already been forgiven.,टॉम को पहले ही माफ कर दिया गया है।
Tom has been thinking about emigrating for a while now.,टॉम कुछ समय से विदेश जाने के बारे में सोच रहा है।
Tom is a first-rate scientist.,टॉम प्रथम श्रेणी के वैज्ञानिक हैं।
Tom is a master manipulator.,टॉम एक मास्टर मैनिपुलेटर है।
Tom is going there.,टॉम वहाँ जा रहा है।
Tom is looking for a place to lay low.,टॉम नीचे लेटने के लिए जगह ढूंढ रहा है।
Tom is making boiled eggs.,टॉम उबले अंडे बना रहा है।
Tom is organizing this event.,टॉम इस इवेंट का आयोजन कर रहे हैं।
Tom is sorely lacking in empathy.,टॉम में सहानुभूति की कमी है।
Tom is still shopping.,टॉम अभी भी खरीदारी कर रहा है।
Tom isn't watching TV. He is reading a book.,टॉम टीवी नहीं देख रहा है। वह एक किताब पढ़ रहा है।
"Tom lived a year on the street, scrounging for food.","टॉम एक साल सड़क पर रहा, भोजन के लिए छटपटाता रहा।"
Tom lives with his friends.,टॉम अपने दोस्तों के साथ रहता है।
Tom looked at me as if I were mad.,टॉम ने मुझे ऐसे देखा जैसे मैं पागल हो गया हूं।
"Tom looked through the peephole, but didn't see anyone.","टॉम ने झाँक कर देखा, लेकिन किसी को नहीं देखा।"
Tom loves women.,टॉम महिलाओं से प्यार करता है।
Tom marked the route on the map.,टॉम ने मानचित्र पर मार्ग को चिह्नित किया।
Tom most probably forgot.,टॉम शायद भूल गया।
Tom promised he would change.,टॉम ने वादा किया कि वह बदल जाएगा।
Tom speaks bad French.,टॉम खराब फ्रेंच बोलता है।
Tom spends most of his time helping Mary.,टॉम अपना ज्यादातर समय मैरी की मदद करने में बिताता है।
"Tom stood there, saying nothing.","टॉम वहीं खड़ा रहा, कुछ नहीं बोला।"
Tom tried but he failed.,टॉम ने कोशिश की लेकिन वह असफल रहा।
He goes to the market everyday.,वह प्रतिदिन बाज़ार जाता है।
I know you don't want to talk to me.,मुझे मालूम है आप मेरे साथ बात नहीं करना चाहते।
She's a prostitute.,वह वेश्या है।
Do you watch the news?,क्या आप समाचार देखते हैं?
I want to drink coffee.,मैं कॉफी पीना चाहता हूँ।
I want to drink coffee.,मैं कॉफी पीना चाहती हूँ।
Do you prefer to drink coffee or tea?,क्या आप कॉफी या चाय पीना पसंद करते हैं?
Do you prefer to drink coffee or tea?,क्या आप कॉफी या चाय पीना पसंद करती हैं?
Do you drink coffee or tea?,क्या आप कॉफी या चाय पीते हैं?
Do you drink coffee or tea?,क्या आप कॉफी या चाय पीती हैं?
Long live Maharashtra!,जय महाराष्ट्र!
Tom has written three books in the last three years.,टॉम ने पिछले तीन सालों में तीन किताबें लिखी हैं।
It's not easy to memorize dates.,तारीखे याद करना आसान नहीं है.
I like Japanese trains very much.,मुझे जापानी ट्रेनें बहुत पसंद हैं।
Let's see what you have there.,आइए देखें कि आपके पास वहां क्या है।
"Nepali song ""Resham Firiri"" is a very popular song.","नेपाली गीत ""रेशम फिरिरी"" एक बहुत लोकप्रिय गीत है।"
Your answer is correct.,तुम्हारा जवाब सही है।
What're they doing?,वे क्या कर रहे हैं?
Check and mate!,शह और मात !
What are they doing?,वे क्या कर रहे हैं?
Long live Pakistan.,पाकिस्तान ज़िन्दाबाद।
I speak Japanese.,मैं जापानी बोलती हूँ।
"The doctor was experienced, that is why he could retain your disease.","चिकित्सक अनुभवी था, इसीलिए तुम्हारा रोग सँभाल पाया।"
Hold onto your slipping dhoti.,अपनी फिसलती धोती को सँभालो।
He was the one who assisted us in difficult times.,उन्होंने ही हमें कठिन समय में सँभाला था।
You are embarrassing me.,आप मुझे लज्जित कर रहे हैं।
"I am not embarrassing you, but embellishing you.","मैं आपको लज्जित नहीं, सज्जित कर रहा हूँ।"
He wishes to erase bad memories.,वह बुरी स्मृतियों को मिटा देना चाहता है।
Cars are running one after another before our eyes.,एक के बाद एक गाड़ियाँ हमारी आँखों के सामने दौड़ रही हैं।
Famine followed upon the eruption of the volcano.,ज्वालामुखी के विस्फोट के पश्चात् अकाल पड़ा।
The singers sang together in order to raise money to help people with AIDS.,एड्स से पीड़ित लोगों की सहायता हेतु धन जुटाने के लिए गायकों ने साथ में गाना गाया।
The fire deprived us of our property.,आग ने हमें हमारी संपत्ति से वंचित कर दिया।
I have to write a 10 page paper for my summer homework.,मुझे अपने ग्रीष्मकालीन गृहकार्य के लिए १० पन्नों से अधिक का एक लेख लिखना है।
We must cut down on prices; we can't compete.,हमें दामों में कटौती करनी होगी। हम प्रतिस्पर्धा नहीं कर सकते।
Anything is possible.,सबकुछ संभव है।
Alone in this world I'll be.,अकेला रहूँगा इस संसार में मैं।
You don't... you don't talk to me like that.,मुझसे... मुझसे ऐसे बात मत करो।
The house with the red roof belongs to my uncle.,"वो वाला घर, जिसकी छत लाल है, वो मेरे चाचाजी का घर है।"
The coast was warned against a tsunami.,समुद्रतट को सुनामी की चेतावनी दी गई थी।
Hatred is never appeased by hatred in this world.,इस संसार में घृणा को कभी घृणा से समाप्त नहीं किया जा सकता।
"Hatred can never be conquered by hatred, but only by love.","घृणा को घृणा से नहीं, केवल प्रेम से ही जीता जा सकता है।"
There are so many problems with this sentence that I suggest deleting it.,इस वाक्य में इतनी सारी त्रुटियाँ हैं कि मैं तो इसे हटा देने का ही सुझाव दूँगा।
"Last night, he studied all night long.",कल उसने पूरी रात पढ़ाई की।
"Last night, he studied all night long.",कल उसने रातभर पढ़ाई की।
We have known each other since childhood.,हम एक-दूसरे को बचपन से जानते हैं।
How much time do I have?,मेरे पास कितना समय है?
I don't know why I like it. I just do.,"न जाने मुझे ये क्यों अच्छा लगता है। बस, लगता है।"
She is beautiful.,वह सुन्दर है।
Life is a mystery.,जीवन एक रहस्य है।
I am your well-wisher.,मैं आपका शुभचिंतक हूँ।
I am thankful to you.,मैं आपका आभारी हूँ।
I will always be indebted to you.,मैं सदैव अपका ऋणी रहूँगा।
Sami doesn't play this game.,सामी यह खेल नहीं खेलता है।
Let me know as soon as you know.,जैसे ही तुम्हें पता चले तुरंत मुझे बताना।
Is he going to help us?,क्या वह हमारी सहायता करेगा?
He decided to go.,उसने जाने का निश्चय किया।
Evidence of Neolithic culture in India begins to be found from around 4000 BC.,भारत में नवपाषाणकालीन संस्कृति के साक्ष्य लगभग ४००० ई॰पू॰ से मिलना प्रारंभ होते हैं।
Tom saw a mouse.,टॉम ने एक चूहा देखा।
How many chairs do we have?,हमारे पास कितनी कुर्सियाँ हैं?
What did he do yesterday?,कल उसने क्या किया?
I don't think you're doing that correctly.,मुझे नहीं लगता कि तुम इसे ठीक से कर रहे हो।
What should we tell Tom now?,अब हम टॉम को क्या बताएँ?
What's the minimum salary in Liechtenstein?,लिख़्टेन्श्टाइन में न्यूनतम वेतन कितना है?
"During the British era, British officers in their free time would study about kings and emperors, discover ancient empires, decipher forgotten scripts and dig up buried civilizations, whereas ministers nowadays would scuffle on Twitter during their office hours.","ब्रिटिशकाल में अँग्रेज़ अधिकारी अपने खाली समय में राजा-महाराजाओं के बारे में अध्ययन करते, प्राचीन साम्राज्यों की खोज करते, विस्मृत लिपियों को पुनः पढ़ना सीखते और गड़ी हुई सभ्यताओं को खोद निकालते थे और आजकल के मंत्रिवर अपने कार्यालय में बैठे हुए भी ट्विटर पर धींगामुश्ती करते हैं।"
Give me a pomegranate.,मुझे एक अनार दो।
I'm a good teacher.,मैं एक अच्छा शिक्षक हूँ।
I'm a good teacher.,मैं एक अच्छी शिक्षिका हूँ।
We should leave them alone.,हमें उन्हें अकेला छोड़ देना चाहिए।
Tom told his friends that he never eats meat.,टॉम ने अपने मित्रों को बताया कि वह कभी मांस नहीं खाता है।
The hole is narrow.,छेद सँकरा है।
She has narrow hips.,उसके कूल्हे सँकरे हैं।
The staircase is narrow.,सीढ़ियाँ सँकरी हैं।
Narrow minded people have limited thinking.,संकीर्ण मानसिकता वाले लोगों की सोच सीमित होती है।
Tolerance towards intolerance will lead to an intolerant society.,असहिष्णुता के प्रति सहिष्णुता समाज को असहिष्णु बना देगी।
Everything is done for him.,सबकुछ उसी के लिए होता है।
The sky has fallen on his head.,आकाश उसके सिर पर आ गिरा है।
Welcome to Tatoeba!,तातोएबा पर आपका स्वागत है।
South Korea is much more beautiful than North Korea.,दक्षिण कोरिया उत्तर कोरिया से कहीं अधिक सुंदर है।
Tom studied psychiatry.,टॉम ने मनोचिकित्सा की पढ़ाई की।
This is not a toy!,यह कोई खिलौना नहीं है!
Nobody will help you.,कोई भी तुम्हारी सहायता नहीं करेगा।
It seems like Tom and Mary are here to stay.,लगता है कि टॉम और मैरी यहाँ रहने के लिए आए हैं।
What do I tell my kid when a loved one is dead?,किसी प्रियजन की मृत्यु हो जाने पर मैं अपने बच्चे को क्या बताऊँ?
Tom was the one who showed me the way.,टॉम ने ही मुझे राह दिखाई थी।
Tom was the one who showed me the way.,टॉम ने ही मुझे रास्ता दिखाया था।
Tom was the one who showed me the way.,टॉम ने ही मुझे मार्ग दिखाया था।
I want to watch you die.,मैं तुझे मरते हुए देखना चाहती हूँ।
I want to hear Tom speak.,मैं टॉम को बोलते हुए सुनना चाहता हूँ।
You're lucky Tom is your friend.,तुम भाग्यशाली हो जो टॉम तुम्हारा मित्र है।
I was born in Moscow.,मैं मॉस्को में जन्मा था।
I'm the one who taught Tom how to drive.,मैंने ही टॉम को गाड़ी चलाना सिखाया थी।
Young men often use less discretion.,युवा पुरुष प्रायः विवेक से कम काम लेते हैं।
Does the mid-autumn festival fall on Monday this year?,क्या इस वर्ष मध्य-शरद महोत्सव मंगलवार को पड़ रहा है?
Does the mid-autumn festival fall on Monday this year?,क्या इस वर्ष मध्य शरदोत्सव मंगलवार को पड़ रहा है?
I still can't express myself in Japanese.,मैं अभी तक जापानी में अपनी बात व्यक्त नहीं कर पाता।
The sense of smell of dogs is very sharp.,कुत्तों की घ्राण शक्ति बड़ी तीव्र होती है।
"If the universe is an answer, what is the question?","यदि ब्रह्माण्ड एक उत्तर है, तो प्रश्न क्या है?"
"To be honest, I have never even seen the Milky Way. You can't expect to see stars greater than the third magnitude in such suburbs.","सच कहूँ तो, मैंने आजतक कभी आकाशगंगा भी नहीं देखी है। ऐसे उपनगरों में तीसरे कांतिमान से अधिक के तारे देखने की आशा कहाँ की जा सकती है?"
What's left now?,अब क्या बचा है?
That was ours.,वह हमारा था।
"If I were you, I wouldn't think two times, but three times!","यदि मैं तुम्हारी जगह होता, तो मैं दो बार नहीं, तीन बार सोचता।"
I don't eat the core of an apple.,मैं सेब के मध्य-भाग को नहीं खाता हूँ।
Put it down.,इसे नीचे रख दो।
You took everything from me.,तुमने मेरा सबकुछ छीन लिया।
You took everything from me.,तुमने मुझसे सबकुछ छीन लिया।
Tom didn't speak a word all night long.,टॉम ने पूरी रात एक शब्द भी नहीं बोला।
Do you have green eyes?,क्या तुम्हारी हरी आँखें हैं।
"If you can, come with us.",यदि आ सको तो हमारे साथ आ जाना।
I'm not that surprised by it.,मुझे इसपर उतना आश्चर्य नहीं हुआ।
I don't think that's even possible.,मुझे नहीं लगता कि ऐसा संभव भी है।
You have the right to remain silent.,आपके पास शांत रहने का अधिकार है।
Tom really needs your help.,टॉम को सच में तुम्हारी सहायता की आवश्यकता है।
Tom really needs your help.,टॉम को सचमुच तुम्हारी सहायता चाहिए।
He didn't want to tell me.,वह मुझे बताना नहीं चाहता था।
She didn't want to tell me.,वह मुझे बताना नहीं चाहती थी।
Nobody called Mary.,किसीने मेरी को नहीं बुलाया।
Tom read the entire book in three hours.,टॉम ने पूरी पुस्तक तीन घंटों में पढ़ ली।
I knew you would understand.,मैं जानता था कि तुम समझ जाओगे।
I knew you would understand.,मुझे पता था कि तुम समझोगे।
"If you can't impress them with skill, impress them with idiocy.","यदि आप उन्हें कौशल से प्रभावित नहीं कर सकते, तो उन्हें मूर्खता से प्रभावित करें।"
"Believe it or not, this is the truth.","मानो ना मानो, सच तो यही है।"
He spoke about peace.,उसने शान्ति की बात की।
Tom is happy with his new bicycle.,टॉम अपनी नई साइकिल के साथ प्रसन्न है।
Anna Hazare is an influential social worker.,अन्ना हजारे एक प्रभावशाली सामाजिक कार्यकर्ता हैं।
"Rome was not built in a day, nor was it destroyed in a day.","रोम एक दिन में नहीं बना था, और न ही एक दिन में नष्ट हुआ था।"
I will never forget what you did for my family.,"तुमने मेरे परिवार के लिए जो किया, वह मैं कभी नहीं भूलूँगा।"
Why not come with me?,क्यों न तुम मेरे साथ चलो?
Looks like we are having issues with our servers! Try refreshing in a few minutes. You can still Download Scratch and make projects.,ऐसा लगता है कि हमारे सर्वर में कुछ समस्याएँ हैं! कुछ मिनट बाद रिफ्रेश करने का प्रयास करें। आप अभी भी स्क्रैच डाउनलोड कर सकते हैं और प्रोजेक्ट बना सकते हैं।
Her eyes remained motionlessly upon the girl's face; only the lids moved suddenly when Katharine spoke to her in German.,उसकी निगाहें निःशब्द लड़की के चेहरे पर टिकी रहीं; जब कैथरीन ने उससे जर्मन में बात की तो पलकें अचानक हिल गईं।
"One could not look upon his cruel blue eyes, with their drooping, cynical lids, or upon the fierce, aggressive nose and the threatening, deep-lined brow, without reading Nature’s plainest danger-signals.","कोई भी प्रकृति के सबसे स्पष्ट खतरे-संकेतों को पढ़े बिना, उसकी झुकी हुई, सनकी पलकों वाली क्रूर नीली आँखों को, या भयंकर, आक्रामक नाक और धमकी भरी, गहरी रेखाओं वाली भौंह को नहीं देख सकता है।"
She's from Portugal.,वह पुर्तगाल से है।
"After almost three centuries as a Spanish colony, Guatemala won its independence in 1821.",लगभग तीन शताब्दियों तक स्पेनी उपनिवेश रहने के बाद ग्वातेमाला ने १८२१ में स्वाधीनता प्राप्त की।
I only know about these.,मैं केवल इन्हीं के बारे में जानता हूँ।
I only know about these.,मुझे बस इन्हीं के बारे में पता है।
I want to try riding a horse.,मैं घोड़े की सवारी करके देखना चाहता हूँ।
Western Sahara doesn't belong to Morocco and has the right to self-determination.,पश्चिमी सहारा मोरक्को का नहीं है और उसे आत्मनिर्णय का अधिकार है।
"Yours is good, and his is also good.",तुम्हारी भी अच्छी है और उसकी भी अच्छी है।
Stay alert!,सतर्क रहें!
We were worried about you.,हमें आपकी चिंता लगी हुई है।
He is going to school.,वह स्कूल जा रहा है।
"Be careful, he keeps track of everything.","वह हर चीज़ का ब्यौरा रखता है, बचके रहना।"
Tom was a soldier previously.,टॉम पहले एक सैनिक था।
How's the weather like in your country?,आपके देश में मौसम कैसा है ?
"You eat fruit, don't you?","तुम फल खाते हो, है न?"
Maybe Tom doesn't love you.,टॉम शायद तुमसे प्यार नहीं करता है।
Tom is the only Canadian here.,टॉम यहाँ अकेला कनाडा निवासी है।
This is a very nice place.,यह बहुत अच्छी जगह है.
Do you have tea?,चाय है?
Do you have some tea?,चाय है?
Do you have any tea?,चाय है?
It's great to meet you.,आपसे मिलकर बहुत अच्छा लगा।
I live in Kerala.,मैं केरल की रहने वाली हूँ।
I live in Delhi.,मैं दिल्ली की रहने वाली हूँ।
Do you have curry and rice?,क्या आपके पास सब्ज़ी-चावल है?
Do you have some curry and rice?,क्या आपके पास सब्ज़ी-चावल है?
Do you have some curry and some rice?,क्या आपके पास सब्ज़ी-चावल है?
Do you have curry and some rice?,क्या आपके पास सब्ज़ी-चावल है?
Do you have any curry with rice?,क्या आपके पास सब्ज़ी-चावल है?
Do you have curry with rice?,क्या आपके पास सब्ज़ी-चावल है?
I still love this bicycle.,मुझे यह साइकिल अब भी पसंद है।
